{
  "domain": "hiking", 
  "inital_state": [
    "(partners couple0 guy0 girl0)", 
    "(at_person guy0 place0)", 
    "(at_person girl0 place0)", 
    "(walked couple0 place0)", 
    "(at_tent tent0 place0)", 
    "(down tent0)", 
    "(at_car car0 place0)", 
    "(at_car car1 place0)", 
    "(next place0 place1)", 
    "(next place1 place2)", 
    "(next place2 place3)", 
    "(next place3 place4)", 
    "(next place4 place5)", 
    "(next place5 place6)", 
    "(next place6 place7)"
  ], 
  "negative_goals": [], 
  "problem_id": 1992, 
  "positive_goals": [
    "(walked couple0 place7)"
  ], 
  "plan_length": 54, 
  "plan_literals": [
    {
      "action": "(drive_tent girl0 place0 place1 car1 tent0)", 
      "add_list": [
        "(at_person girl0 place1)", 
        "(at_car car1 place1)", 
        "(at_tent tent0 place1)"
      ], 
      "state": 0, 
      "literals": [
        "(partners couple0 guy0 girl0)", 
        "(at_person guy0 place0)", 
        "(walked couple0 place0)", 
        "(down tent0)", 
        "(at_car car0 place0)", 
        "(next place0 place1)", 
        "(next place1 place2)", 
        "(next place2 place3)", 
        "(next place3 place4)", 
        "(next place4 place5)", 
        "(next place5 place6)", 
        "(next place6 place7)", 
        "(at_person girl0 place1)", 
        "(at_car car1 place1)", 
        "(at_tent tent0 place1)"
      ], 
      "delete_list": [
        "(at_person girl0 place0)", 
        "(at_car car1 place0)", 
        "(at_tent tent0 place0)"
      ]
    }, 
    {
      "action": "(put_up girl0 place1 tent0)", 
      "add_list": [
        "(up tent0)"
      ], 
      "state": 1, 
      "literals": [
        "(partners couple0 guy0 girl0)", 
        "(at_person guy0 place0)", 
        "(walked couple0 place0)", 
        "(at_car car0 place0)", 
        "(next place0 place1)", 
        "(next place1 place2)", 
        "(next place2 place3)", 
        "(next place3 place4)", 
        "(next place4 place5)", 
        "(next place5 place6)", 
        "(next place6 place7)", 
        "(at_person girl0 place1)", 
        "(at_car car1 place1)", 
        "(at_tent tent0 place1)", 
        "(up tent0)"
      ], 
      "delete_list": [
        "(down tent0)"
      ]
    }, 
    {
      "action": "(drive guy0 place0 place1 car0)", 
      "add_list": [
        "(at_person guy0 place1)", 
        "(at_car car0 place1)"
      ], 
      "state": 2, 
      "literals": [
        "(partners couple0 guy0 girl0)", 
        "(walked couple0 place0)", 
        "(next place0 place1)", 
        "(next place1 place2)", 
        "(next place2 place3)", 
        "(next place3 place4)", 
        "(next place4 place5)", 
        "(next place5 place6)", 
        "(next place6 place7)", 
        "(at_person girl0 place1)", 
        "(at_car car1 place1)", 
        "(at_tent tent0 place1)", 
        "(up tent0)", 
        "(at_person guy0 place1)", 
        "(at_car car0 place1)"
      ], 
      "delete_list": [
        "(at_person guy0 place0)", 
        "(at_car car0 place0)"
      ]
    }, 
    {
      "action": "(drive_passenger guy0 place1 place7 car0 girl0)", 
      "add_list": [
        "(at_person guy0 place7)", 
        "(at_car car0 place7)", 
        "(at_person girl0 place7)"
      ], 
      "state": 3, 
      "literals": [
        "(partners couple0 guy0 girl0)", 
        "(walked couple0 place0)", 
        "(next place0 place1)", 
        "(next place1 place2)", 
        "(next place2 place3)", 
        "(next place3 place4)", 
        "(next place4 place5)", 
        "(next place5 place6)", 
        "(next place6 place7)", 
        "(at_car car1 place1)", 
        "(at_tent tent0 place1)", 
        "(up tent0)", 
        "(at_person guy0 place7)", 
        "(at_car car0 place7)", 
        "(at_person girl0 place7)"
      ], 
      "delete_list": [
        "(at_person guy0 place1)", 
        "(at_car car0 place1)", 
        "(at_person girl0 place1)"
      ]
    }, 
    {
      "action": "(drive_passenger guy0 place7 place0 car0 girl0)", 
      "add_list": [
        "(at_person guy0 place0)", 
        "(at_car car0 place0)", 
        "(at_person girl0 place0)"
      ], 
      "state": 4, 
      "literals": [
        "(partners couple0 guy0 girl0)", 
        "(walked couple0 place0)", 
        "(next place0 place1)", 
        "(next place1 place2)", 
        "(next place2 place3)", 
        "(next place3 place4)", 
        "(next place4 place5)", 
        "(next place5 place6)", 
        "(next place6 place7)", 
        "(at_car car1 place1)", 
        "(at_tent tent0 place1)", 
        "(up tent0)", 
        "(at_person guy0 place0)", 
        "(at_car car0 place0)", 
        "(at_person girl0 place0)"
      ], 
      "delete_list": [
        "(at_person guy0 place7)", 
        "(at_car car0 place7)", 
        "(at_person girl0 place7)"
      ]
    }, 
    {
      "action": "(walk_together tent0 place1 guy0 place0 girl0 couple0)", 
      "add_list": [
        "(at_person guy0 place1)", 
        "(at_person girl0 place1)", 
        "(walked couple0 place1)"
      ], 
      "state": 5, 
      "literals": [
        "(partners couple0 guy0 girl0)", 
        "(next place0 place1)", 
        "(next place1 place2)", 
        "(next place2 place3)", 
        "(next place3 place4)", 
        "(next place4 place5)", 
        "(next place5 place6)", 
        "(next place6 place7)", 
        "(at_car car1 place1)", 
        "(at_tent tent0 place1)", 
        "(up tent0)", 
        "(at_car car0 place0)", 
        "(at_person guy0 place1)", 
        "(at_person girl0 place1)", 
        "(walked couple0 place1)"
      ], 
      "delete_list": [
        "(at_person guy0 place0)", 
        "(at_person girl0 place0)", 
        "(walked couple0 place0)"
      ]
    }, 
    {
      "action": "(put_down guy0 place1 tent0)", 
      "add_list": [
        "(down tent0)"
      ], 
      "state": 6, 
      "literals": [
        "(partners couple0 guy0 girl0)", 
        "(next place0 place1)", 
        "(next place1 place2)", 
        "(next place2 place3)", 
        "(next place3 place4)", 
        "(next place4 place5)", 
        "(next place5 place6)", 
        "(next place6 place7)", 
        "(at_car car1 place1)", 
        "(at_tent tent0 place1)", 
        "(at_car car0 place0)", 
        "(at_person guy0 place1)", 
        "(at_person girl0 place1)", 
        "(walked couple0 place1)", 
        "(down tent0)"
      ], 
      "delete_list": [
        "(up tent0)"
      ]
    }, 
    {
      "action": "(drive_tent_passenger guy0 place1 place2 car1 tent0 girl0)", 
      "add_list": [
        "(at_person guy0 place2)", 
        "(at_car car1 place2)", 
        "(at_tent tent0 place2)", 
        "(at_person girl0 place2)"
      ], 
      "state": 7, 
      "literals": [
        "(partners couple0 guy0 girl0)", 
        "(next place0 place1)", 
        "(next place1 place2)", 
        "(next place2 place3)", 
        "(next place3 place4)", 
        "(next place4 place5)", 
        "(next place5 place6)", 
        "(next place6 place7)", 
        "(at_car car0 place0)", 
        "(walked couple0 place1)", 
        "(down tent0)", 
        "(at_person guy0 place2)", 
        "(at_car car1 place2)", 
        "(at_tent tent0 place2)", 
        "(at_person girl0 place2)"
      ], 
      "delete_list": [
        "(at_person guy0 place1)", 
        "(at_car car1 place1)", 
        "(at_tent tent0 place1)", 
        "(at_person girl0 place1)"
      ]
    }, 
    {
      "action": "(put_up guy0 place2 tent0)", 
      "add_list": [
        "(up tent0)"
      ], 
      "state": 8, 
      "literals": [
        "(partners couple0 guy0 girl0)", 
        "(next place0 place1)", 
        "(next place1 place2)", 
        "(next place2 place3)", 
        "(next place3 place4)", 
        "(next place4 place5)", 
        "(next place5 place6)", 
        "(next place6 place7)", 
        "(at_car car0 place0)", 
        "(walked couple0 place1)", 
        "(at_person guy0 place2)", 
        "(at_car car1 place2)", 
        "(at_tent tent0 place2)", 
        "(at_person girl0 place2)", 
        "(up tent0)"
      ], 
      "delete_list": [
        "(down tent0)"
      ]
    }, 
    {
      "action": "(drive_passenger girl0 place2 place0 car1 guy0)", 
      "add_list": [
        "(at_person girl0 place0)", 
        "(at_car car1 place0)", 
        "(at_person guy0 place0)"
      ], 
      "state": 9, 
      "literals": [
        "(partners couple0 guy0 girl0)", 
        "(next place0 place1)", 
        "(next place1 place2)", 
        "(next place2 place3)", 
        "(next place3 place4)", 
        "(next place4 place5)", 
        "(next place5 place6)", 
        "(next place6 place7)", 
        "(at_car car0 place0)", 
        "(walked couple0 place1)", 
        "(at_tent tent0 place2)", 
        "(up tent0)", 
        "(at_person girl0 place0)", 
        "(at_car car1 place0)", 
        "(at_person guy0 place0)"
      ], 
      "delete_list": [
        "(at_person girl0 place2)", 
        "(at_car car1 place2)", 
        "(at_person guy0 place2)"
      ]
    }, 
    {
      "action": "(drive guy0 place0 place2 car1)", 
      "add_list": [
        "(at_person guy0 place2)", 
        "(at_car car1 place2)"
      ], 
      "state": 10, 
      "literals": [
        "(partners couple0 guy0 girl0)", 
        "(next place0 place1)", 
        "(next place1 place2)", 
        "(next place2 place3)", 
        "(next place3 place4)", 
        "(next place4 place5)", 
        "(next place5 place6)", 
        "(next place6 place7)", 
        "(at_car car0 place0)", 
        "(walked couple0 place1)", 
        "(at_tent tent0 place2)", 
        "(up tent0)", 
        "(at_person girl0 place0)", 
        "(at_person guy0 place2)", 
        "(at_car car1 place2)"
      ], 
      "delete_list": [
        "(at_person guy0 place0)", 
        "(at_car car1 place0)"
      ]
    }, 
    {
      "action": "(drive girl0 place0 place2 car0)", 
      "add_list": [
        "(at_person girl0 place2)", 
        "(at_car car0 place2)"
      ], 
      "state": 11, 
      "literals": [
        "(partners couple0 guy0 girl0)", 
        "(next place0 place1)", 
        "(next place1 place2)", 
        "(next place2 place3)", 
        "(next place3 place4)", 
        "(next place4 place5)", 
        "(next place5 place6)", 
        "(next place6 place7)", 
        "(walked couple0 place1)", 
        "(at_tent tent0 place2)", 
        "(up tent0)", 
        "(at_person guy0 place2)", 
        "(at_car car1 place2)", 
        "(at_person girl0 place2)", 
        "(at_car car0 place2)"
      ], 
      "delete_list": [
        "(at_person girl0 place0)", 
        "(at_car car0 place0)"
      ]
    }, 
    {
      "action": "(drive_passenger girl0 place2 place1 car1 guy0)", 
      "add_list": [
        "(at_person girl0 place1)", 
        "(at_car car1 place1)", 
        "(at_person guy0 place1)"
      ], 
      "state": 12, 
      "literals": [
        "(partners couple0 guy0 girl0)", 
        "(next place0 place1)", 
        "(next place1 place2)", 
        "(next place2 place3)", 
        "(next place3 place4)", 
        "(next place4 place5)", 
        "(next place5 place6)", 
        "(next place6 place7)", 
        "(walked couple0 place1)", 
        "(at_tent tent0 place2)", 
        "(up tent0)", 
        "(at_car car0 place2)", 
        "(at_person girl0 place1)", 
        "(at_car car1 place1)", 
        "(at_person guy0 place1)"
      ], 
      "delete_list": [
        "(at_person girl0 place2)", 
        "(at_car car1 place2)", 
        "(at_person guy0 place2)"
      ]
    }, 
    {
      "action": "(walk_together tent0 place2 guy0 place1 girl0 couple0)", 
      "add_list": [
        "(at_person guy0 place2)", 
        "(at_person girl0 place2)", 
        "(walked couple0 place2)"
      ], 
      "state": 13, 
      "literals": [
        "(partners couple0 guy0 girl0)", 
        "(next place0 place1)", 
        "(next place1 place2)", 
        "(next place2 place3)", 
        "(next place3 place4)", 
        "(next place4 place5)", 
        "(next place5 place6)", 
        "(next place6 place7)", 
        "(at_tent tent0 place2)", 
        "(up tent0)", 
        "(at_car car0 place2)", 
        "(at_car car1 place1)", 
        "(at_person guy0 place2)", 
        "(at_person girl0 place2)", 
        "(walked couple0 place2)"
      ], 
      "delete_list": [
        "(at_person guy0 place1)", 
        "(at_person girl0 place1)", 
        "(walked couple0 place1)"
      ]
    }, 
    {
      "action": "(put_down guy0 place2 tent0)", 
      "add_list": [
        "(down tent0)"
      ], 
      "state": 14, 
      "literals": [
        "(partners couple0 guy0 girl0)", 
        "(next place0 place1)", 
        "(next place1 place2)", 
        "(next place2 place3)", 
        "(next place3 place4)", 
        "(next place4 place5)", 
        "(next place5 place6)", 
        "(next place6 place7)", 
        "(at_tent tent0 place2)", 
        "(at_car car0 place2)", 
        "(at_car car1 place1)", 
        "(at_person guy0 place2)", 
        "(at_person girl0 place2)", 
        "(walked couple0 place2)", 
        "(down tent0)"
      ], 
      "delete_list": [
        "(up tent0)"
      ]
    }, 
    {
      "action": "(drive_tent_passenger guy0 place2 place3 car0 tent0 girl0)", 
      "add_list": [
        "(at_person guy0 place3)", 
        "(at_car car0 place3)", 
        "(at_tent tent0 place3)", 
        "(at_person girl0 place3)"
      ], 
      "state": 15, 
      "literals": [
        "(partners couple0 guy0 girl0)", 
        "(next place0 place1)", 
        "(next place1 place2)", 
        "(next place2 place3)", 
        "(next place3 place4)", 
        "(next place4 place5)", 
        "(next place5 place6)", 
        "(next place6 place7)", 
        "(at_car car1 place1)", 
        "(walked couple0 place2)", 
        "(down tent0)", 
        "(at_person guy0 place3)", 
        "(at_car car0 place3)", 
        "(at_tent tent0 place3)", 
        "(at_person girl0 place3)"
      ], 
      "delete_list": [
        "(at_person guy0 place2)", 
        "(at_car car0 place2)", 
        "(at_tent tent0 place2)", 
        "(at_person girl0 place2)"
      ]
    }, 
    {
      "action": "(put_up guy0 place3 tent0)", 
      "add_list": [
        "(up tent0)"
      ], 
      "state": 16, 
      "literals": [
        "(partners couple0 guy0 girl0)", 
        "(next place0 place1)", 
        "(next place1 place2)", 
        "(next place2 place3)", 
        "(next place3 place4)", 
        "(next place4 place5)", 
        "(next place5 place6)", 
        "(next place6 place7)", 
        "(at_car car1 place1)", 
        "(walked couple0 place2)", 
        "(at_person guy0 place3)", 
        "(at_car car0 place3)", 
        "(at_tent tent0 place3)", 
        "(at_person girl0 place3)", 
        "(up tent0)"
      ], 
      "delete_list": [
        "(down tent0)"
      ]
    }, 
    {
      "action": "(drive_passenger girl0 place3 place1 car0 guy0)", 
      "add_list": [
        "(at_person girl0 place1)", 
        "(at_car car0 place1)", 
        "(at_person guy0 place1)"
      ], 
      "state": 17, 
      "literals": [
        "(partners couple0 guy0 girl0)", 
        "(next place0 place1)", 
        "(next place1 place2)", 
        "(next place2 place3)", 
        "(next place3 place4)", 
        "(next place4 place5)", 
        "(next place5 place6)", 
        "(next place6 place7)", 
        "(at_car car1 place1)", 
        "(walked couple0 place2)", 
        "(at_tent tent0 place3)", 
        "(up tent0)", 
        "(at_person girl0 place1)", 
        "(at_car car0 place1)", 
        "(at_person guy0 place1)"
      ], 
      "delete_list": [
        "(at_person girl0 place3)", 
        "(at_car car0 place3)", 
        "(at_person guy0 place3)"
      ]
    }, 
    {
      "action": "(drive guy0 place1 place3 car1)", 
      "add_list": [
        "(at_person guy0 place3)", 
        "(at_car car1 place3)"
      ], 
      "state": 18, 
      "literals": [
        "(partners couple0 guy0 girl0)", 
        "(next place0 place1)", 
        "(next place1 place2)", 
        "(next place2 place3)", 
        "(next place3 place4)", 
        "(next place4 place5)", 
        "(next place5 place6)", 
        "(next place6 place7)", 
        "(walked couple0 place2)", 
        "(at_tent tent0 place3)", 
        "(up tent0)", 
        "(at_person girl0 place1)", 
        "(at_car car0 place1)", 
        "(at_person guy0 place3)", 
        "(at_car car1 place3)"
      ], 
      "delete_list": [
        "(at_person guy0 place1)", 
        "(at_car car1 place1)"
      ]
    }, 
    {
      "action": "(drive girl0 place1 place3 car0)", 
      "add_list": [
        "(at_person girl0 place3)", 
        "(at_car car0 place3)"
      ], 
      "state": 19, 
      "literals": [
        "(partners couple0 guy0 girl0)", 
        "(next place0 place1)", 
        "(next place1 place2)", 
        "(next place2 place3)", 
        "(next place3 place4)", 
        "(next place4 place5)", 
        "(next place5 place6)", 
        "(next place6 place7)", 
        "(walked couple0 place2)", 
        "(at_tent tent0 place3)", 
        "(up tent0)", 
        "(at_person guy0 place3)", 
        "(at_car car1 place3)", 
        "(at_person girl0 place3)", 
        "(at_car car0 place3)"
      ], 
      "delete_list": [
        "(at_person girl0 place1)", 
        "(at_car car0 place1)"
      ]
    }, 
    {
      "action": "(drive_passenger girl0 place3 place2 car1 guy0)", 
      "add_list": [
        "(at_person girl0 place2)", 
        "(at_car car1 place2)", 
        "(at_person guy0 place2)"
      ], 
      "state": 20, 
      "literals": [
        "(partners couple0 guy0 girl0)", 
        "(next place0 place1)", 
        "(next place1 place2)", 
        "(next place2 place3)", 
        "(next place3 place4)", 
        "(next place4 place5)", 
        "(next place5 place6)", 
        "(next place6 place7)", 
        "(walked couple0 place2)", 
        "(at_tent tent0 place3)", 
        "(up tent0)", 
        "(at_car car0 place3)", 
        "(at_person girl0 place2)", 
        "(at_car car1 place2)", 
        "(at_person guy0 place2)"
      ], 
      "delete_list": [
        "(at_person girl0 place3)", 
        "(at_car car1 place3)", 
        "(at_person guy0 place3)"
      ]
    }, 
    {
      "action": "(walk_together tent0 place3 guy0 place2 girl0 couple0)", 
      "add_list": [
        "(at_person guy0 place3)", 
        "(at_person girl0 place3)", 
        "(walked couple0 place3)"
      ], 
      "state": 21, 
      "literals": [
        "(partners couple0 guy0 girl0)", 
        "(next place0 place1)", 
        "(next place1 place2)", 
        "(next place2 place3)", 
        "(next place3 place4)", 
        "(next place4 place5)", 
        "(next place5 place6)", 
        "(next place6 place7)", 
        "(at_tent tent0 place3)", 
        "(up tent0)", 
        "(at_car car0 place3)", 
        "(at_car car1 place2)", 
        "(at_person guy0 place3)", 
        "(at_person girl0 place3)", 
        "(walked couple0 place3)"
      ], 
      "delete_list": [
        "(at_person guy0 place2)", 
        "(at_person girl0 place2)", 
        "(walked couple0 place2)"
      ]
    }, 
    {
      "action": "(put_down guy0 place3 tent0)", 
      "add_list": [
        "(down tent0)"
      ], 
      "state": 22, 
      "literals": [
        "(partners couple0 guy0 girl0)", 
        "(next place0 place1)", 
        "(next place1 place2)", 
        "(next place2 place3)", 
        "(next place3 place4)", 
        "(next place4 place5)", 
        "(next place5 place6)", 
        "(next place6 place7)", 
        "(at_tent tent0 place3)", 
        "(at_car car0 place3)", 
        "(at_car car1 place2)", 
        "(at_person guy0 place3)", 
        "(at_person girl0 place3)", 
        "(walked couple0 place3)", 
        "(down tent0)"
      ], 
      "delete_list": [
        "(up tent0)"
      ]
    }, 
    {
      "action": "(drive_tent_passenger girl0 place3 place4 car0 tent0 guy0)", 
      "add_list": [
        "(at_person girl0 place4)", 
        "(at_car car0 place4)", 
        "(at_tent tent0 place4)", 
        "(at_person guy0 place4)"
      ], 
      "state": 23, 
      "literals": [
        "(partners couple0 guy0 girl0)", 
        "(next place0 place1)", 
        "(next place1 place2)", 
        "(next place2 place3)", 
        "(next place3 place4)", 
        "(next place4 place5)", 
        "(next place5 place6)", 
        "(next place6 place7)", 
        "(at_car car1 place2)", 
        "(walked couple0 place3)", 
        "(down tent0)", 
        "(at_person girl0 place4)", 
        "(at_car car0 place4)", 
        "(at_tent tent0 place4)", 
        "(at_person guy0 place4)"
      ], 
      "delete_list": [
        "(at_person girl0 place3)", 
        "(at_car car0 place3)", 
        "(at_tent tent0 place3)", 
        "(at_person guy0 place3)"
      ]
    }, 
    {
      "action": "(put_up guy0 place4 tent0)", 
      "add_list": [
        "(up tent0)"
      ], 
      "state": 24, 
      "literals": [
        "(partners couple0 guy0 girl0)", 
        "(next place0 place1)", 
        "(next place1 place2)", 
        "(next place2 place3)", 
        "(next place3 place4)", 
        "(next place4 place5)", 
        "(next place5 place6)", 
        "(next place6 place7)", 
        "(at_car car1 place2)", 
        "(walked couple0 place3)", 
        "(at_person girl0 place4)", 
        "(at_car car0 place4)", 
        "(at_tent tent0 place4)", 
        "(at_person guy0 place4)", 
        "(up tent0)"
      ], 
      "delete_list": [
        "(down tent0)"
      ]
    }, 
    {
      "action": "(drive_passenger guy0 place4 place2 car0 girl0)", 
      "add_list": [
        "(at_person guy0 place2)", 
        "(at_car car0 place2)", 
        "(at_person girl0 place2)"
      ], 
      "state": 25, 
      "literals": [
        "(partners couple0 guy0 girl0)", 
        "(next place0 place1)", 
        "(next place1 place2)", 
        "(next place2 place3)", 
        "(next place3 place4)", 
        "(next place4 place5)", 
        "(next place5 place6)", 
        "(next place6 place7)", 
        "(at_car car1 place2)", 
        "(walked couple0 place3)", 
        "(at_tent tent0 place4)", 
        "(up tent0)", 
        "(at_person guy0 place2)", 
        "(at_car car0 place2)", 
        "(at_person girl0 place2)"
      ], 
      "delete_list": [
        "(at_person guy0 place4)", 
        "(at_car car0 place4)", 
        "(at_person girl0 place4)"
      ]
    }, 
    {
      "action": "(drive guy0 place2 place4 car1)", 
      "add_list": [
        "(at_person guy0 place4)", 
        "(at_car car1 place4)"
      ], 
      "state": 26, 
      "literals": [
        "(partners couple0 guy0 girl0)", 
        "(next place0 place1)", 
        "(next place1 place2)", 
        "(next place2 place3)", 
        "(next place3 place4)", 
        "(next place4 place5)", 
        "(next place5 place6)", 
        "(next place6 place7)", 
        "(walked couple0 place3)", 
        "(at_tent tent0 place4)", 
        "(up tent0)", 
        "(at_car car0 place2)", 
        "(at_person girl0 place2)", 
        "(at_person guy0 place4)", 
        "(at_car car1 place4)"
      ], 
      "delete_list": [
        "(at_person guy0 place2)", 
        "(at_car car1 place2)"
      ]
    }, 
    {
      "action": "(drive girl0 place2 place4 car0)", 
      "add_list": [
        "(at_person girl0 place4)", 
        "(at_car car0 place4)"
      ], 
      "state": 27, 
      "literals": [
        "(partners couple0 guy0 girl0)", 
        "(next place0 place1)", 
        "(next place1 place2)", 
        "(next place2 place3)", 
        "(next place3 place4)", 
        "(next place4 place5)", 
        "(next place5 place6)", 
        "(next place6 place7)", 
        "(walked couple0 place3)", 
        "(at_tent tent0 place4)", 
        "(up tent0)", 
        "(at_person guy0 place4)", 
        "(at_car car1 place4)", 
        "(at_person girl0 place4)", 
        "(at_car car0 place4)"
      ], 
      "delete_list": [
        "(at_person girl0 place2)", 
        "(at_car car0 place2)"
      ]
    }, 
    {
      "action": "(drive_passenger guy0 place4 place3 car1 girl0)", 
      "add_list": [
        "(at_person guy0 place3)", 
        "(at_car car1 place3)", 
        "(at_person girl0 place3)"
      ], 
      "state": 28, 
      "literals": [
        "(partners couple0 guy0 girl0)", 
        "(next place0 place1)", 
        "(next place1 place2)", 
        "(next place2 place3)", 
        "(next place3 place4)", 
        "(next place4 place5)", 
        "(next place5 place6)", 
        "(next place6 place7)", 
        "(walked couple0 place3)", 
        "(at_tent tent0 place4)", 
        "(up tent0)", 
        "(at_car car0 place4)", 
        "(at_person guy0 place3)", 
        "(at_car car1 place3)", 
        "(at_person girl0 place3)"
      ], 
      "delete_list": [
        "(at_person guy0 place4)", 
        "(at_car car1 place4)", 
        "(at_person girl0 place4)"
      ]
    }, 
    {
      "action": "(walk_together tent0 place4 guy0 place3 girl0 couple0)", 
      "add_list": [
        "(at_person guy0 place4)", 
        "(at_person girl0 place4)", 
        "(walked couple0 place4)"
      ], 
      "state": 29, 
      "literals": [
        "(partners couple0 guy0 girl0)", 
        "(next place0 place1)", 
        "(next place1 place2)", 
        "(next place2 place3)", 
        "(next place3 place4)", 
        "(next place4 place5)", 
        "(next place5 place6)", 
        "(next place6 place7)", 
        "(at_tent tent0 place4)", 
        "(up tent0)", 
        "(at_car car0 place4)", 
        "(at_car car1 place3)", 
        "(at_person guy0 place4)", 
        "(at_person girl0 place4)", 
        "(walked couple0 place4)"
      ], 
      "delete_list": [
        "(at_person guy0 place3)", 
        "(at_person girl0 place3)", 
        "(walked couple0 place3)"
      ]
    }, 
    {
      "action": "(drive_passenger guy0 place4 place3 car0 girl0)", 
      "add_list": [
        "(at_person guy0 place3)", 
        "(at_car car0 place3)", 
        "(at_person girl0 place3)"
      ], 
      "state": 30, 
      "literals": [
        "(partners couple0 guy0 girl0)", 
        "(next place0 place1)", 
        "(next place1 place2)", 
        "(next place2 place3)", 
        "(next place3 place4)", 
        "(next place4 place5)", 
        "(next place5 place6)", 
        "(next place6 place7)", 
        "(at_tent tent0 place4)", 
        "(up tent0)", 
        "(at_car car1 place3)", 
        "(walked couple0 place4)", 
        "(at_person guy0 place3)", 
        "(at_car car0 place3)", 
        "(at_person girl0 place3)"
      ], 
      "delete_list": [
        "(at_person guy0 place4)", 
        "(at_car car0 place4)", 
        "(at_person girl0 place4)"
      ]
    }, 
    {
      "action": "(drive guy0 place3 place4 car1)", 
      "add_list": [
        "(at_person guy0 place4)", 
        "(at_car car1 place4)"
      ], 
      "state": 31, 
      "literals": [
        "(partners couple0 guy0 girl0)", 
        "(next place0 place1)", 
        "(next place1 place2)", 
        "(next place2 place3)", 
        "(next place3 place4)", 
        "(next place4 place5)", 
        "(next place5 place6)", 
        "(next place6 place7)", 
        "(at_tent tent0 place4)", 
        "(up tent0)", 
        "(walked couple0 place4)", 
        "(at_car car0 place3)", 
        "(at_person girl0 place3)", 
        "(at_person guy0 place4)", 
        "(at_car car1 place4)"
      ], 
      "delete_list": [
        "(at_person guy0 place3)", 
        "(at_car car1 place3)"
      ]
    }, 
    {
      "action": "(put_down guy0 place4 tent0)", 
      "add_list": [
        "(down tent0)"
      ], 
      "state": 32, 
      "literals": [
        "(partners couple0 guy0 girl0)", 
        "(next place0 place1)", 
        "(next place1 place2)", 
        "(next place2 place3)", 
        "(next place3 place4)", 
        "(next place4 place5)", 
        "(next place5 place6)", 
        "(next place6 place7)", 
        "(at_tent tent0 place4)", 
        "(walked couple0 place4)", 
        "(at_car car0 place3)", 
        "(at_person girl0 place3)", 
        "(at_person guy0 place4)", 
        "(at_car car1 place4)", 
        "(down tent0)"
      ], 
      "delete_list": [
        "(up tent0)"
      ]
    }, 
    {
      "action": "(drive_tent guy0 place4 place5 car1 tent0)", 
      "add_list": [
        "(at_person guy0 place5)", 
        "(at_car car1 place5)", 
        "(at_tent tent0 place5)"
      ], 
      "state": 33, 
      "literals": [
        "(partners couple0 guy0 girl0)", 
        "(next place0 place1)", 
        "(next place1 place2)", 
        "(next place2 place3)", 
        "(next place3 place4)", 
        "(next place4 place5)", 
        "(next place5 place6)", 
        "(next place6 place7)", 
        "(walked couple0 place4)", 
        "(at_car car0 place3)", 
        "(at_person girl0 place3)", 
        "(down tent0)", 
        "(at_person guy0 place5)", 
        "(at_car car1 place5)", 
        "(at_tent tent0 place5)"
      ], 
      "delete_list": [
        "(at_person guy0 place4)", 
        "(at_car car1 place4)", 
        "(at_tent tent0 place4)"
      ]
    }, 
    {
      "action": "(drive guy0 place5 place2 car1)", 
      "add_list": [
        "(at_person guy0 place2)", 
        "(at_car car1 place2)"
      ], 
      "state": 34, 
      "literals": [
        "(partners couple0 guy0 girl0)", 
        "(next place0 place1)", 
        "(next place1 place2)", 
        "(next place2 place3)", 
        "(next place3 place4)", 
        "(next place4 place5)", 
        "(next place5 place6)", 
        "(next place6 place7)", 
        "(walked couple0 place4)", 
        "(at_car car0 place3)", 
        "(at_person girl0 place3)", 
        "(down tent0)", 
        "(at_tent tent0 place5)", 
        "(at_person guy0 place2)", 
        "(at_car car1 place2)"
      ], 
      "delete_list": [
        "(at_person guy0 place5)", 
        "(at_car car1 place5)"
      ]
    }, 
    {
      "action": "(drive girl0 place3 place5 car0)", 
      "add_list": [
        "(at_person girl0 place5)", 
        "(at_car car0 place5)"
      ], 
      "state": 35, 
      "literals": [
        "(partners couple0 guy0 girl0)", 
        "(next place0 place1)", 
        "(next place1 place2)", 
        "(next place2 place3)", 
        "(next place3 place4)", 
        "(next place4 place5)", 
        "(next place5 place6)", 
        "(next place6 place7)", 
        "(walked couple0 place4)", 
        "(down tent0)", 
        "(at_tent tent0 place5)", 
        "(at_person guy0 place2)", 
        "(at_car car1 place2)", 
        "(at_person girl0 place5)", 
        "(at_car car0 place5)"
      ], 
      "delete_list": [
        "(at_person girl0 place3)", 
        "(at_car car0 place3)"
      ]
    }, 
    {
      "action": "(put_up girl0 place5 tent0)", 
      "add_list": [
        "(up tent0)"
      ], 
      "state": 36, 
      "literals": [
        "(partners couple0 guy0 girl0)", 
        "(next place0 place1)", 
        "(next place1 place2)", 
        "(next place2 place3)", 
        "(next place3 place4)", 
        "(next place4 place5)", 
        "(next place5 place6)", 
        "(next place6 place7)", 
        "(walked couple0 place4)", 
        "(at_tent tent0 place5)", 
        "(at_person guy0 place2)", 
        "(at_car car1 place2)", 
        "(at_person girl0 place5)", 
        "(at_car car0 place5)", 
        "(up tent0)"
      ], 
      "delete_list": [
        "(down tent0)"
      ]
    }, 
    {
      "action": "(drive guy0 place2 place5 car1)", 
      "add_list": [
        "(at_person guy0 place5)", 
        "(at_car car1 place5)"
      ], 
      "state": 37, 
      "literals": [
        "(partners couple0 guy0 girl0)", 
        "(next place0 place1)", 
        "(next place1 place2)", 
        "(next place2 place3)", 
        "(next place3 place4)", 
        "(next place4 place5)", 
        "(next place5 place6)", 
        "(next place6 place7)", 
        "(walked couple0 place4)", 
        "(at_tent tent0 place5)", 
        "(at_person girl0 place5)", 
        "(at_car car0 place5)", 
        "(up tent0)", 
        "(at_person guy0 place5)", 
        "(at_car car1 place5)"
      ], 
      "delete_list": [
        "(at_person guy0 place2)", 
        "(at_car car1 place2)"
      ]
    }, 
    {
      "action": "(drive_passenger girl0 place5 place4 car0 guy0)", 
      "add_list": [
        "(at_person girl0 place4)", 
        "(at_car car0 place4)", 
        "(at_person guy0 place4)"
      ], 
      "state": 38, 
      "literals": [
        "(partners couple0 guy0 girl0)", 
        "(next place0 place1)", 
        "(next place1 place2)", 
        "(next place2 place3)", 
        "(next place3 place4)", 
        "(next place4 place5)", 
        "(next place5 place6)", 
        "(next place6 place7)", 
        "(walked couple0 place4)", 
        "(at_tent tent0 place5)", 
        "(up tent0)", 
        "(at_car car1 place5)", 
        "(at_person girl0 place4)", 
        "(at_car car0 place4)", 
        "(at_person guy0 place4)"
      ], 
      "delete_list": [
        "(at_person girl0 place5)", 
        "(at_car car0 place5)", 
        "(at_person guy0 place5)"
      ]
    }, 
    {
      "action": "(walk_together tent0 place5 guy0 place4 girl0 couple0)", 
      "add_list": [
        "(at_person guy0 place5)", 
        "(at_person girl0 place5)", 
        "(walked couple0 place5)"
      ], 
      "state": 39, 
      "literals": [
        "(partners couple0 guy0 girl0)", 
        "(next place0 place1)", 
        "(next place1 place2)", 
        "(next place2 place3)", 
        "(next place3 place4)", 
        "(next place4 place5)", 
        "(next place5 place6)", 
        "(next place6 place7)", 
        "(at_tent tent0 place5)", 
        "(up tent0)", 
        "(at_car car1 place5)", 
        "(at_car car0 place4)", 
        "(at_person guy0 place5)", 
        "(at_person girl0 place5)", 
        "(walked couple0 place5)"
      ], 
      "delete_list": [
        "(at_person guy0 place4)", 
        "(at_person girl0 place4)", 
        "(walked couple0 place4)"
      ]
    }, 
    {
      "action": "(drive_passenger girl0 place5 place4 car1 guy0)", 
      "add_list": [
        "(at_person girl0 place4)", 
        "(at_car car1 place4)", 
        "(at_person guy0 place4)"
      ], 
      "state": 40, 
      "literals": [
        "(partners couple0 guy0 girl0)", 
        "(next place0 place1)", 
        "(next place1 place2)", 
        "(next place2 place3)", 
        "(next place3 place4)", 
        "(next place4 place5)", 
        "(next place5 place6)", 
        "(next place6 place7)", 
        "(at_tent tent0 place5)", 
        "(up tent0)", 
        "(at_car car0 place4)", 
        "(walked couple0 place5)", 
        "(at_person girl0 place4)", 
        "(at_car car1 place4)", 
        "(at_person guy0 place4)"
      ], 
      "delete_list": [
        "(at_person girl0 place5)", 
        "(at_car car1 place5)", 
        "(at_person guy0 place5)"
      ]
    }, 
    {
      "action": "(drive guy0 place4 place5 car1)", 
      "add_list": [
        "(at_person guy0 place5)", 
        "(at_car car1 place5)"
      ], 
      "state": 41, 
      "literals": [
        "(partners couple0 guy0 girl0)", 
        "(next place0 place1)", 
        "(next place1 place2)", 
        "(next place2 place3)", 
        "(next place3 place4)", 
        "(next place4 place5)", 
        "(next place5 place6)", 
        "(next place6 place7)", 
        "(at_tent tent0 place5)", 
        "(up tent0)", 
        "(at_car car0 place4)", 
        "(walked couple0 place5)", 
        "(at_person girl0 place4)", 
        "(at_person guy0 place5)", 
        "(at_car car1 place5)"
      ], 
      "delete_list": [
        "(at_person guy0 place4)", 
        "(at_car car1 place4)"
      ]
    }, 
    {
      "action": "(put_down guy0 place5 tent0)", 
      "add_list": [
        "(down tent0)"
      ], 
      "state": 42, 
      "literals": [
        "(partners couple0 guy0 girl0)", 
        "(next place0 place1)", 
        "(next place1 place2)", 
        "(next place2 place3)", 
        "(next place3 place4)", 
        "(next place4 place5)", 
        "(next place5 place6)", 
        "(next place6 place7)", 
        "(at_tent tent0 place5)", 
        "(at_car car0 place4)", 
        "(walked couple0 place5)", 
        "(at_person girl0 place4)", 
        "(at_person guy0 place5)", 
        "(at_car car1 place5)", 
        "(down tent0)"
      ], 
      "delete_list": [
        "(up tent0)"
      ]
    }, 
    {
      "action": "(drive_tent guy0 place5 place6 car1 tent0)", 
      "add_list": [
        "(at_person guy0 place6)", 
        "(at_car car1 place6)", 
        "(at_tent tent0 place6)"
      ], 
      "state": 43, 
      "literals": [
        "(partners couple0 guy0 girl0)", 
        "(next place0 place1)", 
        "(next place1 place2)", 
        "(next place2 place3)", 
        "(next place3 place4)", 
        "(next place4 place5)", 
        "(next place5 place6)", 
        "(next place6 place7)", 
        "(at_car car0 place4)", 
        "(walked couple0 place5)", 
        "(at_person girl0 place4)", 
        "(down tent0)", 
        "(at_person guy0 place6)", 
        "(at_car car1 place6)", 
        "(at_tent tent0 place6)"
      ], 
      "delete_list": [
        "(at_person guy0 place5)", 
        "(at_car car1 place5)", 
        "(at_tent tent0 place5)"
      ]
    }, 
    {
      "action": "(put_up guy0 place6 tent0)", 
      "add_list": [
        "(up tent0)"
      ], 
      "state": 44, 
      "literals": [
        "(partners couple0 guy0 girl0)", 
        "(next place0 place1)", 
        "(next place1 place2)", 
        "(next place2 place3)", 
        "(next place3 place4)", 
        "(next place4 place5)", 
        "(next place5 place6)", 
        "(next place6 place7)", 
        "(at_car car0 place4)", 
        "(walked couple0 place5)", 
        "(at_person girl0 place4)", 
        "(at_person guy0 place6)", 
        "(at_car car1 place6)", 
        "(at_tent tent0 place6)", 
        "(up tent0)"
      ], 
      "delete_list": [
        "(down tent0)"
      ]
    }, 
    {
      "action": "(drive girl0 place4 place6 car0)", 
      "add_list": [
        "(at_person girl0 place6)", 
        "(at_car car0 place6)"
      ], 
      "state": 45, 
      "literals": [
        "(partners couple0 guy0 girl0)", 
        "(next place0 place1)", 
        "(next place1 place2)", 
        "(next place2 place3)", 
        "(next place3 place4)", 
        "(next place4 place5)", 
        "(next place5 place6)", 
        "(next place6 place7)", 
        "(walked couple0 place5)", 
        "(at_person guy0 place6)", 
        "(at_car car1 place6)", 
        "(at_tent tent0 place6)", 
        "(up tent0)", 
        "(at_person girl0 place6)", 
        "(at_car car0 place6)"
      ], 
      "delete_list": [
        "(at_person girl0 place4)", 
        "(at_car car0 place4)"
      ]
    }, 
    {
      "action": "(drive_passenger girl0 place6 place7 car0 guy0)", 
      "add_list": [
        "(at_person girl0 place7)", 
        "(at_car car0 place7)", 
        "(at_person guy0 place7)"
      ], 
      "state": 46, 
      "literals": [
        "(partners couple0 guy0 girl0)", 
        "(next place0 place1)", 
        "(next place1 place2)", 
        "(next place2 place3)", 
        "(next place3 place4)", 
        "(next place4 place5)", 
        "(next place5 place6)", 
        "(next place6 place7)", 
        "(walked couple0 place5)", 
        "(at_car car1 place6)", 
        "(at_tent tent0 place6)", 
        "(up tent0)", 
        "(at_person girl0 place7)", 
        "(at_car car0 place7)", 
        "(at_person guy0 place7)"
      ], 
      "delete_list": [
        "(at_person girl0 place6)", 
        "(at_car car0 place6)", 
        "(at_person guy0 place6)"
      ]
    }, 
    {
      "action": "(drive_passenger girl0 place7 place5 car0 guy0)", 
      "add_list": [
        "(at_person girl0 place5)", 
        "(at_car car0 place5)", 
        "(at_person guy0 place5)"
      ], 
      "state": 47, 
      "literals": [
        "(partners couple0 guy0 girl0)", 
        "(next place0 place1)", 
        "(next place1 place2)", 
        "(next place2 place3)", 
        "(next place3 place4)", 
        "(next place4 place5)", 
        "(next place5 place6)", 
        "(next place6 place7)", 
        "(walked couple0 place5)", 
        "(at_car car1 place6)", 
        "(at_tent tent0 place6)", 
        "(up tent0)", 
        "(at_person girl0 place5)", 
        "(at_car car0 place5)", 
        "(at_person guy0 place5)"
      ], 
      "delete_list": [
        "(at_person girl0 place7)", 
        "(at_car car0 place7)", 
        "(at_person guy0 place7)"
      ]
    }, 
    {
      "action": "(walk_together tent0 place6 guy0 place5 girl0 couple0)", 
      "add_list": [
        "(at_person guy0 place6)", 
        "(at_person girl0 place6)", 
        "(walked couple0 place6)"
      ], 
      "state": 48, 
      "literals": [
        "(partners couple0 guy0 girl0)", 
        "(next place0 place1)", 
        "(next place1 place2)", 
        "(next place2 place3)", 
        "(next place3 place4)", 
        "(next place4 place5)", 
        "(next place5 place6)", 
        "(next place6 place7)", 
        "(at_car car1 place6)", 
        "(at_tent tent0 place6)", 
        "(up tent0)", 
        "(at_car car0 place5)", 
        "(at_person guy0 place6)", 
        "(at_person girl0 place6)", 
        "(walked couple0 place6)"
      ], 
      "delete_list": [
        "(at_person guy0 place5)", 
        "(at_person girl0 place5)", 
        "(walked couple0 place5)"
      ]
    }, 
    {
      "action": "(put_down guy0 place6 tent0)", 
      "add_list": [
        "(down tent0)"
      ], 
      "state": 49, 
      "literals": [
        "(partners couple0 guy0 girl0)", 
        "(next place0 place1)", 
        "(next place1 place2)", 
        "(next place2 place3)", 
        "(next place3 place4)", 
        "(next place4 place5)", 
        "(next place5 place6)", 
        "(next place6 place7)", 
        "(at_car car1 place6)", 
        "(at_tent tent0 place6)", 
        "(at_car car0 place5)", 
        "(at_person guy0 place6)", 
        "(at_person girl0 place6)", 
        "(walked couple0 place6)", 
        "(down tent0)"
      ], 
      "delete_list": [
        "(up tent0)"
      ]
    }, 
    {
      "action": "(drive_tent guy0 place6 place7 car1 tent0)", 
      "add_list": [
        "(at_person guy0 place7)", 
        "(at_car car1 place7)", 
        "(at_tent tent0 place7)"
      ], 
      "state": 50, 
      "literals": [
        "(partners couple0 guy0 girl0)", 
        "(next place0 place1)", 
        "(next place1 place2)", 
        "(next place2 place3)", 
        "(next place3 place4)", 
        "(next place4 place5)", 
        "(next place5 place6)", 
        "(next place6 place7)", 
        "(at_car car0 place5)", 
        "(at_person girl0 place6)", 
        "(walked couple0 place6)", 
        "(down tent0)", 
        "(at_person guy0 place7)", 
        "(at_car car1 place7)", 
        "(at_tent tent0 place7)"
      ], 
      "delete_list": [
        "(at_person guy0 place6)", 
        "(at_car car1 place6)", 
        "(at_tent tent0 place6)"
      ]
    }, 
    {
      "action": "(put_up guy0 place7 tent0)", 
      "add_list": [
        "(up tent0)"
      ], 
      "state": 51, 
      "literals": [
        "(partners couple0 guy0 girl0)", 
        "(next place0 place1)", 
        "(next place1 place2)", 
        "(next place2 place3)", 
        "(next place3 place4)", 
        "(next place4 place5)", 
        "(next place5 place6)", 
        "(next place6 place7)", 
        "(at_car car0 place5)", 
        "(at_person girl0 place6)", 
        "(walked couple0 place6)", 
        "(at_person guy0 place7)", 
        "(at_car car1 place7)", 
        "(at_tent tent0 place7)", 
        "(up tent0)"
      ], 
      "delete_list": [
        "(down tent0)"
      ]
    }, 
    {
      "action": "(drive guy0 place7 place6 car1)", 
      "add_list": [
        "(at_person guy0 place6)", 
        "(at_car car1 place6)"
      ], 
      "state": 52, 
      "literals": [
        "(partners couple0 guy0 girl0)", 
        "(next place0 place1)", 
        "(next place1 place2)", 
        "(next place2 place3)", 
        "(next place3 place4)", 
        "(next place4 place5)", 
        "(next place5 place6)", 
        "(next place6 place7)", 
        "(at_car car0 place5)", 
        "(at_person girl0 place6)", 
        "(walked couple0 place6)", 
        "(at_tent tent0 place7)", 
        "(up tent0)", 
        "(at_person guy0 place6)", 
        "(at_car car1 place6)"
      ], 
      "delete_list": [
        "(at_person guy0 place7)", 
        "(at_car car1 place7)"
      ]
    }, 
    {
      "action": "(walk_together tent0 place7 guy0 place6 girl0 couple0)", 
      "add_list": [
        "(at_person guy0 place7)", 
        "(at_person girl0 place7)", 
        "(walked couple0 place7)"
      ], 
      "state": 53, 
      "literals": [
        "(partners couple0 guy0 girl0)", 
        "(next place0 place1)", 
        "(next place1 place2)", 
        "(next place2 place3)", 
        "(next place3 place4)", 
        "(next place4 place5)", 
        "(next place5 place6)", 
        "(next place6 place7)", 
        "(at_car car0 place5)", 
        "(at_tent tent0 place7)", 
        "(up tent0)", 
        "(at_car car1 place6)", 
        "(at_person guy0 place7)", 
        "(at_person girl0 place7)", 
        "(walked couple0 place7)"
      ], 
      "delete_list": [
        "(at_person guy0 place6)", 
        "(at_person girl0 place6)", 
        "(walked couple0 place6)"
      ]
    }
  ], 
  "domain_id": 54
}