{
  "domain": "hiking", 
  "inital_state": [
    "(partners couple0 guy0 girl0)", 
    "(at_person guy0 place0)", 
    "(at_person girl0 place0)", 
    "(walked couple0 place0)", 
    "(at_tent tent0 place0)", 
    "(up tent0)", 
    "(partners couple1 guy1 girl1)", 
    "(at_person guy1 place0)", 
    "(at_person girl1 place0)", 
    "(walked couple1 place0)", 
    "(at_tent tent1 place0)", 
    "(up tent1)", 
    "(at_car car0 place0)", 
    "(at_car car1 place0)", 
    "(next place0 place1)", 
    "(next place1 place2)", 
    "(next place2 place3)", 
    "(next place3 place4)", 
    "(next place4 place5)"
  ], 
  "negative_goals": [], 
  "problem_id": 1993, 
  "positive_goals": [
    "(walked couple0 place5)", 
    "(walked couple1 place5)"
  ], 
  "plan_length": 47, 
  "plan_literals": [
    {
      "action": "(put_down guy1 place0 tent0)", 
      "add_list": [
        "(down tent0)"
      ], 
      "state": 0, 
      "literals": [
        "(partners couple0 guy0 girl0)", 
        "(at_person guy0 place0)", 
        "(at_person girl0 place0)", 
        "(walked couple0 place0)", 
        "(at_tent tent0 place0)", 
        "(partners couple1 guy1 girl1)", 
        "(at_person guy1 place0)", 
        "(at_person girl1 place0)", 
        "(walked couple1 place0)", 
        "(at_tent tent1 place0)", 
        "(up tent1)", 
        "(at_car car0 place0)", 
        "(at_car car1 place0)", 
        "(next place0 place1)", 
        "(next place1 place2)", 
        "(next place2 place3)", 
        "(next place3 place4)", 
        "(next place4 place5)", 
        "(down tent0)"
      ], 
      "delete_list": [
        "(up tent0)"
      ]
    }, 
    {
      "action": "(drive_tent_passenger guy1 place0 place1 car1 tent0 girl1)", 
      "add_list": [
        "(at_person guy1 place1)", 
        "(at_car car1 place1)", 
        "(at_tent tent0 place1)", 
        "(at_person girl1 place1)"
      ], 
      "state": 1, 
      "literals": [
        "(partners couple0 guy0 girl0)", 
        "(at_person guy0 place0)", 
        "(at_person girl0 place0)", 
        "(walked couple0 place0)", 
        "(partners couple1 guy1 girl1)", 
        "(walked couple1 place0)", 
        "(at_tent tent1 place0)", 
        "(up tent1)", 
        "(at_car car0 place0)", 
        "(next place0 place1)", 
        "(next place1 place2)", 
        "(next place2 place3)", 
        "(next place3 place4)", 
        "(next place4 place5)", 
        "(down tent0)", 
        "(at_person guy1 place1)", 
        "(at_car car1 place1)", 
        "(at_tent tent0 place1)", 
        "(at_person girl1 place1)"
      ], 
      "delete_list": [
        "(at_person guy1 place0)", 
        "(at_car car1 place0)", 
        "(at_tent tent0 place0)", 
        "(at_person girl1 place0)"
      ]
    }, 
    {
      "action": "(put_up guy1 place1 tent0)", 
      "add_list": [
        "(up tent0)"
      ], 
      "state": 2, 
      "literals": [
        "(partners couple0 guy0 girl0)", 
        "(at_person guy0 place0)", 
        "(at_person girl0 place0)", 
        "(walked couple0 place0)", 
        "(partners couple1 guy1 girl1)", 
        "(walked couple1 place0)", 
        "(at_tent tent1 place0)", 
        "(up tent1)", 
        "(at_car car0 place0)", 
        "(next place0 place1)", 
        "(next place1 place2)", 
        "(next place2 place3)", 
        "(next place3 place4)", 
        "(next place4 place5)", 
        "(at_person guy1 place1)", 
        "(at_car car1 place1)", 
        "(at_tent tent0 place1)", 
        "(at_person girl1 place1)", 
        "(up tent0)"
      ], 
      "delete_list": [
        "(down tent0)"
      ]
    }, 
    {
      "action": "(walk_together tent0 place1 guy0 place0 girl0 couple0)", 
      "add_list": [
        "(at_person guy0 place1)", 
        "(at_person girl0 place1)", 
        "(walked couple0 place1)"
      ], 
      "state": 3, 
      "literals": [
        "(partners couple0 guy0 girl0)", 
        "(partners couple1 guy1 girl1)", 
        "(walked couple1 place0)", 
        "(at_tent tent1 place0)", 
        "(up tent1)", 
        "(at_car car0 place0)", 
        "(next place0 place1)", 
        "(next place1 place2)", 
        "(next place2 place3)", 
        "(next place3 place4)", 
        "(next place4 place5)", 
        "(at_person guy1 place1)", 
        "(at_car car1 place1)", 
        "(at_tent tent0 place1)", 
        "(at_person girl1 place1)", 
        "(up tent0)", 
        "(at_person guy0 place1)", 
        "(at_person girl0 place1)", 
        "(walked couple0 place1)"
      ], 
      "delete_list": [
        "(at_person guy0 place0)", 
        "(at_person girl0 place0)", 
        "(walked couple0 place0)"
      ]
    }, 
    {
      "action": "(drive_passenger guy0 place1 place0 car1 guy1)", 
      "add_list": [
        "(at_person guy0 place0)", 
        "(at_car car1 place0)", 
        "(at_person guy1 place0)"
      ], 
      "state": 4, 
      "literals": [
        "(partners couple0 guy0 girl0)", 
        "(partners couple1 guy1 girl1)", 
        "(walked couple1 place0)", 
        "(at_tent tent1 place0)", 
        "(up tent1)", 
        "(at_car car0 place0)", 
        "(next place0 place1)", 
        "(next place1 place2)", 
        "(next place2 place3)", 
        "(next place3 place4)", 
        "(next place4 place5)", 
        "(at_tent tent0 place1)", 
        "(at_person girl1 place1)", 
        "(up tent0)", 
        "(at_person girl0 place1)", 
        "(walked couple0 place1)", 
        "(at_person guy0 place0)", 
        "(at_car car1 place0)", 
        "(at_person guy1 place0)"
      ], 
      "delete_list": [
        "(at_person guy0 place1)", 
        "(at_car car1 place1)", 
        "(at_person guy1 place1)"
      ]
    }, 
    {
      "action": "(drive guy0 place0 place1 car1)", 
      "add_list": [
        "(at_person guy0 place1)", 
        "(at_car car1 place1)"
      ], 
      "state": 5, 
      "literals": [
        "(partners couple0 guy0 girl0)", 
        "(partners couple1 guy1 girl1)", 
        "(walked couple1 place0)", 
        "(at_tent tent1 place0)", 
        "(up tent1)", 
        "(at_car car0 place0)", 
        "(next place0 place1)", 
        "(next place1 place2)", 
        "(next place2 place3)", 
        "(next place3 place4)", 
        "(next place4 place5)", 
        "(at_tent tent0 place1)", 
        "(at_person girl1 place1)", 
        "(up tent0)", 
        "(at_person girl0 place1)", 
        "(walked couple0 place1)", 
        "(at_person guy1 place0)", 
        "(at_person guy0 place1)", 
        "(at_car car1 place1)"
      ], 
      "delete_list": [
        "(at_person guy0 place0)", 
        "(at_car car1 place0)"
      ]
    }, 
    {
      "action": "(put_down guy1 place0 tent1)", 
      "add_list": [
        "(down tent1)"
      ], 
      "state": 6, 
      "literals": [
        "(partners couple0 guy0 girl0)", 
        "(partners couple1 guy1 girl1)", 
        "(walked couple1 place0)", 
        "(at_tent tent1 place0)", 
        "(at_car car0 place0)", 
        "(next place0 place1)", 
        "(next place1 place2)", 
        "(next place2 place3)", 
        "(next place3 place4)", 
        "(next place4 place5)", 
        "(at_tent tent0 place1)", 
        "(at_person girl1 place1)", 
        "(up tent0)", 
        "(at_person girl0 place1)", 
        "(walked couple0 place1)", 
        "(at_person guy1 place0)", 
        "(at_person guy0 place1)", 
        "(at_car car1 place1)", 
        "(down tent1)"
      ], 
      "delete_list": [
        "(up tent1)"
      ]
    }, 
    {
      "action": "(drive_tent guy1 place0 place2 car0 tent1)", 
      "add_list": [
        "(at_person guy1 place2)", 
        "(at_car car0 place2)", 
        "(at_tent tent1 place2)"
      ], 
      "state": 7, 
      "literals": [
        "(partners couple0 guy0 girl0)", 
        "(partners couple1 guy1 girl1)", 
        "(walked couple1 place0)", 
        "(next place0 place1)", 
        "(next place1 place2)", 
        "(next place2 place3)", 
        "(next place3 place4)", 
        "(next place4 place5)", 
        "(at_tent tent0 place1)", 
        "(at_person girl1 place1)", 
        "(up tent0)", 
        "(at_person girl0 place1)", 
        "(walked couple0 place1)", 
        "(at_person guy0 place1)", 
        "(at_car car1 place1)", 
        "(down tent1)", 
        "(at_person guy1 place2)", 
        "(at_car car0 place2)", 
        "(at_tent tent1 place2)"
      ], 
      "delete_list": [
        "(at_person guy1 place0)", 
        "(at_car car0 place0)", 
        "(at_tent tent1 place0)"
      ]
    }, 
    {
      "action": "(put_up guy1 place2 tent1)", 
      "add_list": [
        "(up tent1)"
      ], 
      "state": 8, 
      "literals": [
        "(partners couple0 guy0 girl0)", 
        "(partners couple1 guy1 girl1)", 
        "(walked couple1 place0)", 
        "(next place0 place1)", 
        "(next place1 place2)", 
        "(next place2 place3)", 
        "(next place3 place4)", 
        "(next place4 place5)", 
        "(at_tent tent0 place1)", 
        "(at_person girl1 place1)", 
        "(up tent0)", 
        "(at_person girl0 place1)", 
        "(walked couple0 place1)", 
        "(at_person guy0 place1)", 
        "(at_car car1 place1)", 
        "(at_person guy1 place2)", 
        "(at_car car0 place2)", 
        "(at_tent tent1 place2)", 
        "(up tent1)"
      ], 
      "delete_list": [
        "(down tent1)"
      ]
    }, 
    {
      "action": "(drive guy1 place2 place1 car0)", 
      "add_list": [
        "(at_person guy1 place1)", 
        "(at_car car0 place1)"
      ], 
      "state": 9, 
      "literals": [
        "(partners couple0 guy0 girl0)", 
        "(partners couple1 guy1 girl1)", 
        "(walked couple1 place0)", 
        "(next place0 place1)", 
        "(next place1 place2)", 
        "(next place2 place3)", 
        "(next place3 place4)", 
        "(next place4 place5)", 
        "(at_tent tent0 place1)", 
        "(at_person girl1 place1)", 
        "(up tent0)", 
        "(at_person girl0 place1)", 
        "(walked couple0 place1)", 
        "(at_person guy0 place1)", 
        "(at_car car1 place1)", 
        "(at_tent tent1 place2)", 
        "(up tent1)", 
        "(at_person guy1 place1)", 
        "(at_car car0 place1)"
      ], 
      "delete_list": [
        "(at_person guy1 place2)", 
        "(at_car car0 place2)"
      ]
    }, 
    {
      "action": "(drive_passenger guy1 place1 place0 car1 girl1)", 
      "add_list": [
        "(at_person guy1 place0)", 
        "(at_car car1 place0)", 
        "(at_person girl1 place0)"
      ], 
      "state": 10, 
      "literals": [
        "(partners couple0 guy0 girl0)", 
        "(partners couple1 guy1 girl1)", 
        "(walked couple1 place0)", 
        "(next place0 place1)", 
        "(next place1 place2)", 
        "(next place2 place3)", 
        "(next place3 place4)", 
        "(next place4 place5)", 
        "(at_tent tent0 place1)", 
        "(up tent0)", 
        "(at_person girl0 place1)", 
        "(walked couple0 place1)", 
        "(at_person guy0 place1)", 
        "(at_tent tent1 place2)", 
        "(up tent1)", 
        "(at_car car0 place1)", 
        "(at_person guy1 place0)", 
        "(at_car car1 place0)", 
        "(at_person girl1 place0)"
      ], 
      "delete_list": [
        "(at_person guy1 place1)", 
        "(at_car car1 place1)", 
        "(at_person girl1 place1)"
      ]
    }, 
    {
      "action": "(walk_together tent0 place1 guy1 place0 girl1 couple1)", 
      "add_list": [
        "(at_person guy1 place1)", 
        "(at_person girl1 place1)", 
        "(walked couple1 place1)"
      ], 
      "state": 11, 
      "literals": [
        "(partners couple0 guy0 girl0)", 
        "(partners couple1 guy1 girl1)", 
        "(next place0 place1)", 
        "(next place1 place2)", 
        "(next place2 place3)", 
        "(next place3 place4)", 
        "(next place4 place5)", 
        "(at_tent tent0 place1)", 
        "(up tent0)", 
        "(at_person girl0 place1)", 
        "(walked couple0 place1)", 
        "(at_person guy0 place1)", 
        "(at_tent tent1 place2)", 
        "(up tent1)", 
        "(at_car car0 place1)", 
        "(at_car car1 place0)", 
        "(at_person guy1 place1)", 
        "(at_person girl1 place1)", 
        "(walked couple1 place1)"
      ], 
      "delete_list": [
        "(at_person guy1 place0)", 
        "(at_person girl1 place0)", 
        "(walked couple1 place0)"
      ]
    }, 
    {
      "action": "(walk_together tent1 place2 guy1 place1 girl1 couple1)", 
      "add_list": [
        "(at_person guy1 place2)", 
        "(at_person girl1 place2)", 
        "(walked couple1 place2)"
      ], 
      "state": 12, 
      "literals": [
        "(partners couple0 guy0 girl0)", 
        "(partners couple1 guy1 girl1)", 
        "(next place0 place1)", 
        "(next place1 place2)", 
        "(next place2 place3)", 
        "(next place3 place4)", 
        "(next place4 place5)", 
        "(at_tent tent0 place1)", 
        "(up tent0)", 
        "(at_person girl0 place1)", 
        "(walked couple0 place1)", 
        "(at_person guy0 place1)", 
        "(at_tent tent1 place2)", 
        "(up tent1)", 
        "(at_car car0 place1)", 
        "(at_car car1 place0)", 
        "(at_person guy1 place2)", 
        "(at_person girl1 place2)", 
        "(walked couple1 place2)"
      ], 
      "delete_list": [
        "(at_person guy1 place1)", 
        "(at_person girl1 place1)", 
        "(walked couple1 place1)"
      ]
    }, 
    {
      "action": "(put_down guy0 place1 tent0)", 
      "add_list": [
        "(down tent0)"
      ], 
      "state": 13, 
      "literals": [
        "(partners couple0 guy0 girl0)", 
        "(partners couple1 guy1 girl1)", 
        "(next place0 place1)", 
        "(next place1 place2)", 
        "(next place2 place3)", 
        "(next place3 place4)", 
        "(next place4 place5)", 
        "(at_tent tent0 place1)", 
        "(at_person girl0 place1)", 
        "(walked couple0 place1)", 
        "(at_person guy0 place1)", 
        "(at_tent tent1 place2)", 
        "(up tent1)", 
        "(at_car car0 place1)", 
        "(at_car car1 place0)", 
        "(at_person guy1 place2)", 
        "(at_person girl1 place2)", 
        "(walked couple1 place2)", 
        "(down tent0)"
      ], 
      "delete_list": [
        "(up tent0)"
      ]
    }, 
    {
      "action": "(drive_tent_passenger girl0 place1 place3 car0 tent0 guy0)", 
      "add_list": [
        "(at_person girl0 place3)", 
        "(at_car car0 place3)", 
        "(at_tent tent0 place3)", 
        "(at_person guy0 place3)"
      ], 
      "state": 14, 
      "literals": [
        "(partners couple0 guy0 girl0)", 
        "(partners couple1 guy1 girl1)", 
        "(next place0 place1)", 
        "(next place1 place2)", 
        "(next place2 place3)", 
        "(next place3 place4)", 
        "(next place4 place5)", 
        "(walked couple0 place1)", 
        "(at_tent tent1 place2)", 
        "(up tent1)", 
        "(at_car car1 place0)", 
        "(at_person guy1 place2)", 
        "(at_person girl1 place2)", 
        "(walked couple1 place2)", 
        "(down tent0)", 
        "(at_person girl0 place3)", 
        "(at_car car0 place3)", 
        "(at_tent tent0 place3)", 
        "(at_person guy0 place3)"
      ], 
      "delete_list": [
        "(at_person girl0 place1)", 
        "(at_car car0 place1)", 
        "(at_tent tent0 place1)", 
        "(at_person guy0 place1)"
      ]
    }, 
    {
      "action": "(put_up guy0 place3 tent0)", 
      "add_list": [
        "(up tent0)"
      ], 
      "state": 15, 
      "literals": [
        "(partners couple0 guy0 girl0)", 
        "(partners couple1 guy1 girl1)", 
        "(next place0 place1)", 
        "(next place1 place2)", 
        "(next place2 place3)", 
        "(next place3 place4)", 
        "(next place4 place5)", 
        "(walked couple0 place1)", 
        "(at_tent tent1 place2)", 
        "(up tent1)", 
        "(at_car car1 place0)", 
        "(at_person guy1 place2)", 
        "(at_person girl1 place2)", 
        "(walked couple1 place2)", 
        "(at_person girl0 place3)", 
        "(at_car car0 place3)", 
        "(at_tent tent0 place3)", 
        "(at_person guy0 place3)", 
        "(up tent0)"
      ], 
      "delete_list": [
        "(down tent0)"
      ]
    }, 
    {
      "action": "(walk_together tent0 place3 guy1 place2 girl1 couple1)", 
      "add_list": [
        "(at_person guy1 place3)", 
        "(at_person girl1 place3)", 
        "(walked couple1 place3)"
      ], 
      "state": 16, 
      "literals": [
        "(partners couple0 guy0 girl0)", 
        "(partners couple1 guy1 girl1)", 
        "(next place0 place1)", 
        "(next place1 place2)", 
        "(next place2 place3)", 
        "(next place3 place4)", 
        "(next place4 place5)", 
        "(walked couple0 place1)", 
        "(at_tent tent1 place2)", 
        "(up tent1)", 
        "(at_car car1 place0)", 
        "(at_person girl0 place3)", 
        "(at_car car0 place3)", 
        "(at_tent tent0 place3)", 
        "(at_person guy0 place3)", 
        "(up tent0)", 
        "(at_person guy1 place3)", 
        "(at_person girl1 place3)", 
        "(walked couple1 place3)"
      ], 
      "delete_list": [
        "(at_person guy1 place2)", 
        "(at_person girl1 place2)", 
        "(walked couple1 place2)"
      ]
    }, 
    {
      "action": "(drive_passenger guy0 place3 place0 car0 guy1)", 
      "add_list": [
        "(at_person guy0 place0)", 
        "(at_car car0 place0)", 
        "(at_person guy1 place0)"
      ], 
      "state": 17, 
      "literals": [
        "(partners couple0 guy0 girl0)", 
        "(partners couple1 guy1 girl1)", 
        "(next place0 place1)", 
        "(next place1 place2)", 
        "(next place2 place3)", 
        "(next place3 place4)", 
        "(next place4 place5)", 
        "(walked couple0 place1)", 
        "(at_tent tent1 place2)", 
        "(up tent1)", 
        "(at_car car1 place0)", 
        "(at_person girl0 place3)", 
        "(at_tent tent0 place3)", 
        "(up tent0)", 
        "(at_person girl1 place3)", 
        "(walked couple1 place3)", 
        "(at_person guy0 place0)", 
        "(at_car car0 place0)", 
        "(at_person guy1 place0)"
      ], 
      "delete_list": [
        "(at_person guy0 place3)", 
        "(at_car car0 place3)", 
        "(at_person guy1 place3)"
      ]
    }, 
    {
      "action": "(drive guy1 place0 place3 car1)", 
      "add_list": [
        "(at_person guy1 place3)", 
        "(at_car car1 place3)"
      ], 
      "state": 18, 
      "literals": [
        "(partners couple0 guy0 girl0)", 
        "(partners couple1 guy1 girl1)", 
        "(next place0 place1)", 
        "(next place1 place2)", 
        "(next place2 place3)", 
        "(next place3 place4)", 
        "(next place4 place5)", 
        "(walked couple0 place1)", 
        "(at_tent tent1 place2)", 
        "(up tent1)", 
        "(at_person girl0 place3)", 
        "(at_tent tent0 place3)", 
        "(up tent0)", 
        "(at_person girl1 place3)", 
        "(walked couple1 place3)", 
        "(at_person guy0 place0)", 
        "(at_car car0 place0)", 
        "(at_person guy1 place3)", 
        "(at_car car1 place3)"
      ], 
      "delete_list": [
        "(at_person guy1 place0)", 
        "(at_car car1 place0)"
      ]
    }, 
    {
      "action": "(drive guy0 place0 place1 car0)", 
      "add_list": [
        "(at_person guy0 place1)", 
        "(at_car car0 place1)"
      ], 
      "state": 19, 
      "literals": [
        "(partners couple0 guy0 girl0)", 
        "(partners couple1 guy1 girl1)", 
        "(next place0 place1)", 
        "(next place1 place2)", 
        "(next place2 place3)", 
        "(next place3 place4)", 
        "(next place4 place5)", 
        "(walked couple0 place1)", 
        "(at_tent tent1 place2)", 
        "(up tent1)", 
        "(at_person girl0 place3)", 
        "(at_tent tent0 place3)", 
        "(up tent0)", 
        "(at_person girl1 place3)", 
        "(walked couple1 place3)", 
        "(at_person guy1 place3)", 
        "(at_car car1 place3)", 
        "(at_person guy0 place1)", 
        "(at_car car0 place1)"
      ], 
      "delete_list": [
        "(at_person guy0 place0)", 
        "(at_car car0 place0)"
      ]
    }, 
    {
      "action": "(drive_passenger girl1 place3 place1 car1 guy1)", 
      "add_list": [
        "(at_person girl1 place1)", 
        "(at_car car1 place1)", 
        "(at_person guy1 place1)"
      ], 
      "state": 20, 
      "literals": [
        "(partners couple0 guy0 girl0)", 
        "(partners couple1 guy1 girl1)", 
        "(next place0 place1)", 
        "(next place1 place2)", 
        "(next place2 place3)", 
        "(next place3 place4)", 
        "(next place4 place5)", 
        "(walked couple0 place1)", 
        "(at_tent tent1 place2)", 
        "(up tent1)", 
        "(at_person girl0 place3)", 
        "(at_tent tent0 place3)", 
        "(up tent0)", 
        "(walked couple1 place3)", 
        "(at_person guy0 place1)", 
        "(at_car car0 place1)", 
        "(at_person girl1 place1)", 
        "(at_car car1 place1)", 
        "(at_person guy1 place1)"
      ], 
      "delete_list": [
        "(at_person girl1 place3)", 
        "(at_car car1 place3)", 
        "(at_person guy1 place3)"
      ]
    }, 
    {
      "action": "(drive guy1 place1 place3 car1)", 
      "add_list": [
        "(at_person guy1 place3)", 
        "(at_car car1 place3)"
      ], 
      "state": 21, 
      "literals": [
        "(partners couple0 guy0 girl0)", 
        "(partners couple1 guy1 girl1)", 
        "(next place0 place1)", 
        "(next place1 place2)", 
        "(next place2 place3)", 
        "(next place3 place4)", 
        "(next place4 place5)", 
        "(walked couple0 place1)", 
        "(at_tent tent1 place2)", 
        "(up tent1)", 
        "(at_person girl0 place3)", 
        "(at_tent tent0 place3)", 
        "(up tent0)", 
        "(walked couple1 place3)", 
        "(at_person guy0 place1)", 
        "(at_car car0 place1)", 
        "(at_person girl1 place1)", 
        "(at_person guy1 place3)", 
        "(at_car car1 place3)"
      ], 
      "delete_list": [
        "(at_person guy1 place1)", 
        "(at_car car1 place1)"
      ]
    }, 
    {
      "action": "(drive guy1 place3 place2 car1)", 
      "add_list": [
        "(at_person guy1 place2)", 
        "(at_car car1 place2)"
      ], 
      "state": 22, 
      "literals": [
        "(partners couple0 guy0 girl0)", 
        "(partners couple1 guy1 girl1)", 
        "(next place0 place1)", 
        "(next place1 place2)", 
        "(next place2 place3)", 
        "(next place3 place4)", 
        "(next place4 place5)", 
        "(walked couple0 place1)", 
        "(at_tent tent1 place2)", 
        "(up tent1)", 
        "(at_person girl0 place3)", 
        "(at_tent tent0 place3)", 
        "(up tent0)", 
        "(walked couple1 place3)", 
        "(at_person guy0 place1)", 
        "(at_car car0 place1)", 
        "(at_person girl1 place1)", 
        "(at_person guy1 place2)", 
        "(at_car car1 place2)"
      ], 
      "delete_list": [
        "(at_person guy1 place3)", 
        "(at_car car1 place3)"
      ]
    }, 
    {
      "action": "(drive guy0 place1 place3 car0)", 
      "add_list": [
        "(at_person guy0 place3)", 
        "(at_car car0 place3)"
      ], 
      "state": 23, 
      "literals": [
        "(partners couple0 guy0 girl0)", 
        "(partners couple1 guy1 girl1)", 
        "(next place0 place1)", 
        "(next place1 place2)", 
        "(next place2 place3)", 
        "(next place3 place4)", 
        "(next place4 place5)", 
        "(walked couple0 place1)", 
        "(at_tent tent1 place2)", 
        "(up tent1)", 
        "(at_person girl0 place3)", 
        "(at_tent tent0 place3)", 
        "(up tent0)", 
        "(walked couple1 place3)", 
        "(at_person girl1 place1)", 
        "(at_person guy1 place2)", 
        "(at_car car1 place2)", 
        "(at_person guy0 place3)", 
        "(at_car car0 place3)"
      ], 
      "delete_list": [
        "(at_person guy0 place1)", 
        "(at_car car0 place1)"
      ]
    }, 
    {
      "action": "(drive_passenger guy0 place3 place1 car0 girl0)", 
      "add_list": [
        "(at_person guy0 place1)", 
        "(at_car car0 place1)", 
        "(at_person girl0 place1)"
      ], 
      "state": 24, 
      "literals": [
        "(partners couple0 guy0 girl0)", 
        "(partners couple1 guy1 girl1)", 
        "(next place0 place1)", 
        "(next place1 place2)", 
        "(next place2 place3)", 
        "(next place3 place4)", 
        "(next place4 place5)", 
        "(walked couple0 place1)", 
        "(at_tent tent1 place2)", 
        "(up tent1)", 
        "(at_tent tent0 place3)", 
        "(up tent0)", 
        "(walked couple1 place3)", 
        "(at_person girl1 place1)", 
        "(at_person guy1 place2)", 
        "(at_car car1 place2)", 
        "(at_person guy0 place1)", 
        "(at_car car0 place1)", 
        "(at_person girl0 place1)"
      ], 
      "delete_list": [
        "(at_person guy0 place3)", 
        "(at_car car0 place3)", 
        "(at_person girl0 place3)"
      ]
    }, 
    {
      "action": "(walk_together tent1 place2 guy0 place1 girl0 couple0)", 
      "add_list": [
        "(at_person guy0 place2)", 
        "(at_person girl0 place2)", 
        "(walked couple0 place2)"
      ], 
      "state": 25, 
      "literals": [
        "(partners couple0 guy0 girl0)", 
        "(partners couple1 guy1 girl1)", 
        "(next place0 place1)", 
        "(next place1 place2)", 
        "(next place2 place3)", 
        "(next place3 place4)", 
        "(next place4 place5)", 
        "(at_tent tent1 place2)", 
        "(up tent1)", 
        "(at_tent tent0 place3)", 
        "(up tent0)", 
        "(walked couple1 place3)", 
        "(at_person girl1 place1)", 
        "(at_person guy1 place2)", 
        "(at_car car1 place2)", 
        "(at_car car0 place1)", 
        "(at_person guy0 place2)", 
        "(at_person girl0 place2)", 
        "(walked couple0 place2)"
      ], 
      "delete_list": [
        "(at_person guy0 place1)", 
        "(at_person girl0 place1)", 
        "(walked couple0 place1)"
      ]
    }, 
    {
      "action": "(walk_together tent0 place3 guy0 place2 girl0 couple0)", 
      "add_list": [
        "(at_person guy0 place3)", 
        "(at_person girl0 place3)", 
        "(walked couple0 place3)"
      ], 
      "state": 26, 
      "literals": [
        "(partners couple0 guy0 girl0)", 
        "(partners couple1 guy1 girl1)", 
        "(next place0 place1)", 
        "(next place1 place2)", 
        "(next place2 place3)", 
        "(next place3 place4)", 
        "(next place4 place5)", 
        "(at_tent tent1 place2)", 
        "(up tent1)", 
        "(at_tent tent0 place3)", 
        "(up tent0)", 
        "(walked couple1 place3)", 
        "(at_person girl1 place1)", 
        "(at_person guy1 place2)", 
        "(at_car car1 place2)", 
        "(at_car car0 place1)", 
        "(at_person guy0 place3)", 
        "(at_person girl0 place3)", 
        "(walked couple0 place3)"
      ], 
      "delete_list": [
        "(at_person guy0 place2)", 
        "(at_person girl0 place2)", 
        "(walked couple0 place2)"
      ]
    }, 
    {
      "action": "(drive guy1 place2 place3 car1)", 
      "add_list": [
        "(at_person guy1 place3)", 
        "(at_car car1 place3)"
      ], 
      "state": 27, 
      "literals": [
        "(partners couple0 guy0 girl0)", 
        "(partners couple1 guy1 girl1)", 
        "(next place0 place1)", 
        "(next place1 place2)", 
        "(next place2 place3)", 
        "(next place3 place4)", 
        "(next place4 place5)", 
        "(at_tent tent1 place2)", 
        "(up tent1)", 
        "(at_tent tent0 place3)", 
        "(up tent0)", 
        "(walked couple1 place3)", 
        "(at_person girl1 place1)", 
        "(at_car car0 place1)", 
        "(at_person guy0 place3)", 
        "(at_person girl0 place3)", 
        "(walked couple0 place3)", 
        "(at_person guy1 place3)", 
        "(at_car car1 place3)"
      ], 
      "delete_list": [
        "(at_person guy1 place2)", 
        "(at_car car1 place2)"
      ]
    }, 
    {
      "action": "(drive girl1 place1 place3 car0)", 
      "add_list": [
        "(at_person girl1 place3)", 
        "(at_car car0 place3)"
      ], 
      "state": 28, 
      "literals": [
        "(partners couple0 guy0 girl0)", 
        "(partners couple1 guy1 girl1)", 
        "(next place0 place1)", 
        "(next place1 place2)", 
        "(next place2 place3)", 
        "(next place3 place4)", 
        "(next place4 place5)", 
        "(at_tent tent1 place2)", 
        "(up tent1)", 
        "(at_tent tent0 place3)", 
        "(up tent0)", 
        "(walked couple1 place3)", 
        "(at_person guy0 place3)", 
        "(at_person girl0 place3)", 
        "(walked couple0 place3)", 
        "(at_person guy1 place3)", 
        "(at_car car1 place3)", 
        "(at_person girl1 place3)", 
        "(at_car car0 place3)"
      ], 
      "delete_list": [
        "(at_person girl1 place1)", 
        "(at_car car0 place1)"
      ]
    }, 
    {
      "action": "(put_down guy1 place3 tent0)", 
      "add_list": [
        "(down tent0)"
      ], 
      "state": 29, 
      "literals": [
        "(partners couple0 guy0 girl0)", 
        "(partners couple1 guy1 girl1)", 
        "(next place0 place1)", 
        "(next place1 place2)", 
        "(next place2 place3)", 
        "(next place3 place4)", 
        "(next place4 place5)", 
        "(at_tent tent1 place2)", 
        "(up tent1)", 
        "(at_tent tent0 place3)", 
        "(walked couple1 place3)", 
        "(at_person guy0 place3)", 
        "(at_person girl0 place3)", 
        "(walked couple0 place3)", 
        "(at_person guy1 place3)", 
        "(at_car car1 place3)", 
        "(at_person girl1 place3)", 
        "(at_car car0 place3)", 
        "(down tent0)"
      ], 
      "delete_list": [
        "(up tent0)"
      ]
    }, 
    {
      "action": "(drive_tent guy1 place3 place4 car1 tent0)", 
      "add_list": [
        "(at_person guy1 place4)", 
        "(at_car car1 place4)", 
        "(at_tent tent0 place4)"
      ], 
      "state": 30, 
      "literals": [
        "(partners couple0 guy0 girl0)", 
        "(partners couple1 guy1 girl1)", 
        "(next place0 place1)", 
        "(next place1 place2)", 
        "(next place2 place3)", 
        "(next place3 place4)", 
        "(next place4 place5)", 
        "(at_tent tent1 place2)", 
        "(up tent1)", 
        "(walked couple1 place3)", 
        "(at_person guy0 place3)", 
        "(at_person girl0 place3)", 
        "(walked couple0 place3)", 
        "(at_person girl1 place3)", 
        "(at_car car0 place3)", 
        "(down tent0)", 
        "(at_person guy1 place4)", 
        "(at_car car1 place4)", 
        "(at_tent tent0 place4)"
      ], 
      "delete_list": [
        "(at_person guy1 place3)", 
        "(at_car car1 place3)", 
        "(at_tent tent0 place3)"
      ]
    }, 
    {
      "action": "(put_up guy1 place4 tent0)", 
      "add_list": [
        "(up tent0)"
      ], 
      "state": 31, 
      "literals": [
        "(partners couple0 guy0 girl0)", 
        "(partners couple1 guy1 girl1)", 
        "(next place0 place1)", 
        "(next place1 place2)", 
        "(next place2 place3)", 
        "(next place3 place4)", 
        "(next place4 place5)", 
        "(at_tent tent1 place2)", 
        "(up tent1)", 
        "(walked couple1 place3)", 
        "(at_person guy0 place3)", 
        "(at_person girl0 place3)", 
        "(walked couple0 place3)", 
        "(at_person girl1 place3)", 
        "(at_car car0 place3)", 
        "(at_person guy1 place4)", 
        "(at_car car1 place4)", 
        "(at_tent tent0 place4)", 
        "(up tent0)"
      ], 
      "delete_list": [
        "(down tent0)"
      ]
    }, 
    {
      "action": "(walk_together tent0 place4 guy0 place3 girl0 couple0)", 
      "add_list": [
        "(at_person guy0 place4)", 
        "(at_person girl0 place4)", 
        "(walked couple0 place4)"
      ], 
      "state": 32, 
      "literals": [
        "(partners couple0 guy0 girl0)", 
        "(partners couple1 guy1 girl1)", 
        "(next place0 place1)", 
        "(next place1 place2)", 
        "(next place2 place3)", 
        "(next place3 place4)", 
        "(next place4 place5)", 
        "(at_tent tent1 place2)", 
        "(up tent1)", 
        "(walked couple1 place3)", 
        "(at_person girl1 place3)", 
        "(at_car car0 place3)", 
        "(at_person guy1 place4)", 
        "(at_car car1 place4)", 
        "(at_tent tent0 place4)", 
        "(up tent0)", 
        "(at_person guy0 place4)", 
        "(at_person girl0 place4)", 
        "(walked couple0 place4)"
      ], 
      "delete_list": [
        "(at_person guy0 place3)", 
        "(at_person girl0 place3)", 
        "(walked couple0 place3)"
      ]
    }, 
    {
      "action": "(put_down guy1 place4 tent0)", 
      "add_list": [
        "(down tent0)"
      ], 
      "state": 33, 
      "literals": [
        "(partners couple0 guy0 girl0)", 
        "(partners couple1 guy1 girl1)", 
        "(next place0 place1)", 
        "(next place1 place2)", 
        "(next place2 place3)", 
        "(next place3 place4)", 
        "(next place4 place5)", 
        "(at_tent tent1 place2)", 
        "(up tent1)", 
        "(walked couple1 place3)", 
        "(at_person girl1 place3)", 
        "(at_car car0 place3)", 
        "(at_person guy1 place4)", 
        "(at_car car1 place4)", 
        "(at_tent tent0 place4)", 
        "(at_person guy0 place4)", 
        "(at_person girl0 place4)", 
        "(walked couple0 place4)", 
        "(down tent0)"
      ], 
      "delete_list": [
        "(up tent0)"
      ]
    }, 
    {
      "action": "(drive_tent guy1 place4 place5 car1 tent0)", 
      "add_list": [
        "(at_person guy1 place5)", 
        "(at_car car1 place5)", 
        "(at_tent tent0 place5)"
      ], 
      "state": 34, 
      "literals": [
        "(partners couple0 guy0 girl0)", 
        "(partners couple1 guy1 girl1)", 
        "(next place0 place1)", 
        "(next place1 place2)", 
        "(next place2 place3)", 
        "(next place3 place4)", 
        "(next place4 place5)", 
        "(at_tent tent1 place2)", 
        "(up tent1)", 
        "(walked couple1 place3)", 
        "(at_person girl1 place3)", 
        "(at_car car0 place3)", 
        "(at_person guy0 place4)", 
        "(at_person girl0 place4)", 
        "(walked couple0 place4)", 
        "(down tent0)", 
        "(at_person guy1 place5)", 
        "(at_car car1 place5)", 
        "(at_tent tent0 place5)"
      ], 
      "delete_list": [
        "(at_person guy1 place4)", 
        "(at_car car1 place4)", 
        "(at_tent tent0 place4)"
      ]
    }, 
    {
      "action": "(put_up guy1 place5 tent0)", 
      "add_list": [
        "(up tent0)"
      ], 
      "state": 35, 
      "literals": [
        "(partners couple0 guy0 girl0)", 
        "(partners couple1 guy1 girl1)", 
        "(next place0 place1)", 
        "(next place1 place2)", 
        "(next place2 place3)", 
        "(next place3 place4)", 
        "(next place4 place5)", 
        "(at_tent tent1 place2)", 
        "(up tent1)", 
        "(walked couple1 place3)", 
        "(at_person girl1 place3)", 
        "(at_car car0 place3)", 
        "(at_person guy0 place4)", 
        "(at_person girl0 place4)", 
        "(walked couple0 place4)", 
        "(at_person guy1 place5)", 
        "(at_car car1 place5)", 
        "(at_tent tent0 place5)", 
        "(up tent0)"
      ], 
      "delete_list": [
        "(down tent0)"
      ]
    }, 
    {
      "action": "(walk_together tent0 place5 guy0 place4 girl0 couple0)", 
      "add_list": [
        "(at_person guy0 place5)", 
        "(at_person girl0 place5)", 
        "(walked couple0 place5)"
      ], 
      "state": 36, 
      "literals": [
        "(partners couple0 guy0 girl0)", 
        "(partners couple1 guy1 girl1)", 
        "(next place0 place1)", 
        "(next place1 place2)", 
        "(next place2 place3)", 
        "(next place3 place4)", 
        "(next place4 place5)", 
        "(at_tent tent1 place2)", 
        "(up tent1)", 
        "(walked couple1 place3)", 
        "(at_person girl1 place3)", 
        "(at_car car0 place3)", 
        "(at_person guy1 place5)", 
        "(at_car car1 place5)", 
        "(at_tent tent0 place5)", 
        "(up tent0)", 
        "(at_person guy0 place5)", 
        "(at_person girl0 place5)", 
        "(walked couple0 place5)"
      ], 
      "delete_list": [
        "(at_person guy0 place4)", 
        "(at_person girl0 place4)", 
        "(walked couple0 place4)"
      ]
    }, 
    {
      "action": "(drive_passenger guy0 place5 place3 car1 guy1)", 
      "add_list": [
        "(at_person guy0 place3)", 
        "(at_car car1 place3)", 
        "(at_person guy1 place3)"
      ], 
      "state": 37, 
      "literals": [
        "(partners couple0 guy0 girl0)", 
        "(partners couple1 guy1 girl1)", 
        "(next place0 place1)", 
        "(next place1 place2)", 
        "(next place2 place3)", 
        "(next place3 place4)", 
        "(next place4 place5)", 
        "(at_tent tent1 place2)", 
        "(up tent1)", 
        "(walked couple1 place3)", 
        "(at_person girl1 place3)", 
        "(at_car car0 place3)", 
        "(at_tent tent0 place5)", 
        "(up tent0)", 
        "(at_person girl0 place5)", 
        "(walked couple0 place5)", 
        "(at_person guy0 place3)", 
        "(at_car car1 place3)", 
        "(at_person guy1 place3)"
      ], 
      "delete_list": [
        "(at_person guy0 place5)", 
        "(at_car car1 place5)", 
        "(at_person guy1 place5)"
      ]
    }, 
    {
      "action": "(drive guy0 place3 place5 car0)", 
      "add_list": [
        "(at_person guy0 place5)", 
        "(at_car car0 place5)"
      ], 
      "state": 38, 
      "literals": [
        "(partners couple0 guy0 girl0)", 
        "(partners couple1 guy1 girl1)", 
        "(next place0 place1)", 
        "(next place1 place2)", 
        "(next place2 place3)", 
        "(next place3 place4)", 
        "(next place4 place5)", 
        "(at_tent tent1 place2)", 
        "(up tent1)", 
        "(walked couple1 place3)", 
        "(at_person girl1 place3)", 
        "(at_tent tent0 place5)", 
        "(up tent0)", 
        "(at_person girl0 place5)", 
        "(walked couple0 place5)", 
        "(at_car car1 place3)", 
        "(at_person guy1 place3)", 
        "(at_person guy0 place5)", 
        "(at_car car0 place5)"
      ], 
      "delete_list": [
        "(at_person guy0 place3)", 
        "(at_car car0 place3)"
      ]
    }, 
    {
      "action": "(put_down guy0 place5 tent0)", 
      "add_list": [
        "(down tent0)"
      ], 
      "state": 39, 
      "literals": [
        "(partners couple0 guy0 girl0)", 
        "(partners couple1 guy1 girl1)", 
        "(next place0 place1)", 
        "(next place1 place2)", 
        "(next place2 place3)", 
        "(next place3 place4)", 
        "(next place4 place5)", 
        "(at_tent tent1 place2)", 
        "(up tent1)", 
        "(walked couple1 place3)", 
        "(at_person girl1 place3)", 
        "(at_tent tent0 place5)", 
        "(at_person girl0 place5)", 
        "(walked couple0 place5)", 
        "(at_car car1 place3)", 
        "(at_person guy1 place3)", 
        "(at_person guy0 place5)", 
        "(at_car car0 place5)", 
        "(down tent0)"
      ], 
      "delete_list": [
        "(up tent0)"
      ]
    }, 
    {
      "action": "(drive_tent guy0 place5 place4 car0 tent0)", 
      "add_list": [
        "(at_person guy0 place4)", 
        "(at_car car0 place4)", 
        "(at_tent tent0 place4)"
      ], 
      "state": 40, 
      "literals": [
        "(partners couple0 guy0 girl0)", 
        "(partners couple1 guy1 girl1)", 
        "(next place0 place1)", 
        "(next place1 place2)", 
        "(next place2 place3)", 
        "(next place3 place4)", 
        "(next place4 place5)", 
        "(at_tent tent1 place2)", 
        "(up tent1)", 
        "(walked couple1 place3)", 
        "(at_person girl1 place3)", 
        "(at_person girl0 place5)", 
        "(walked couple0 place5)", 
        "(at_car car1 place3)", 
        "(at_person guy1 place3)", 
        "(down tent0)", 
        "(at_person guy0 place4)", 
        "(at_car car0 place4)", 
        "(at_tent tent0 place4)"
      ], 
      "delete_list": [
        "(at_person guy0 place5)", 
        "(at_car car0 place5)", 
        "(at_tent tent0 place5)"
      ]
    }, 
    {
      "action": "(put_up guy0 place4 tent0)", 
      "add_list": [
        "(up tent0)"
      ], 
      "state": 41, 
      "literals": [
        "(partners couple0 guy0 girl0)", 
        "(partners couple1 guy1 girl1)", 
        "(next place0 place1)", 
        "(next place1 place2)", 
        "(next place2 place3)", 
        "(next place3 place4)", 
        "(next place4 place5)", 
        "(at_tent tent1 place2)", 
        "(up tent1)", 
        "(walked couple1 place3)", 
        "(at_person girl1 place3)", 
        "(at_person girl0 place5)", 
        "(walked couple0 place5)", 
        "(at_car car1 place3)", 
        "(at_person guy1 place3)", 
        "(at_person guy0 place4)", 
        "(at_car car0 place4)", 
        "(at_tent tent0 place4)", 
        "(up tent0)"
      ], 
      "delete_list": [
        "(down tent0)"
      ]
    }, 
    {
      "action": "(walk_together tent0 place4 guy1 place3 girl1 couple1)", 
      "add_list": [
        "(at_person guy1 place4)", 
        "(at_person girl1 place4)", 
        "(walked couple1 place4)"
      ], 
      "state": 42, 
      "literals": [
        "(partners couple0 guy0 girl0)", 
        "(partners couple1 guy1 girl1)", 
        "(next place0 place1)", 
        "(next place1 place2)", 
        "(next place2 place3)", 
        "(next place3 place4)", 
        "(next place4 place5)", 
        "(at_tent tent1 place2)", 
        "(up tent1)", 
        "(at_person girl0 place5)", 
        "(walked couple0 place5)", 
        "(at_car car1 place3)", 
        "(at_person guy0 place4)", 
        "(at_car car0 place4)", 
        "(at_tent tent0 place4)", 
        "(up tent0)", 
        "(at_person guy1 place4)", 
        "(at_person girl1 place4)", 
        "(walked couple1 place4)"
      ], 
      "delete_list": [
        "(at_person guy1 place3)", 
        "(at_person girl1 place3)", 
        "(walked couple1 place3)"
      ]
    }, 
    {
      "action": "(put_down guy1 place4 tent0)", 
      "add_list": [
        "(down tent0)"
      ], 
      "state": 43, 
      "literals": [
        "(partners couple0 guy0 girl0)", 
        "(partners couple1 guy1 girl1)", 
        "(next place0 place1)", 
        "(next place1 place2)", 
        "(next place2 place3)", 
        "(next place3 place4)", 
        "(next place4 place5)", 
        "(at_tent tent1 place2)", 
        "(up tent1)", 
        "(at_person girl0 place5)", 
        "(walked couple0 place5)", 
        "(at_car car1 place3)", 
        "(at_person guy0 place4)", 
        "(at_car car0 place4)", 
        "(at_tent tent0 place4)", 
        "(at_person guy1 place4)", 
        "(at_person girl1 place4)", 
        "(walked couple1 place4)", 
        "(down tent0)"
      ], 
      "delete_list": [
        "(up tent0)"
      ]
    }, 
    {
      "action": "(drive_tent guy0 place4 place5 car0 tent0)", 
      "add_list": [
        "(at_person guy0 place5)", 
        "(at_car car0 place5)", 
        "(at_tent tent0 place5)"
      ], 
      "state": 44, 
      "literals": [
        "(partners couple0 guy0 girl0)", 
        "(partners couple1 guy1 girl1)", 
        "(next place0 place1)", 
        "(next place1 place2)", 
        "(next place2 place3)", 
        "(next place3 place4)", 
        "(next place4 place5)", 
        "(at_tent tent1 place2)", 
        "(up tent1)", 
        "(at_person girl0 place5)", 
        "(walked couple0 place5)", 
        "(at_car car1 place3)", 
        "(at_person guy1 place4)", 
        "(at_person girl1 place4)", 
        "(walked couple1 place4)", 
        "(down tent0)", 
        "(at_person guy0 place5)", 
        "(at_car car0 place5)", 
        "(at_tent tent0 place5)"
      ], 
      "delete_list": [
        "(at_person guy0 place4)", 
        "(at_car car0 place4)", 
        "(at_tent tent0 place4)"
      ]
    }, 
    {
      "action": "(put_up guy0 place5 tent0)", 
      "add_list": [
        "(up tent0)"
      ], 
      "state": 45, 
      "literals": [
        "(partners couple0 guy0 girl0)", 
        "(partners couple1 guy1 girl1)", 
        "(next place0 place1)", 
        "(next place1 place2)", 
        "(next place2 place3)", 
        "(next place3 place4)", 
        "(next place4 place5)", 
        "(at_tent tent1 place2)", 
        "(up tent1)", 
        "(at_person girl0 place5)", 
        "(walked couple0 place5)", 
        "(at_car car1 place3)", 
        "(at_person guy1 place4)", 
        "(at_person girl1 place4)", 
        "(walked couple1 place4)", 
        "(at_person guy0 place5)", 
        "(at_car car0 place5)", 
        "(at_tent tent0 place5)", 
        "(up tent0)"
      ], 
      "delete_list": [
        "(down tent0)"
      ]
    }, 
    {
      "action": "(walk_together tent0 place5 guy1 place4 girl1 couple1)", 
      "add_list": [
        "(at_person guy1 place5)", 
        "(at_person girl1 place5)", 
        "(walked couple1 place5)"
      ], 
      "state": 46, 
      "literals": [
        "(partners couple0 guy0 girl0)", 
        "(partners couple1 guy1 girl1)", 
        "(next place0 place1)", 
        "(next place1 place2)", 
        "(next place2 place3)", 
        "(next place3 place4)", 
        "(next place4 place5)", 
        "(at_tent tent1 place2)", 
        "(up tent1)", 
        "(at_person girl0 place5)", 
        "(walked couple0 place5)", 
        "(at_car car1 place3)", 
        "(at_person guy0 place5)", 
        "(at_car car0 place5)", 
        "(at_tent tent0 place5)", 
        "(up tent0)", 
        "(at_person guy1 place5)", 
        "(at_person girl1 place5)", 
        "(walked couple1 place5)"
      ], 
      "delete_list": [
        "(at_person guy1 place4)", 
        "(at_person girl1 place4)", 
        "(walked couple1 place4)"
      ]
    }
  ], 
  "domain_id": 54
}