{
  "domain": "elevators", 
  "inital_state": [
    "(above f0 f1)", 
    "(origin p0 f1)", 
    "(destin p0 f0)", 
    "(lift-at f0)"
  ], 
  "negative_goals": [], 
  "problem_id": 1193, 
  "positive_goals": [
    "(served p0)"
  ], 
  "plan_length": 4, 
  "plan_literals": [
    {
      "action": "(up f0 f1)", 
      "add_list": [
        "(lift-at f1)"
      ], 
      "state": 0, 
      "literals": [
        "(above f0 f1)", 
        "(origin p0 f1)", 
        "(destin p0 f0)", 
        "(lift-at f1)"
      ], 
      "delete_list": [
        "(lift-at f0)"
      ]
    }, 
    {
      "action": "(stop f1)", 
      "add_list": [
        "(boarded p0)"
      ], 
      "state": 1, 
      "literals": [
        "(above f0 f1)", 
        "(origin p0 f1)", 
        "(destin p0 f0)", 
        "(lift-at f1)", 
        "(boarded p0)"
      ], 
      "delete_list": []
    }, 
    {
      "action": "(down f1 f0)", 
      "add_list": [
        "(lift-at f0)"
      ], 
      "state": 2, 
      "literals": [
        "(above f0 f1)", 
        "(origin p0 f1)", 
        "(destin p0 f0)", 
        "(boarded p0)", 
        "(lift-at f0)"
      ], 
      "delete_list": [
        "(lift-at f1)"
      ]
    }, 
    {
      "action": "(stop f0)", 
      "add_list": [
        "(served p0)"
      ], 
      "state": 3, 
      "literals": [
        "(above f0 f1)", 
        "(origin p0 f1)", 
        "(destin p0 f0)", 
        "(lift-at f0)", 
        "(served p0)"
      ], 
      "delete_list": [
        "(boarded p0)"
      ]
    }
  ], 
  "domain_id": 37
}