{
  "domain": "elevators", 
  "inital_state": [
    "(above f0 f1)", 
    "(above f0 f2)", 
    "(above f0 f3)", 
    "(above f1 f2)", 
    "(above f1 f3)", 
    "(above f2 f3)", 
    "(origin p0 f1)", 
    "(destin p0 f3)", 
    "(origin p1 f2)", 
    "(destin p1 f3)", 
    "(lift-at f0)"
  ], 
  "negative_goals": [], 
  "problem_id": 1247, 
  "positive_goals": [
    "(served p0)", 
    "(served p1)"
  ], 
  "plan_length": 8, 
  "plan_literals": [
    {
      "action": "(up f0 f2)", 
      "add_list": [
        "(lift-at f2)"
      ], 
      "state": 0, 
      "literals": [
        "(above f0 f1)", 
        "(above f0 f2)", 
        "(above f0 f3)", 
        "(above f1 f2)", 
        "(above f1 f3)", 
        "(above f2 f3)", 
        "(origin p0 f1)", 
        "(destin p0 f3)", 
        "(origin p1 f2)", 
        "(destin p1 f3)", 
        "(lift-at f2)"
      ], 
      "delete_list": [
        "(lift-at f0)"
      ]
    }, 
    {
      "action": "(stop f2)", 
      "add_list": [
        "(boarded p1)"
      ], 
      "state": 1, 
      "literals": [
        "(above f0 f1)", 
        "(above f0 f2)", 
        "(above f0 f3)", 
        "(above f1 f2)", 
        "(above f1 f3)", 
        "(above f2 f3)", 
        "(origin p0 f1)", 
        "(destin p0 f3)", 
        "(origin p1 f2)", 
        "(destin p1 f3)", 
        "(lift-at f2)", 
        "(boarded p1)"
      ], 
      "delete_list": []
    }, 
    {
      "action": "(up f2 f3)", 
      "add_list": [
        "(lift-at f3)"
      ], 
      "state": 2, 
      "literals": [
        "(above f0 f1)", 
        "(above f0 f2)", 
        "(above f0 f3)", 
        "(above f1 f2)", 
        "(above f1 f3)", 
        "(above f2 f3)", 
        "(origin p0 f1)", 
        "(destin p0 f3)", 
        "(origin p1 f2)", 
        "(destin p1 f3)", 
        "(boarded p1)", 
        "(lift-at f3)"
      ], 
      "delete_list": [
        "(lift-at f2)"
      ]
    }, 
    {
      "action": "(stop f3)", 
      "add_list": [
        "(served p1)"
      ], 
      "state": 3, 
      "literals": [
        "(above f0 f1)", 
        "(above f0 f2)", 
        "(above f0 f3)", 
        "(above f1 f2)", 
        "(above f1 f3)", 
        "(above f2 f3)", 
        "(origin p0 f1)", 
        "(destin p0 f3)", 
        "(origin p1 f2)", 
        "(destin p1 f3)", 
        "(lift-at f3)", 
        "(served p1)"
      ], 
      "delete_list": [
        "(boarded p1)"
      ]
    }, 
    {
      "action": "(down f3 f1)", 
      "add_list": [
        "(lift-at f1)"
      ], 
      "state": 4, 
      "literals": [
        "(above f0 f1)", 
        "(above f0 f2)", 
        "(above f0 f3)", 
        "(above f1 f2)", 
        "(above f1 f3)", 
        "(above f2 f3)", 
        "(origin p0 f1)", 
        "(destin p0 f3)", 
        "(origin p1 f2)", 
        "(destin p1 f3)", 
        "(served p1)", 
        "(lift-at f1)"
      ], 
      "delete_list": [
        "(lift-at f3)"
      ]
    }, 
    {
      "action": "(stop f1)", 
      "add_list": [
        "(boarded p0)"
      ], 
      "state": 5, 
      "literals": [
        "(above f0 f1)", 
        "(above f0 f2)", 
        "(above f0 f3)", 
        "(above f1 f2)", 
        "(above f1 f3)", 
        "(above f2 f3)", 
        "(origin p0 f1)", 
        "(destin p0 f3)", 
        "(origin p1 f2)", 
        "(destin p1 f3)", 
        "(served p1)", 
        "(lift-at f1)", 
        "(boarded p0)"
      ], 
      "delete_list": []
    }, 
    {
      "action": "(up f1 f3)", 
      "add_list": [
        "(lift-at f3)"
      ], 
      "state": 6, 
      "literals": [
        "(above f0 f1)", 
        "(above f0 f2)", 
        "(above f0 f3)", 
        "(above f1 f2)", 
        "(above f1 f3)", 
        "(above f2 f3)", 
        "(origin p0 f1)", 
        "(destin p0 f3)", 
        "(origin p1 f2)", 
        "(destin p1 f3)", 
        "(served p1)", 
        "(boarded p0)", 
        "(lift-at f3)"
      ], 
      "delete_list": [
        "(lift-at f1)"
      ]
    }, 
    {
      "action": "(stop f3)", 
      "add_list": [
        "(served p0)"
      ], 
      "state": 7, 
      "literals": [
        "(above f0 f1)", 
        "(above f0 f2)", 
        "(above f0 f3)", 
        "(above f1 f2)", 
        "(above f1 f3)", 
        "(above f2 f3)", 
        "(origin p0 f1)", 
        "(destin p0 f3)", 
        "(origin p1 f2)", 
        "(destin p1 f3)", 
        "(served p1)", 
        "(lift-at f3)", 
        "(served p0)"
      ], 
      "delete_list": [
        "(boarded p0)"
      ]
    }
  ], 
  "domain_id": 37
}