{
  "domain": "elevators", 
  "inital_state": [
    "(above f0 f1)", 
    "(above f0 f2)", 
    "(above f0 f3)", 
    "(above f0 f4)", 
    "(above f0 f5)", 
    "(above f1 f2)", 
    "(above f1 f3)", 
    "(above f1 f4)", 
    "(above f1 f5)", 
    "(above f2 f3)", 
    "(above f2 f4)", 
    "(above f2 f5)", 
    "(above f3 f4)", 
    "(above f3 f5)", 
    "(above f4 f5)", 
    "(origin p0 f2)", 
    "(destin p0 f5)", 
    "(origin p1 f5)", 
    "(destin p1 f2)", 
    "(origin p2 f4)", 
    "(destin p2 f1)", 
    "(lift-at f0)"
  ], 
  "negative_goals": [], 
  "problem_id": 1300, 
  "positive_goals": [
    "(served p0)", 
    "(served p1)", 
    "(served p2)"
  ], 
  "plan_length": 10, 
  "plan_literals": [
    {
      "action": "(up f0 f2)", 
      "add_list": [
        "(lift-at f2)"
      ], 
      "state": 0, 
      "literals": [
        "(above f0 f1)", 
        "(above f0 f2)", 
        "(above f0 f3)", 
        "(above f0 f4)", 
        "(above f0 f5)", 
        "(above f1 f2)", 
        "(above f1 f3)", 
        "(above f1 f4)", 
        "(above f1 f5)", 
        "(above f2 f3)", 
        "(above f2 f4)", 
        "(above f2 f5)", 
        "(above f3 f4)", 
        "(above f3 f5)", 
        "(above f4 f5)", 
        "(origin p0 f2)", 
        "(destin p0 f5)", 
        "(origin p1 f5)", 
        "(destin p1 f2)", 
        "(origin p2 f4)", 
        "(destin p2 f1)", 
        "(lift-at f2)"
      ], 
      "delete_list": [
        "(lift-at f0)"
      ]
    }, 
    {
      "action": "(stop f2)", 
      "add_list": [
        "(boarded p0)"
      ], 
      "state": 1, 
      "literals": [
        "(above f0 f1)", 
        "(above f0 f2)", 
        "(above f0 f3)", 
        "(above f0 f4)", 
        "(above f0 f5)", 
        "(above f1 f2)", 
        "(above f1 f3)", 
        "(above f1 f4)", 
        "(above f1 f5)", 
        "(above f2 f3)", 
        "(above f2 f4)", 
        "(above f2 f5)", 
        "(above f3 f4)", 
        "(above f3 f5)", 
        "(above f4 f5)", 
        "(origin p0 f2)", 
        "(destin p0 f5)", 
        "(origin p1 f5)", 
        "(destin p1 f2)", 
        "(origin p2 f4)", 
        "(destin p2 f1)", 
        "(lift-at f2)", 
        "(boarded p0)"
      ], 
      "delete_list": []
    }, 
    {
      "action": "(up f2 f5)", 
      "add_list": [
        "(lift-at f5)"
      ], 
      "state": 2, 
      "literals": [
        "(above f0 f1)", 
        "(above f0 f2)", 
        "(above f0 f3)", 
        "(above f0 f4)", 
        "(above f0 f5)", 
        "(above f1 f2)", 
        "(above f1 f3)", 
        "(above f1 f4)", 
        "(above f1 f5)", 
        "(above f2 f3)", 
        "(above f2 f4)", 
        "(above f2 f5)", 
        "(above f3 f4)", 
        "(above f3 f5)", 
        "(above f4 f5)", 
        "(origin p0 f2)", 
        "(destin p0 f5)", 
        "(origin p1 f5)", 
        "(destin p1 f2)", 
        "(origin p2 f4)", 
        "(destin p2 f1)", 
        "(boarded p0)", 
        "(lift-at f5)"
      ], 
      "delete_list": [
        "(lift-at f2)"
      ]
    }, 
    {
      "action": "(stop f5)", 
      "add_list": [
        "(served p0)", 
        "(boarded p1)"
      ], 
      "state": 3, 
      "literals": [
        "(above f0 f1)", 
        "(above f0 f2)", 
        "(above f0 f3)", 
        "(above f0 f4)", 
        "(above f0 f5)", 
        "(above f1 f2)", 
        "(above f1 f3)", 
        "(above f1 f4)", 
        "(above f1 f5)", 
        "(above f2 f3)", 
        "(above f2 f4)", 
        "(above f2 f5)", 
        "(above f3 f4)", 
        "(above f3 f5)", 
        "(above f4 f5)", 
        "(origin p0 f2)", 
        "(destin p0 f5)", 
        "(origin p1 f5)", 
        "(destin p1 f2)", 
        "(origin p2 f4)", 
        "(destin p2 f1)", 
        "(lift-at f5)", 
        "(served p0)", 
        "(boarded p1)"
      ], 
      "delete_list": [
        "(boarded p0)"
      ]
    }, 
    {
      "action": "(down f5 f2)", 
      "add_list": [
        "(lift-at f2)"
      ], 
      "state": 4, 
      "literals": [
        "(above f0 f1)", 
        "(above f0 f2)", 
        "(above f0 f3)", 
        "(above f0 f4)", 
        "(above f0 f5)", 
        "(above f1 f2)", 
        "(above f1 f3)", 
        "(above f1 f4)", 
        "(above f1 f5)", 
        "(above f2 f3)", 
        "(above f2 f4)", 
        "(above f2 f5)", 
        "(above f3 f4)", 
        "(above f3 f5)", 
        "(above f4 f5)", 
        "(origin p0 f2)", 
        "(destin p0 f5)", 
        "(origin p1 f5)", 
        "(destin p1 f2)", 
        "(origin p2 f4)", 
        "(destin p2 f1)", 
        "(served p0)", 
        "(boarded p1)", 
        "(lift-at f2)"
      ], 
      "delete_list": [
        "(lift-at f5)"
      ]
    }, 
    {
      "action": "(stop f2)", 
      "add_list": [
        "(served p1)"
      ], 
      "state": 5, 
      "literals": [
        "(above f0 f1)", 
        "(above f0 f2)", 
        "(above f0 f3)", 
        "(above f0 f4)", 
        "(above f0 f5)", 
        "(above f1 f2)", 
        "(above f1 f3)", 
        "(above f1 f4)", 
        "(above f1 f5)", 
        "(above f2 f3)", 
        "(above f2 f4)", 
        "(above f2 f5)", 
        "(above f3 f4)", 
        "(above f3 f5)", 
        "(above f4 f5)", 
        "(origin p0 f2)", 
        "(destin p0 f5)", 
        "(origin p1 f5)", 
        "(destin p1 f2)", 
        "(origin p2 f4)", 
        "(destin p2 f1)", 
        "(served p0)", 
        "(lift-at f2)", 
        "(served p1)"
      ], 
      "delete_list": [
        "(boarded p1)"
      ]
    }, 
    {
      "action": "(up f2 f4)", 
      "add_list": [
        "(lift-at f4)"
      ], 
      "state": 6, 
      "literals": [
        "(above f0 f1)", 
        "(above f0 f2)", 
        "(above f0 f3)", 
        "(above f0 f4)", 
        "(above f0 f5)", 
        "(above f1 f2)", 
        "(above f1 f3)", 
        "(above f1 f4)", 
        "(above f1 f5)", 
        "(above f2 f3)", 
        "(above f2 f4)", 
        "(above f2 f5)", 
        "(above f3 f4)", 
        "(above f3 f5)", 
        "(above f4 f5)", 
        "(origin p0 f2)", 
        "(destin p0 f5)", 
        "(origin p1 f5)", 
        "(destin p1 f2)", 
        "(origin p2 f4)", 
        "(destin p2 f1)", 
        "(served p0)", 
        "(served p1)", 
        "(lift-at f4)"
      ], 
      "delete_list": [
        "(lift-at f2)"
      ]
    }, 
    {
      "action": "(stop f4)", 
      "add_list": [
        "(boarded p2)"
      ], 
      "state": 7, 
      "literals": [
        "(above f0 f1)", 
        "(above f0 f2)", 
        "(above f0 f3)", 
        "(above f0 f4)", 
        "(above f0 f5)", 
        "(above f1 f2)", 
        "(above f1 f3)", 
        "(above f1 f4)", 
        "(above f1 f5)", 
        "(above f2 f3)", 
        "(above f2 f4)", 
        "(above f2 f5)", 
        "(above f3 f4)", 
        "(above f3 f5)", 
        "(above f4 f5)", 
        "(origin p0 f2)", 
        "(destin p0 f5)", 
        "(origin p1 f5)", 
        "(destin p1 f2)", 
        "(origin p2 f4)", 
        "(destin p2 f1)", 
        "(served p0)", 
        "(served p1)", 
        "(lift-at f4)", 
        "(boarded p2)"
      ], 
      "delete_list": []
    }, 
    {
      "action": "(down f4 f1)", 
      "add_list": [
        "(lift-at f1)"
      ], 
      "state": 8, 
      "literals": [
        "(above f0 f1)", 
        "(above f0 f2)", 
        "(above f0 f3)", 
        "(above f0 f4)", 
        "(above f0 f5)", 
        "(above f1 f2)", 
        "(above f1 f3)", 
        "(above f1 f4)", 
        "(above f1 f5)", 
        "(above f2 f3)", 
        "(above f2 f4)", 
        "(above f2 f5)", 
        "(above f3 f4)", 
        "(above f3 f5)", 
        "(above f4 f5)", 
        "(origin p0 f2)", 
        "(destin p0 f5)", 
        "(origin p1 f5)", 
        "(destin p1 f2)", 
        "(origin p2 f4)", 
        "(destin p2 f1)", 
        "(served p0)", 
        "(served p1)", 
        "(boarded p2)", 
        "(lift-at f1)"
      ], 
      "delete_list": [
        "(lift-at f4)"
      ]
    }, 
    {
      "action": "(stop f1)", 
      "add_list": [
        "(served p2)"
      ], 
      "state": 9, 
      "literals": [
        "(above f0 f1)", 
        "(above f0 f2)", 
        "(above f0 f3)", 
        "(above f0 f4)", 
        "(above f0 f5)", 
        "(above f1 f2)", 
        "(above f1 f3)", 
        "(above f1 f4)", 
        "(above f1 f5)", 
        "(above f2 f3)", 
        "(above f2 f4)", 
        "(above f2 f5)", 
        "(above f3 f4)", 
        "(above f3 f5)", 
        "(above f4 f5)", 
        "(origin p0 f2)", 
        "(destin p0 f5)", 
        "(origin p1 f5)", 
        "(destin p1 f2)", 
        "(origin p2 f4)", 
        "(destin p2 f1)", 
        "(served p0)", 
        "(served p1)", 
        "(lift-at f1)", 
        "(served p2)"
      ], 
      "delete_list": [
        "(boarded p2)"
      ]
    }
  ], 
  "domain_id": 37
}