{
  "domain": "elevators", 
  "inital_state": [
    "(above f0 f1)", 
    "(above f0 f2)", 
    "(above f0 f3)", 
    "(above f0 f4)", 
    "(above f0 f5)", 
    "(above f0 f6)", 
    "(above f0 f7)", 
    "(above f0 f8)", 
    "(above f0 f9)", 
    "(above f1 f2)", 
    "(above f1 f3)", 
    "(above f1 f4)", 
    "(above f1 f5)", 
    "(above f1 f6)", 
    "(above f1 f7)", 
    "(above f1 f8)", 
    "(above f1 f9)", 
    "(above f2 f3)", 
    "(above f2 f4)", 
    "(above f2 f5)", 
    "(above f2 f6)", 
    "(above f2 f7)", 
    "(above f2 f8)", 
    "(above f2 f9)", 
    "(above f3 f4)", 
    "(above f3 f5)", 
    "(above f3 f6)", 
    "(above f3 f7)", 
    "(above f3 f8)", 
    "(above f3 f9)", 
    "(above f4 f5)", 
    "(above f4 f6)", 
    "(above f4 f7)", 
    "(above f4 f8)", 
    "(above f4 f9)", 
    "(above f5 f6)", 
    "(above f5 f7)", 
    "(above f5 f8)", 
    "(above f5 f9)", 
    "(above f6 f7)", 
    "(above f6 f8)", 
    "(above f6 f9)", 
    "(above f7 f8)", 
    "(above f7 f9)", 
    "(above f8 f9)", 
    "(origin p0 f3)", 
    "(destin p0 f5)", 
    "(origin p1 f6)", 
    "(destin p1 f9)", 
    "(origin p2 f9)", 
    "(destin p2 f8)", 
    "(origin p3 f5)", 
    "(destin p3 f8)", 
    "(origin p4 f1)", 
    "(destin p4 f2)", 
    "(lift-at f0)"
  ], 
  "negative_goals": [], 
  "problem_id": 1317, 
  "positive_goals": [
    "(served p0)", 
    "(served p1)", 
    "(served p2)", 
    "(served p3)", 
    "(served p4)"
  ], 
  "plan_length": 20, 
  "plan_literals": [
    {
      "action": "(up f0 f5)", 
      "add_list": [
        "(lift-at f5)"
      ], 
      "state": 0, 
      "literals": [
        "(above f0 f1)", 
        "(above f0 f2)", 
        "(above f0 f3)", 
        "(above f0 f4)", 
        "(above f0 f5)", 
        "(above f0 f6)", 
        "(above f0 f7)", 
        "(above f0 f8)", 
        "(above f0 f9)", 
        "(above f1 f2)", 
        "(above f1 f3)", 
        "(above f1 f4)", 
        "(above f1 f5)", 
        "(above f1 f6)", 
        "(above f1 f7)", 
        "(above f1 f8)", 
        "(above f1 f9)", 
        "(above f2 f3)", 
        "(above f2 f4)", 
        "(above f2 f5)", 
        "(above f2 f6)", 
        "(above f2 f7)", 
        "(above f2 f8)", 
        "(above f2 f9)", 
        "(above f3 f4)", 
        "(above f3 f5)", 
        "(above f3 f6)", 
        "(above f3 f7)", 
        "(above f3 f8)", 
        "(above f3 f9)", 
        "(above f4 f5)", 
        "(above f4 f6)", 
        "(above f4 f7)", 
        "(above f4 f8)", 
        "(above f4 f9)", 
        "(above f5 f6)", 
        "(above f5 f7)", 
        "(above f5 f8)", 
        "(above f5 f9)", 
        "(above f6 f7)", 
        "(above f6 f8)", 
        "(above f6 f9)", 
        "(above f7 f8)", 
        "(above f7 f9)", 
        "(above f8 f9)", 
        "(origin p0 f3)", 
        "(destin p0 f5)", 
        "(origin p1 f6)", 
        "(destin p1 f9)", 
        "(origin p2 f9)", 
        "(destin p2 f8)", 
        "(origin p3 f5)", 
        "(destin p3 f8)", 
        "(origin p4 f1)", 
        "(destin p4 f2)", 
        "(lift-at f5)"
      ], 
      "delete_list": [
        "(lift-at f0)"
      ]
    }, 
    {
      "action": "(stop f5)", 
      "add_list": [
        "(boarded p3)"
      ], 
      "state": 1, 
      "literals": [
        "(above f0 f1)", 
        "(above f0 f2)", 
        "(above f0 f3)", 
        "(above f0 f4)", 
        "(above f0 f5)", 
        "(above f0 f6)", 
        "(above f0 f7)", 
        "(above f0 f8)", 
        "(above f0 f9)", 
        "(above f1 f2)", 
        "(above f1 f3)", 
        "(above f1 f4)", 
        "(above f1 f5)", 
        "(above f1 f6)", 
        "(above f1 f7)", 
        "(above f1 f8)", 
        "(above f1 f9)", 
        "(above f2 f3)", 
        "(above f2 f4)", 
        "(above f2 f5)", 
        "(above f2 f6)", 
        "(above f2 f7)", 
        "(above f2 f8)", 
        "(above f2 f9)", 
        "(above f3 f4)", 
        "(above f3 f5)", 
        "(above f3 f6)", 
        "(above f3 f7)", 
        "(above f3 f8)", 
        "(above f3 f9)", 
        "(above f4 f5)", 
        "(above f4 f6)", 
        "(above f4 f7)", 
        "(above f4 f8)", 
        "(above f4 f9)", 
        "(above f5 f6)", 
        "(above f5 f7)", 
        "(above f5 f8)", 
        "(above f5 f9)", 
        "(above f6 f7)", 
        "(above f6 f8)", 
        "(above f6 f9)", 
        "(above f7 f8)", 
        "(above f7 f9)", 
        "(above f8 f9)", 
        "(origin p0 f3)", 
        "(destin p0 f5)", 
        "(origin p1 f6)", 
        "(destin p1 f9)", 
        "(origin p2 f9)", 
        "(destin p2 f8)", 
        "(origin p3 f5)", 
        "(destin p3 f8)", 
        "(origin p4 f1)", 
        "(destin p4 f2)", 
        "(lift-at f5)", 
        "(boarded p3)"
      ], 
      "delete_list": []
    }, 
    {
      "action": "(up f5 f8)", 
      "add_list": [
        "(lift-at f8)"
      ], 
      "state": 2, 
      "literals": [
        "(above f0 f1)", 
        "(above f0 f2)", 
        "(above f0 f3)", 
        "(above f0 f4)", 
        "(above f0 f5)", 
        "(above f0 f6)", 
        "(above f0 f7)", 
        "(above f0 f8)", 
        "(above f0 f9)", 
        "(above f1 f2)", 
        "(above f1 f3)", 
        "(above f1 f4)", 
        "(above f1 f5)", 
        "(above f1 f6)", 
        "(above f1 f7)", 
        "(above f1 f8)", 
        "(above f1 f9)", 
        "(above f2 f3)", 
        "(above f2 f4)", 
        "(above f2 f5)", 
        "(above f2 f6)", 
        "(above f2 f7)", 
        "(above f2 f8)", 
        "(above f2 f9)", 
        "(above f3 f4)", 
        "(above f3 f5)", 
        "(above f3 f6)", 
        "(above f3 f7)", 
        "(above f3 f8)", 
        "(above f3 f9)", 
        "(above f4 f5)", 
        "(above f4 f6)", 
        "(above f4 f7)", 
        "(above f4 f8)", 
        "(above f4 f9)", 
        "(above f5 f6)", 
        "(above f5 f7)", 
        "(above f5 f8)", 
        "(above f5 f9)", 
        "(above f6 f7)", 
        "(above f6 f8)", 
        "(above f6 f9)", 
        "(above f7 f8)", 
        "(above f7 f9)", 
        "(above f8 f9)", 
        "(origin p0 f3)", 
        "(destin p0 f5)", 
        "(origin p1 f6)", 
        "(destin p1 f9)", 
        "(origin p2 f9)", 
        "(destin p2 f8)", 
        "(origin p3 f5)", 
        "(destin p3 f8)", 
        "(origin p4 f1)", 
        "(destin p4 f2)", 
        "(boarded p3)", 
        "(lift-at f8)"
      ], 
      "delete_list": [
        "(lift-at f5)"
      ]
    }, 
    {
      "action": "(stop f8)", 
      "add_list": [
        "(served p3)"
      ], 
      "state": 3, 
      "literals": [
        "(above f0 f1)", 
        "(above f0 f2)", 
        "(above f0 f3)", 
        "(above f0 f4)", 
        "(above f0 f5)", 
        "(above f0 f6)", 
        "(above f0 f7)", 
        "(above f0 f8)", 
        "(above f0 f9)", 
        "(above f1 f2)", 
        "(above f1 f3)", 
        "(above f1 f4)", 
        "(above f1 f5)", 
        "(above f1 f6)", 
        "(above f1 f7)", 
        "(above f1 f8)", 
        "(above f1 f9)", 
        "(above f2 f3)", 
        "(above f2 f4)", 
        "(above f2 f5)", 
        "(above f2 f6)", 
        "(above f2 f7)", 
        "(above f2 f8)", 
        "(above f2 f9)", 
        "(above f3 f4)", 
        "(above f3 f5)", 
        "(above f3 f6)", 
        "(above f3 f7)", 
        "(above f3 f8)", 
        "(above f3 f9)", 
        "(above f4 f5)", 
        "(above f4 f6)", 
        "(above f4 f7)", 
        "(above f4 f8)", 
        "(above f4 f9)", 
        "(above f5 f6)", 
        "(above f5 f7)", 
        "(above f5 f8)", 
        "(above f5 f9)", 
        "(above f6 f7)", 
        "(above f6 f8)", 
        "(above f6 f9)", 
        "(above f7 f8)", 
        "(above f7 f9)", 
        "(above f8 f9)", 
        "(origin p0 f3)", 
        "(destin p0 f5)", 
        "(origin p1 f6)", 
        "(destin p1 f9)", 
        "(origin p2 f9)", 
        "(destin p2 f8)", 
        "(origin p3 f5)", 
        "(destin p3 f8)", 
        "(origin p4 f1)", 
        "(destin p4 f2)", 
        "(lift-at f8)", 
        "(served p3)"
      ], 
      "delete_list": [
        "(boarded p3)"
      ]
    }, 
    {
      "action": "(up f8 f9)", 
      "add_list": [
        "(lift-at f9)"
      ], 
      "state": 4, 
      "literals": [
        "(above f0 f1)", 
        "(above f0 f2)", 
        "(above f0 f3)", 
        "(above f0 f4)", 
        "(above f0 f5)", 
        "(above f0 f6)", 
        "(above f0 f7)", 
        "(above f0 f8)", 
        "(above f0 f9)", 
        "(above f1 f2)", 
        "(above f1 f3)", 
        "(above f1 f4)", 
        "(above f1 f5)", 
        "(above f1 f6)", 
        "(above f1 f7)", 
        "(above f1 f8)", 
        "(above f1 f9)", 
        "(above f2 f3)", 
        "(above f2 f4)", 
        "(above f2 f5)", 
        "(above f2 f6)", 
        "(above f2 f7)", 
        "(above f2 f8)", 
        "(above f2 f9)", 
        "(above f3 f4)", 
        "(above f3 f5)", 
        "(above f3 f6)", 
        "(above f3 f7)", 
        "(above f3 f8)", 
        "(above f3 f9)", 
        "(above f4 f5)", 
        "(above f4 f6)", 
        "(above f4 f7)", 
        "(above f4 f8)", 
        "(above f4 f9)", 
        "(above f5 f6)", 
        "(above f5 f7)", 
        "(above f5 f8)", 
        "(above f5 f9)", 
        "(above f6 f7)", 
        "(above f6 f8)", 
        "(above f6 f9)", 
        "(above f7 f8)", 
        "(above f7 f9)", 
        "(above f8 f9)", 
        "(origin p0 f3)", 
        "(destin p0 f5)", 
        "(origin p1 f6)", 
        "(destin p1 f9)", 
        "(origin p2 f9)", 
        "(destin p2 f8)", 
        "(origin p3 f5)", 
        "(destin p3 f8)", 
        "(origin p4 f1)", 
        "(destin p4 f2)", 
        "(served p3)", 
        "(lift-at f9)"
      ], 
      "delete_list": [
        "(lift-at f8)"
      ]
    }, 
    {
      "action": "(stop f9)", 
      "add_list": [
        "(boarded p2)"
      ], 
      "state": 5, 
      "literals": [
        "(above f0 f1)", 
        "(above f0 f2)", 
        "(above f0 f3)", 
        "(above f0 f4)", 
        "(above f0 f5)", 
        "(above f0 f6)", 
        "(above f0 f7)", 
        "(above f0 f8)", 
        "(above f0 f9)", 
        "(above f1 f2)", 
        "(above f1 f3)", 
        "(above f1 f4)", 
        "(above f1 f5)", 
        "(above f1 f6)", 
        "(above f1 f7)", 
        "(above f1 f8)", 
        "(above f1 f9)", 
        "(above f2 f3)", 
        "(above f2 f4)", 
        "(above f2 f5)", 
        "(above f2 f6)", 
        "(above f2 f7)", 
        "(above f2 f8)", 
        "(above f2 f9)", 
        "(above f3 f4)", 
        "(above f3 f5)", 
        "(above f3 f6)", 
        "(above f3 f7)", 
        "(above f3 f8)", 
        "(above f3 f9)", 
        "(above f4 f5)", 
        "(above f4 f6)", 
        "(above f4 f7)", 
        "(above f4 f8)", 
        "(above f4 f9)", 
        "(above f5 f6)", 
        "(above f5 f7)", 
        "(above f5 f8)", 
        "(above f5 f9)", 
        "(above f6 f7)", 
        "(above f6 f8)", 
        "(above f6 f9)", 
        "(above f7 f8)", 
        "(above f7 f9)", 
        "(above f8 f9)", 
        "(origin p0 f3)", 
        "(destin p0 f5)", 
        "(origin p1 f6)", 
        "(destin p1 f9)", 
        "(origin p2 f9)", 
        "(destin p2 f8)", 
        "(origin p3 f5)", 
        "(destin p3 f8)", 
        "(origin p4 f1)", 
        "(destin p4 f2)", 
        "(served p3)", 
        "(lift-at f9)", 
        "(boarded p2)"
      ], 
      "delete_list": []
    }, 
    {
      "action": "(down f9 f6)", 
      "add_list": [
        "(lift-at f6)"
      ], 
      "state": 6, 
      "literals": [
        "(above f0 f1)", 
        "(above f0 f2)", 
        "(above f0 f3)", 
        "(above f0 f4)", 
        "(above f0 f5)", 
        "(above f0 f6)", 
        "(above f0 f7)", 
        "(above f0 f8)", 
        "(above f0 f9)", 
        "(above f1 f2)", 
        "(above f1 f3)", 
        "(above f1 f4)", 
        "(above f1 f5)", 
        "(above f1 f6)", 
        "(above f1 f7)", 
        "(above f1 f8)", 
        "(above f1 f9)", 
        "(above f2 f3)", 
        "(above f2 f4)", 
        "(above f2 f5)", 
        "(above f2 f6)", 
        "(above f2 f7)", 
        "(above f2 f8)", 
        "(above f2 f9)", 
        "(above f3 f4)", 
        "(above f3 f5)", 
        "(above f3 f6)", 
        "(above f3 f7)", 
        "(above f3 f8)", 
        "(above f3 f9)", 
        "(above f4 f5)", 
        "(above f4 f6)", 
        "(above f4 f7)", 
        "(above f4 f8)", 
        "(above f4 f9)", 
        "(above f5 f6)", 
        "(above f5 f7)", 
        "(above f5 f8)", 
        "(above f5 f9)", 
        "(above f6 f7)", 
        "(above f6 f8)", 
        "(above f6 f9)", 
        "(above f7 f8)", 
        "(above f7 f9)", 
        "(above f8 f9)", 
        "(origin p0 f3)", 
        "(destin p0 f5)", 
        "(origin p1 f6)", 
        "(destin p1 f9)", 
        "(origin p2 f9)", 
        "(destin p2 f8)", 
        "(origin p3 f5)", 
        "(destin p3 f8)", 
        "(origin p4 f1)", 
        "(destin p4 f2)", 
        "(served p3)", 
        "(boarded p2)", 
        "(lift-at f6)"
      ], 
      "delete_list": [
        "(lift-at f9)"
      ]
    }, 
    {
      "action": "(stop f6)", 
      "add_list": [
        "(boarded p1)"
      ], 
      "state": 7, 
      "literals": [
        "(above f0 f1)", 
        "(above f0 f2)", 
        "(above f0 f3)", 
        "(above f0 f4)", 
        "(above f0 f5)", 
        "(above f0 f6)", 
        "(above f0 f7)", 
        "(above f0 f8)", 
        "(above f0 f9)", 
        "(above f1 f2)", 
        "(above f1 f3)", 
        "(above f1 f4)", 
        "(above f1 f5)", 
        "(above f1 f6)", 
        "(above f1 f7)", 
        "(above f1 f8)", 
        "(above f1 f9)", 
        "(above f2 f3)", 
        "(above f2 f4)", 
        "(above f2 f5)", 
        "(above f2 f6)", 
        "(above f2 f7)", 
        "(above f2 f8)", 
        "(above f2 f9)", 
        "(above f3 f4)", 
        "(above f3 f5)", 
        "(above f3 f6)", 
        "(above f3 f7)", 
        "(above f3 f8)", 
        "(above f3 f9)", 
        "(above f4 f5)", 
        "(above f4 f6)", 
        "(above f4 f7)", 
        "(above f4 f8)", 
        "(above f4 f9)", 
        "(above f5 f6)", 
        "(above f5 f7)", 
        "(above f5 f8)", 
        "(above f5 f9)", 
        "(above f6 f7)", 
        "(above f6 f8)", 
        "(above f6 f9)", 
        "(above f7 f8)", 
        "(above f7 f9)", 
        "(above f8 f9)", 
        "(origin p0 f3)", 
        "(destin p0 f5)", 
        "(origin p1 f6)", 
        "(destin p1 f9)", 
        "(origin p2 f9)", 
        "(destin p2 f8)", 
        "(origin p3 f5)", 
        "(destin p3 f8)", 
        "(origin p4 f1)", 
        "(destin p4 f2)", 
        "(served p3)", 
        "(boarded p2)", 
        "(lift-at f6)", 
        "(boarded p1)"
      ], 
      "delete_list": []
    }, 
    {
      "action": "(up f6 f8)", 
      "add_list": [
        "(lift-at f8)"
      ], 
      "state": 8, 
      "literals": [
        "(above f0 f1)", 
        "(above f0 f2)", 
        "(above f0 f3)", 
        "(above f0 f4)", 
        "(above f0 f5)", 
        "(above f0 f6)", 
        "(above f0 f7)", 
        "(above f0 f8)", 
        "(above f0 f9)", 
        "(above f1 f2)", 
        "(above f1 f3)", 
        "(above f1 f4)", 
        "(above f1 f5)", 
        "(above f1 f6)", 
        "(above f1 f7)", 
        "(above f1 f8)", 
        "(above f1 f9)", 
        "(above f2 f3)", 
        "(above f2 f4)", 
        "(above f2 f5)", 
        "(above f2 f6)", 
        "(above f2 f7)", 
        "(above f2 f8)", 
        "(above f2 f9)", 
        "(above f3 f4)", 
        "(above f3 f5)", 
        "(above f3 f6)", 
        "(above f3 f7)", 
        "(above f3 f8)", 
        "(above f3 f9)", 
        "(above f4 f5)", 
        "(above f4 f6)", 
        "(above f4 f7)", 
        "(above f4 f8)", 
        "(above f4 f9)", 
        "(above f5 f6)", 
        "(above f5 f7)", 
        "(above f5 f8)", 
        "(above f5 f9)", 
        "(above f6 f7)", 
        "(above f6 f8)", 
        "(above f6 f9)", 
        "(above f7 f8)", 
        "(above f7 f9)", 
        "(above f8 f9)", 
        "(origin p0 f3)", 
        "(destin p0 f5)", 
        "(origin p1 f6)", 
        "(destin p1 f9)", 
        "(origin p2 f9)", 
        "(destin p2 f8)", 
        "(origin p3 f5)", 
        "(destin p3 f8)", 
        "(origin p4 f1)", 
        "(destin p4 f2)", 
        "(served p3)", 
        "(boarded p2)", 
        "(boarded p1)", 
        "(lift-at f8)"
      ], 
      "delete_list": [
        "(lift-at f6)"
      ]
    }, 
    {
      "action": "(stop f8)", 
      "add_list": [
        "(served p2)"
      ], 
      "state": 9, 
      "literals": [
        "(above f0 f1)", 
        "(above f0 f2)", 
        "(above f0 f3)", 
        "(above f0 f4)", 
        "(above f0 f5)", 
        "(above f0 f6)", 
        "(above f0 f7)", 
        "(above f0 f8)", 
        "(above f0 f9)", 
        "(above f1 f2)", 
        "(above f1 f3)", 
        "(above f1 f4)", 
        "(above f1 f5)", 
        "(above f1 f6)", 
        "(above f1 f7)", 
        "(above f1 f8)", 
        "(above f1 f9)", 
        "(above f2 f3)", 
        "(above f2 f4)", 
        "(above f2 f5)", 
        "(above f2 f6)", 
        "(above f2 f7)", 
        "(above f2 f8)", 
        "(above f2 f9)", 
        "(above f3 f4)", 
        "(above f3 f5)", 
        "(above f3 f6)", 
        "(above f3 f7)", 
        "(above f3 f8)", 
        "(above f3 f9)", 
        "(above f4 f5)", 
        "(above f4 f6)", 
        "(above f4 f7)", 
        "(above f4 f8)", 
        "(above f4 f9)", 
        "(above f5 f6)", 
        "(above f5 f7)", 
        "(above f5 f8)", 
        "(above f5 f9)", 
        "(above f6 f7)", 
        "(above f6 f8)", 
        "(above f6 f9)", 
        "(above f7 f8)", 
        "(above f7 f9)", 
        "(above f8 f9)", 
        "(origin p0 f3)", 
        "(destin p0 f5)", 
        "(origin p1 f6)", 
        "(destin p1 f9)", 
        "(origin p2 f9)", 
        "(destin p2 f8)", 
        "(origin p3 f5)", 
        "(destin p3 f8)", 
        "(origin p4 f1)", 
        "(destin p4 f2)", 
        "(served p3)", 
        "(boarded p1)", 
        "(lift-at f8)", 
        "(served p2)"
      ], 
      "delete_list": [
        "(boarded p2)"
      ]
    }, 
    {
      "action": "(down f8 f1)", 
      "add_list": [
        "(lift-at f1)"
      ], 
      "state": 10, 
      "literals": [
        "(above f0 f1)", 
        "(above f0 f2)", 
        "(above f0 f3)", 
        "(above f0 f4)", 
        "(above f0 f5)", 
        "(above f0 f6)", 
        "(above f0 f7)", 
        "(above f0 f8)", 
        "(above f0 f9)", 
        "(above f1 f2)", 
        "(above f1 f3)", 
        "(above f1 f4)", 
        "(above f1 f5)", 
        "(above f1 f6)", 
        "(above f1 f7)", 
        "(above f1 f8)", 
        "(above f1 f9)", 
        "(above f2 f3)", 
        "(above f2 f4)", 
        "(above f2 f5)", 
        "(above f2 f6)", 
        "(above f2 f7)", 
        "(above f2 f8)", 
        "(above f2 f9)", 
        "(above f3 f4)", 
        "(above f3 f5)", 
        "(above f3 f6)", 
        "(above f3 f7)", 
        "(above f3 f8)", 
        "(above f3 f9)", 
        "(above f4 f5)", 
        "(above f4 f6)", 
        "(above f4 f7)", 
        "(above f4 f8)", 
        "(above f4 f9)", 
        "(above f5 f6)", 
        "(above f5 f7)", 
        "(above f5 f8)", 
        "(above f5 f9)", 
        "(above f6 f7)", 
        "(above f6 f8)", 
        "(above f6 f9)", 
        "(above f7 f8)", 
        "(above f7 f9)", 
        "(above f8 f9)", 
        "(origin p0 f3)", 
        "(destin p0 f5)", 
        "(origin p1 f6)", 
        "(destin p1 f9)", 
        "(origin p2 f9)", 
        "(destin p2 f8)", 
        "(origin p3 f5)", 
        "(destin p3 f8)", 
        "(origin p4 f1)", 
        "(destin p4 f2)", 
        "(served p3)", 
        "(boarded p1)", 
        "(served p2)", 
        "(lift-at f1)"
      ], 
      "delete_list": [
        "(lift-at f8)"
      ]
    }, 
    {
      "action": "(stop f1)", 
      "add_list": [
        "(boarded p4)"
      ], 
      "state": 11, 
      "literals": [
        "(above f0 f1)", 
        "(above f0 f2)", 
        "(above f0 f3)", 
        "(above f0 f4)", 
        "(above f0 f5)", 
        "(above f0 f6)", 
        "(above f0 f7)", 
        "(above f0 f8)", 
        "(above f0 f9)", 
        "(above f1 f2)", 
        "(above f1 f3)", 
        "(above f1 f4)", 
        "(above f1 f5)", 
        "(above f1 f6)", 
        "(above f1 f7)", 
        "(above f1 f8)", 
        "(above f1 f9)", 
        "(above f2 f3)", 
        "(above f2 f4)", 
        "(above f2 f5)", 
        "(above f2 f6)", 
        "(above f2 f7)", 
        "(above f2 f8)", 
        "(above f2 f9)", 
        "(above f3 f4)", 
        "(above f3 f5)", 
        "(above f3 f6)", 
        "(above f3 f7)", 
        "(above f3 f8)", 
        "(above f3 f9)", 
        "(above f4 f5)", 
        "(above f4 f6)", 
        "(above f4 f7)", 
        "(above f4 f8)", 
        "(above f4 f9)", 
        "(above f5 f6)", 
        "(above f5 f7)", 
        "(above f5 f8)", 
        "(above f5 f9)", 
        "(above f6 f7)", 
        "(above f6 f8)", 
        "(above f6 f9)", 
        "(above f7 f8)", 
        "(above f7 f9)", 
        "(above f8 f9)", 
        "(origin p0 f3)", 
        "(destin p0 f5)", 
        "(origin p1 f6)", 
        "(destin p1 f9)", 
        "(origin p2 f9)", 
        "(destin p2 f8)", 
        "(origin p3 f5)", 
        "(destin p3 f8)", 
        "(origin p4 f1)", 
        "(destin p4 f2)", 
        "(served p3)", 
        "(boarded p1)", 
        "(served p2)", 
        "(lift-at f1)", 
        "(boarded p4)"
      ], 
      "delete_list": []
    }, 
    {
      "action": "(up f1 f9)", 
      "add_list": [
        "(lift-at f9)"
      ], 
      "state": 12, 
      "literals": [
        "(above f0 f1)", 
        "(above f0 f2)", 
        "(above f0 f3)", 
        "(above f0 f4)", 
        "(above f0 f5)", 
        "(above f0 f6)", 
        "(above f0 f7)", 
        "(above f0 f8)", 
        "(above f0 f9)", 
        "(above f1 f2)", 
        "(above f1 f3)", 
        "(above f1 f4)", 
        "(above f1 f5)", 
        "(above f1 f6)", 
        "(above f1 f7)", 
        "(above f1 f8)", 
        "(above f1 f9)", 
        "(above f2 f3)", 
        "(above f2 f4)", 
        "(above f2 f5)", 
        "(above f2 f6)", 
        "(above f2 f7)", 
        "(above f2 f8)", 
        "(above f2 f9)", 
        "(above f3 f4)", 
        "(above f3 f5)", 
        "(above f3 f6)", 
        "(above f3 f7)", 
        "(above f3 f8)", 
        "(above f3 f9)", 
        "(above f4 f5)", 
        "(above f4 f6)", 
        "(above f4 f7)", 
        "(above f4 f8)", 
        "(above f4 f9)", 
        "(above f5 f6)", 
        "(above f5 f7)", 
        "(above f5 f8)", 
        "(above f5 f9)", 
        "(above f6 f7)", 
        "(above f6 f8)", 
        "(above f6 f9)", 
        "(above f7 f8)", 
        "(above f7 f9)", 
        "(above f8 f9)", 
        "(origin p0 f3)", 
        "(destin p0 f5)", 
        "(origin p1 f6)", 
        "(destin p1 f9)", 
        "(origin p2 f9)", 
        "(destin p2 f8)", 
        "(origin p3 f5)", 
        "(destin p3 f8)", 
        "(origin p4 f1)", 
        "(destin p4 f2)", 
        "(served p3)", 
        "(boarded p1)", 
        "(served p2)", 
        "(boarded p4)", 
        "(lift-at f9)"
      ], 
      "delete_list": [
        "(lift-at f1)"
      ]
    }, 
    {
      "action": "(stop f9)", 
      "add_list": [
        "(served p1)"
      ], 
      "state": 13, 
      "literals": [
        "(above f0 f1)", 
        "(above f0 f2)", 
        "(above f0 f3)", 
        "(above f0 f4)", 
        "(above f0 f5)", 
        "(above f0 f6)", 
        "(above f0 f7)", 
        "(above f0 f8)", 
        "(above f0 f9)", 
        "(above f1 f2)", 
        "(above f1 f3)", 
        "(above f1 f4)", 
        "(above f1 f5)", 
        "(above f1 f6)", 
        "(above f1 f7)", 
        "(above f1 f8)", 
        "(above f1 f9)", 
        "(above f2 f3)", 
        "(above f2 f4)", 
        "(above f2 f5)", 
        "(above f2 f6)", 
        "(above f2 f7)", 
        "(above f2 f8)", 
        "(above f2 f9)", 
        "(above f3 f4)", 
        "(above f3 f5)", 
        "(above f3 f6)", 
        "(above f3 f7)", 
        "(above f3 f8)", 
        "(above f3 f9)", 
        "(above f4 f5)", 
        "(above f4 f6)", 
        "(above f4 f7)", 
        "(above f4 f8)", 
        "(above f4 f9)", 
        "(above f5 f6)", 
        "(above f5 f7)", 
        "(above f5 f8)", 
        "(above f5 f9)", 
        "(above f6 f7)", 
        "(above f6 f8)", 
        "(above f6 f9)", 
        "(above f7 f8)", 
        "(above f7 f9)", 
        "(above f8 f9)", 
        "(origin p0 f3)", 
        "(destin p0 f5)", 
        "(origin p1 f6)", 
        "(destin p1 f9)", 
        "(origin p2 f9)", 
        "(destin p2 f8)", 
        "(origin p3 f5)", 
        "(destin p3 f8)", 
        "(origin p4 f1)", 
        "(destin p4 f2)", 
        "(served p3)", 
        "(served p2)", 
        "(boarded p4)", 
        "(lift-at f9)", 
        "(served p1)"
      ], 
      "delete_list": [
        "(boarded p1)"
      ]
    }, 
    {
      "action": "(down f9 f3)", 
      "add_list": [
        "(lift-at f3)"
      ], 
      "state": 14, 
      "literals": [
        "(above f0 f1)", 
        "(above f0 f2)", 
        "(above f0 f3)", 
        "(above f0 f4)", 
        "(above f0 f5)", 
        "(above f0 f6)", 
        "(above f0 f7)", 
        "(above f0 f8)", 
        "(above f0 f9)", 
        "(above f1 f2)", 
        "(above f1 f3)", 
        "(above f1 f4)", 
        "(above f1 f5)", 
        "(above f1 f6)", 
        "(above f1 f7)", 
        "(above f1 f8)", 
        "(above f1 f9)", 
        "(above f2 f3)", 
        "(above f2 f4)", 
        "(above f2 f5)", 
        "(above f2 f6)", 
        "(above f2 f7)", 
        "(above f2 f8)", 
        "(above f2 f9)", 
        "(above f3 f4)", 
        "(above f3 f5)", 
        "(above f3 f6)", 
        "(above f3 f7)", 
        "(above f3 f8)", 
        "(above f3 f9)", 
        "(above f4 f5)", 
        "(above f4 f6)", 
        "(above f4 f7)", 
        "(above f4 f8)", 
        "(above f4 f9)", 
        "(above f5 f6)", 
        "(above f5 f7)", 
        "(above f5 f8)", 
        "(above f5 f9)", 
        "(above f6 f7)", 
        "(above f6 f8)", 
        "(above f6 f9)", 
        "(above f7 f8)", 
        "(above f7 f9)", 
        "(above f8 f9)", 
        "(origin p0 f3)", 
        "(destin p0 f5)", 
        "(origin p1 f6)", 
        "(destin p1 f9)", 
        "(origin p2 f9)", 
        "(destin p2 f8)", 
        "(origin p3 f5)", 
        "(destin p3 f8)", 
        "(origin p4 f1)", 
        "(destin p4 f2)", 
        "(served p3)", 
        "(served p2)", 
        "(boarded p4)", 
        "(served p1)", 
        "(lift-at f3)"
      ], 
      "delete_list": [
        "(lift-at f9)"
      ]
    }, 
    {
      "action": "(stop f3)", 
      "add_list": [
        "(boarded p0)"
      ], 
      "state": 15, 
      "literals": [
        "(above f0 f1)", 
        "(above f0 f2)", 
        "(above f0 f3)", 
        "(above f0 f4)", 
        "(above f0 f5)", 
        "(above f0 f6)", 
        "(above f0 f7)", 
        "(above f0 f8)", 
        "(above f0 f9)", 
        "(above f1 f2)", 
        "(above f1 f3)", 
        "(above f1 f4)", 
        "(above f1 f5)", 
        "(above f1 f6)", 
        "(above f1 f7)", 
        "(above f1 f8)", 
        "(above f1 f9)", 
        "(above f2 f3)", 
        "(above f2 f4)", 
        "(above f2 f5)", 
        "(above f2 f6)", 
        "(above f2 f7)", 
        "(above f2 f8)", 
        "(above f2 f9)", 
        "(above f3 f4)", 
        "(above f3 f5)", 
        "(above f3 f6)", 
        "(above f3 f7)", 
        "(above f3 f8)", 
        "(above f3 f9)", 
        "(above f4 f5)", 
        "(above f4 f6)", 
        "(above f4 f7)", 
        "(above f4 f8)", 
        "(above f4 f9)", 
        "(above f5 f6)", 
        "(above f5 f7)", 
        "(above f5 f8)", 
        "(above f5 f9)", 
        "(above f6 f7)", 
        "(above f6 f8)", 
        "(above f6 f9)", 
        "(above f7 f8)", 
        "(above f7 f9)", 
        "(above f8 f9)", 
        "(origin p0 f3)", 
        "(destin p0 f5)", 
        "(origin p1 f6)", 
        "(destin p1 f9)", 
        "(origin p2 f9)", 
        "(destin p2 f8)", 
        "(origin p3 f5)", 
        "(destin p3 f8)", 
        "(origin p4 f1)", 
        "(destin p4 f2)", 
        "(served p3)", 
        "(served p2)", 
        "(boarded p4)", 
        "(served p1)", 
        "(lift-at f3)", 
        "(boarded p0)"
      ], 
      "delete_list": []
    }, 
    {
      "action": "(up f3 f5)", 
      "add_list": [
        "(lift-at f5)"
      ], 
      "state": 16, 
      "literals": [
        "(above f0 f1)", 
        "(above f0 f2)", 
        "(above f0 f3)", 
        "(above f0 f4)", 
        "(above f0 f5)", 
        "(above f0 f6)", 
        "(above f0 f7)", 
        "(above f0 f8)", 
        "(above f0 f9)", 
        "(above f1 f2)", 
        "(above f1 f3)", 
        "(above f1 f4)", 
        "(above f1 f5)", 
        "(above f1 f6)", 
        "(above f1 f7)", 
        "(above f1 f8)", 
        "(above f1 f9)", 
        "(above f2 f3)", 
        "(above f2 f4)", 
        "(above f2 f5)", 
        "(above f2 f6)", 
        "(above f2 f7)", 
        "(above f2 f8)", 
        "(above f2 f9)", 
        "(above f3 f4)", 
        "(above f3 f5)", 
        "(above f3 f6)", 
        "(above f3 f7)", 
        "(above f3 f8)", 
        "(above f3 f9)", 
        "(above f4 f5)", 
        "(above f4 f6)", 
        "(above f4 f7)", 
        "(above f4 f8)", 
        "(above f4 f9)", 
        "(above f5 f6)", 
        "(above f5 f7)", 
        "(above f5 f8)", 
        "(above f5 f9)", 
        "(above f6 f7)", 
        "(above f6 f8)", 
        "(above f6 f9)", 
        "(above f7 f8)", 
        "(above f7 f9)", 
        "(above f8 f9)", 
        "(origin p0 f3)", 
        "(destin p0 f5)", 
        "(origin p1 f6)", 
        "(destin p1 f9)", 
        "(origin p2 f9)", 
        "(destin p2 f8)", 
        "(origin p3 f5)", 
        "(destin p3 f8)", 
        "(origin p4 f1)", 
        "(destin p4 f2)", 
        "(served p3)", 
        "(served p2)", 
        "(boarded p4)", 
        "(served p1)", 
        "(boarded p0)", 
        "(lift-at f5)"
      ], 
      "delete_list": [
        "(lift-at f3)"
      ]
    }, 
    {
      "action": "(stop f5)", 
      "add_list": [
        "(served p0)"
      ], 
      "state": 17, 
      "literals": [
        "(above f0 f1)", 
        "(above f0 f2)", 
        "(above f0 f3)", 
        "(above f0 f4)", 
        "(above f0 f5)", 
        "(above f0 f6)", 
        "(above f0 f7)", 
        "(above f0 f8)", 
        "(above f0 f9)", 
        "(above f1 f2)", 
        "(above f1 f3)", 
        "(above f1 f4)", 
        "(above f1 f5)", 
        "(above f1 f6)", 
        "(above f1 f7)", 
        "(above f1 f8)", 
        "(above f1 f9)", 
        "(above f2 f3)", 
        "(above f2 f4)", 
        "(above f2 f5)", 
        "(above f2 f6)", 
        "(above f2 f7)", 
        "(above f2 f8)", 
        "(above f2 f9)", 
        "(above f3 f4)", 
        "(above f3 f5)", 
        "(above f3 f6)", 
        "(above f3 f7)", 
        "(above f3 f8)", 
        "(above f3 f9)", 
        "(above f4 f5)", 
        "(above f4 f6)", 
        "(above f4 f7)", 
        "(above f4 f8)", 
        "(above f4 f9)", 
        "(above f5 f6)", 
        "(above f5 f7)", 
        "(above f5 f8)", 
        "(above f5 f9)", 
        "(above f6 f7)", 
        "(above f6 f8)", 
        "(above f6 f9)", 
        "(above f7 f8)", 
        "(above f7 f9)", 
        "(above f8 f9)", 
        "(origin p0 f3)", 
        "(destin p0 f5)", 
        "(origin p1 f6)", 
        "(destin p1 f9)", 
        "(origin p2 f9)", 
        "(destin p2 f8)", 
        "(origin p3 f5)", 
        "(destin p3 f8)", 
        "(origin p4 f1)", 
        "(destin p4 f2)", 
        "(served p3)", 
        "(served p2)", 
        "(boarded p4)", 
        "(served p1)", 
        "(lift-at f5)", 
        "(served p0)"
      ], 
      "delete_list": [
        "(boarded p0)"
      ]
    }, 
    {
      "action": "(down f5 f2)", 
      "add_list": [
        "(lift-at f2)"
      ], 
      "state": 18, 
      "literals": [
        "(above f0 f1)", 
        "(above f0 f2)", 
        "(above f0 f3)", 
        "(above f0 f4)", 
        "(above f0 f5)", 
        "(above f0 f6)", 
        "(above f0 f7)", 
        "(above f0 f8)", 
        "(above f0 f9)", 
        "(above f1 f2)", 
        "(above f1 f3)", 
        "(above f1 f4)", 
        "(above f1 f5)", 
        "(above f1 f6)", 
        "(above f1 f7)", 
        "(above f1 f8)", 
        "(above f1 f9)", 
        "(above f2 f3)", 
        "(above f2 f4)", 
        "(above f2 f5)", 
        "(above f2 f6)", 
        "(above f2 f7)", 
        "(above f2 f8)", 
        "(above f2 f9)", 
        "(above f3 f4)", 
        "(above f3 f5)", 
        "(above f3 f6)", 
        "(above f3 f7)", 
        "(above f3 f8)", 
        "(above f3 f9)", 
        "(above f4 f5)", 
        "(above f4 f6)", 
        "(above f4 f7)", 
        "(above f4 f8)", 
        "(above f4 f9)", 
        "(above f5 f6)", 
        "(above f5 f7)", 
        "(above f5 f8)", 
        "(above f5 f9)", 
        "(above f6 f7)", 
        "(above f6 f8)", 
        "(above f6 f9)", 
        "(above f7 f8)", 
        "(above f7 f9)", 
        "(above f8 f9)", 
        "(origin p0 f3)", 
        "(destin p0 f5)", 
        "(origin p1 f6)", 
        "(destin p1 f9)", 
        "(origin p2 f9)", 
        "(destin p2 f8)", 
        "(origin p3 f5)", 
        "(destin p3 f8)", 
        "(origin p4 f1)", 
        "(destin p4 f2)", 
        "(served p3)", 
        "(served p2)", 
        "(boarded p4)", 
        "(served p1)", 
        "(served p0)", 
        "(lift-at f2)"
      ], 
      "delete_list": [
        "(lift-at f5)"
      ]
    }, 
    {
      "action": "(stop f2)", 
      "add_list": [
        "(served p4)"
      ], 
      "state": 19, 
      "literals": [
        "(above f0 f1)", 
        "(above f0 f2)", 
        "(above f0 f3)", 
        "(above f0 f4)", 
        "(above f0 f5)", 
        "(above f0 f6)", 
        "(above f0 f7)", 
        "(above f0 f8)", 
        "(above f0 f9)", 
        "(above f1 f2)", 
        "(above f1 f3)", 
        "(above f1 f4)", 
        "(above f1 f5)", 
        "(above f1 f6)", 
        "(above f1 f7)", 
        "(above f1 f8)", 
        "(above f1 f9)", 
        "(above f2 f3)", 
        "(above f2 f4)", 
        "(above f2 f5)", 
        "(above f2 f6)", 
        "(above f2 f7)", 
        "(above f2 f8)", 
        "(above f2 f9)", 
        "(above f3 f4)", 
        "(above f3 f5)", 
        "(above f3 f6)", 
        "(above f3 f7)", 
        "(above f3 f8)", 
        "(above f3 f9)", 
        "(above f4 f5)", 
        "(above f4 f6)", 
        "(above f4 f7)", 
        "(above f4 f8)", 
        "(above f4 f9)", 
        "(above f5 f6)", 
        "(above f5 f7)", 
        "(above f5 f8)", 
        "(above f5 f9)", 
        "(above f6 f7)", 
        "(above f6 f8)", 
        "(above f6 f9)", 
        "(above f7 f8)", 
        "(above f7 f9)", 
        "(above f8 f9)", 
        "(origin p0 f3)", 
        "(destin p0 f5)", 
        "(origin p1 f6)", 
        "(destin p1 f9)", 
        "(origin p2 f9)", 
        "(destin p2 f8)", 
        "(origin p3 f5)", 
        "(destin p3 f8)", 
        "(origin p4 f1)", 
        "(destin p4 f2)", 
        "(served p3)", 
        "(served p2)", 
        "(served p1)", 
        "(served p0)", 
        "(lift-at f2)", 
        "(served p4)"
      ], 
      "delete_list": [
        "(boarded p4)"
      ]
    }
  ], 
  "domain_id": 37
}