{
  "domain": "elevators", 
  "inital_state": [
    "(above f0 f1)", 
    "(above f0 f2)", 
    "(above f0 f3)", 
    "(above f0 f4)", 
    "(above f0 f5)", 
    "(above f0 f6)", 
    "(above f0 f7)", 
    "(above f0 f8)", 
    "(above f0 f9)", 
    "(above f0 f10)", 
    "(above f0 f11)", 
    "(above f1 f2)", 
    "(above f1 f3)", 
    "(above f1 f4)", 
    "(above f1 f5)", 
    "(above f1 f6)", 
    "(above f1 f7)", 
    "(above f1 f8)", 
    "(above f1 f9)", 
    "(above f1 f10)", 
    "(above f1 f11)", 
    "(above f2 f3)", 
    "(above f2 f4)", 
    "(above f2 f5)", 
    "(above f2 f6)", 
    "(above f2 f7)", 
    "(above f2 f8)", 
    "(above f2 f9)", 
    "(above f2 f10)", 
    "(above f2 f11)", 
    "(above f3 f4)", 
    "(above f3 f5)", 
    "(above f3 f6)", 
    "(above f3 f7)", 
    "(above f3 f8)", 
    "(above f3 f9)", 
    "(above f3 f10)", 
    "(above f3 f11)", 
    "(above f4 f5)", 
    "(above f4 f6)", 
    "(above f4 f7)", 
    "(above f4 f8)", 
    "(above f4 f9)", 
    "(above f4 f10)", 
    "(above f4 f11)", 
    "(above f5 f6)", 
    "(above f5 f7)", 
    "(above f5 f8)", 
    "(above f5 f9)", 
    "(above f5 f10)", 
    "(above f5 f11)", 
    "(above f6 f7)", 
    "(above f6 f8)", 
    "(above f6 f9)", 
    "(above f6 f10)", 
    "(above f6 f11)", 
    "(above f7 f8)", 
    "(above f7 f9)", 
    "(above f7 f10)", 
    "(above f7 f11)", 
    "(above f8 f9)", 
    "(above f8 f10)", 
    "(above f8 f11)", 
    "(above f9 f10)", 
    "(above f9 f11)", 
    "(above f10 f11)", 
    "(origin p0 f5)", 
    "(destin p0 f11)", 
    "(origin p1 f6)", 
    "(destin p1 f7)", 
    "(origin p2 f3)", 
    "(destin p2 f0)", 
    "(origin p3 f5)", 
    "(destin p3 f0)", 
    "(origin p4 f3)", 
    "(destin p4 f8)", 
    "(origin p5 f7)", 
    "(destin p5 f6)", 
    "(lift-at f0)"
  ], 
  "negative_goals": [], 
  "problem_id": 1322, 
  "positive_goals": [
    "(served p0)", 
    "(served p1)", 
    "(served p2)", 
    "(served p3)", 
    "(served p4)", 
    "(served p5)"
  ], 
  "plan_length": 18, 
  "plan_literals": [
    {
      "action": "(up f0 f7)", 
      "add_list": [
        "(lift-at f7)"
      ], 
      "state": 0, 
      "literals": [
        "(above f0 f1)", 
        "(above f0 f2)", 
        "(above f0 f3)", 
        "(above f0 f4)", 
        "(above f0 f5)", 
        "(above f0 f6)", 
        "(above f0 f7)", 
        "(above f0 f8)", 
        "(above f0 f9)", 
        "(above f0 f10)", 
        "(above f0 f11)", 
        "(above f1 f2)", 
        "(above f1 f3)", 
        "(above f1 f4)", 
        "(above f1 f5)", 
        "(above f1 f6)", 
        "(above f1 f7)", 
        "(above f1 f8)", 
        "(above f1 f9)", 
        "(above f1 f10)", 
        "(above f1 f11)", 
        "(above f2 f3)", 
        "(above f2 f4)", 
        "(above f2 f5)", 
        "(above f2 f6)", 
        "(above f2 f7)", 
        "(above f2 f8)", 
        "(above f2 f9)", 
        "(above f2 f10)", 
        "(above f2 f11)", 
        "(above f3 f4)", 
        "(above f3 f5)", 
        "(above f3 f6)", 
        "(above f3 f7)", 
        "(above f3 f8)", 
        "(above f3 f9)", 
        "(above f3 f10)", 
        "(above f3 f11)", 
        "(above f4 f5)", 
        "(above f4 f6)", 
        "(above f4 f7)", 
        "(above f4 f8)", 
        "(above f4 f9)", 
        "(above f4 f10)", 
        "(above f4 f11)", 
        "(above f5 f6)", 
        "(above f5 f7)", 
        "(above f5 f8)", 
        "(above f5 f9)", 
        "(above f5 f10)", 
        "(above f5 f11)", 
        "(above f6 f7)", 
        "(above f6 f8)", 
        "(above f6 f9)", 
        "(above f6 f10)", 
        "(above f6 f11)", 
        "(above f7 f8)", 
        "(above f7 f9)", 
        "(above f7 f10)", 
        "(above f7 f11)", 
        "(above f8 f9)", 
        "(above f8 f10)", 
        "(above f8 f11)", 
        "(above f9 f10)", 
        "(above f9 f11)", 
        "(above f10 f11)", 
        "(origin p0 f5)", 
        "(destin p0 f11)", 
        "(origin p1 f6)", 
        "(destin p1 f7)", 
        "(origin p2 f3)", 
        "(destin p2 f0)", 
        "(origin p3 f5)", 
        "(destin p3 f0)", 
        "(origin p4 f3)", 
        "(destin p4 f8)", 
        "(origin p5 f7)", 
        "(destin p5 f6)", 
        "(lift-at f7)"
      ], 
      "delete_list": [
        "(lift-at f0)"
      ]
    }, 
    {
      "action": "(stop f7)", 
      "add_list": [
        "(boarded p5)"
      ], 
      "state": 1, 
      "literals": [
        "(above f0 f1)", 
        "(above f0 f2)", 
        "(above f0 f3)", 
        "(above f0 f4)", 
        "(above f0 f5)", 
        "(above f0 f6)", 
        "(above f0 f7)", 
        "(above f0 f8)", 
        "(above f0 f9)", 
        "(above f0 f10)", 
        "(above f0 f11)", 
        "(above f1 f2)", 
        "(above f1 f3)", 
        "(above f1 f4)", 
        "(above f1 f5)", 
        "(above f1 f6)", 
        "(above f1 f7)", 
        "(above f1 f8)", 
        "(above f1 f9)", 
        "(above f1 f10)", 
        "(above f1 f11)", 
        "(above f2 f3)", 
        "(above f2 f4)", 
        "(above f2 f5)", 
        "(above f2 f6)", 
        "(above f2 f7)", 
        "(above f2 f8)", 
        "(above f2 f9)", 
        "(above f2 f10)", 
        "(above f2 f11)", 
        "(above f3 f4)", 
        "(above f3 f5)", 
        "(above f3 f6)", 
        "(above f3 f7)", 
        "(above f3 f8)", 
        "(above f3 f9)", 
        "(above f3 f10)", 
        "(above f3 f11)", 
        "(above f4 f5)", 
        "(above f4 f6)", 
        "(above f4 f7)", 
        "(above f4 f8)", 
        "(above f4 f9)", 
        "(above f4 f10)", 
        "(above f4 f11)", 
        "(above f5 f6)", 
        "(above f5 f7)", 
        "(above f5 f8)", 
        "(above f5 f9)", 
        "(above f5 f10)", 
        "(above f5 f11)", 
        "(above f6 f7)", 
        "(above f6 f8)", 
        "(above f6 f9)", 
        "(above f6 f10)", 
        "(above f6 f11)", 
        "(above f7 f8)", 
        "(above f7 f9)", 
        "(above f7 f10)", 
        "(above f7 f11)", 
        "(above f8 f9)", 
        "(above f8 f10)", 
        "(above f8 f11)", 
        "(above f9 f10)", 
        "(above f9 f11)", 
        "(above f10 f11)", 
        "(origin p0 f5)", 
        "(destin p0 f11)", 
        "(origin p1 f6)", 
        "(destin p1 f7)", 
        "(origin p2 f3)", 
        "(destin p2 f0)", 
        "(origin p3 f5)", 
        "(destin p3 f0)", 
        "(origin p4 f3)", 
        "(destin p4 f8)", 
        "(origin p5 f7)", 
        "(destin p5 f6)", 
        "(lift-at f7)", 
        "(boarded p5)"
      ], 
      "delete_list": []
    }, 
    {
      "action": "(down f7 f5)", 
      "add_list": [
        "(lift-at f5)"
      ], 
      "state": 2, 
      "literals": [
        "(above f0 f1)", 
        "(above f0 f2)", 
        "(above f0 f3)", 
        "(above f0 f4)", 
        "(above f0 f5)", 
        "(above f0 f6)", 
        "(above f0 f7)", 
        "(above f0 f8)", 
        "(above f0 f9)", 
        "(above f0 f10)", 
        "(above f0 f11)", 
        "(above f1 f2)", 
        "(above f1 f3)", 
        "(above f1 f4)", 
        "(above f1 f5)", 
        "(above f1 f6)", 
        "(above f1 f7)", 
        "(above f1 f8)", 
        "(above f1 f9)", 
        "(above f1 f10)", 
        "(above f1 f11)", 
        "(above f2 f3)", 
        "(above f2 f4)", 
        "(above f2 f5)", 
        "(above f2 f6)", 
        "(above f2 f7)", 
        "(above f2 f8)", 
        "(above f2 f9)", 
        "(above f2 f10)", 
        "(above f2 f11)", 
        "(above f3 f4)", 
        "(above f3 f5)", 
        "(above f3 f6)", 
        "(above f3 f7)", 
        "(above f3 f8)", 
        "(above f3 f9)", 
        "(above f3 f10)", 
        "(above f3 f11)", 
        "(above f4 f5)", 
        "(above f4 f6)", 
        "(above f4 f7)", 
        "(above f4 f8)", 
        "(above f4 f9)", 
        "(above f4 f10)", 
        "(above f4 f11)", 
        "(above f5 f6)", 
        "(above f5 f7)", 
        "(above f5 f8)", 
        "(above f5 f9)", 
        "(above f5 f10)", 
        "(above f5 f11)", 
        "(above f6 f7)", 
        "(above f6 f8)", 
        "(above f6 f9)", 
        "(above f6 f10)", 
        "(above f6 f11)", 
        "(above f7 f8)", 
        "(above f7 f9)", 
        "(above f7 f10)", 
        "(above f7 f11)", 
        "(above f8 f9)", 
        "(above f8 f10)", 
        "(above f8 f11)", 
        "(above f9 f10)", 
        "(above f9 f11)", 
        "(above f10 f11)", 
        "(origin p0 f5)", 
        "(destin p0 f11)", 
        "(origin p1 f6)", 
        "(destin p1 f7)", 
        "(origin p2 f3)", 
        "(destin p2 f0)", 
        "(origin p3 f5)", 
        "(destin p3 f0)", 
        "(origin p4 f3)", 
        "(destin p4 f8)", 
        "(origin p5 f7)", 
        "(destin p5 f6)", 
        "(boarded p5)", 
        "(lift-at f5)"
      ], 
      "delete_list": [
        "(lift-at f7)"
      ]
    }, 
    {
      "action": "(stop f5)", 
      "add_list": [
        "(boarded p0)", 
        "(boarded p3)"
      ], 
      "state": 3, 
      "literals": [
        "(above f0 f1)", 
        "(above f0 f2)", 
        "(above f0 f3)", 
        "(above f0 f4)", 
        "(above f0 f5)", 
        "(above f0 f6)", 
        "(above f0 f7)", 
        "(above f0 f8)", 
        "(above f0 f9)", 
        "(above f0 f10)", 
        "(above f0 f11)", 
        "(above f1 f2)", 
        "(above f1 f3)", 
        "(above f1 f4)", 
        "(above f1 f5)", 
        "(above f1 f6)", 
        "(above f1 f7)", 
        "(above f1 f8)", 
        "(above f1 f9)", 
        "(above f1 f10)", 
        "(above f1 f11)", 
        "(above f2 f3)", 
        "(above f2 f4)", 
        "(above f2 f5)", 
        "(above f2 f6)", 
        "(above f2 f7)", 
        "(above f2 f8)", 
        "(above f2 f9)", 
        "(above f2 f10)", 
        "(above f2 f11)", 
        "(above f3 f4)", 
        "(above f3 f5)", 
        "(above f3 f6)", 
        "(above f3 f7)", 
        "(above f3 f8)", 
        "(above f3 f9)", 
        "(above f3 f10)", 
        "(above f3 f11)", 
        "(above f4 f5)", 
        "(above f4 f6)", 
        "(above f4 f7)", 
        "(above f4 f8)", 
        "(above f4 f9)", 
        "(above f4 f10)", 
        "(above f4 f11)", 
        "(above f5 f6)", 
        "(above f5 f7)", 
        "(above f5 f8)", 
        "(above f5 f9)", 
        "(above f5 f10)", 
        "(above f5 f11)", 
        "(above f6 f7)", 
        "(above f6 f8)", 
        "(above f6 f9)", 
        "(above f6 f10)", 
        "(above f6 f11)", 
        "(above f7 f8)", 
        "(above f7 f9)", 
        "(above f7 f10)", 
        "(above f7 f11)", 
        "(above f8 f9)", 
        "(above f8 f10)", 
        "(above f8 f11)", 
        "(above f9 f10)", 
        "(above f9 f11)", 
        "(above f10 f11)", 
        "(origin p0 f5)", 
        "(destin p0 f11)", 
        "(origin p1 f6)", 
        "(destin p1 f7)", 
        "(origin p2 f3)", 
        "(destin p2 f0)", 
        "(origin p3 f5)", 
        "(destin p3 f0)", 
        "(origin p4 f3)", 
        "(destin p4 f8)", 
        "(origin p5 f7)", 
        "(destin p5 f6)", 
        "(boarded p5)", 
        "(lift-at f5)", 
        "(boarded p0)", 
        "(boarded p3)"
      ], 
      "delete_list": []
    }, 
    {
      "action": "(down f5 f0)", 
      "add_list": [
        "(lift-at f0)"
      ], 
      "state": 4, 
      "literals": [
        "(above f0 f1)", 
        "(above f0 f2)", 
        "(above f0 f3)", 
        "(above f0 f4)", 
        "(above f0 f5)", 
        "(above f0 f6)", 
        "(above f0 f7)", 
        "(above f0 f8)", 
        "(above f0 f9)", 
        "(above f0 f10)", 
        "(above f0 f11)", 
        "(above f1 f2)", 
        "(above f1 f3)", 
        "(above f1 f4)", 
        "(above f1 f5)", 
        "(above f1 f6)", 
        "(above f1 f7)", 
        "(above f1 f8)", 
        "(above f1 f9)", 
        "(above f1 f10)", 
        "(above f1 f11)", 
        "(above f2 f3)", 
        "(above f2 f4)", 
        "(above f2 f5)", 
        "(above f2 f6)", 
        "(above f2 f7)", 
        "(above f2 f8)", 
        "(above f2 f9)", 
        "(above f2 f10)", 
        "(above f2 f11)", 
        "(above f3 f4)", 
        "(above f3 f5)", 
        "(above f3 f6)", 
        "(above f3 f7)", 
        "(above f3 f8)", 
        "(above f3 f9)", 
        "(above f3 f10)", 
        "(above f3 f11)", 
        "(above f4 f5)", 
        "(above f4 f6)", 
        "(above f4 f7)", 
        "(above f4 f8)", 
        "(above f4 f9)", 
        "(above f4 f10)", 
        "(above f4 f11)", 
        "(above f5 f6)", 
        "(above f5 f7)", 
        "(above f5 f8)", 
        "(above f5 f9)", 
        "(above f5 f10)", 
        "(above f5 f11)", 
        "(above f6 f7)", 
        "(above f6 f8)", 
        "(above f6 f9)", 
        "(above f6 f10)", 
        "(above f6 f11)", 
        "(above f7 f8)", 
        "(above f7 f9)", 
        "(above f7 f10)", 
        "(above f7 f11)", 
        "(above f8 f9)", 
        "(above f8 f10)", 
        "(above f8 f11)", 
        "(above f9 f10)", 
        "(above f9 f11)", 
        "(above f10 f11)", 
        "(origin p0 f5)", 
        "(destin p0 f11)", 
        "(origin p1 f6)", 
        "(destin p1 f7)", 
        "(origin p2 f3)", 
        "(destin p2 f0)", 
        "(origin p3 f5)", 
        "(destin p3 f0)", 
        "(origin p4 f3)", 
        "(destin p4 f8)", 
        "(origin p5 f7)", 
        "(destin p5 f6)", 
        "(boarded p5)", 
        "(boarded p0)", 
        "(boarded p3)", 
        "(lift-at f0)"
      ], 
      "delete_list": [
        "(lift-at f5)"
      ]
    }, 
    {
      "action": "(stop f0)", 
      "add_list": [
        "(served p3)"
      ], 
      "state": 5, 
      "literals": [
        "(above f0 f1)", 
        "(above f0 f2)", 
        "(above f0 f3)", 
        "(above f0 f4)", 
        "(above f0 f5)", 
        "(above f0 f6)", 
        "(above f0 f7)", 
        "(above f0 f8)", 
        "(above f0 f9)", 
        "(above f0 f10)", 
        "(above f0 f11)", 
        "(above f1 f2)", 
        "(above f1 f3)", 
        "(above f1 f4)", 
        "(above f1 f5)", 
        "(above f1 f6)", 
        "(above f1 f7)", 
        "(above f1 f8)", 
        "(above f1 f9)", 
        "(above f1 f10)", 
        "(above f1 f11)", 
        "(above f2 f3)", 
        "(above f2 f4)", 
        "(above f2 f5)", 
        "(above f2 f6)", 
        "(above f2 f7)", 
        "(above f2 f8)", 
        "(above f2 f9)", 
        "(above f2 f10)", 
        "(above f2 f11)", 
        "(above f3 f4)", 
        "(above f3 f5)", 
        "(above f3 f6)", 
        "(above f3 f7)", 
        "(above f3 f8)", 
        "(above f3 f9)", 
        "(above f3 f10)", 
        "(above f3 f11)", 
        "(above f4 f5)", 
        "(above f4 f6)", 
        "(above f4 f7)", 
        "(above f4 f8)", 
        "(above f4 f9)", 
        "(above f4 f10)", 
        "(above f4 f11)", 
        "(above f5 f6)", 
        "(above f5 f7)", 
        "(above f5 f8)", 
        "(above f5 f9)", 
        "(above f5 f10)", 
        "(above f5 f11)", 
        "(above f6 f7)", 
        "(above f6 f8)", 
        "(above f6 f9)", 
        "(above f6 f10)", 
        "(above f6 f11)", 
        "(above f7 f8)", 
        "(above f7 f9)", 
        "(above f7 f10)", 
        "(above f7 f11)", 
        "(above f8 f9)", 
        "(above f8 f10)", 
        "(above f8 f11)", 
        "(above f9 f10)", 
        "(above f9 f11)", 
        "(above f10 f11)", 
        "(origin p0 f5)", 
        "(destin p0 f11)", 
        "(origin p1 f6)", 
        "(destin p1 f7)", 
        "(origin p2 f3)", 
        "(destin p2 f0)", 
        "(origin p3 f5)", 
        "(destin p3 f0)", 
        "(origin p4 f3)", 
        "(destin p4 f8)", 
        "(origin p5 f7)", 
        "(destin p5 f6)", 
        "(boarded p5)", 
        "(boarded p0)", 
        "(lift-at f0)", 
        "(served p3)"
      ], 
      "delete_list": [
        "(boarded p3)"
      ]
    }, 
    {
      "action": "(up f0 f6)", 
      "add_list": [
        "(lift-at f6)"
      ], 
      "state": 6, 
      "literals": [
        "(above f0 f1)", 
        "(above f0 f2)", 
        "(above f0 f3)", 
        "(above f0 f4)", 
        "(above f0 f5)", 
        "(above f0 f6)", 
        "(above f0 f7)", 
        "(above f0 f8)", 
        "(above f0 f9)", 
        "(above f0 f10)", 
        "(above f0 f11)", 
        "(above f1 f2)", 
        "(above f1 f3)", 
        "(above f1 f4)", 
        "(above f1 f5)", 
        "(above f1 f6)", 
        "(above f1 f7)", 
        "(above f1 f8)", 
        "(above f1 f9)", 
        "(above f1 f10)", 
        "(above f1 f11)", 
        "(above f2 f3)", 
        "(above f2 f4)", 
        "(above f2 f5)", 
        "(above f2 f6)", 
        "(above f2 f7)", 
        "(above f2 f8)", 
        "(above f2 f9)", 
        "(above f2 f10)", 
        "(above f2 f11)", 
        "(above f3 f4)", 
        "(above f3 f5)", 
        "(above f3 f6)", 
        "(above f3 f7)", 
        "(above f3 f8)", 
        "(above f3 f9)", 
        "(above f3 f10)", 
        "(above f3 f11)", 
        "(above f4 f5)", 
        "(above f4 f6)", 
        "(above f4 f7)", 
        "(above f4 f8)", 
        "(above f4 f9)", 
        "(above f4 f10)", 
        "(above f4 f11)", 
        "(above f5 f6)", 
        "(above f5 f7)", 
        "(above f5 f8)", 
        "(above f5 f9)", 
        "(above f5 f10)", 
        "(above f5 f11)", 
        "(above f6 f7)", 
        "(above f6 f8)", 
        "(above f6 f9)", 
        "(above f6 f10)", 
        "(above f6 f11)", 
        "(above f7 f8)", 
        "(above f7 f9)", 
        "(above f7 f10)", 
        "(above f7 f11)", 
        "(above f8 f9)", 
        "(above f8 f10)", 
        "(above f8 f11)", 
        "(above f9 f10)", 
        "(above f9 f11)", 
        "(above f10 f11)", 
        "(origin p0 f5)", 
        "(destin p0 f11)", 
        "(origin p1 f6)", 
        "(destin p1 f7)", 
        "(origin p2 f3)", 
        "(destin p2 f0)", 
        "(origin p3 f5)", 
        "(destin p3 f0)", 
        "(origin p4 f3)", 
        "(destin p4 f8)", 
        "(origin p5 f7)", 
        "(destin p5 f6)", 
        "(boarded p5)", 
        "(boarded p0)", 
        "(served p3)", 
        "(lift-at f6)"
      ], 
      "delete_list": [
        "(lift-at f0)"
      ]
    }, 
    {
      "action": "(stop f6)", 
      "add_list": [
        "(served p5)", 
        "(boarded p1)"
      ], 
      "state": 7, 
      "literals": [
        "(above f0 f1)", 
        "(above f0 f2)", 
        "(above f0 f3)", 
        "(above f0 f4)", 
        "(above f0 f5)", 
        "(above f0 f6)", 
        "(above f0 f7)", 
        "(above f0 f8)", 
        "(above f0 f9)", 
        "(above f0 f10)", 
        "(above f0 f11)", 
        "(above f1 f2)", 
        "(above f1 f3)", 
        "(above f1 f4)", 
        "(above f1 f5)", 
        "(above f1 f6)", 
        "(above f1 f7)", 
        "(above f1 f8)", 
        "(above f1 f9)", 
        "(above f1 f10)", 
        "(above f1 f11)", 
        "(above f2 f3)", 
        "(above f2 f4)", 
        "(above f2 f5)", 
        "(above f2 f6)", 
        "(above f2 f7)", 
        "(above f2 f8)", 
        "(above f2 f9)", 
        "(above f2 f10)", 
        "(above f2 f11)", 
        "(above f3 f4)", 
        "(above f3 f5)", 
        "(above f3 f6)", 
        "(above f3 f7)", 
        "(above f3 f8)", 
        "(above f3 f9)", 
        "(above f3 f10)", 
        "(above f3 f11)", 
        "(above f4 f5)", 
        "(above f4 f6)", 
        "(above f4 f7)", 
        "(above f4 f8)", 
        "(above f4 f9)", 
        "(above f4 f10)", 
        "(above f4 f11)", 
        "(above f5 f6)", 
        "(above f5 f7)", 
        "(above f5 f8)", 
        "(above f5 f9)", 
        "(above f5 f10)", 
        "(above f5 f11)", 
        "(above f6 f7)", 
        "(above f6 f8)", 
        "(above f6 f9)", 
        "(above f6 f10)", 
        "(above f6 f11)", 
        "(above f7 f8)", 
        "(above f7 f9)", 
        "(above f7 f10)", 
        "(above f7 f11)", 
        "(above f8 f9)", 
        "(above f8 f10)", 
        "(above f8 f11)", 
        "(above f9 f10)", 
        "(above f9 f11)", 
        "(above f10 f11)", 
        "(origin p0 f5)", 
        "(destin p0 f11)", 
        "(origin p1 f6)", 
        "(destin p1 f7)", 
        "(origin p2 f3)", 
        "(destin p2 f0)", 
        "(origin p3 f5)", 
        "(destin p3 f0)", 
        "(origin p4 f3)", 
        "(destin p4 f8)", 
        "(origin p5 f7)", 
        "(destin p5 f6)", 
        "(boarded p0)", 
        "(served p3)", 
        "(lift-at f6)", 
        "(served p5)", 
        "(boarded p1)"
      ], 
      "delete_list": [
        "(boarded p5)"
      ]
    }, 
    {
      "action": "(down f6 f3)", 
      "add_list": [
        "(lift-at f3)"
      ], 
      "state": 8, 
      "literals": [
        "(above f0 f1)", 
        "(above f0 f2)", 
        "(above f0 f3)", 
        "(above f0 f4)", 
        "(above f0 f5)", 
        "(above f0 f6)", 
        "(above f0 f7)", 
        "(above f0 f8)", 
        "(above f0 f9)", 
        "(above f0 f10)", 
        "(above f0 f11)", 
        "(above f1 f2)", 
        "(above f1 f3)", 
        "(above f1 f4)", 
        "(above f1 f5)", 
        "(above f1 f6)", 
        "(above f1 f7)", 
        "(above f1 f8)", 
        "(above f1 f9)", 
        "(above f1 f10)", 
        "(above f1 f11)", 
        "(above f2 f3)", 
        "(above f2 f4)", 
        "(above f2 f5)", 
        "(above f2 f6)", 
        "(above f2 f7)", 
        "(above f2 f8)", 
        "(above f2 f9)", 
        "(above f2 f10)", 
        "(above f2 f11)", 
        "(above f3 f4)", 
        "(above f3 f5)", 
        "(above f3 f6)", 
        "(above f3 f7)", 
        "(above f3 f8)", 
        "(above f3 f9)", 
        "(above f3 f10)", 
        "(above f3 f11)", 
        "(above f4 f5)", 
        "(above f4 f6)", 
        "(above f4 f7)", 
        "(above f4 f8)", 
        "(above f4 f9)", 
        "(above f4 f10)", 
        "(above f4 f11)", 
        "(above f5 f6)", 
        "(above f5 f7)", 
        "(above f5 f8)", 
        "(above f5 f9)", 
        "(above f5 f10)", 
        "(above f5 f11)", 
        "(above f6 f7)", 
        "(above f6 f8)", 
        "(above f6 f9)", 
        "(above f6 f10)", 
        "(above f6 f11)", 
        "(above f7 f8)", 
        "(above f7 f9)", 
        "(above f7 f10)", 
        "(above f7 f11)", 
        "(above f8 f9)", 
        "(above f8 f10)", 
        "(above f8 f11)", 
        "(above f9 f10)", 
        "(above f9 f11)", 
        "(above f10 f11)", 
        "(origin p0 f5)", 
        "(destin p0 f11)", 
        "(origin p1 f6)", 
        "(destin p1 f7)", 
        "(origin p2 f3)", 
        "(destin p2 f0)", 
        "(origin p3 f5)", 
        "(destin p3 f0)", 
        "(origin p4 f3)", 
        "(destin p4 f8)", 
        "(origin p5 f7)", 
        "(destin p5 f6)", 
        "(boarded p0)", 
        "(served p3)", 
        "(served p5)", 
        "(boarded p1)", 
        "(lift-at f3)"
      ], 
      "delete_list": [
        "(lift-at f6)"
      ]
    }, 
    {
      "action": "(stop f3)", 
      "add_list": [
        "(boarded p2)", 
        "(boarded p4)"
      ], 
      "state": 9, 
      "literals": [
        "(above f0 f1)", 
        "(above f0 f2)", 
        "(above f0 f3)", 
        "(above f0 f4)", 
        "(above f0 f5)", 
        "(above f0 f6)", 
        "(above f0 f7)", 
        "(above f0 f8)", 
        "(above f0 f9)", 
        "(above f0 f10)", 
        "(above f0 f11)", 
        "(above f1 f2)", 
        "(above f1 f3)", 
        "(above f1 f4)", 
        "(above f1 f5)", 
        "(above f1 f6)", 
        "(above f1 f7)", 
        "(above f1 f8)", 
        "(above f1 f9)", 
        "(above f1 f10)", 
        "(above f1 f11)", 
        "(above f2 f3)", 
        "(above f2 f4)", 
        "(above f2 f5)", 
        "(above f2 f6)", 
        "(above f2 f7)", 
        "(above f2 f8)", 
        "(above f2 f9)", 
        "(above f2 f10)", 
        "(above f2 f11)", 
        "(above f3 f4)", 
        "(above f3 f5)", 
        "(above f3 f6)", 
        "(above f3 f7)", 
        "(above f3 f8)", 
        "(above f3 f9)", 
        "(above f3 f10)", 
        "(above f3 f11)", 
        "(above f4 f5)", 
        "(above f4 f6)", 
        "(above f4 f7)", 
        "(above f4 f8)", 
        "(above f4 f9)", 
        "(above f4 f10)", 
        "(above f4 f11)", 
        "(above f5 f6)", 
        "(above f5 f7)", 
        "(above f5 f8)", 
        "(above f5 f9)", 
        "(above f5 f10)", 
        "(above f5 f11)", 
        "(above f6 f7)", 
        "(above f6 f8)", 
        "(above f6 f9)", 
        "(above f6 f10)", 
        "(above f6 f11)", 
        "(above f7 f8)", 
        "(above f7 f9)", 
        "(above f7 f10)", 
        "(above f7 f11)", 
        "(above f8 f9)", 
        "(above f8 f10)", 
        "(above f8 f11)", 
        "(above f9 f10)", 
        "(above f9 f11)", 
        "(above f10 f11)", 
        "(origin p0 f5)", 
        "(destin p0 f11)", 
        "(origin p1 f6)", 
        "(destin p1 f7)", 
        "(origin p2 f3)", 
        "(destin p2 f0)", 
        "(origin p3 f5)", 
        "(destin p3 f0)", 
        "(origin p4 f3)", 
        "(destin p4 f8)", 
        "(origin p5 f7)", 
        "(destin p5 f6)", 
        "(boarded p0)", 
        "(served p3)", 
        "(served p5)", 
        "(boarded p1)", 
        "(lift-at f3)", 
        "(boarded p2)", 
        "(boarded p4)"
      ], 
      "delete_list": []
    }, 
    {
      "action": "(down f3 f0)", 
      "add_list": [
        "(lift-at f0)"
      ], 
      "state": 10, 
      "literals": [
        "(above f0 f1)", 
        "(above f0 f2)", 
        "(above f0 f3)", 
        "(above f0 f4)", 
        "(above f0 f5)", 
        "(above f0 f6)", 
        "(above f0 f7)", 
        "(above f0 f8)", 
        "(above f0 f9)", 
        "(above f0 f10)", 
        "(above f0 f11)", 
        "(above f1 f2)", 
        "(above f1 f3)", 
        "(above f1 f4)", 
        "(above f1 f5)", 
        "(above f1 f6)", 
        "(above f1 f7)", 
        "(above f1 f8)", 
        "(above f1 f9)", 
        "(above f1 f10)", 
        "(above f1 f11)", 
        "(above f2 f3)", 
        "(above f2 f4)", 
        "(above f2 f5)", 
        "(above f2 f6)", 
        "(above f2 f7)", 
        "(above f2 f8)", 
        "(above f2 f9)", 
        "(above f2 f10)", 
        "(above f2 f11)", 
        "(above f3 f4)", 
        "(above f3 f5)", 
        "(above f3 f6)", 
        "(above f3 f7)", 
        "(above f3 f8)", 
        "(above f3 f9)", 
        "(above f3 f10)", 
        "(above f3 f11)", 
        "(above f4 f5)", 
        "(above f4 f6)", 
        "(above f4 f7)", 
        "(above f4 f8)", 
        "(above f4 f9)", 
        "(above f4 f10)", 
        "(above f4 f11)", 
        "(above f5 f6)", 
        "(above f5 f7)", 
        "(above f5 f8)", 
        "(above f5 f9)", 
        "(above f5 f10)", 
        "(above f5 f11)", 
        "(above f6 f7)", 
        "(above f6 f8)", 
        "(above f6 f9)", 
        "(above f6 f10)", 
        "(above f6 f11)", 
        "(above f7 f8)", 
        "(above f7 f9)", 
        "(above f7 f10)", 
        "(above f7 f11)", 
        "(above f8 f9)", 
        "(above f8 f10)", 
        "(above f8 f11)", 
        "(above f9 f10)", 
        "(above f9 f11)", 
        "(above f10 f11)", 
        "(origin p0 f5)", 
        "(destin p0 f11)", 
        "(origin p1 f6)", 
        "(destin p1 f7)", 
        "(origin p2 f3)", 
        "(destin p2 f0)", 
        "(origin p3 f5)", 
        "(destin p3 f0)", 
        "(origin p4 f3)", 
        "(destin p4 f8)", 
        "(origin p5 f7)", 
        "(destin p5 f6)", 
        "(boarded p0)", 
        "(served p3)", 
        "(served p5)", 
        "(boarded p1)", 
        "(boarded p2)", 
        "(boarded p4)", 
        "(lift-at f0)"
      ], 
      "delete_list": [
        "(lift-at f3)"
      ]
    }, 
    {
      "action": "(stop f0)", 
      "add_list": [
        "(served p2)"
      ], 
      "state": 11, 
      "literals": [
        "(above f0 f1)", 
        "(above f0 f2)", 
        "(above f0 f3)", 
        "(above f0 f4)", 
        "(above f0 f5)", 
        "(above f0 f6)", 
        "(above f0 f7)", 
        "(above f0 f8)", 
        "(above f0 f9)", 
        "(above f0 f10)", 
        "(above f0 f11)", 
        "(above f1 f2)", 
        "(above f1 f3)", 
        "(above f1 f4)", 
        "(above f1 f5)", 
        "(above f1 f6)", 
        "(above f1 f7)", 
        "(above f1 f8)", 
        "(above f1 f9)", 
        "(above f1 f10)", 
        "(above f1 f11)", 
        "(above f2 f3)", 
        "(above f2 f4)", 
        "(above f2 f5)", 
        "(above f2 f6)", 
        "(above f2 f7)", 
        "(above f2 f8)", 
        "(above f2 f9)", 
        "(above f2 f10)", 
        "(above f2 f11)", 
        "(above f3 f4)", 
        "(above f3 f5)", 
        "(above f3 f6)", 
        "(above f3 f7)", 
        "(above f3 f8)", 
        "(above f3 f9)", 
        "(above f3 f10)", 
        "(above f3 f11)", 
        "(above f4 f5)", 
        "(above f4 f6)", 
        "(above f4 f7)", 
        "(above f4 f8)", 
        "(above f4 f9)", 
        "(above f4 f10)", 
        "(above f4 f11)", 
        "(above f5 f6)", 
        "(above f5 f7)", 
        "(above f5 f8)", 
        "(above f5 f9)", 
        "(above f5 f10)", 
        "(above f5 f11)", 
        "(above f6 f7)", 
        "(above f6 f8)", 
        "(above f6 f9)", 
        "(above f6 f10)", 
        "(above f6 f11)", 
        "(above f7 f8)", 
        "(above f7 f9)", 
        "(above f7 f10)", 
        "(above f7 f11)", 
        "(above f8 f9)", 
        "(above f8 f10)", 
        "(above f8 f11)", 
        "(above f9 f10)", 
        "(above f9 f11)", 
        "(above f10 f11)", 
        "(origin p0 f5)", 
        "(destin p0 f11)", 
        "(origin p1 f6)", 
        "(destin p1 f7)", 
        "(origin p2 f3)", 
        "(destin p2 f0)", 
        "(origin p3 f5)", 
        "(destin p3 f0)", 
        "(origin p4 f3)", 
        "(destin p4 f8)", 
        "(origin p5 f7)", 
        "(destin p5 f6)", 
        "(boarded p0)", 
        "(served p3)", 
        "(served p5)", 
        "(boarded p1)", 
        "(boarded p4)", 
        "(lift-at f0)", 
        "(served p2)"
      ], 
      "delete_list": [
        "(boarded p2)"
      ]
    }, 
    {
      "action": "(up f0 f8)", 
      "add_list": [
        "(lift-at f8)"
      ], 
      "state": 12, 
      "literals": [
        "(above f0 f1)", 
        "(above f0 f2)", 
        "(above f0 f3)", 
        "(above f0 f4)", 
        "(above f0 f5)", 
        "(above f0 f6)", 
        "(above f0 f7)", 
        "(above f0 f8)", 
        "(above f0 f9)", 
        "(above f0 f10)", 
        "(above f0 f11)", 
        "(above f1 f2)", 
        "(above f1 f3)", 
        "(above f1 f4)", 
        "(above f1 f5)", 
        "(above f1 f6)", 
        "(above f1 f7)", 
        "(above f1 f8)", 
        "(above f1 f9)", 
        "(above f1 f10)", 
        "(above f1 f11)", 
        "(above f2 f3)", 
        "(above f2 f4)", 
        "(above f2 f5)", 
        "(above f2 f6)", 
        "(above f2 f7)", 
        "(above f2 f8)", 
        "(above f2 f9)", 
        "(above f2 f10)", 
        "(above f2 f11)", 
        "(above f3 f4)", 
        "(above f3 f5)", 
        "(above f3 f6)", 
        "(above f3 f7)", 
        "(above f3 f8)", 
        "(above f3 f9)", 
        "(above f3 f10)", 
        "(above f3 f11)", 
        "(above f4 f5)", 
        "(above f4 f6)", 
        "(above f4 f7)", 
        "(above f4 f8)", 
        "(above f4 f9)", 
        "(above f4 f10)", 
        "(above f4 f11)", 
        "(above f5 f6)", 
        "(above f5 f7)", 
        "(above f5 f8)", 
        "(above f5 f9)", 
        "(above f5 f10)", 
        "(above f5 f11)", 
        "(above f6 f7)", 
        "(above f6 f8)", 
        "(above f6 f9)", 
        "(above f6 f10)", 
        "(above f6 f11)", 
        "(above f7 f8)", 
        "(above f7 f9)", 
        "(above f7 f10)", 
        "(above f7 f11)", 
        "(above f8 f9)", 
        "(above f8 f10)", 
        "(above f8 f11)", 
        "(above f9 f10)", 
        "(above f9 f11)", 
        "(above f10 f11)", 
        "(origin p0 f5)", 
        "(destin p0 f11)", 
        "(origin p1 f6)", 
        "(destin p1 f7)", 
        "(origin p2 f3)", 
        "(destin p2 f0)", 
        "(origin p3 f5)", 
        "(destin p3 f0)", 
        "(origin p4 f3)", 
        "(destin p4 f8)", 
        "(origin p5 f7)", 
        "(destin p5 f6)", 
        "(boarded p0)", 
        "(served p3)", 
        "(served p5)", 
        "(boarded p1)", 
        "(boarded p4)", 
        "(served p2)", 
        "(lift-at f8)"
      ], 
      "delete_list": [
        "(lift-at f0)"
      ]
    }, 
    {
      "action": "(stop f8)", 
      "add_list": [
        "(served p4)"
      ], 
      "state": 13, 
      "literals": [
        "(above f0 f1)", 
        "(above f0 f2)", 
        "(above f0 f3)", 
        "(above f0 f4)", 
        "(above f0 f5)", 
        "(above f0 f6)", 
        "(above f0 f7)", 
        "(above f0 f8)", 
        "(above f0 f9)", 
        "(above f0 f10)", 
        "(above f0 f11)", 
        "(above f1 f2)", 
        "(above f1 f3)", 
        "(above f1 f4)", 
        "(above f1 f5)", 
        "(above f1 f6)", 
        "(above f1 f7)", 
        "(above f1 f8)", 
        "(above f1 f9)", 
        "(above f1 f10)", 
        "(above f1 f11)", 
        "(above f2 f3)", 
        "(above f2 f4)", 
        "(above f2 f5)", 
        "(above f2 f6)", 
        "(above f2 f7)", 
        "(above f2 f8)", 
        "(above f2 f9)", 
        "(above f2 f10)", 
        "(above f2 f11)", 
        "(above f3 f4)", 
        "(above f3 f5)", 
        "(above f3 f6)", 
        "(above f3 f7)", 
        "(above f3 f8)", 
        "(above f3 f9)", 
        "(above f3 f10)", 
        "(above f3 f11)", 
        "(above f4 f5)", 
        "(above f4 f6)", 
        "(above f4 f7)", 
        "(above f4 f8)", 
        "(above f4 f9)", 
        "(above f4 f10)", 
        "(above f4 f11)", 
        "(above f5 f6)", 
        "(above f5 f7)", 
        "(above f5 f8)", 
        "(above f5 f9)", 
        "(above f5 f10)", 
        "(above f5 f11)", 
        "(above f6 f7)", 
        "(above f6 f8)", 
        "(above f6 f9)", 
        "(above f6 f10)", 
        "(above f6 f11)", 
        "(above f7 f8)", 
        "(above f7 f9)", 
        "(above f7 f10)", 
        "(above f7 f11)", 
        "(above f8 f9)", 
        "(above f8 f10)", 
        "(above f8 f11)", 
        "(above f9 f10)", 
        "(above f9 f11)", 
        "(above f10 f11)", 
        "(origin p0 f5)", 
        "(destin p0 f11)", 
        "(origin p1 f6)", 
        "(destin p1 f7)", 
        "(origin p2 f3)", 
        "(destin p2 f0)", 
        "(origin p3 f5)", 
        "(destin p3 f0)", 
        "(origin p4 f3)", 
        "(destin p4 f8)", 
        "(origin p5 f7)", 
        "(destin p5 f6)", 
        "(boarded p0)", 
        "(served p3)", 
        "(served p5)", 
        "(boarded p1)", 
        "(served p2)", 
        "(lift-at f8)", 
        "(served p4)"
      ], 
      "delete_list": [
        "(boarded p4)"
      ]
    }, 
    {
      "action": "(down f8 f7)", 
      "add_list": [
        "(lift-at f7)"
      ], 
      "state": 14, 
      "literals": [
        "(above f0 f1)", 
        "(above f0 f2)", 
        "(above f0 f3)", 
        "(above f0 f4)", 
        "(above f0 f5)", 
        "(above f0 f6)", 
        "(above f0 f7)", 
        "(above f0 f8)", 
        "(above f0 f9)", 
        "(above f0 f10)", 
        "(above f0 f11)", 
        "(above f1 f2)", 
        "(above f1 f3)", 
        "(above f1 f4)", 
        "(above f1 f5)", 
        "(above f1 f6)", 
        "(above f1 f7)", 
        "(above f1 f8)", 
        "(above f1 f9)", 
        "(above f1 f10)", 
        "(above f1 f11)", 
        "(above f2 f3)", 
        "(above f2 f4)", 
        "(above f2 f5)", 
        "(above f2 f6)", 
        "(above f2 f7)", 
        "(above f2 f8)", 
        "(above f2 f9)", 
        "(above f2 f10)", 
        "(above f2 f11)", 
        "(above f3 f4)", 
        "(above f3 f5)", 
        "(above f3 f6)", 
        "(above f3 f7)", 
        "(above f3 f8)", 
        "(above f3 f9)", 
        "(above f3 f10)", 
        "(above f3 f11)", 
        "(above f4 f5)", 
        "(above f4 f6)", 
        "(above f4 f7)", 
        "(above f4 f8)", 
        "(above f4 f9)", 
        "(above f4 f10)", 
        "(above f4 f11)", 
        "(above f5 f6)", 
        "(above f5 f7)", 
        "(above f5 f8)", 
        "(above f5 f9)", 
        "(above f5 f10)", 
        "(above f5 f11)", 
        "(above f6 f7)", 
        "(above f6 f8)", 
        "(above f6 f9)", 
        "(above f6 f10)", 
        "(above f6 f11)", 
        "(above f7 f8)", 
        "(above f7 f9)", 
        "(above f7 f10)", 
        "(above f7 f11)", 
        "(above f8 f9)", 
        "(above f8 f10)", 
        "(above f8 f11)", 
        "(above f9 f10)", 
        "(above f9 f11)", 
        "(above f10 f11)", 
        "(origin p0 f5)", 
        "(destin p0 f11)", 
        "(origin p1 f6)", 
        "(destin p1 f7)", 
        "(origin p2 f3)", 
        "(destin p2 f0)", 
        "(origin p3 f5)", 
        "(destin p3 f0)", 
        "(origin p4 f3)", 
        "(destin p4 f8)", 
        "(origin p5 f7)", 
        "(destin p5 f6)", 
        "(boarded p0)", 
        "(served p3)", 
        "(served p5)", 
        "(boarded p1)", 
        "(served p2)", 
        "(served p4)", 
        "(lift-at f7)"
      ], 
      "delete_list": [
        "(lift-at f8)"
      ]
    }, 
    {
      "action": "(stop f7)", 
      "add_list": [
        "(served p1)"
      ], 
      "state": 15, 
      "literals": [
        "(above f0 f1)", 
        "(above f0 f2)", 
        "(above f0 f3)", 
        "(above f0 f4)", 
        "(above f0 f5)", 
        "(above f0 f6)", 
        "(above f0 f7)", 
        "(above f0 f8)", 
        "(above f0 f9)", 
        "(above f0 f10)", 
        "(above f0 f11)", 
        "(above f1 f2)", 
        "(above f1 f3)", 
        "(above f1 f4)", 
        "(above f1 f5)", 
        "(above f1 f6)", 
        "(above f1 f7)", 
        "(above f1 f8)", 
        "(above f1 f9)", 
        "(above f1 f10)", 
        "(above f1 f11)", 
        "(above f2 f3)", 
        "(above f2 f4)", 
        "(above f2 f5)", 
        "(above f2 f6)", 
        "(above f2 f7)", 
        "(above f2 f8)", 
        "(above f2 f9)", 
        "(above f2 f10)", 
        "(above f2 f11)", 
        "(above f3 f4)", 
        "(above f3 f5)", 
        "(above f3 f6)", 
        "(above f3 f7)", 
        "(above f3 f8)", 
        "(above f3 f9)", 
        "(above f3 f10)", 
        "(above f3 f11)", 
        "(above f4 f5)", 
        "(above f4 f6)", 
        "(above f4 f7)", 
        "(above f4 f8)", 
        "(above f4 f9)", 
        "(above f4 f10)", 
        "(above f4 f11)", 
        "(above f5 f6)", 
        "(above f5 f7)", 
        "(above f5 f8)", 
        "(above f5 f9)", 
        "(above f5 f10)", 
        "(above f5 f11)", 
        "(above f6 f7)", 
        "(above f6 f8)", 
        "(above f6 f9)", 
        "(above f6 f10)", 
        "(above f6 f11)", 
        "(above f7 f8)", 
        "(above f7 f9)", 
        "(above f7 f10)", 
        "(above f7 f11)", 
        "(above f8 f9)", 
        "(above f8 f10)", 
        "(above f8 f11)", 
        "(above f9 f10)", 
        "(above f9 f11)", 
        "(above f10 f11)", 
        "(origin p0 f5)", 
        "(destin p0 f11)", 
        "(origin p1 f6)", 
        "(destin p1 f7)", 
        "(origin p2 f3)", 
        "(destin p2 f0)", 
        "(origin p3 f5)", 
        "(destin p3 f0)", 
        "(origin p4 f3)", 
        "(destin p4 f8)", 
        "(origin p5 f7)", 
        "(destin p5 f6)", 
        "(boarded p0)", 
        "(served p3)", 
        "(served p5)", 
        "(served p2)", 
        "(served p4)", 
        "(lift-at f7)", 
        "(served p1)"
      ], 
      "delete_list": [
        "(boarded p1)"
      ]
    }, 
    {
      "action": "(up f7 f11)", 
      "add_list": [
        "(lift-at f11)"
      ], 
      "state": 16, 
      "literals": [
        "(above f0 f1)", 
        "(above f0 f2)", 
        "(above f0 f3)", 
        "(above f0 f4)", 
        "(above f0 f5)", 
        "(above f0 f6)", 
        "(above f0 f7)", 
        "(above f0 f8)", 
        "(above f0 f9)", 
        "(above f0 f10)", 
        "(above f0 f11)", 
        "(above f1 f2)", 
        "(above f1 f3)", 
        "(above f1 f4)", 
        "(above f1 f5)", 
        "(above f1 f6)", 
        "(above f1 f7)", 
        "(above f1 f8)", 
        "(above f1 f9)", 
        "(above f1 f10)", 
        "(above f1 f11)", 
        "(above f2 f3)", 
        "(above f2 f4)", 
        "(above f2 f5)", 
        "(above f2 f6)", 
        "(above f2 f7)", 
        "(above f2 f8)", 
        "(above f2 f9)", 
        "(above f2 f10)", 
        "(above f2 f11)", 
        "(above f3 f4)", 
        "(above f3 f5)", 
        "(above f3 f6)", 
        "(above f3 f7)", 
        "(above f3 f8)", 
        "(above f3 f9)", 
        "(above f3 f10)", 
        "(above f3 f11)", 
        "(above f4 f5)", 
        "(above f4 f6)", 
        "(above f4 f7)", 
        "(above f4 f8)", 
        "(above f4 f9)", 
        "(above f4 f10)", 
        "(above f4 f11)", 
        "(above f5 f6)", 
        "(above f5 f7)", 
        "(above f5 f8)", 
        "(above f5 f9)", 
        "(above f5 f10)", 
        "(above f5 f11)", 
        "(above f6 f7)", 
        "(above f6 f8)", 
        "(above f6 f9)", 
        "(above f6 f10)", 
        "(above f6 f11)", 
        "(above f7 f8)", 
        "(above f7 f9)", 
        "(above f7 f10)", 
        "(above f7 f11)", 
        "(above f8 f9)", 
        "(above f8 f10)", 
        "(above f8 f11)", 
        "(above f9 f10)", 
        "(above f9 f11)", 
        "(above f10 f11)", 
        "(origin p0 f5)", 
        "(destin p0 f11)", 
        "(origin p1 f6)", 
        "(destin p1 f7)", 
        "(origin p2 f3)", 
        "(destin p2 f0)", 
        "(origin p3 f5)", 
        "(destin p3 f0)", 
        "(origin p4 f3)", 
        "(destin p4 f8)", 
        "(origin p5 f7)", 
        "(destin p5 f6)", 
        "(boarded p0)", 
        "(served p3)", 
        "(served p5)", 
        "(served p2)", 
        "(served p4)", 
        "(served p1)", 
        "(lift-at f11)"
      ], 
      "delete_list": [
        "(lift-at f7)"
      ]
    }, 
    {
      "action": "(stop f11)", 
      "add_list": [
        "(served p0)"
      ], 
      "state": 17, 
      "literals": [
        "(above f0 f1)", 
        "(above f0 f2)", 
        "(above f0 f3)", 
        "(above f0 f4)", 
        "(above f0 f5)", 
        "(above f0 f6)", 
        "(above f0 f7)", 
        "(above f0 f8)", 
        "(above f0 f9)", 
        "(above f0 f10)", 
        "(above f0 f11)", 
        "(above f1 f2)", 
        "(above f1 f3)", 
        "(above f1 f4)", 
        "(above f1 f5)", 
        "(above f1 f6)", 
        "(above f1 f7)", 
        "(above f1 f8)", 
        "(above f1 f9)", 
        "(above f1 f10)", 
        "(above f1 f11)", 
        "(above f2 f3)", 
        "(above f2 f4)", 
        "(above f2 f5)", 
        "(above f2 f6)", 
        "(above f2 f7)", 
        "(above f2 f8)", 
        "(above f2 f9)", 
        "(above f2 f10)", 
        "(above f2 f11)", 
        "(above f3 f4)", 
        "(above f3 f5)", 
        "(above f3 f6)", 
        "(above f3 f7)", 
        "(above f3 f8)", 
        "(above f3 f9)", 
        "(above f3 f10)", 
        "(above f3 f11)", 
        "(above f4 f5)", 
        "(above f4 f6)", 
        "(above f4 f7)", 
        "(above f4 f8)", 
        "(above f4 f9)", 
        "(above f4 f10)", 
        "(above f4 f11)", 
        "(above f5 f6)", 
        "(above f5 f7)", 
        "(above f5 f8)", 
        "(above f5 f9)", 
        "(above f5 f10)", 
        "(above f5 f11)", 
        "(above f6 f7)", 
        "(above f6 f8)", 
        "(above f6 f9)", 
        "(above f6 f10)", 
        "(above f6 f11)", 
        "(above f7 f8)", 
        "(above f7 f9)", 
        "(above f7 f10)", 
        "(above f7 f11)", 
        "(above f8 f9)", 
        "(above f8 f10)", 
        "(above f8 f11)", 
        "(above f9 f10)", 
        "(above f9 f11)", 
        "(above f10 f11)", 
        "(origin p0 f5)", 
        "(destin p0 f11)", 
        "(origin p1 f6)", 
        "(destin p1 f7)", 
        "(origin p2 f3)", 
        "(destin p2 f0)", 
        "(origin p3 f5)", 
        "(destin p3 f0)", 
        "(origin p4 f3)", 
        "(destin p4 f8)", 
        "(origin p5 f7)", 
        "(destin p5 f6)", 
        "(served p3)", 
        "(served p5)", 
        "(served p2)", 
        "(served p4)", 
        "(served p1)", 
        "(lift-at f11)", 
        "(served p0)"
      ], 
      "delete_list": [
        "(boarded p0)"
      ]
    }
  ], 
  "domain_id": 37
}