{
  "domain": "blocks-reduced", 
  "inital_state": [
    "(clear e)", 
    "(clear m)", 
    "(clear b)", 
    "(clear f)", 
    "(clear i)", 
    "(ontable g)", 
    "(ontable n)", 
    "(ontable o)", 
    "(ontable k)", 
    "(ontable h)", 
    "(on e j)", 
    "(on j d)", 
    "(on d l)", 
    "(on l c)", 
    "(on c g)", 
    "(on m n)", 
    "(on b a)", 
    "(on a o)", 
    "(on f k)", 
    "(on i h)", 
    "(handempty)"
  ], 
  "negative_goals": [], 
  "problem_id": 4404, 
  "positive_goals": [
    "(on g o)", 
    "(on o h)", 
    "(on h k)", 
    "(on k m)", 
    "(on m f)", 
    "(on f e)", 
    "(on e a)", 
    "(on a b)", 
    "(on b l)", 
    "(on l j)", 
    "(on j d)", 
    "(on d n)", 
    "(on n i)", 
    "(on i c)"
  ], 
  "plan_length": 56, 
  "plan_literals": [
    {
      "action": "(unstack i h)", 
      "add_list": [
        "(holding i)", 
        "(clear h)"
      ], 
      "state": 0, 
      "literals": [
        "(clear e)", 
        "(clear m)", 
        "(clear b)", 
        "(clear f)", 
        "(ontable g)", 
        "(ontable n)", 
        "(ontable o)", 
        "(ontable k)", 
        "(ontable h)", 
        "(on e j)", 
        "(on j d)", 
        "(on d l)", 
        "(on l c)", 
        "(on c g)", 
        "(on m n)", 
        "(on b a)", 
        "(on a o)", 
        "(on f k)", 
        "(holding i)", 
        "(clear h)"
      ], 
      "delete_list": [
        "(clear i)", 
        "(handempty)", 
        "(on i h)"
      ]
    }, 
    {
      "action": "(put-down i)", 
      "add_list": [
        "(clear i)", 
        "(handempty)", 
        "(ontable i)"
      ], 
      "state": 1, 
      "literals": [
        "(clear e)", 
        "(clear m)", 
        "(clear b)", 
        "(clear f)", 
        "(ontable g)", 
        "(ontable n)", 
        "(ontable o)", 
        "(ontable k)", 
        "(ontable h)", 
        "(on e j)", 
        "(on j d)", 
        "(on d l)", 
        "(on l c)", 
        "(on c g)", 
        "(on m n)", 
        "(on b a)", 
        "(on a o)", 
        "(on f k)", 
        "(clear h)", 
        "(clear i)", 
        "(handempty)", 
        "(ontable i)"
      ], 
      "delete_list": [
        "(holding i)"
      ]
    }, 
    {
      "action": "(unstack e j)", 
      "add_list": [
        "(holding e)", 
        "(clear j)"
      ], 
      "state": 2, 
      "literals": [
        "(clear m)", 
        "(clear b)", 
        "(clear f)", 
        "(ontable g)", 
        "(ontable n)", 
        "(ontable o)", 
        "(ontable k)", 
        "(ontable h)", 
        "(on j d)", 
        "(on d l)", 
        "(on l c)", 
        "(on c g)", 
        "(on m n)", 
        "(on b a)", 
        "(on a o)", 
        "(on f k)", 
        "(clear h)", 
        "(clear i)", 
        "(ontable i)", 
        "(holding e)", 
        "(clear j)"
      ], 
      "delete_list": [
        "(clear e)", 
        "(handempty)", 
        "(on e j)"
      ]
    }, 
    {
      "action": "(put-down e)", 
      "add_list": [
        "(clear e)", 
        "(handempty)", 
        "(ontable e)"
      ], 
      "state": 3, 
      "literals": [
        "(clear m)", 
        "(clear b)", 
        "(clear f)", 
        "(ontable g)", 
        "(ontable n)", 
        "(ontable o)", 
        "(ontable k)", 
        "(ontable h)", 
        "(on j d)", 
        "(on d l)", 
        "(on l c)", 
        "(on c g)", 
        "(on m n)", 
        "(on b a)", 
        "(on a o)", 
        "(on f k)", 
        "(clear h)", 
        "(clear i)", 
        "(ontable i)", 
        "(clear j)", 
        "(clear e)", 
        "(handempty)", 
        "(ontable e)"
      ], 
      "delete_list": [
        "(holding e)"
      ]
    }, 
    {
      "action": "(unstack b a)", 
      "add_list": [
        "(holding b)", 
        "(clear a)"
      ], 
      "state": 4, 
      "literals": [
        "(clear m)", 
        "(clear f)", 
        "(ontable g)", 
        "(ontable n)", 
        "(ontable o)", 
        "(ontable k)", 
        "(ontable h)", 
        "(on j d)", 
        "(on d l)", 
        "(on l c)", 
        "(on c g)", 
        "(on m n)", 
        "(on a o)", 
        "(on f k)", 
        "(clear h)", 
        "(clear i)", 
        "(ontable i)", 
        "(clear j)", 
        "(clear e)", 
        "(ontable e)", 
        "(holding b)", 
        "(clear a)"
      ], 
      "delete_list": [
        "(clear b)", 
        "(handempty)", 
        "(on b a)"
      ]
    }, 
    {
      "action": "(put-down b)", 
      "add_list": [
        "(clear b)", 
        "(handempty)", 
        "(ontable b)"
      ], 
      "state": 5, 
      "literals": [
        "(clear m)", 
        "(clear f)", 
        "(ontable g)", 
        "(ontable n)", 
        "(ontable o)", 
        "(ontable k)", 
        "(ontable h)", 
        "(on j d)", 
        "(on d l)", 
        "(on l c)", 
        "(on c g)", 
        "(on m n)", 
        "(on a o)", 
        "(on f k)", 
        "(clear h)", 
        "(clear i)", 
        "(ontable i)", 
        "(clear j)", 
        "(clear e)", 
        "(ontable e)", 
        "(clear a)", 
        "(clear b)", 
        "(handempty)", 
        "(ontable b)"
      ], 
      "delete_list": [
        "(holding b)"
      ]
    }, 
    {
      "action": "(unstack j d)", 
      "add_list": [
        "(holding j)", 
        "(clear d)"
      ], 
      "state": 6, 
      "literals": [
        "(clear m)", 
        "(clear f)", 
        "(ontable g)", 
        "(ontable n)", 
        "(ontable o)", 
        "(ontable k)", 
        "(ontable h)", 
        "(on d l)", 
        "(on l c)", 
        "(on c g)", 
        "(on m n)", 
        "(on a o)", 
        "(on f k)", 
        "(clear h)", 
        "(clear i)", 
        "(ontable i)", 
        "(clear e)", 
        "(ontable e)", 
        "(clear a)", 
        "(clear b)", 
        "(ontable b)", 
        "(holding j)", 
        "(clear d)"
      ], 
      "delete_list": [
        "(clear j)", 
        "(handempty)", 
        "(on j d)"
      ]
    }, 
    {
      "action": "(put-down j)", 
      "add_list": [
        "(clear j)", 
        "(handempty)", 
        "(ontable j)"
      ], 
      "state": 7, 
      "literals": [
        "(clear m)", 
        "(clear f)", 
        "(ontable g)", 
        "(ontable n)", 
        "(ontable o)", 
        "(ontable k)", 
        "(ontable h)", 
        "(on d l)", 
        "(on l c)", 
        "(on c g)", 
        "(on m n)", 
        "(on a o)", 
        "(on f k)", 
        "(clear h)", 
        "(clear i)", 
        "(ontable i)", 
        "(clear e)", 
        "(ontable e)", 
        "(clear a)", 
        "(clear b)", 
        "(ontable b)", 
        "(clear d)", 
        "(clear j)", 
        "(handempty)", 
        "(ontable j)"
      ], 
      "delete_list": [
        "(holding j)"
      ]
    }, 
    {
      "action": "(unstack f k)", 
      "add_list": [
        "(holding f)", 
        "(clear k)"
      ], 
      "state": 8, 
      "literals": [
        "(clear m)", 
        "(ontable g)", 
        "(ontable n)", 
        "(ontable o)", 
        "(ontable k)", 
        "(ontable h)", 
        "(on d l)", 
        "(on l c)", 
        "(on c g)", 
        "(on m n)", 
        "(on a o)", 
        "(clear h)", 
        "(clear i)", 
        "(ontable i)", 
        "(clear e)", 
        "(ontable e)", 
        "(clear a)", 
        "(clear b)", 
        "(ontable b)", 
        "(clear d)", 
        "(clear j)", 
        "(ontable j)", 
        "(holding f)", 
        "(clear k)"
      ], 
      "delete_list": [
        "(clear f)", 
        "(handempty)", 
        "(on f k)"
      ]
    }, 
    {
      "action": "(stack f e)", 
      "add_list": [
        "(clear f)", 
        "(handempty)", 
        "(on f e)"
      ], 
      "state": 9, 
      "literals": [
        "(clear m)", 
        "(ontable g)", 
        "(ontable n)", 
        "(ontable o)", 
        "(ontable k)", 
        "(ontable h)", 
        "(on d l)", 
        "(on l c)", 
        "(on c g)", 
        "(on m n)", 
        "(on a o)", 
        "(clear h)", 
        "(clear i)", 
        "(ontable i)", 
        "(ontable e)", 
        "(clear a)", 
        "(clear b)", 
        "(ontable b)", 
        "(clear d)", 
        "(clear j)", 
        "(ontable j)", 
        "(clear k)", 
        "(clear f)", 
        "(handempty)", 
        "(on f e)"
      ], 
      "delete_list": [
        "(holding f)", 
        "(clear e)"
      ]
    }, 
    {
      "action": "(unstack d l)", 
      "add_list": [
        "(holding d)", 
        "(clear l)"
      ], 
      "state": 10, 
      "literals": [
        "(clear m)", 
        "(ontable g)", 
        "(ontable n)", 
        "(ontable o)", 
        "(ontable k)", 
        "(ontable h)", 
        "(on l c)", 
        "(on c g)", 
        "(on m n)", 
        "(on a o)", 
        "(clear h)", 
        "(clear i)", 
        "(ontable i)", 
        "(ontable e)", 
        "(clear a)", 
        "(clear b)", 
        "(ontable b)", 
        "(clear j)", 
        "(ontable j)", 
        "(clear k)", 
        "(clear f)", 
        "(on f e)", 
        "(holding d)", 
        "(clear l)"
      ], 
      "delete_list": [
        "(clear d)", 
        "(handempty)", 
        "(on d l)"
      ]
    }, 
    {
      "action": "(put-down d)", 
      "add_list": [
        "(clear d)", 
        "(handempty)", 
        "(ontable d)"
      ], 
      "state": 11, 
      "literals": [
        "(clear m)", 
        "(ontable g)", 
        "(ontable n)", 
        "(ontable o)", 
        "(ontable k)", 
        "(ontable h)", 
        "(on l c)", 
        "(on c g)", 
        "(on m n)", 
        "(on a o)", 
        "(clear h)", 
        "(clear i)", 
        "(ontable i)", 
        "(ontable e)", 
        "(clear a)", 
        "(clear b)", 
        "(ontable b)", 
        "(clear j)", 
        "(ontable j)", 
        "(clear k)", 
        "(clear f)", 
        "(on f e)", 
        "(clear l)", 
        "(clear d)", 
        "(handempty)", 
        "(ontable d)"
      ], 
      "delete_list": [
        "(holding d)"
      ]
    }, 
    {
      "action": "(unstack l c)", 
      "add_list": [
        "(holding l)", 
        "(clear c)"
      ], 
      "state": 12, 
      "literals": [
        "(clear m)", 
        "(ontable g)", 
        "(ontable n)", 
        "(ontable o)", 
        "(ontable k)", 
        "(ontable h)", 
        "(on c g)", 
        "(on m n)", 
        "(on a o)", 
        "(clear h)", 
        "(clear i)", 
        "(ontable i)", 
        "(ontable e)", 
        "(clear a)", 
        "(clear b)", 
        "(ontable b)", 
        "(clear j)", 
        "(ontable j)", 
        "(clear k)", 
        "(clear f)", 
        "(on f e)", 
        "(clear d)", 
        "(ontable d)", 
        "(holding l)", 
        "(clear c)"
      ], 
      "delete_list": [
        "(clear l)", 
        "(handempty)", 
        "(on l c)"
      ]
    }, 
    {
      "action": "(put-down l)", 
      "add_list": [
        "(clear l)", 
        "(handempty)", 
        "(ontable l)"
      ], 
      "state": 13, 
      "literals": [
        "(clear m)", 
        "(ontable g)", 
        "(ontable n)", 
        "(ontable o)", 
        "(ontable k)", 
        "(ontable h)", 
        "(on c g)", 
        "(on m n)", 
        "(on a o)", 
        "(clear h)", 
        "(clear i)", 
        "(ontable i)", 
        "(ontable e)", 
        "(clear a)", 
        "(clear b)", 
        "(ontable b)", 
        "(clear j)", 
        "(ontable j)", 
        "(clear k)", 
        "(clear f)", 
        "(on f e)", 
        "(clear d)", 
        "(ontable d)", 
        "(clear c)", 
        "(clear l)", 
        "(handempty)", 
        "(ontable l)"
      ], 
      "delete_list": [
        "(holding l)"
      ]
    }, 
    {
      "action": "(unstack m n)", 
      "add_list": [
        "(holding m)", 
        "(clear n)"
      ], 
      "state": 14, 
      "literals": [
        "(ontable g)", 
        "(ontable n)", 
        "(ontable o)", 
        "(ontable k)", 
        "(ontable h)", 
        "(on c g)", 
        "(on a o)", 
        "(clear h)", 
        "(clear i)", 
        "(ontable i)", 
        "(ontable e)", 
        "(clear a)", 
        "(clear b)", 
        "(ontable b)", 
        "(clear j)", 
        "(ontable j)", 
        "(clear k)", 
        "(clear f)", 
        "(on f e)", 
        "(clear d)", 
        "(ontable d)", 
        "(clear c)", 
        "(clear l)", 
        "(ontable l)", 
        "(holding m)", 
        "(clear n)"
      ], 
      "delete_list": [
        "(clear m)", 
        "(handempty)", 
        "(on m n)"
      ]
    }, 
    {
      "action": "(put-down m)", 
      "add_list": [
        "(clear m)", 
        "(handempty)", 
        "(ontable m)"
      ], 
      "state": 15, 
      "literals": [
        "(ontable g)", 
        "(ontable n)", 
        "(ontable o)", 
        "(ontable k)", 
        "(ontable h)", 
        "(on c g)", 
        "(on a o)", 
        "(clear h)", 
        "(clear i)", 
        "(ontable i)", 
        "(ontable e)", 
        "(clear a)", 
        "(clear b)", 
        "(ontable b)", 
        "(clear j)", 
        "(ontable j)", 
        "(clear k)", 
        "(clear f)", 
        "(on f e)", 
        "(clear d)", 
        "(ontable d)", 
        "(clear c)", 
        "(clear l)", 
        "(ontable l)", 
        "(clear n)", 
        "(clear m)", 
        "(handempty)", 
        "(ontable m)"
      ], 
      "delete_list": [
        "(holding m)"
      ]
    }, 
    {
      "action": "(unstack a o)", 
      "add_list": [
        "(holding a)", 
        "(clear o)"
      ], 
      "state": 16, 
      "literals": [
        "(ontable g)", 
        "(ontable n)", 
        "(ontable o)", 
        "(ontable k)", 
        "(ontable h)", 
        "(on c g)", 
        "(clear h)", 
        "(clear i)", 
        "(ontable i)", 
        "(ontable e)", 
        "(clear b)", 
        "(ontable b)", 
        "(clear j)", 
        "(ontable j)", 
        "(clear k)", 
        "(clear f)", 
        "(on f e)", 
        "(clear d)", 
        "(ontable d)", 
        "(clear c)", 
        "(clear l)", 
        "(ontable l)", 
        "(clear n)", 
        "(clear m)", 
        "(ontable m)", 
        "(holding a)", 
        "(clear o)"
      ], 
      "delete_list": [
        "(clear a)", 
        "(handempty)", 
        "(on a o)"
      ]
    }, 
    {
      "action": "(put-down a)", 
      "add_list": [
        "(clear a)", 
        "(handempty)", 
        "(ontable a)"
      ], 
      "state": 17, 
      "literals": [
        "(ontable g)", 
        "(ontable n)", 
        "(ontable o)", 
        "(ontable k)", 
        "(ontable h)", 
        "(on c g)", 
        "(clear h)", 
        "(clear i)", 
        "(ontable i)", 
        "(ontable e)", 
        "(clear b)", 
        "(ontable b)", 
        "(clear j)", 
        "(ontable j)", 
        "(clear k)", 
        "(clear f)", 
        "(on f e)", 
        "(clear d)", 
        "(ontable d)", 
        "(clear c)", 
        "(clear l)", 
        "(ontable l)", 
        "(clear n)", 
        "(clear m)", 
        "(ontable m)", 
        "(clear o)", 
        "(clear a)", 
        "(handempty)", 
        "(ontable a)"
      ], 
      "delete_list": [
        "(holding a)"
      ]
    }, 
    {
      "action": "(unstack c g)", 
      "add_list": [
        "(holding c)", 
        "(clear g)"
      ], 
      "state": 18, 
      "literals": [
        "(ontable g)", 
        "(ontable n)", 
        "(ontable o)", 
        "(ontable k)", 
        "(ontable h)", 
        "(clear h)", 
        "(clear i)", 
        "(ontable i)", 
        "(ontable e)", 
        "(clear b)", 
        "(ontable b)", 
        "(clear j)", 
        "(ontable j)", 
        "(clear k)", 
        "(clear f)", 
        "(on f e)", 
        "(clear d)", 
        "(ontable d)", 
        "(clear l)", 
        "(ontable l)", 
        "(clear n)", 
        "(clear m)", 
        "(ontable m)", 
        "(clear o)", 
        "(clear a)", 
        "(ontable a)", 
        "(holding c)", 
        "(clear g)"
      ], 
      "delete_list": [
        "(clear c)", 
        "(handempty)", 
        "(on c g)"
      ]
    }, 
    {
      "action": "(put-down c)", 
      "add_list": [
        "(clear c)", 
        "(handempty)", 
        "(ontable c)"
      ], 
      "state": 19, 
      "literals": [
        "(ontable g)", 
        "(ontable n)", 
        "(ontable o)", 
        "(ontable k)", 
        "(ontable h)", 
        "(clear h)", 
        "(clear i)", 
        "(ontable i)", 
        "(ontable e)", 
        "(clear b)", 
        "(ontable b)", 
        "(clear j)", 
        "(ontable j)", 
        "(clear k)", 
        "(clear f)", 
        "(on f e)", 
        "(clear d)", 
        "(ontable d)", 
        "(clear l)", 
        "(ontable l)", 
        "(clear n)", 
        "(clear m)", 
        "(ontable m)", 
        "(clear o)", 
        "(clear a)", 
        "(ontable a)", 
        "(clear g)", 
        "(clear c)", 
        "(handempty)", 
        "(ontable c)"
      ], 
      "delete_list": [
        "(holding c)"
      ]
    }, 
    {
      "action": "(pick-up i)", 
      "add_list": [
        "(holding i)"
      ], 
      "state": 20, 
      "literals": [
        "(ontable g)", 
        "(ontable n)", 
        "(ontable o)", 
        "(ontable k)", 
        "(ontable h)", 
        "(clear h)", 
        "(ontable e)", 
        "(clear b)", 
        "(ontable b)", 
        "(clear j)", 
        "(ontable j)", 
        "(clear k)", 
        "(clear f)", 
        "(on f e)", 
        "(clear d)", 
        "(ontable d)", 
        "(clear l)", 
        "(ontable l)", 
        "(clear n)", 
        "(clear m)", 
        "(ontable m)", 
        "(clear o)", 
        "(clear a)", 
        "(ontable a)", 
        "(clear g)", 
        "(clear c)", 
        "(ontable c)", 
        "(holding i)"
      ], 
      "delete_list": [
        "(ontable i)", 
        "(clear i)", 
        "(handempty)"
      ]
    }, 
    {
      "action": "(stack i c)", 
      "add_list": [
        "(clear i)", 
        "(handempty)", 
        "(on i c)"
      ], 
      "state": 21, 
      "literals": [
        "(ontable g)", 
        "(ontable n)", 
        "(ontable o)", 
        "(ontable k)", 
        "(ontable h)", 
        "(clear h)", 
        "(ontable e)", 
        "(clear b)", 
        "(ontable b)", 
        "(clear j)", 
        "(ontable j)", 
        "(clear k)", 
        "(clear f)", 
        "(on f e)", 
        "(clear d)", 
        "(ontable d)", 
        "(clear l)", 
        "(ontable l)", 
        "(clear n)", 
        "(clear m)", 
        "(ontable m)", 
        "(clear o)", 
        "(clear a)", 
        "(ontable a)", 
        "(clear g)", 
        "(ontable c)", 
        "(clear i)", 
        "(handempty)", 
        "(on i c)"
      ], 
      "delete_list": [
        "(holding i)", 
        "(clear c)"
      ]
    }, 
    {
      "action": "(pick-up n)", 
      "add_list": [
        "(holding n)"
      ], 
      "state": 22, 
      "literals": [
        "(ontable g)", 
        "(ontable o)", 
        "(ontable k)", 
        "(ontable h)", 
        "(clear h)", 
        "(ontable e)", 
        "(clear b)", 
        "(ontable b)", 
        "(clear j)", 
        "(ontable j)", 
        "(clear k)", 
        "(clear f)", 
        "(on f e)", 
        "(clear d)", 
        "(ontable d)", 
        "(clear l)", 
        "(ontable l)", 
        "(clear m)", 
        "(ontable m)", 
        "(clear o)", 
        "(clear a)", 
        "(ontable a)", 
        "(clear g)", 
        "(ontable c)", 
        "(clear i)", 
        "(on i c)", 
        "(holding n)"
      ], 
      "delete_list": [
        "(ontable n)", 
        "(clear n)", 
        "(handempty)"
      ]
    }, 
    {
      "action": "(stack n i)", 
      "add_list": [
        "(clear n)", 
        "(handempty)", 
        "(on n i)"
      ], 
      "state": 23, 
      "literals": [
        "(ontable g)", 
        "(ontable o)", 
        "(ontable k)", 
        "(ontable h)", 
        "(clear h)", 
        "(ontable e)", 
        "(clear b)", 
        "(ontable b)", 
        "(clear j)", 
        "(ontable j)", 
        "(clear k)", 
        "(clear f)", 
        "(on f e)", 
        "(clear d)", 
        "(ontable d)", 
        "(clear l)", 
        "(ontable l)", 
        "(clear m)", 
        "(ontable m)", 
        "(clear o)", 
        "(clear a)", 
        "(ontable a)", 
        "(clear g)", 
        "(ontable c)", 
        "(on i c)", 
        "(clear n)", 
        "(handempty)", 
        "(on n i)"
      ], 
      "delete_list": [
        "(holding n)", 
        "(clear i)"
      ]
    }, 
    {
      "action": "(pick-up g)", 
      "add_list": [
        "(holding g)"
      ], 
      "state": 24, 
      "literals": [
        "(ontable o)", 
        "(ontable k)", 
        "(ontable h)", 
        "(clear h)", 
        "(ontable e)", 
        "(clear b)", 
        "(ontable b)", 
        "(clear j)", 
        "(ontable j)", 
        "(clear k)", 
        "(clear f)", 
        "(on f e)", 
        "(clear d)", 
        "(ontable d)", 
        "(clear l)", 
        "(ontable l)", 
        "(clear m)", 
        "(ontable m)", 
        "(clear o)", 
        "(clear a)", 
        "(ontable a)", 
        "(ontable c)", 
        "(on i c)", 
        "(clear n)", 
        "(on n i)", 
        "(holding g)"
      ], 
      "delete_list": [
        "(ontable g)", 
        "(clear g)", 
        "(handempty)"
      ]
    }, 
    {
      "action": "(stack g o)", 
      "add_list": [
        "(clear g)", 
        "(handempty)", 
        "(on g o)"
      ], 
      "state": 25, 
      "literals": [
        "(ontable o)", 
        "(ontable k)", 
        "(ontable h)", 
        "(clear h)", 
        "(ontable e)", 
        "(clear b)", 
        "(ontable b)", 
        "(clear j)", 
        "(ontable j)", 
        "(clear k)", 
        "(clear f)", 
        "(on f e)", 
        "(clear d)", 
        "(ontable d)", 
        "(clear l)", 
        "(ontable l)", 
        "(clear m)", 
        "(ontable m)", 
        "(clear a)", 
        "(ontable a)", 
        "(ontable c)", 
        "(on i c)", 
        "(clear n)", 
        "(on n i)", 
        "(clear g)", 
        "(handempty)", 
        "(on g o)"
      ], 
      "delete_list": [
        "(holding g)", 
        "(clear o)"
      ]
    }, 
    {
      "action": "(pick-up j)", 
      "add_list": [
        "(holding j)"
      ], 
      "state": 26, 
      "literals": [
        "(ontable o)", 
        "(ontable k)", 
        "(ontable h)", 
        "(clear h)", 
        "(ontable e)", 
        "(clear b)", 
        "(ontable b)", 
        "(clear k)", 
        "(clear f)", 
        "(on f e)", 
        "(clear d)", 
        "(ontable d)", 
        "(clear l)", 
        "(ontable l)", 
        "(clear m)", 
        "(ontable m)", 
        "(clear a)", 
        "(ontable a)", 
        "(ontable c)", 
        "(on i c)", 
        "(clear n)", 
        "(on n i)", 
        "(clear g)", 
        "(on g o)", 
        "(holding j)"
      ], 
      "delete_list": [
        "(ontable j)", 
        "(clear j)", 
        "(handempty)"
      ]
    }, 
    {
      "action": "(stack j g)", 
      "add_list": [
        "(clear j)", 
        "(handempty)", 
        "(on j g)"
      ], 
      "state": 27, 
      "literals": [
        "(ontable o)", 
        "(ontable k)", 
        "(ontable h)", 
        "(clear h)", 
        "(ontable e)", 
        "(clear b)", 
        "(ontable b)", 
        "(clear k)", 
        "(clear f)", 
        "(on f e)", 
        "(clear d)", 
        "(ontable d)", 
        "(clear l)", 
        "(ontable l)", 
        "(clear m)", 
        "(ontable m)", 
        "(clear a)", 
        "(ontable a)", 
        "(ontable c)", 
        "(on i c)", 
        "(clear n)", 
        "(on n i)", 
        "(on g o)", 
        "(clear j)", 
        "(handempty)", 
        "(on j g)"
      ], 
      "delete_list": [
        "(holding j)", 
        "(clear g)"
      ]
    }, 
    {
      "action": "(pick-up d)", 
      "add_list": [
        "(holding d)"
      ], 
      "state": 28, 
      "literals": [
        "(ontable o)", 
        "(ontable k)", 
        "(ontable h)", 
        "(clear h)", 
        "(ontable e)", 
        "(clear b)", 
        "(ontable b)", 
        "(clear k)", 
        "(clear f)", 
        "(on f e)", 
        "(clear l)", 
        "(ontable l)", 
        "(clear m)", 
        "(ontable m)", 
        "(clear a)", 
        "(ontable a)", 
        "(ontable c)", 
        "(on i c)", 
        "(clear n)", 
        "(on n i)", 
        "(on g o)", 
        "(clear j)", 
        "(on j g)", 
        "(holding d)"
      ], 
      "delete_list": [
        "(ontable d)", 
        "(clear d)", 
        "(handempty)"
      ]
    }, 
    {
      "action": "(stack d n)", 
      "add_list": [
        "(clear d)", 
        "(handempty)", 
        "(on d n)"
      ], 
      "state": 29, 
      "literals": [
        "(ontable o)", 
        "(ontable k)", 
        "(ontable h)", 
        "(clear h)", 
        "(ontable e)", 
        "(clear b)", 
        "(ontable b)", 
        "(clear k)", 
        "(clear f)", 
        "(on f e)", 
        "(clear l)", 
        "(ontable l)", 
        "(clear m)", 
        "(ontable m)", 
        "(clear a)", 
        "(ontable a)", 
        "(ontable c)", 
        "(on i c)", 
        "(on n i)", 
        "(on g o)", 
        "(clear j)", 
        "(on j g)", 
        "(clear d)", 
        "(handempty)", 
        "(on d n)"
      ], 
      "delete_list": [
        "(holding d)", 
        "(clear n)"
      ]
    }, 
    {
      "action": "(unstack j g)", 
      "add_list": [
        "(holding j)", 
        "(clear g)"
      ], 
      "state": 30, 
      "literals": [
        "(ontable o)", 
        "(ontable k)", 
        "(ontable h)", 
        "(clear h)", 
        "(ontable e)", 
        "(clear b)", 
        "(ontable b)", 
        "(clear k)", 
        "(clear f)", 
        "(on f e)", 
        "(clear l)", 
        "(ontable l)", 
        "(clear m)", 
        "(ontable m)", 
        "(clear a)", 
        "(ontable a)", 
        "(ontable c)", 
        "(on i c)", 
        "(on n i)", 
        "(on g o)", 
        "(clear d)", 
        "(on d n)", 
        "(holding j)", 
        "(clear g)"
      ], 
      "delete_list": [
        "(clear j)", 
        "(handempty)", 
        "(on j g)"
      ]
    }, 
    {
      "action": "(stack j d)", 
      "add_list": [
        "(clear j)", 
        "(handempty)", 
        "(on j d)"
      ], 
      "state": 31, 
      "literals": [
        "(ontable o)", 
        "(ontable k)", 
        "(ontable h)", 
        "(clear h)", 
        "(ontable e)", 
        "(clear b)", 
        "(ontable b)", 
        "(clear k)", 
        "(clear f)", 
        "(on f e)", 
        "(clear l)", 
        "(ontable l)", 
        "(clear m)", 
        "(ontable m)", 
        "(clear a)", 
        "(ontable a)", 
        "(ontable c)", 
        "(on i c)", 
        "(on n i)", 
        "(on g o)", 
        "(on d n)", 
        "(clear g)", 
        "(clear j)", 
        "(handempty)", 
        "(on j d)"
      ], 
      "delete_list": [
        "(holding j)", 
        "(clear d)"
      ]
    }, 
    {
      "action": "(pick-up l)", 
      "add_list": [
        "(holding l)"
      ], 
      "state": 32, 
      "literals": [
        "(ontable o)", 
        "(ontable k)", 
        "(ontable h)", 
        "(clear h)", 
        "(ontable e)", 
        "(clear b)", 
        "(ontable b)", 
        "(clear k)", 
        "(clear f)", 
        "(on f e)", 
        "(clear m)", 
        "(ontable m)", 
        "(clear a)", 
        "(ontable a)", 
        "(ontable c)", 
        "(on i c)", 
        "(on n i)", 
        "(on g o)", 
        "(on d n)", 
        "(clear g)", 
        "(clear j)", 
        "(on j d)", 
        "(holding l)"
      ], 
      "delete_list": [
        "(ontable l)", 
        "(clear l)", 
        "(handempty)"
      ]
    }, 
    {
      "action": "(stack l j)", 
      "add_list": [
        "(clear l)", 
        "(handempty)", 
        "(on l j)"
      ], 
      "state": 33, 
      "literals": [
        "(ontable o)", 
        "(ontable k)", 
        "(ontable h)", 
        "(clear h)", 
        "(ontable e)", 
        "(clear b)", 
        "(ontable b)", 
        "(clear k)", 
        "(clear f)", 
        "(on f e)", 
        "(clear m)", 
        "(ontable m)", 
        "(clear a)", 
        "(ontable a)", 
        "(ontable c)", 
        "(on i c)", 
        "(on n i)", 
        "(on g o)", 
        "(on d n)", 
        "(clear g)", 
        "(on j d)", 
        "(clear l)", 
        "(handempty)", 
        "(on l j)"
      ], 
      "delete_list": [
        "(holding l)", 
        "(clear j)"
      ]
    }, 
    {
      "action": "(pick-up b)", 
      "add_list": [
        "(holding b)"
      ], 
      "state": 34, 
      "literals": [
        "(ontable o)", 
        "(ontable k)", 
        "(ontable h)", 
        "(clear h)", 
        "(ontable e)", 
        "(clear k)", 
        "(clear f)", 
        "(on f e)", 
        "(clear m)", 
        "(ontable m)", 
        "(clear a)", 
        "(ontable a)", 
        "(ontable c)", 
        "(on i c)", 
        "(on n i)", 
        "(on g o)", 
        "(on d n)", 
        "(clear g)", 
        "(on j d)", 
        "(clear l)", 
        "(on l j)", 
        "(holding b)"
      ], 
      "delete_list": [
        "(ontable b)", 
        "(clear b)", 
        "(handempty)"
      ]
    }, 
    {
      "action": "(stack b l)", 
      "add_list": [
        "(clear b)", 
        "(handempty)", 
        "(on b l)"
      ], 
      "state": 35, 
      "literals": [
        "(ontable o)", 
        "(ontable k)", 
        "(ontable h)", 
        "(clear h)", 
        "(ontable e)", 
        "(clear k)", 
        "(clear f)", 
        "(on f e)", 
        "(clear m)", 
        "(ontable m)", 
        "(clear a)", 
        "(ontable a)", 
        "(ontable c)", 
        "(on i c)", 
        "(on n i)", 
        "(on g o)", 
        "(on d n)", 
        "(clear g)", 
        "(on j d)", 
        "(on l j)", 
        "(clear b)", 
        "(handempty)", 
        "(on b l)"
      ], 
      "delete_list": [
        "(holding b)", 
        "(clear l)"
      ]
    }, 
    {
      "action": "(unstack f e)", 
      "add_list": [
        "(holding f)", 
        "(clear e)"
      ], 
      "state": 36, 
      "literals": [
        "(ontable o)", 
        "(ontable k)", 
        "(ontable h)", 
        "(clear h)", 
        "(ontable e)", 
        "(clear k)", 
        "(clear m)", 
        "(ontable m)", 
        "(clear a)", 
        "(ontable a)", 
        "(ontable c)", 
        "(on i c)", 
        "(on n i)", 
        "(on g o)", 
        "(on d n)", 
        "(clear g)", 
        "(on j d)", 
        "(on l j)", 
        "(clear b)", 
        "(on b l)", 
        "(holding f)", 
        "(clear e)"
      ], 
      "delete_list": [
        "(clear f)", 
        "(handempty)", 
        "(on f e)"
      ]
    }, 
    {
      "action": "(stack f g)", 
      "add_list": [
        "(clear f)", 
        "(handempty)", 
        "(on f g)"
      ], 
      "state": 37, 
      "literals": [
        "(ontable o)", 
        "(ontable k)", 
        "(ontable h)", 
        "(clear h)", 
        "(ontable e)", 
        "(clear k)", 
        "(clear m)", 
        "(ontable m)", 
        "(clear a)", 
        "(ontable a)", 
        "(ontable c)", 
        "(on i c)", 
        "(on n i)", 
        "(on g o)", 
        "(on d n)", 
        "(on j d)", 
        "(on l j)", 
        "(clear b)", 
        "(on b l)", 
        "(clear e)", 
        "(clear f)", 
        "(handempty)", 
        "(on f g)"
      ], 
      "delete_list": [
        "(holding f)", 
        "(clear g)"
      ]
    }, 
    {
      "action": "(pick-up a)", 
      "add_list": [
        "(holding a)"
      ], 
      "state": 38, 
      "literals": [
        "(ontable o)", 
        "(ontable k)", 
        "(ontable h)", 
        "(clear h)", 
        "(ontable e)", 
        "(clear k)", 
        "(clear m)", 
        "(ontable m)", 
        "(ontable c)", 
        "(on i c)", 
        "(on n i)", 
        "(on g o)", 
        "(on d n)", 
        "(on j d)", 
        "(on l j)", 
        "(clear b)", 
        "(on b l)", 
        "(clear e)", 
        "(clear f)", 
        "(on f g)", 
        "(holding a)"
      ], 
      "delete_list": [
        "(ontable a)", 
        "(clear a)", 
        "(handempty)"
      ]
    }, 
    {
      "action": "(stack a b)", 
      "add_list": [
        "(clear a)", 
        "(handempty)", 
        "(on a b)"
      ], 
      "state": 39, 
      "literals": [
        "(ontable o)", 
        "(ontable k)", 
        "(ontable h)", 
        "(clear h)", 
        "(ontable e)", 
        "(clear k)", 
        "(clear m)", 
        "(ontable m)", 
        "(ontable c)", 
        "(on i c)", 
        "(on n i)", 
        "(on g o)", 
        "(on d n)", 
        "(on j d)", 
        "(on l j)", 
        "(on b l)", 
        "(clear e)", 
        "(clear f)", 
        "(on f g)", 
        "(clear a)", 
        "(handempty)", 
        "(on a b)"
      ], 
      "delete_list": [
        "(holding a)", 
        "(clear b)"
      ]
    }, 
    {
      "action": "(pick-up e)", 
      "add_list": [
        "(holding e)"
      ], 
      "state": 40, 
      "literals": [
        "(ontable o)", 
        "(ontable k)", 
        "(ontable h)", 
        "(clear h)", 
        "(clear k)", 
        "(clear m)", 
        "(ontable m)", 
        "(ontable c)", 
        "(on i c)", 
        "(on n i)", 
        "(on g o)", 
        "(on d n)", 
        "(on j d)", 
        "(on l j)", 
        "(on b l)", 
        "(clear f)", 
        "(on f g)", 
        "(clear a)", 
        "(on a b)", 
        "(holding e)"
      ], 
      "delete_list": [
        "(ontable e)", 
        "(clear e)", 
        "(handempty)"
      ]
    }, 
    {
      "action": "(stack e a)", 
      "add_list": [
        "(clear e)", 
        "(handempty)", 
        "(on e a)"
      ], 
      "state": 41, 
      "literals": [
        "(ontable o)", 
        "(ontable k)", 
        "(ontable h)", 
        "(clear h)", 
        "(clear k)", 
        "(clear m)", 
        "(ontable m)", 
        "(ontable c)", 
        "(on i c)", 
        "(on n i)", 
        "(on g o)", 
        "(on d n)", 
        "(on j d)", 
        "(on l j)", 
        "(on b l)", 
        "(clear f)", 
        "(on f g)", 
        "(on a b)", 
        "(clear e)", 
        "(handempty)", 
        "(on e a)"
      ], 
      "delete_list": [
        "(holding e)", 
        "(clear a)"
      ]
    }, 
    {
      "action": "(unstack f g)", 
      "add_list": [
        "(holding f)", 
        "(clear g)"
      ], 
      "state": 42, 
      "literals": [
        "(ontable o)", 
        "(ontable k)", 
        "(ontable h)", 
        "(clear h)", 
        "(clear k)", 
        "(clear m)", 
        "(ontable m)", 
        "(ontable c)", 
        "(on i c)", 
        "(on n i)", 
        "(on g o)", 
        "(on d n)", 
        "(on j d)", 
        "(on l j)", 
        "(on b l)", 
        "(on a b)", 
        "(clear e)", 
        "(on e a)", 
        "(holding f)", 
        "(clear g)"
      ], 
      "delete_list": [
        "(clear f)", 
        "(handempty)", 
        "(on f g)"
      ]
    }, 
    {
      "action": "(stack f e)", 
      "add_list": [
        "(clear f)", 
        "(handempty)", 
        "(on f e)"
      ], 
      "state": 43, 
      "literals": [
        "(ontable o)", 
        "(ontable k)", 
        "(ontable h)", 
        "(clear h)", 
        "(clear k)", 
        "(clear m)", 
        "(ontable m)", 
        "(ontable c)", 
        "(on i c)", 
        "(on n i)", 
        "(on g o)", 
        "(on d n)", 
        "(on j d)", 
        "(on l j)", 
        "(on b l)", 
        "(on a b)", 
        "(on e a)", 
        "(clear g)", 
        "(clear f)", 
        "(handempty)", 
        "(on f e)"
      ], 
      "delete_list": [
        "(holding f)", 
        "(clear e)"
      ]
    }, 
    {
      "action": "(pick-up m)", 
      "add_list": [
        "(holding m)"
      ], 
      "state": 44, 
      "literals": [
        "(ontable o)", 
        "(ontable k)", 
        "(ontable h)", 
        "(clear h)", 
        "(clear k)", 
        "(ontable c)", 
        "(on i c)", 
        "(on n i)", 
        "(on g o)", 
        "(on d n)", 
        "(on j d)", 
        "(on l j)", 
        "(on b l)", 
        "(on a b)", 
        "(on e a)", 
        "(clear g)", 
        "(clear f)", 
        "(on f e)", 
        "(holding m)"
      ], 
      "delete_list": [
        "(ontable m)", 
        "(clear m)", 
        "(handempty)"
      ]
    }, 
    {
      "action": "(stack m f)", 
      "add_list": [
        "(clear m)", 
        "(handempty)", 
        "(on m f)"
      ], 
      "state": 45, 
      "literals": [
        "(ontable o)", 
        "(ontable k)", 
        "(ontable h)", 
        "(clear h)", 
        "(clear k)", 
        "(ontable c)", 
        "(on i c)", 
        "(on n i)", 
        "(on g o)", 
        "(on d n)", 
        "(on j d)", 
        "(on l j)", 
        "(on b l)", 
        "(on a b)", 
        "(on e a)", 
        "(clear g)", 
        "(on f e)", 
        "(clear m)", 
        "(handempty)", 
        "(on m f)"
      ], 
      "delete_list": [
        "(holding m)", 
        "(clear f)"
      ]
    }, 
    {
      "action": "(pick-up k)", 
      "add_list": [
        "(holding k)"
      ], 
      "state": 46, 
      "literals": [
        "(ontable o)", 
        "(ontable h)", 
        "(clear h)", 
        "(ontable c)", 
        "(on i c)", 
        "(on n i)", 
        "(on g o)", 
        "(on d n)", 
        "(on j d)", 
        "(on l j)", 
        "(on b l)", 
        "(on a b)", 
        "(on e a)", 
        "(clear g)", 
        "(on f e)", 
        "(clear m)", 
        "(on m f)", 
        "(holding k)"
      ], 
      "delete_list": [
        "(ontable k)", 
        "(clear k)", 
        "(handempty)"
      ]
    }, 
    {
      "action": "(stack k m)", 
      "add_list": [
        "(clear k)", 
        "(handempty)", 
        "(on k m)"
      ], 
      "state": 47, 
      "literals": [
        "(ontable o)", 
        "(ontable h)", 
        "(clear h)", 
        "(ontable c)", 
        "(on i c)", 
        "(on n i)", 
        "(on g o)", 
        "(on d n)", 
        "(on j d)", 
        "(on l j)", 
        "(on b l)", 
        "(on a b)", 
        "(on e a)", 
        "(clear g)", 
        "(on f e)", 
        "(on m f)", 
        "(clear k)", 
        "(handempty)", 
        "(on k m)"
      ], 
      "delete_list": [
        "(holding k)", 
        "(clear m)"
      ]
    }, 
    {
      "action": "(pick-up h)", 
      "add_list": [
        "(holding h)"
      ], 
      "state": 48, 
      "literals": [
        "(ontable o)", 
        "(ontable c)", 
        "(on i c)", 
        "(on n i)", 
        "(on g o)", 
        "(on d n)", 
        "(on j d)", 
        "(on l j)", 
        "(on b l)", 
        "(on a b)", 
        "(on e a)", 
        "(clear g)", 
        "(on f e)", 
        "(on m f)", 
        "(clear k)", 
        "(on k m)", 
        "(holding h)"
      ], 
      "delete_list": [
        "(ontable h)", 
        "(clear h)", 
        "(handempty)"
      ]
    }, 
    {
      "action": "(stack h k)", 
      "add_list": [
        "(clear h)", 
        "(handempty)", 
        "(on h k)"
      ], 
      "state": 49, 
      "literals": [
        "(ontable o)", 
        "(ontable c)", 
        "(on i c)", 
        "(on n i)", 
        "(on g o)", 
        "(on d n)", 
        "(on j d)", 
        "(on l j)", 
        "(on b l)", 
        "(on a b)", 
        "(on e a)", 
        "(clear g)", 
        "(on f e)", 
        "(on m f)", 
        "(on k m)", 
        "(clear h)", 
        "(handempty)", 
        "(on h k)"
      ], 
      "delete_list": [
        "(holding h)", 
        "(clear k)"
      ]
    }, 
    {
      "action": "(unstack g o)", 
      "add_list": [
        "(holding g)", 
        "(clear o)"
      ], 
      "state": 50, 
      "literals": [
        "(ontable o)", 
        "(ontable c)", 
        "(on i c)", 
        "(on n i)", 
        "(on d n)", 
        "(on j d)", 
        "(on l j)", 
        "(on b l)", 
        "(on a b)", 
        "(on e a)", 
        "(on f e)", 
        "(on m f)", 
        "(on k m)", 
        "(clear h)", 
        "(on h k)", 
        "(holding g)", 
        "(clear o)"
      ], 
      "delete_list": [
        "(clear g)", 
        "(handempty)", 
        "(on g o)"
      ]
    }, 
    {
      "action": "(put-down g)", 
      "add_list": [
        "(clear g)", 
        "(handempty)", 
        "(ontable g)"
      ], 
      "state": 51, 
      "literals": [
        "(ontable o)", 
        "(ontable c)", 
        "(on i c)", 
        "(on n i)", 
        "(on d n)", 
        "(on j d)", 
        "(on l j)", 
        "(on b l)", 
        "(on a b)", 
        "(on e a)", 
        "(on f e)", 
        "(on m f)", 
        "(on k m)", 
        "(clear h)", 
        "(on h k)", 
        "(clear o)", 
        "(clear g)", 
        "(handempty)", 
        "(ontable g)"
      ], 
      "delete_list": [
        "(holding g)"
      ]
    }, 
    {
      "action": "(pick-up o)", 
      "add_list": [
        "(holding o)"
      ], 
      "state": 52, 
      "literals": [
        "(ontable c)", 
        "(on i c)", 
        "(on n i)", 
        "(on d n)", 
        "(on j d)", 
        "(on l j)", 
        "(on b l)", 
        "(on a b)", 
        "(on e a)", 
        "(on f e)", 
        "(on m f)", 
        "(on k m)", 
        "(clear h)", 
        "(on h k)", 
        "(clear g)", 
        "(ontable g)", 
        "(holding o)"
      ], 
      "delete_list": [
        "(ontable o)", 
        "(clear o)", 
        "(handempty)"
      ]
    }, 
    {
      "action": "(stack o h)", 
      "add_list": [
        "(clear o)", 
        "(handempty)", 
        "(on o h)"
      ], 
      "state": 53, 
      "literals": [
        "(ontable c)", 
        "(on i c)", 
        "(on n i)", 
        "(on d n)", 
        "(on j d)", 
        "(on l j)", 
        "(on b l)", 
        "(on a b)", 
        "(on e a)", 
        "(on f e)", 
        "(on m f)", 
        "(on k m)", 
        "(on h k)", 
        "(clear g)", 
        "(ontable g)", 
        "(clear o)", 
        "(handempty)", 
        "(on o h)"
      ], 
      "delete_list": [
        "(holding o)", 
        "(clear h)"
      ]
    }, 
    {
      "action": "(pick-up g)", 
      "add_list": [
        "(holding g)"
      ], 
      "state": 54, 
      "literals": [
        "(ontable c)", 
        "(on i c)", 
        "(on n i)", 
        "(on d n)", 
        "(on j d)", 
        "(on l j)", 
        "(on b l)", 
        "(on a b)", 
        "(on e a)", 
        "(on f e)", 
        "(on m f)", 
        "(on k m)", 
        "(on h k)", 
        "(clear o)", 
        "(on o h)", 
        "(holding g)"
      ], 
      "delete_list": [
        "(ontable g)", 
        "(clear g)", 
        "(handempty)"
      ]
    }, 
    {
      "action": "(stack g o)", 
      "add_list": [
        "(clear g)", 
        "(handempty)", 
        "(on g o)"
      ], 
      "state": 55, 
      "literals": [
        "(ontable c)", 
        "(on i c)", 
        "(on n i)", 
        "(on d n)", 
        "(on j d)", 
        "(on l j)", 
        "(on b l)", 
        "(on a b)", 
        "(on e a)", 
        "(on f e)", 
        "(on m f)", 
        "(on k m)", 
        "(on h k)", 
        "(on o h)", 
        "(clear g)", 
        "(handempty)", 
        "(on g o)"
      ], 
      "delete_list": [
        "(holding g)", 
        "(clear o)"
      ]
    }
  ], 
  "domain_id": 128
}