{
  "domain": "citycar", 
  "inital_state": [
    "(same_line junction0-0 junction0-1)", 
    "(same_line junction0-1 junction0-0)", 
    "(same_line junction1-0 junction1-1)", 
    "(same_line junction1-1 junction1-0)", 
    "(same_line junction0-0 junction1-0)", 
    "(same_line junction1-0 junction0-0)", 
    "(same_line junction0-1 junction1-1)", 
    "(same_line junction1-1 junction0-1)", 
    "(diagonal junction0-0 junction1-1)", 
    "(diagonal junction1-1 junction0-0)", 
    "(diagonal junction0-1 junction1-0)", 
    "(diagonal junction1-0 junction0-1)", 
    "(clear junction0-0)", 
    "(clear junction0-1)", 
    "(clear junction1-0)", 
    "(clear junction1-1)", 
    "(at_garage garage0 junction0-1)", 
    "(starting car0 garage0)", 
    "(starting car1 garage0)", 
    "(starting car2 garage0)", 
    "(starting car3 garage0)", 
    "(= total-cost 0)"
  ], 
  "negative_goals": [], 
  "problem_id": 4139, 
  "positive_goals": [
    "(arrived car0 junction1-0)", 
    "(arrived car1 junction1-1)", 
    "(arrived car2 junction1-0)", 
    "(arrived car3 junction1-1)"
  ], 
  "plan_length": 20, 
  "plan_literals": [
    {
      "action": "(build_straight_oneway junction0-1 junction1-1 road3)", 
      "add_list": [
        "(road_connect road3 junction0-1 junction1-1)", 
        "(in_place road3)"
      ], 
      "state": 0, 
      "literals": [
        "(same_line junction0-0 junction0-1)", 
        "(same_line junction0-1 junction0-0)", 
        "(same_line junction1-0 junction1-1)", 
        "(same_line junction1-1 junction1-0)", 
        "(same_line junction0-0 junction1-0)", 
        "(same_line junction1-0 junction0-0)", 
        "(same_line junction0-1 junction1-1)", 
        "(same_line junction1-1 junction0-1)", 
        "(diagonal junction0-0 junction1-1)", 
        "(diagonal junction1-1 junction0-0)", 
        "(diagonal junction0-1 junction1-0)", 
        "(diagonal junction1-0 junction0-1)", 
        "(clear junction0-0)", 
        "(clear junction0-1)", 
        "(clear junction1-0)", 
        "(clear junction1-1)", 
        "(at_garage garage0 junction0-1)", 
        "(starting car0 garage0)", 
        "(starting car1 garage0)", 
        "(starting car2 garage0)", 
        "(starting car3 garage0)", 
        "(= total-cost 0)", 
        "(road_connect road3 junction0-1 junction1-1)", 
        "(in_place road3)"
      ], 
      "delete_list": []
    }, 
    {
      "action": "(car_start junction0-1 car3 garage0)", 
      "add_list": [
        "(at_car_jun car3 junction0-1)"
      ], 
      "state": 1, 
      "literals": [
        "(same_line junction0-0 junction0-1)", 
        "(same_line junction0-1 junction0-0)", 
        "(same_line junction1-0 junction1-1)", 
        "(same_line junction1-1 junction1-0)", 
        "(same_line junction0-0 junction1-0)", 
        "(same_line junction1-0 junction0-0)", 
        "(same_line junction0-1 junction1-1)", 
        "(same_line junction1-1 junction0-1)", 
        "(diagonal junction0-0 junction1-1)", 
        "(diagonal junction1-1 junction0-0)", 
        "(diagonal junction0-1 junction1-0)", 
        "(diagonal junction1-0 junction0-1)", 
        "(clear junction0-0)", 
        "(clear junction1-0)", 
        "(clear junction1-1)", 
        "(at_garage garage0 junction0-1)", 
        "(starting car0 garage0)", 
        "(starting car1 garage0)", 
        "(starting car2 garage0)", 
        "(= total-cost 0)", 
        "(road_connect road3 junction0-1 junction1-1)", 
        "(in_place road3)", 
        "(at_car_jun car3 junction0-1)"
      ], 
      "delete_list": [
        "(clear junction0-1)", 
        "(starting car3 garage0)"
      ]
    }, 
    {
      "action": "(move_car_in_road junction0-1 junction1-1 car3 road3)", 
      "add_list": [
        "(clear junction0-1)", 
        "(at_car_road car3 road3)"
      ], 
      "state": 2, 
      "literals": [
        "(same_line junction0-0 junction0-1)", 
        "(same_line junction0-1 junction0-0)", 
        "(same_line junction1-0 junction1-1)", 
        "(same_line junction1-1 junction1-0)", 
        "(same_line junction0-0 junction1-0)", 
        "(same_line junction1-0 junction0-0)", 
        "(same_line junction0-1 junction1-1)", 
        "(same_line junction1-1 junction0-1)", 
        "(diagonal junction0-0 junction1-1)", 
        "(diagonal junction1-1 junction0-0)", 
        "(diagonal junction0-1 junction1-0)", 
        "(diagonal junction1-0 junction0-1)", 
        "(clear junction0-0)", 
        "(clear junction1-0)", 
        "(clear junction1-1)", 
        "(at_garage garage0 junction0-1)", 
        "(starting car0 garage0)", 
        "(starting car1 garage0)", 
        "(starting car2 garage0)", 
        "(= total-cost 0)", 
        "(road_connect road3 junction0-1 junction1-1)", 
        "(in_place road3)", 
        "(clear junction0-1)", 
        "(at_car_road car3 road3)"
      ], 
      "delete_list": [
        "(at_car_jun car3 junction0-1)"
      ]
    }, 
    {
      "action": "(move_car_out_road junction0-1 junction1-1 car3 road3)", 
      "add_list": [
        "(at_car_jun car3 junction1-1)"
      ], 
      "state": 3, 
      "literals": [
        "(same_line junction0-0 junction0-1)", 
        "(same_line junction0-1 junction0-0)", 
        "(same_line junction1-0 junction1-1)", 
        "(same_line junction1-1 junction1-0)", 
        "(same_line junction0-0 junction1-0)", 
        "(same_line junction1-0 junction0-0)", 
        "(same_line junction0-1 junction1-1)", 
        "(same_line junction1-1 junction0-1)", 
        "(diagonal junction0-0 junction1-1)", 
        "(diagonal junction1-1 junction0-0)", 
        "(diagonal junction0-1 junction1-0)", 
        "(diagonal junction1-0 junction0-1)", 
        "(clear junction0-0)", 
        "(clear junction1-0)", 
        "(at_garage garage0 junction0-1)", 
        "(starting car0 garage0)", 
        "(starting car1 garage0)", 
        "(starting car2 garage0)", 
        "(= total-cost 0)", 
        "(road_connect road3 junction0-1 junction1-1)", 
        "(in_place road3)", 
        "(clear junction0-1)", 
        "(at_car_jun car3 junction1-1)"
      ], 
      "delete_list": [
        "(clear junction1-1)", 
        "(at_car_road car3 road3)"
      ]
    }, 
    {
      "action": "(car_arrived junction1-1 car3)", 
      "add_list": [
        "(clear junction1-1)", 
        "(arrived car3 junction1-1)"
      ], 
      "state": 4, 
      "literals": [
        "(same_line junction0-0 junction0-1)", 
        "(same_line junction0-1 junction0-0)", 
        "(same_line junction1-0 junction1-1)", 
        "(same_line junction1-1 junction1-0)", 
        "(same_line junction0-0 junction1-0)", 
        "(same_line junction1-0 junction0-0)", 
        "(same_line junction0-1 junction1-1)", 
        "(same_line junction1-1 junction0-1)", 
        "(diagonal junction0-0 junction1-1)", 
        "(diagonal junction1-1 junction0-0)", 
        "(diagonal junction0-1 junction1-0)", 
        "(diagonal junction1-0 junction0-1)", 
        "(clear junction0-0)", 
        "(clear junction1-0)", 
        "(at_garage garage0 junction0-1)", 
        "(starting car0 garage0)", 
        "(starting car1 garage0)", 
        "(starting car2 garage0)", 
        "(= total-cost 0)", 
        "(road_connect road3 junction0-1 junction1-1)", 
        "(in_place road3)", 
        "(clear junction0-1)", 
        "(clear junction1-1)", 
        "(arrived car3 junction1-1)"
      ], 
      "delete_list": [
        "(at_car_jun car3 junction1-1)"
      ]
    }, 
    {
      "action": "(car_start junction0-1 car2 garage0)", 
      "add_list": [
        "(at_car_jun car2 junction0-1)"
      ], 
      "state": 5, 
      "literals": [
        "(same_line junction0-0 junction0-1)", 
        "(same_line junction0-1 junction0-0)", 
        "(same_line junction1-0 junction1-1)", 
        "(same_line junction1-1 junction1-0)", 
        "(same_line junction0-0 junction1-0)", 
        "(same_line junction1-0 junction0-0)", 
        "(same_line junction0-1 junction1-1)", 
        "(same_line junction1-1 junction0-1)", 
        "(diagonal junction0-0 junction1-1)", 
        "(diagonal junction1-1 junction0-0)", 
        "(diagonal junction0-1 junction1-0)", 
        "(diagonal junction1-0 junction0-1)", 
        "(clear junction0-0)", 
        "(clear junction1-0)", 
        "(at_garage garage0 junction0-1)", 
        "(starting car0 garage0)", 
        "(starting car1 garage0)", 
        "(= total-cost 0)", 
        "(road_connect road3 junction0-1 junction1-1)", 
        "(in_place road3)", 
        "(clear junction1-1)", 
        "(arrived car3 junction1-1)", 
        "(at_car_jun car2 junction0-1)"
      ], 
      "delete_list": [
        "(clear junction0-1)", 
        "(starting car2 garage0)"
      ]
    }, 
    {
      "action": "(move_car_in_road junction0-1 junction1-1 car2 road3)", 
      "add_list": [
        "(clear junction0-1)", 
        "(at_car_road car2 road3)"
      ], 
      "state": 6, 
      "literals": [
        "(same_line junction0-0 junction0-1)", 
        "(same_line junction0-1 junction0-0)", 
        "(same_line junction1-0 junction1-1)", 
        "(same_line junction1-1 junction1-0)", 
        "(same_line junction0-0 junction1-0)", 
        "(same_line junction1-0 junction0-0)", 
        "(same_line junction0-1 junction1-1)", 
        "(same_line junction1-1 junction0-1)", 
        "(diagonal junction0-0 junction1-1)", 
        "(diagonal junction1-1 junction0-0)", 
        "(diagonal junction0-1 junction1-0)", 
        "(diagonal junction1-0 junction0-1)", 
        "(clear junction0-0)", 
        "(clear junction1-0)", 
        "(at_garage garage0 junction0-1)", 
        "(starting car0 garage0)", 
        "(starting car1 garage0)", 
        "(= total-cost 0)", 
        "(road_connect road3 junction0-1 junction1-1)", 
        "(in_place road3)", 
        "(clear junction1-1)", 
        "(arrived car3 junction1-1)", 
        "(clear junction0-1)", 
        "(at_car_road car2 road3)"
      ], 
      "delete_list": [
        "(at_car_jun car2 junction0-1)"
      ]
    }, 
    {
      "action": "(car_start junction0-1 car1 garage0)", 
      "add_list": [
        "(at_car_jun car1 junction0-1)"
      ], 
      "state": 7, 
      "literals": [
        "(same_line junction0-0 junction0-1)", 
        "(same_line junction0-1 junction0-0)", 
        "(same_line junction1-0 junction1-1)", 
        "(same_line junction1-1 junction1-0)", 
        "(same_line junction0-0 junction1-0)", 
        "(same_line junction1-0 junction0-0)", 
        "(same_line junction0-1 junction1-1)", 
        "(same_line junction1-1 junction0-1)", 
        "(diagonal junction0-0 junction1-1)", 
        "(diagonal junction1-1 junction0-0)", 
        "(diagonal junction0-1 junction1-0)", 
        "(diagonal junction1-0 junction0-1)", 
        "(clear junction0-0)", 
        "(clear junction1-0)", 
        "(at_garage garage0 junction0-1)", 
        "(starting car0 garage0)", 
        "(= total-cost 0)", 
        "(road_connect road3 junction0-1 junction1-1)", 
        "(in_place road3)", 
        "(clear junction1-1)", 
        "(arrived car3 junction1-1)", 
        "(at_car_road car2 road3)", 
        "(at_car_jun car1 junction0-1)"
      ], 
      "delete_list": [
        "(clear junction0-1)", 
        "(starting car1 garage0)"
      ]
    }, 
    {
      "action": "(move_car_in_road junction0-1 junction1-1 car1 road3)", 
      "add_list": [
        "(clear junction0-1)", 
        "(at_car_road car1 road3)"
      ], 
      "state": 8, 
      "literals": [
        "(same_line junction0-0 junction0-1)", 
        "(same_line junction0-1 junction0-0)", 
        "(same_line junction1-0 junction1-1)", 
        "(same_line junction1-1 junction1-0)", 
        "(same_line junction0-0 junction1-0)", 
        "(same_line junction1-0 junction0-0)", 
        "(same_line junction0-1 junction1-1)", 
        "(same_line junction1-1 junction0-1)", 
        "(diagonal junction0-0 junction1-1)", 
        "(diagonal junction1-1 junction0-0)", 
        "(diagonal junction0-1 junction1-0)", 
        "(diagonal junction1-0 junction0-1)", 
        "(clear junction0-0)", 
        "(clear junction1-0)", 
        "(at_garage garage0 junction0-1)", 
        "(starting car0 garage0)", 
        "(= total-cost 0)", 
        "(road_connect road3 junction0-1 junction1-1)", 
        "(in_place road3)", 
        "(clear junction1-1)", 
        "(arrived car3 junction1-1)", 
        "(at_car_road car2 road3)", 
        "(clear junction0-1)", 
        "(at_car_road car1 road3)"
      ], 
      "delete_list": [
        "(at_car_jun car1 junction0-1)"
      ]
    }, 
    {
      "action": "(move_car_out_road junction0-1 junction1-1 car1 road3)", 
      "add_list": [
        "(at_car_jun car1 junction1-1)"
      ], 
      "state": 9, 
      "literals": [
        "(same_line junction0-0 junction0-1)", 
        "(same_line junction0-1 junction0-0)", 
        "(same_line junction1-0 junction1-1)", 
        "(same_line junction1-1 junction1-0)", 
        "(same_line junction0-0 junction1-0)", 
        "(same_line junction1-0 junction0-0)", 
        "(same_line junction0-1 junction1-1)", 
        "(same_line junction1-1 junction0-1)", 
        "(diagonal junction0-0 junction1-1)", 
        "(diagonal junction1-1 junction0-0)", 
        "(diagonal junction0-1 junction1-0)", 
        "(diagonal junction1-0 junction0-1)", 
        "(clear junction0-0)", 
        "(clear junction1-0)", 
        "(at_garage garage0 junction0-1)", 
        "(starting car0 garage0)", 
        "(= total-cost 0)", 
        "(road_connect road3 junction0-1 junction1-1)", 
        "(in_place road3)", 
        "(arrived car3 junction1-1)", 
        "(at_car_road car2 road3)", 
        "(clear junction0-1)", 
        "(at_car_jun car1 junction1-1)"
      ], 
      "delete_list": [
        "(clear junction1-1)", 
        "(at_car_road car1 road3)"
      ]
    }, 
    {
      "action": "(car_arrived junction1-1 car1)", 
      "add_list": [
        "(clear junction1-1)", 
        "(arrived car1 junction1-1)"
      ], 
      "state": 10, 
      "literals": [
        "(same_line junction0-0 junction0-1)", 
        "(same_line junction0-1 junction0-0)", 
        "(same_line junction1-0 junction1-1)", 
        "(same_line junction1-1 junction1-0)", 
        "(same_line junction0-0 junction1-0)", 
        "(same_line junction1-0 junction0-0)", 
        "(same_line junction0-1 junction1-1)", 
        "(same_line junction1-1 junction0-1)", 
        "(diagonal junction0-0 junction1-1)", 
        "(diagonal junction1-1 junction0-0)", 
        "(diagonal junction0-1 junction1-0)", 
        "(diagonal junction1-0 junction0-1)", 
        "(clear junction0-0)", 
        "(clear junction1-0)", 
        "(at_garage garage0 junction0-1)", 
        "(starting car0 garage0)", 
        "(= total-cost 0)", 
        "(road_connect road3 junction0-1 junction1-1)", 
        "(in_place road3)", 
        "(arrived car3 junction1-1)", 
        "(at_car_road car2 road3)", 
        "(clear junction0-1)", 
        "(clear junction1-1)", 
        "(arrived car1 junction1-1)"
      ], 
      "delete_list": [
        "(at_car_jun car1 junction1-1)"
      ]
    }, 
    {
      "action": "(car_start junction0-1 car0 garage0)", 
      "add_list": [
        "(at_car_jun car0 junction0-1)"
      ], 
      "state": 11, 
      "literals": [
        "(same_line junction0-0 junction0-1)", 
        "(same_line junction0-1 junction0-0)", 
        "(same_line junction1-0 junction1-1)", 
        "(same_line junction1-1 junction1-0)", 
        "(same_line junction0-0 junction1-0)", 
        "(same_line junction1-0 junction0-0)", 
        "(same_line junction0-1 junction1-1)", 
        "(same_line junction1-1 junction0-1)", 
        "(diagonal junction0-0 junction1-1)", 
        "(diagonal junction1-1 junction0-0)", 
        "(diagonal junction0-1 junction1-0)", 
        "(diagonal junction1-0 junction0-1)", 
        "(clear junction0-0)", 
        "(clear junction1-0)", 
        "(at_garage garage0 junction0-1)", 
        "(= total-cost 0)", 
        "(road_connect road3 junction0-1 junction1-1)", 
        "(in_place road3)", 
        "(arrived car3 junction1-1)", 
        "(at_car_road car2 road3)", 
        "(clear junction1-1)", 
        "(arrived car1 junction1-1)", 
        "(at_car_jun car0 junction0-1)"
      ], 
      "delete_list": [
        "(clear junction0-1)", 
        "(starting car0 garage0)"
      ]
    }, 
    {
      "action": "(destroy_road junction0-1 junction1-1 road3)", 
      "add_list": [
        "(at_car_jun car2 junction0-1)"
      ], 
      "state": 12, 
      "literals": [
        "(same_line junction0-0 junction0-1)", 
        "(same_line junction0-1 junction0-0)", 
        "(same_line junction1-0 junction1-1)", 
        "(same_line junction1-1 junction1-0)", 
        "(same_line junction0-0 junction1-0)", 
        "(same_line junction1-0 junction0-0)", 
        "(same_line junction0-1 junction1-1)", 
        "(same_line junction1-1 junction0-1)", 
        "(diagonal junction0-0 junction1-1)", 
        "(diagonal junction1-1 junction0-0)", 
        "(diagonal junction0-1 junction1-0)", 
        "(diagonal junction1-0 junction0-1)", 
        "(clear junction0-0)", 
        "(clear junction1-0)", 
        "(at_garage garage0 junction0-1)", 
        "(= total-cost 0)", 
        "(arrived car3 junction1-1)", 
        "(clear junction1-1)", 
        "(arrived car1 junction1-1)", 
        "(at_car_jun car0 junction0-1)", 
        "(at_car_jun car2 junction0-1)"
      ], 
      "delete_list": [
        "(in_place road3)", 
        "(road_connect road3 junction0-1 junction1-1)", 
        "(at_car_road car2 road3)"
      ]
    }, 
    {
      "action": "(build_diagonal_oneway junction0-1 junction1-0 road3)", 
      "add_list": [
        "(road_connect road3 junction0-1 junction1-0)", 
        "(in_place road3)"
      ], 
      "state": 13, 
      "literals": [
        "(same_line junction0-0 junction0-1)", 
        "(same_line junction0-1 junction0-0)", 
        "(same_line junction1-0 junction1-1)", 
        "(same_line junction1-1 junction1-0)", 
        "(same_line junction0-0 junction1-0)", 
        "(same_line junction1-0 junction0-0)", 
        "(same_line junction0-1 junction1-1)", 
        "(same_line junction1-1 junction0-1)", 
        "(diagonal junction0-0 junction1-1)", 
        "(diagonal junction1-1 junction0-0)", 
        "(diagonal junction0-1 junction1-0)", 
        "(diagonal junction1-0 junction0-1)", 
        "(clear junction0-0)", 
        "(clear junction1-0)", 
        "(at_garage garage0 junction0-1)", 
        "(= total-cost 0)", 
        "(arrived car3 junction1-1)", 
        "(clear junction1-1)", 
        "(arrived car1 junction1-1)", 
        "(at_car_jun car0 junction0-1)", 
        "(at_car_jun car2 junction0-1)", 
        "(road_connect road3 junction0-1 junction1-0)", 
        "(in_place road3)"
      ], 
      "delete_list": []
    }, 
    {
      "action": "(move_car_in_road junction0-1 junction1-0 car2 road3)", 
      "add_list": [
        "(clear junction0-1)", 
        "(at_car_road car2 road3)"
      ], 
      "state": 14, 
      "literals": [
        "(same_line junction0-0 junction0-1)", 
        "(same_line junction0-1 junction0-0)", 
        "(same_line junction1-0 junction1-1)", 
        "(same_line junction1-1 junction1-0)", 
        "(same_line junction0-0 junction1-0)", 
        "(same_line junction1-0 junction0-0)", 
        "(same_line junction0-1 junction1-1)", 
        "(same_line junction1-1 junction0-1)", 
        "(diagonal junction0-0 junction1-1)", 
        "(diagonal junction1-1 junction0-0)", 
        "(diagonal junction0-1 junction1-0)", 
        "(diagonal junction1-0 junction0-1)", 
        "(clear junction0-0)", 
        "(clear junction1-0)", 
        "(at_garage garage0 junction0-1)", 
        "(= total-cost 0)", 
        "(arrived car3 junction1-1)", 
        "(clear junction1-1)", 
        "(arrived car1 junction1-1)", 
        "(at_car_jun car0 junction0-1)", 
        "(road_connect road3 junction0-1 junction1-0)", 
        "(in_place road3)", 
        "(clear junction0-1)", 
        "(at_car_road car2 road3)"
      ], 
      "delete_list": [
        "(at_car_jun car2 junction0-1)"
      ]
    }, 
    {
      "action": "(move_car_out_road junction0-1 junction1-0 car2 road3)", 
      "add_list": [
        "(at_car_jun car2 junction1-0)"
      ], 
      "state": 15, 
      "literals": [
        "(same_line junction0-0 junction0-1)", 
        "(same_line junction0-1 junction0-0)", 
        "(same_line junction1-0 junction1-1)", 
        "(same_line junction1-1 junction1-0)", 
        "(same_line junction0-0 junction1-0)", 
        "(same_line junction1-0 junction0-0)", 
        "(same_line junction0-1 junction1-1)", 
        "(same_line junction1-1 junction0-1)", 
        "(diagonal junction0-0 junction1-1)", 
        "(diagonal junction1-1 junction0-0)", 
        "(diagonal junction0-1 junction1-0)", 
        "(diagonal junction1-0 junction0-1)", 
        "(clear junction0-0)", 
        "(at_garage garage0 junction0-1)", 
        "(= total-cost 0)", 
        "(arrived car3 junction1-1)", 
        "(clear junction1-1)", 
        "(arrived car1 junction1-1)", 
        "(at_car_jun car0 junction0-1)", 
        "(road_connect road3 junction0-1 junction1-0)", 
        "(in_place road3)", 
        "(clear junction0-1)", 
        "(at_car_jun car2 junction1-0)"
      ], 
      "delete_list": [
        "(clear junction1-0)", 
        "(at_car_road car2 road3)"
      ]
    }, 
    {
      "action": "(car_arrived junction1-0 car2)", 
      "add_list": [
        "(clear junction1-0)", 
        "(arrived car2 junction1-0)"
      ], 
      "state": 16, 
      "literals": [
        "(same_line junction0-0 junction0-1)", 
        "(same_line junction0-1 junction0-0)", 
        "(same_line junction1-0 junction1-1)", 
        "(same_line junction1-1 junction1-0)", 
        "(same_line junction0-0 junction1-0)", 
        "(same_line junction1-0 junction0-0)", 
        "(same_line junction0-1 junction1-1)", 
        "(same_line junction1-1 junction0-1)", 
        "(diagonal junction0-0 junction1-1)", 
        "(diagonal junction1-1 junction0-0)", 
        "(diagonal junction0-1 junction1-0)", 
        "(diagonal junction1-0 junction0-1)", 
        "(clear junction0-0)", 
        "(at_garage garage0 junction0-1)", 
        "(= total-cost 0)", 
        "(arrived car3 junction1-1)", 
        "(clear junction1-1)", 
        "(arrived car1 junction1-1)", 
        "(at_car_jun car0 junction0-1)", 
        "(road_connect road3 junction0-1 junction1-0)", 
        "(in_place road3)", 
        "(clear junction0-1)", 
        "(clear junction1-0)", 
        "(arrived car2 junction1-0)"
      ], 
      "delete_list": [
        "(at_car_jun car2 junction1-0)"
      ]
    }, 
    {
      "action": "(move_car_in_road junction0-1 junction1-0 car0 road3)", 
      "add_list": [
        "(clear junction0-1)", 
        "(at_car_road car0 road3)"
      ], 
      "state": 17, 
      "literals": [
        "(same_line junction0-0 junction0-1)", 
        "(same_line junction0-1 junction0-0)", 
        "(same_line junction1-0 junction1-1)", 
        "(same_line junction1-1 junction1-0)", 
        "(same_line junction0-0 junction1-0)", 
        "(same_line junction1-0 junction0-0)", 
        "(same_line junction0-1 junction1-1)", 
        "(same_line junction1-1 junction0-1)", 
        "(diagonal junction0-0 junction1-1)", 
        "(diagonal junction1-1 junction0-0)", 
        "(diagonal junction0-1 junction1-0)", 
        "(diagonal junction1-0 junction0-1)", 
        "(clear junction0-0)", 
        "(at_garage garage0 junction0-1)", 
        "(= total-cost 0)", 
        "(arrived car3 junction1-1)", 
        "(clear junction1-1)", 
        "(arrived car1 junction1-1)", 
        "(road_connect road3 junction0-1 junction1-0)", 
        "(in_place road3)", 
        "(clear junction0-1)", 
        "(clear junction1-0)", 
        "(arrived car2 junction1-0)", 
        "(at_car_road car0 road3)"
      ], 
      "delete_list": [
        "(at_car_jun car0 junction0-1)"
      ]
    }, 
    {
      "action": "(move_car_out_road junction0-1 junction1-0 car0 road3)", 
      "add_list": [
        "(at_car_jun car0 junction1-0)"
      ], 
      "state": 18, 
      "literals": [
        "(same_line junction0-0 junction0-1)", 
        "(same_line junction0-1 junction0-0)", 
        "(same_line junction1-0 junction1-1)", 
        "(same_line junction1-1 junction1-0)", 
        "(same_line junction0-0 junction1-0)", 
        "(same_line junction1-0 junction0-0)", 
        "(same_line junction0-1 junction1-1)", 
        "(same_line junction1-1 junction0-1)", 
        "(diagonal junction0-0 junction1-1)", 
        "(diagonal junction1-1 junction0-0)", 
        "(diagonal junction0-1 junction1-0)", 
        "(diagonal junction1-0 junction0-1)", 
        "(clear junction0-0)", 
        "(at_garage garage0 junction0-1)", 
        "(= total-cost 0)", 
        "(arrived car3 junction1-1)", 
        "(clear junction1-1)", 
        "(arrived car1 junction1-1)", 
        "(road_connect road3 junction0-1 junction1-0)", 
        "(in_place road3)", 
        "(clear junction0-1)", 
        "(arrived car2 junction1-0)", 
        "(at_car_jun car0 junction1-0)"
      ], 
      "delete_list": [
        "(clear junction1-0)", 
        "(at_car_road car0 road3)"
      ]
    }, 
    {
      "action": "(car_arrived junction1-0 car0)", 
      "add_list": [
        "(clear junction1-0)", 
        "(arrived car0 junction1-0)"
      ], 
      "state": 19, 
      "literals": [
        "(same_line junction0-0 junction0-1)", 
        "(same_line junction0-1 junction0-0)", 
        "(same_line junction1-0 junction1-1)", 
        "(same_line junction1-1 junction1-0)", 
        "(same_line junction0-0 junction1-0)", 
        "(same_line junction1-0 junction0-0)", 
        "(same_line junction0-1 junction1-1)", 
        "(same_line junction1-1 junction0-1)", 
        "(diagonal junction0-0 junction1-1)", 
        "(diagonal junction1-1 junction0-0)", 
        "(diagonal junction0-1 junction1-0)", 
        "(diagonal junction1-0 junction0-1)", 
        "(clear junction0-0)", 
        "(at_garage garage0 junction0-1)", 
        "(= total-cost 0)", 
        "(arrived car3 junction1-1)", 
        "(clear junction1-1)", 
        "(arrived car1 junction1-1)", 
        "(road_connect road3 junction0-1 junction1-0)", 
        "(in_place road3)", 
        "(clear junction0-1)", 
        "(arrived car2 junction1-0)", 
        "(clear junction1-0)", 
        "(arrived car0 junction1-0)"
      ], 
      "delete_list": [
        "(at_car_jun car0 junction1-0)"
      ]
    }
  ], 
  "domain_id": 115
}