{
  "domain": "elevators", 
  "inital_state": [
    "(above f0 f1)", 
    "(above f0 f2)", 
    "(above f0 f3)", 
    "(above f0 f4)", 
    "(above f0 f5)", 
    "(above f1 f2)", 
    "(above f1 f3)", 
    "(above f1 f4)", 
    "(above f1 f5)", 
    "(above f2 f3)", 
    "(above f2 f4)", 
    "(above f2 f5)", 
    "(above f3 f4)", 
    "(above f3 f5)", 
    "(above f4 f5)", 
    "(origin p0 f1)", 
    "(destin p0 f0)", 
    "(origin p1 f4)", 
    "(destin p1 f0)", 
    "(origin p2 f3)", 
    "(destin p2 f0)", 
    "(lift-at f0)"
  ], 
  "negative_goals": [], 
  "problem_id": 1014, 
  "positive_goals": [
    "(served p0)", 
    "(served p1)", 
    "(served p2)"
  ], 
  "plan_length": 10, 
  "plan_literals": [
    {
      "action": "(up f0 f4)", 
      "add_list": [
        "(lift-at f4)"
      ], 
      "state": 0, 
      "literals": [
        "(above f0 f1)", 
        "(above f0 f2)", 
        "(above f0 f3)", 
        "(above f0 f4)", 
        "(above f0 f5)", 
        "(above f1 f2)", 
        "(above f1 f3)", 
        "(above f1 f4)", 
        "(above f1 f5)", 
        "(above f2 f3)", 
        "(above f2 f4)", 
        "(above f2 f5)", 
        "(above f3 f4)", 
        "(above f3 f5)", 
        "(above f4 f5)", 
        "(origin p0 f1)", 
        "(destin p0 f0)", 
        "(origin p1 f4)", 
        "(destin p1 f0)", 
        "(origin p2 f3)", 
        "(destin p2 f0)", 
        "(lift-at f4)"
      ], 
      "delete_list": [
        "(lift-at f0)"
      ]
    }, 
    {
      "action": "(board f4 p1)", 
      "add_list": [
        "(boarded p1)"
      ], 
      "state": 1, 
      "literals": [
        "(above f0 f1)", 
        "(above f0 f2)", 
        "(above f0 f3)", 
        "(above f0 f4)", 
        "(above f0 f5)", 
        "(above f1 f2)", 
        "(above f1 f3)", 
        "(above f1 f4)", 
        "(above f1 f5)", 
        "(above f2 f3)", 
        "(above f2 f4)", 
        "(above f2 f5)", 
        "(above f3 f4)", 
        "(above f3 f5)", 
        "(above f4 f5)", 
        "(origin p0 f1)", 
        "(destin p0 f0)", 
        "(origin p1 f4)", 
        "(destin p1 f0)", 
        "(origin p2 f3)", 
        "(destin p2 f0)", 
        "(lift-at f4)", 
        "(boarded p1)"
      ], 
      "delete_list": []
    }, 
    {
      "action": "(down f4 f3)", 
      "add_list": [
        "(lift-at f3)"
      ], 
      "state": 2, 
      "literals": [
        "(above f0 f1)", 
        "(above f0 f2)", 
        "(above f0 f3)", 
        "(above f0 f4)", 
        "(above f0 f5)", 
        "(above f1 f2)", 
        "(above f1 f3)", 
        "(above f1 f4)", 
        "(above f1 f5)", 
        "(above f2 f3)", 
        "(above f2 f4)", 
        "(above f2 f5)", 
        "(above f3 f4)", 
        "(above f3 f5)", 
        "(above f4 f5)", 
        "(origin p0 f1)", 
        "(destin p0 f0)", 
        "(origin p1 f4)", 
        "(destin p1 f0)", 
        "(origin p2 f3)", 
        "(destin p2 f0)", 
        "(boarded p1)", 
        "(lift-at f3)"
      ], 
      "delete_list": [
        "(lift-at f4)"
      ]
    }, 
    {
      "action": "(board f3 p2)", 
      "add_list": [
        "(boarded p2)"
      ], 
      "state": 3, 
      "literals": [
        "(above f0 f1)", 
        "(above f0 f2)", 
        "(above f0 f3)", 
        "(above f0 f4)", 
        "(above f0 f5)", 
        "(above f1 f2)", 
        "(above f1 f3)", 
        "(above f1 f4)", 
        "(above f1 f5)", 
        "(above f2 f3)", 
        "(above f2 f4)", 
        "(above f2 f5)", 
        "(above f3 f4)", 
        "(above f3 f5)", 
        "(above f4 f5)", 
        "(origin p0 f1)", 
        "(destin p0 f0)", 
        "(origin p1 f4)", 
        "(destin p1 f0)", 
        "(origin p2 f3)", 
        "(destin p2 f0)", 
        "(boarded p1)", 
        "(lift-at f3)", 
        "(boarded p2)"
      ], 
      "delete_list": []
    }, 
    {
      "action": "(down f3 f1)", 
      "add_list": [
        "(lift-at f1)"
      ], 
      "state": 4, 
      "literals": [
        "(above f0 f1)", 
        "(above f0 f2)", 
        "(above f0 f3)", 
        "(above f0 f4)", 
        "(above f0 f5)", 
        "(above f1 f2)", 
        "(above f1 f3)", 
        "(above f1 f4)", 
        "(above f1 f5)", 
        "(above f2 f3)", 
        "(above f2 f4)", 
        "(above f2 f5)", 
        "(above f3 f4)", 
        "(above f3 f5)", 
        "(above f4 f5)", 
        "(origin p0 f1)", 
        "(destin p0 f0)", 
        "(origin p1 f4)", 
        "(destin p1 f0)", 
        "(origin p2 f3)", 
        "(destin p2 f0)", 
        "(boarded p1)", 
        "(boarded p2)", 
        "(lift-at f1)"
      ], 
      "delete_list": [
        "(lift-at f3)"
      ]
    }, 
    {
      "action": "(board f1 p0)", 
      "add_list": [
        "(boarded p0)"
      ], 
      "state": 5, 
      "literals": [
        "(above f0 f1)", 
        "(above f0 f2)", 
        "(above f0 f3)", 
        "(above f0 f4)", 
        "(above f0 f5)", 
        "(above f1 f2)", 
        "(above f1 f3)", 
        "(above f1 f4)", 
        "(above f1 f5)", 
        "(above f2 f3)", 
        "(above f2 f4)", 
        "(above f2 f5)", 
        "(above f3 f4)", 
        "(above f3 f5)", 
        "(above f4 f5)", 
        "(origin p0 f1)", 
        "(destin p0 f0)", 
        "(origin p1 f4)", 
        "(destin p1 f0)", 
        "(origin p2 f3)", 
        "(destin p2 f0)", 
        "(boarded p1)", 
        "(boarded p2)", 
        "(lift-at f1)", 
        "(boarded p0)"
      ], 
      "delete_list": []
    }, 
    {
      "action": "(down f1 f0)", 
      "add_list": [
        "(lift-at f0)"
      ], 
      "state": 6, 
      "literals": [
        "(above f0 f1)", 
        "(above f0 f2)", 
        "(above f0 f3)", 
        "(above f0 f4)", 
        "(above f0 f5)", 
        "(above f1 f2)", 
        "(above f1 f3)", 
        "(above f1 f4)", 
        "(above f1 f5)", 
        "(above f2 f3)", 
        "(above f2 f4)", 
        "(above f2 f5)", 
        "(above f3 f4)", 
        "(above f3 f5)", 
        "(above f4 f5)", 
        "(origin p0 f1)", 
        "(destin p0 f0)", 
        "(origin p1 f4)", 
        "(destin p1 f0)", 
        "(origin p2 f3)", 
        "(destin p2 f0)", 
        "(boarded p1)", 
        "(boarded p2)", 
        "(boarded p0)", 
        "(lift-at f0)"
      ], 
      "delete_list": [
        "(lift-at f1)"
      ]
    }, 
    {
      "action": "(depart f0 p2)", 
      "add_list": [
        "(served p2)"
      ], 
      "state": 7, 
      "literals": [
        "(above f0 f1)", 
        "(above f0 f2)", 
        "(above f0 f3)", 
        "(above f0 f4)", 
        "(above f0 f5)", 
        "(above f1 f2)", 
        "(above f1 f3)", 
        "(above f1 f4)", 
        "(above f1 f5)", 
        "(above f2 f3)", 
        "(above f2 f4)", 
        "(above f2 f5)", 
        "(above f3 f4)", 
        "(above f3 f5)", 
        "(above f4 f5)", 
        "(origin p0 f1)", 
        "(destin p0 f0)", 
        "(origin p1 f4)", 
        "(destin p1 f0)", 
        "(origin p2 f3)", 
        "(destin p2 f0)", 
        "(boarded p1)", 
        "(boarded p0)", 
        "(lift-at f0)", 
        "(served p2)"
      ], 
      "delete_list": [
        "(boarded p2)"
      ]
    }, 
    {
      "action": "(depart f0 p1)", 
      "add_list": [
        "(served p1)"
      ], 
      "state": 8, 
      "literals": [
        "(above f0 f1)", 
        "(above f0 f2)", 
        "(above f0 f3)", 
        "(above f0 f4)", 
        "(above f0 f5)", 
        "(above f1 f2)", 
        "(above f1 f3)", 
        "(above f1 f4)", 
        "(above f1 f5)", 
        "(above f2 f3)", 
        "(above f2 f4)", 
        "(above f2 f5)", 
        "(above f3 f4)", 
        "(above f3 f5)", 
        "(above f4 f5)", 
        "(origin p0 f1)", 
        "(destin p0 f0)", 
        "(origin p1 f4)", 
        "(destin p1 f0)", 
        "(origin p2 f3)", 
        "(destin p2 f0)", 
        "(boarded p0)", 
        "(lift-at f0)", 
        "(served p2)", 
        "(served p1)"
      ], 
      "delete_list": [
        "(boarded p1)"
      ]
    }, 
    {
      "action": "(depart f0 p0)", 
      "add_list": [
        "(served p0)"
      ], 
      "state": 9, 
      "literals": [
        "(above f0 f1)", 
        "(above f0 f2)", 
        "(above f0 f3)", 
        "(above f0 f4)", 
        "(above f0 f5)", 
        "(above f1 f2)", 
        "(above f1 f3)", 
        "(above f1 f4)", 
        "(above f1 f5)", 
        "(above f2 f3)", 
        "(above f2 f4)", 
        "(above f2 f5)", 
        "(above f3 f4)", 
        "(above f3 f5)", 
        "(above f4 f5)", 
        "(origin p0 f1)", 
        "(destin p0 f0)", 
        "(origin p1 f4)", 
        "(destin p1 f0)", 
        "(origin p2 f3)", 
        "(destin p2 f0)", 
        "(lift-at f0)", 
        "(served p2)", 
        "(served p1)", 
        "(served p0)"
      ], 
      "delete_list": [
        "(boarded p0)"
      ]
    }
  ], 
  "domain_id": 28
}