{
  "domain": "elevators", 
  "inital_state": [
    "(above f0 f1)", 
    "(above f0 f2)", 
    "(above f0 f3)", 
    "(above f0 f4)", 
    "(above f0 f5)", 
    "(above f0 f6)", 
    "(above f0 f7)", 
    "(above f1 f2)", 
    "(above f1 f3)", 
    "(above f1 f4)", 
    "(above f1 f5)", 
    "(above f1 f6)", 
    "(above f1 f7)", 
    "(above f2 f3)", 
    "(above f2 f4)", 
    "(above f2 f5)", 
    "(above f2 f6)", 
    "(above f2 f7)", 
    "(above f3 f4)", 
    "(above f3 f5)", 
    "(above f3 f6)", 
    "(above f3 f7)", 
    "(above f4 f5)", 
    "(above f4 f6)", 
    "(above f4 f7)", 
    "(above f5 f6)", 
    "(above f5 f7)", 
    "(above f6 f7)", 
    "(origin p0 f0)", 
    "(destin p0 f5)", 
    "(origin p1 f7)", 
    "(destin p1 f4)", 
    "(origin p2 f0)", 
    "(destin p2 f7)", 
    "(origin p3 f1)", 
    "(destin p3 f6)", 
    "(lift-at f0)"
  ], 
  "negative_goals": [], 
  "problem_id": 1023, 
  "positive_goals": [
    "(served p0)", 
    "(served p1)", 
    "(served p2)", 
    "(served p3)"
  ], 
  "plan_length": 14, 
  "plan_literals": [
    {
      "action": "(board f0 p2)", 
      "add_list": [
        "(boarded p2)"
      ], 
      "state": 0, 
      "literals": [
        "(above f0 f1)", 
        "(above f0 f2)", 
        "(above f0 f3)", 
        "(above f0 f4)", 
        "(above f0 f5)", 
        "(above f0 f6)", 
        "(above f0 f7)", 
        "(above f1 f2)", 
        "(above f1 f3)", 
        "(above f1 f4)", 
        "(above f1 f5)", 
        "(above f1 f6)", 
        "(above f1 f7)", 
        "(above f2 f3)", 
        "(above f2 f4)", 
        "(above f2 f5)", 
        "(above f2 f6)", 
        "(above f2 f7)", 
        "(above f3 f4)", 
        "(above f3 f5)", 
        "(above f3 f6)", 
        "(above f3 f7)", 
        "(above f4 f5)", 
        "(above f4 f6)", 
        "(above f4 f7)", 
        "(above f5 f6)", 
        "(above f5 f7)", 
        "(above f6 f7)", 
        "(origin p0 f0)", 
        "(destin p0 f5)", 
        "(origin p1 f7)", 
        "(destin p1 f4)", 
        "(origin p2 f0)", 
        "(destin p2 f7)", 
        "(origin p3 f1)", 
        "(destin p3 f6)", 
        "(lift-at f0)", 
        "(boarded p2)"
      ], 
      "delete_list": []
    }, 
    {
      "action": "(up f0 f7)", 
      "add_list": [
        "(lift-at f7)"
      ], 
      "state": 1, 
      "literals": [
        "(above f0 f1)", 
        "(above f0 f2)", 
        "(above f0 f3)", 
        "(above f0 f4)", 
        "(above f0 f5)", 
        "(above f0 f6)", 
        "(above f0 f7)", 
        "(above f1 f2)", 
        "(above f1 f3)", 
        "(above f1 f4)", 
        "(above f1 f5)", 
        "(above f1 f6)", 
        "(above f1 f7)", 
        "(above f2 f3)", 
        "(above f2 f4)", 
        "(above f2 f5)", 
        "(above f2 f6)", 
        "(above f2 f7)", 
        "(above f3 f4)", 
        "(above f3 f5)", 
        "(above f3 f6)", 
        "(above f3 f7)", 
        "(above f4 f5)", 
        "(above f4 f6)", 
        "(above f4 f7)", 
        "(above f5 f6)", 
        "(above f5 f7)", 
        "(above f6 f7)", 
        "(origin p0 f0)", 
        "(destin p0 f5)", 
        "(origin p1 f7)", 
        "(destin p1 f4)", 
        "(origin p2 f0)", 
        "(destin p2 f7)", 
        "(origin p3 f1)", 
        "(destin p3 f6)", 
        "(boarded p2)", 
        "(lift-at f7)"
      ], 
      "delete_list": [
        "(lift-at f0)"
      ]
    }, 
    {
      "action": "(depart f7 p2)", 
      "add_list": [
        "(served p2)"
      ], 
      "state": 2, 
      "literals": [
        "(above f0 f1)", 
        "(above f0 f2)", 
        "(above f0 f3)", 
        "(above f0 f4)", 
        "(above f0 f5)", 
        "(above f0 f6)", 
        "(above f0 f7)", 
        "(above f1 f2)", 
        "(above f1 f3)", 
        "(above f1 f4)", 
        "(above f1 f5)", 
        "(above f1 f6)", 
        "(above f1 f7)", 
        "(above f2 f3)", 
        "(above f2 f4)", 
        "(above f2 f5)", 
        "(above f2 f6)", 
        "(above f2 f7)", 
        "(above f3 f4)", 
        "(above f3 f5)", 
        "(above f3 f6)", 
        "(above f3 f7)", 
        "(above f4 f5)", 
        "(above f4 f6)", 
        "(above f4 f7)", 
        "(above f5 f6)", 
        "(above f5 f7)", 
        "(above f6 f7)", 
        "(origin p0 f0)", 
        "(destin p0 f5)", 
        "(origin p1 f7)", 
        "(destin p1 f4)", 
        "(origin p2 f0)", 
        "(destin p2 f7)", 
        "(origin p3 f1)", 
        "(destin p3 f6)", 
        "(lift-at f7)", 
        "(served p2)"
      ], 
      "delete_list": [
        "(boarded p2)"
      ]
    }, 
    {
      "action": "(board f7 p1)", 
      "add_list": [
        "(boarded p1)"
      ], 
      "state": 3, 
      "literals": [
        "(above f0 f1)", 
        "(above f0 f2)", 
        "(above f0 f3)", 
        "(above f0 f4)", 
        "(above f0 f5)", 
        "(above f0 f6)", 
        "(above f0 f7)", 
        "(above f1 f2)", 
        "(above f1 f3)", 
        "(above f1 f4)", 
        "(above f1 f5)", 
        "(above f1 f6)", 
        "(above f1 f7)", 
        "(above f2 f3)", 
        "(above f2 f4)", 
        "(above f2 f5)", 
        "(above f2 f6)", 
        "(above f2 f7)", 
        "(above f3 f4)", 
        "(above f3 f5)", 
        "(above f3 f6)", 
        "(above f3 f7)", 
        "(above f4 f5)", 
        "(above f4 f6)", 
        "(above f4 f7)", 
        "(above f5 f6)", 
        "(above f5 f7)", 
        "(above f6 f7)", 
        "(origin p0 f0)", 
        "(destin p0 f5)", 
        "(origin p1 f7)", 
        "(destin p1 f4)", 
        "(origin p2 f0)", 
        "(destin p2 f7)", 
        "(origin p3 f1)", 
        "(destin p3 f6)", 
        "(lift-at f7)", 
        "(served p2)", 
        "(boarded p1)"
      ], 
      "delete_list": []
    }, 
    {
      "action": "(down f7 f1)", 
      "add_list": [
        "(lift-at f1)"
      ], 
      "state": 4, 
      "literals": [
        "(above f0 f1)", 
        "(above f0 f2)", 
        "(above f0 f3)", 
        "(above f0 f4)", 
        "(above f0 f5)", 
        "(above f0 f6)", 
        "(above f0 f7)", 
        "(above f1 f2)", 
        "(above f1 f3)", 
        "(above f1 f4)", 
        "(above f1 f5)", 
        "(above f1 f6)", 
        "(above f1 f7)", 
        "(above f2 f3)", 
        "(above f2 f4)", 
        "(above f2 f5)", 
        "(above f2 f6)", 
        "(above f2 f7)", 
        "(above f3 f4)", 
        "(above f3 f5)", 
        "(above f3 f6)", 
        "(above f3 f7)", 
        "(above f4 f5)", 
        "(above f4 f6)", 
        "(above f4 f7)", 
        "(above f5 f6)", 
        "(above f5 f7)", 
        "(above f6 f7)", 
        "(origin p0 f0)", 
        "(destin p0 f5)", 
        "(origin p1 f7)", 
        "(destin p1 f4)", 
        "(origin p2 f0)", 
        "(destin p2 f7)", 
        "(origin p3 f1)", 
        "(destin p3 f6)", 
        "(served p2)", 
        "(boarded p1)", 
        "(lift-at f1)"
      ], 
      "delete_list": [
        "(lift-at f7)"
      ]
    }, 
    {
      "action": "(board f1 p3)", 
      "add_list": [
        "(boarded p3)"
      ], 
      "state": 5, 
      "literals": [
        "(above f0 f1)", 
        "(above f0 f2)", 
        "(above f0 f3)", 
        "(above f0 f4)", 
        "(above f0 f5)", 
        "(above f0 f6)", 
        "(above f0 f7)", 
        "(above f1 f2)", 
        "(above f1 f3)", 
        "(above f1 f4)", 
        "(above f1 f5)", 
        "(above f1 f6)", 
        "(above f1 f7)", 
        "(above f2 f3)", 
        "(above f2 f4)", 
        "(above f2 f5)", 
        "(above f2 f6)", 
        "(above f2 f7)", 
        "(above f3 f4)", 
        "(above f3 f5)", 
        "(above f3 f6)", 
        "(above f3 f7)", 
        "(above f4 f5)", 
        "(above f4 f6)", 
        "(above f4 f7)", 
        "(above f5 f6)", 
        "(above f5 f7)", 
        "(above f6 f7)", 
        "(origin p0 f0)", 
        "(destin p0 f5)", 
        "(origin p1 f7)", 
        "(destin p1 f4)", 
        "(origin p2 f0)", 
        "(destin p2 f7)", 
        "(origin p3 f1)", 
        "(destin p3 f6)", 
        "(served p2)", 
        "(boarded p1)", 
        "(lift-at f1)", 
        "(boarded p3)"
      ], 
      "delete_list": []
    }, 
    {
      "action": "(up f1 f4)", 
      "add_list": [
        "(lift-at f4)"
      ], 
      "state": 6, 
      "literals": [
        "(above f0 f1)", 
        "(above f0 f2)", 
        "(above f0 f3)", 
        "(above f0 f4)", 
        "(above f0 f5)", 
        "(above f0 f6)", 
        "(above f0 f7)", 
        "(above f1 f2)", 
        "(above f1 f3)", 
        "(above f1 f4)", 
        "(above f1 f5)", 
        "(above f1 f6)", 
        "(above f1 f7)", 
        "(above f2 f3)", 
        "(above f2 f4)", 
        "(above f2 f5)", 
        "(above f2 f6)", 
        "(above f2 f7)", 
        "(above f3 f4)", 
        "(above f3 f5)", 
        "(above f3 f6)", 
        "(above f3 f7)", 
        "(above f4 f5)", 
        "(above f4 f6)", 
        "(above f4 f7)", 
        "(above f5 f6)", 
        "(above f5 f7)", 
        "(above f6 f7)", 
        "(origin p0 f0)", 
        "(destin p0 f5)", 
        "(origin p1 f7)", 
        "(destin p1 f4)", 
        "(origin p2 f0)", 
        "(destin p2 f7)", 
        "(origin p3 f1)", 
        "(destin p3 f6)", 
        "(served p2)", 
        "(boarded p1)", 
        "(boarded p3)", 
        "(lift-at f4)"
      ], 
      "delete_list": [
        "(lift-at f1)"
      ]
    }, 
    {
      "action": "(depart f4 p1)", 
      "add_list": [
        "(served p1)"
      ], 
      "state": 7, 
      "literals": [
        "(above f0 f1)", 
        "(above f0 f2)", 
        "(above f0 f3)", 
        "(above f0 f4)", 
        "(above f0 f5)", 
        "(above f0 f6)", 
        "(above f0 f7)", 
        "(above f1 f2)", 
        "(above f1 f3)", 
        "(above f1 f4)", 
        "(above f1 f5)", 
        "(above f1 f6)", 
        "(above f1 f7)", 
        "(above f2 f3)", 
        "(above f2 f4)", 
        "(above f2 f5)", 
        "(above f2 f6)", 
        "(above f2 f7)", 
        "(above f3 f4)", 
        "(above f3 f5)", 
        "(above f3 f6)", 
        "(above f3 f7)", 
        "(above f4 f5)", 
        "(above f4 f6)", 
        "(above f4 f7)", 
        "(above f5 f6)", 
        "(above f5 f7)", 
        "(above f6 f7)", 
        "(origin p0 f0)", 
        "(destin p0 f5)", 
        "(origin p1 f7)", 
        "(destin p1 f4)", 
        "(origin p2 f0)", 
        "(destin p2 f7)", 
        "(origin p3 f1)", 
        "(destin p3 f6)", 
        "(served p2)", 
        "(boarded p3)", 
        "(lift-at f4)", 
        "(served p1)"
      ], 
      "delete_list": [
        "(boarded p1)"
      ]
    }, 
    {
      "action": "(up f4 f6)", 
      "add_list": [
        "(lift-at f6)"
      ], 
      "state": 8, 
      "literals": [
        "(above f0 f1)", 
        "(above f0 f2)", 
        "(above f0 f3)", 
        "(above f0 f4)", 
        "(above f0 f5)", 
        "(above f0 f6)", 
        "(above f0 f7)", 
        "(above f1 f2)", 
        "(above f1 f3)", 
        "(above f1 f4)", 
        "(above f1 f5)", 
        "(above f1 f6)", 
        "(above f1 f7)", 
        "(above f2 f3)", 
        "(above f2 f4)", 
        "(above f2 f5)", 
        "(above f2 f6)", 
        "(above f2 f7)", 
        "(above f3 f4)", 
        "(above f3 f5)", 
        "(above f3 f6)", 
        "(above f3 f7)", 
        "(above f4 f5)", 
        "(above f4 f6)", 
        "(above f4 f7)", 
        "(above f5 f6)", 
        "(above f5 f7)", 
        "(above f6 f7)", 
        "(origin p0 f0)", 
        "(destin p0 f5)", 
        "(origin p1 f7)", 
        "(destin p1 f4)", 
        "(origin p2 f0)", 
        "(destin p2 f7)", 
        "(origin p3 f1)", 
        "(destin p3 f6)", 
        "(served p2)", 
        "(boarded p3)", 
        "(served p1)", 
        "(lift-at f6)"
      ], 
      "delete_list": [
        "(lift-at f4)"
      ]
    }, 
    {
      "action": "(depart f6 p3)", 
      "add_list": [
        "(served p3)"
      ], 
      "state": 9, 
      "literals": [
        "(above f0 f1)", 
        "(above f0 f2)", 
        "(above f0 f3)", 
        "(above f0 f4)", 
        "(above f0 f5)", 
        "(above f0 f6)", 
        "(above f0 f7)", 
        "(above f1 f2)", 
        "(above f1 f3)", 
        "(above f1 f4)", 
        "(above f1 f5)", 
        "(above f1 f6)", 
        "(above f1 f7)", 
        "(above f2 f3)", 
        "(above f2 f4)", 
        "(above f2 f5)", 
        "(above f2 f6)", 
        "(above f2 f7)", 
        "(above f3 f4)", 
        "(above f3 f5)", 
        "(above f3 f6)", 
        "(above f3 f7)", 
        "(above f4 f5)", 
        "(above f4 f6)", 
        "(above f4 f7)", 
        "(above f5 f6)", 
        "(above f5 f7)", 
        "(above f6 f7)", 
        "(origin p0 f0)", 
        "(destin p0 f5)", 
        "(origin p1 f7)", 
        "(destin p1 f4)", 
        "(origin p2 f0)", 
        "(destin p2 f7)", 
        "(origin p3 f1)", 
        "(destin p3 f6)", 
        "(served p2)", 
        "(served p1)", 
        "(lift-at f6)", 
        "(served p3)"
      ], 
      "delete_list": [
        "(boarded p3)"
      ]
    }, 
    {
      "action": "(down f6 f0)", 
      "add_list": [
        "(lift-at f0)"
      ], 
      "state": 10, 
      "literals": [
        "(above f0 f1)", 
        "(above f0 f2)", 
        "(above f0 f3)", 
        "(above f0 f4)", 
        "(above f0 f5)", 
        "(above f0 f6)", 
        "(above f0 f7)", 
        "(above f1 f2)", 
        "(above f1 f3)", 
        "(above f1 f4)", 
        "(above f1 f5)", 
        "(above f1 f6)", 
        "(above f1 f7)", 
        "(above f2 f3)", 
        "(above f2 f4)", 
        "(above f2 f5)", 
        "(above f2 f6)", 
        "(above f2 f7)", 
        "(above f3 f4)", 
        "(above f3 f5)", 
        "(above f3 f6)", 
        "(above f3 f7)", 
        "(above f4 f5)", 
        "(above f4 f6)", 
        "(above f4 f7)", 
        "(above f5 f6)", 
        "(above f5 f7)", 
        "(above f6 f7)", 
        "(origin p0 f0)", 
        "(destin p0 f5)", 
        "(origin p1 f7)", 
        "(destin p1 f4)", 
        "(origin p2 f0)", 
        "(destin p2 f7)", 
        "(origin p3 f1)", 
        "(destin p3 f6)", 
        "(served p2)", 
        "(served p1)", 
        "(served p3)", 
        "(lift-at f0)"
      ], 
      "delete_list": [
        "(lift-at f6)"
      ]
    }, 
    {
      "action": "(board f0 p0)", 
      "add_list": [
        "(boarded p0)"
      ], 
      "state": 11, 
      "literals": [
        "(above f0 f1)", 
        "(above f0 f2)", 
        "(above f0 f3)", 
        "(above f0 f4)", 
        "(above f0 f5)", 
        "(above f0 f6)", 
        "(above f0 f7)", 
        "(above f1 f2)", 
        "(above f1 f3)", 
        "(above f1 f4)", 
        "(above f1 f5)", 
        "(above f1 f6)", 
        "(above f1 f7)", 
        "(above f2 f3)", 
        "(above f2 f4)", 
        "(above f2 f5)", 
        "(above f2 f6)", 
        "(above f2 f7)", 
        "(above f3 f4)", 
        "(above f3 f5)", 
        "(above f3 f6)", 
        "(above f3 f7)", 
        "(above f4 f5)", 
        "(above f4 f6)", 
        "(above f4 f7)", 
        "(above f5 f6)", 
        "(above f5 f7)", 
        "(above f6 f7)", 
        "(origin p0 f0)", 
        "(destin p0 f5)", 
        "(origin p1 f7)", 
        "(destin p1 f4)", 
        "(origin p2 f0)", 
        "(destin p2 f7)", 
        "(origin p3 f1)", 
        "(destin p3 f6)", 
        "(served p2)", 
        "(served p1)", 
        "(served p3)", 
        "(lift-at f0)", 
        "(boarded p0)"
      ], 
      "delete_list": []
    }, 
    {
      "action": "(up f0 f5)", 
      "add_list": [
        "(lift-at f5)"
      ], 
      "state": 12, 
      "literals": [
        "(above f0 f1)", 
        "(above f0 f2)", 
        "(above f0 f3)", 
        "(above f0 f4)", 
        "(above f0 f5)", 
        "(above f0 f6)", 
        "(above f0 f7)", 
        "(above f1 f2)", 
        "(above f1 f3)", 
        "(above f1 f4)", 
        "(above f1 f5)", 
        "(above f1 f6)", 
        "(above f1 f7)", 
        "(above f2 f3)", 
        "(above f2 f4)", 
        "(above f2 f5)", 
        "(above f2 f6)", 
        "(above f2 f7)", 
        "(above f3 f4)", 
        "(above f3 f5)", 
        "(above f3 f6)", 
        "(above f3 f7)", 
        "(above f4 f5)", 
        "(above f4 f6)", 
        "(above f4 f7)", 
        "(above f5 f6)", 
        "(above f5 f7)", 
        "(above f6 f7)", 
        "(origin p0 f0)", 
        "(destin p0 f5)", 
        "(origin p1 f7)", 
        "(destin p1 f4)", 
        "(origin p2 f0)", 
        "(destin p2 f7)", 
        "(origin p3 f1)", 
        "(destin p3 f6)", 
        "(served p2)", 
        "(served p1)", 
        "(served p3)", 
        "(boarded p0)", 
        "(lift-at f5)"
      ], 
      "delete_list": [
        "(lift-at f0)"
      ]
    }, 
    {
      "action": "(depart f5 p0)", 
      "add_list": [
        "(served p0)"
      ], 
      "state": 13, 
      "literals": [
        "(above f0 f1)", 
        "(above f0 f2)", 
        "(above f0 f3)", 
        "(above f0 f4)", 
        "(above f0 f5)", 
        "(above f0 f6)", 
        "(above f0 f7)", 
        "(above f1 f2)", 
        "(above f1 f3)", 
        "(above f1 f4)", 
        "(above f1 f5)", 
        "(above f1 f6)", 
        "(above f1 f7)", 
        "(above f2 f3)", 
        "(above f2 f4)", 
        "(above f2 f5)", 
        "(above f2 f6)", 
        "(above f2 f7)", 
        "(above f3 f4)", 
        "(above f3 f5)", 
        "(above f3 f6)", 
        "(above f3 f7)", 
        "(above f4 f5)", 
        "(above f4 f6)", 
        "(above f4 f7)", 
        "(above f5 f6)", 
        "(above f5 f7)", 
        "(above f6 f7)", 
        "(origin p0 f0)", 
        "(destin p0 f5)", 
        "(origin p1 f7)", 
        "(destin p1 f4)", 
        "(origin p2 f0)", 
        "(destin p2 f7)", 
        "(origin p3 f1)", 
        "(destin p3 f6)", 
        "(served p2)", 
        "(served p1)", 
        "(served p3)", 
        "(lift-at f5)", 
        "(served p0)"
      ], 
      "delete_list": [
        "(boarded p0)"
      ]
    }
  ], 
  "domain_id": 28
}