{
  "domain": "elevators", 
  "inital_state": [
    "(above f0 f1)", 
    "(above f0 f2)", 
    "(above f0 f3)", 
    "(above f0 f4)", 
    "(above f0 f5)", 
    "(above f0 f6)", 
    "(above f0 f7)", 
    "(above f0 f8)", 
    "(above f0 f9)", 
    "(above f0 f10)", 
    "(above f0 f11)", 
    "(above f0 f12)", 
    "(above f0 f13)", 
    "(above f1 f2)", 
    "(above f1 f3)", 
    "(above f1 f4)", 
    "(above f1 f5)", 
    "(above f1 f6)", 
    "(above f1 f7)", 
    "(above f1 f8)", 
    "(above f1 f9)", 
    "(above f1 f10)", 
    "(above f1 f11)", 
    "(above f1 f12)", 
    "(above f1 f13)", 
    "(above f2 f3)", 
    "(above f2 f4)", 
    "(above f2 f5)", 
    "(above f2 f6)", 
    "(above f2 f7)", 
    "(above f2 f8)", 
    "(above f2 f9)", 
    "(above f2 f10)", 
    "(above f2 f11)", 
    "(above f2 f12)", 
    "(above f2 f13)", 
    "(above f3 f4)", 
    "(above f3 f5)", 
    "(above f3 f6)", 
    "(above f3 f7)", 
    "(above f3 f8)", 
    "(above f3 f9)", 
    "(above f3 f10)", 
    "(above f3 f11)", 
    "(above f3 f12)", 
    "(above f3 f13)", 
    "(above f4 f5)", 
    "(above f4 f6)", 
    "(above f4 f7)", 
    "(above f4 f8)", 
    "(above f4 f9)", 
    "(above f4 f10)", 
    "(above f4 f11)", 
    "(above f4 f12)", 
    "(above f4 f13)", 
    "(above f5 f6)", 
    "(above f5 f7)", 
    "(above f5 f8)", 
    "(above f5 f9)", 
    "(above f5 f10)", 
    "(above f5 f11)", 
    "(above f5 f12)", 
    "(above f5 f13)", 
    "(above f6 f7)", 
    "(above f6 f8)", 
    "(above f6 f9)", 
    "(above f6 f10)", 
    "(above f6 f11)", 
    "(above f6 f12)", 
    "(above f6 f13)", 
    "(above f7 f8)", 
    "(above f7 f9)", 
    "(above f7 f10)", 
    "(above f7 f11)", 
    "(above f7 f12)", 
    "(above f7 f13)", 
    "(above f8 f9)", 
    "(above f8 f10)", 
    "(above f8 f11)", 
    "(above f8 f12)", 
    "(above f8 f13)", 
    "(above f9 f10)", 
    "(above f9 f11)", 
    "(above f9 f12)", 
    "(above f9 f13)", 
    "(above f10 f11)", 
    "(above f10 f12)", 
    "(above f10 f13)", 
    "(above f11 f12)", 
    "(above f11 f13)", 
    "(above f12 f13)", 
    "(origin p0 f7)", 
    "(destin p0 f5)", 
    "(origin p1 f0)", 
    "(destin p1 f13)", 
    "(origin p2 f9)", 
    "(destin p2 f6)", 
    "(origin p3 f7)", 
    "(destin p3 f2)", 
    "(origin p4 f13)", 
    "(destin p4 f12)", 
    "(origin p5 f5)", 
    "(destin p5 f12)", 
    "(origin p6 f0)", 
    "(destin p6 f8)", 
    "(lift-at f0)"
  ], 
  "negative_goals": [], 
  "problem_id": 1040, 
  "positive_goals": [
    "(served p0)", 
    "(served p1)", 
    "(served p2)", 
    "(served p3)", 
    "(served p4)", 
    "(served p5)", 
    "(served p6)"
  ], 
  "plan_length": 25, 
  "plan_literals": [
    {
      "action": "(board f0 p6)", 
      "add_list": [
        "(boarded p6)"
      ], 
      "state": 0, 
      "literals": [
        "(above f0 f1)", 
        "(above f0 f2)", 
        "(above f0 f3)", 
        "(above f0 f4)", 
        "(above f0 f5)", 
        "(above f0 f6)", 
        "(above f0 f7)", 
        "(above f0 f8)", 
        "(above f0 f9)", 
        "(above f0 f10)", 
        "(above f0 f11)", 
        "(above f0 f12)", 
        "(above f0 f13)", 
        "(above f1 f2)", 
        "(above f1 f3)", 
        "(above f1 f4)", 
        "(above f1 f5)", 
        "(above f1 f6)", 
        "(above f1 f7)", 
        "(above f1 f8)", 
        "(above f1 f9)", 
        "(above f1 f10)", 
        "(above f1 f11)", 
        "(above f1 f12)", 
        "(above f1 f13)", 
        "(above f2 f3)", 
        "(above f2 f4)", 
        "(above f2 f5)", 
        "(above f2 f6)", 
        "(above f2 f7)", 
        "(above f2 f8)", 
        "(above f2 f9)", 
        "(above f2 f10)", 
        "(above f2 f11)", 
        "(above f2 f12)", 
        "(above f2 f13)", 
        "(above f3 f4)", 
        "(above f3 f5)", 
        "(above f3 f6)", 
        "(above f3 f7)", 
        "(above f3 f8)", 
        "(above f3 f9)", 
        "(above f3 f10)", 
        "(above f3 f11)", 
        "(above f3 f12)", 
        "(above f3 f13)", 
        "(above f4 f5)", 
        "(above f4 f6)", 
        "(above f4 f7)", 
        "(above f4 f8)", 
        "(above f4 f9)", 
        "(above f4 f10)", 
        "(above f4 f11)", 
        "(above f4 f12)", 
        "(above f4 f13)", 
        "(above f5 f6)", 
        "(above f5 f7)", 
        "(above f5 f8)", 
        "(above f5 f9)", 
        "(above f5 f10)", 
        "(above f5 f11)", 
        "(above f5 f12)", 
        "(above f5 f13)", 
        "(above f6 f7)", 
        "(above f6 f8)", 
        "(above f6 f9)", 
        "(above f6 f10)", 
        "(above f6 f11)", 
        "(above f6 f12)", 
        "(above f6 f13)", 
        "(above f7 f8)", 
        "(above f7 f9)", 
        "(above f7 f10)", 
        "(above f7 f11)", 
        "(above f7 f12)", 
        "(above f7 f13)", 
        "(above f8 f9)", 
        "(above f8 f10)", 
        "(above f8 f11)", 
        "(above f8 f12)", 
        "(above f8 f13)", 
        "(above f9 f10)", 
        "(above f9 f11)", 
        "(above f9 f12)", 
        "(above f9 f13)", 
        "(above f10 f11)", 
        "(above f10 f12)", 
        "(above f10 f13)", 
        "(above f11 f12)", 
        "(above f11 f13)", 
        "(above f12 f13)", 
        "(origin p0 f7)", 
        "(destin p0 f5)", 
        "(origin p1 f0)", 
        "(destin p1 f13)", 
        "(origin p2 f9)", 
        "(destin p2 f6)", 
        "(origin p3 f7)", 
        "(destin p3 f2)", 
        "(origin p4 f13)", 
        "(destin p4 f12)", 
        "(origin p5 f5)", 
        "(destin p5 f12)", 
        "(origin p6 f0)", 
        "(destin p6 f8)", 
        "(lift-at f0)", 
        "(boarded p6)"
      ], 
      "delete_list": []
    }, 
    {
      "action": "(up f0 f7)", 
      "add_list": [
        "(lift-at f7)"
      ], 
      "state": 1, 
      "literals": [
        "(above f0 f1)", 
        "(above f0 f2)", 
        "(above f0 f3)", 
        "(above f0 f4)", 
        "(above f0 f5)", 
        "(above f0 f6)", 
        "(above f0 f7)", 
        "(above f0 f8)", 
        "(above f0 f9)", 
        "(above f0 f10)", 
        "(above f0 f11)", 
        "(above f0 f12)", 
        "(above f0 f13)", 
        "(above f1 f2)", 
        "(above f1 f3)", 
        "(above f1 f4)", 
        "(above f1 f5)", 
        "(above f1 f6)", 
        "(above f1 f7)", 
        "(above f1 f8)", 
        "(above f1 f9)", 
        "(above f1 f10)", 
        "(above f1 f11)", 
        "(above f1 f12)", 
        "(above f1 f13)", 
        "(above f2 f3)", 
        "(above f2 f4)", 
        "(above f2 f5)", 
        "(above f2 f6)", 
        "(above f2 f7)", 
        "(above f2 f8)", 
        "(above f2 f9)", 
        "(above f2 f10)", 
        "(above f2 f11)", 
        "(above f2 f12)", 
        "(above f2 f13)", 
        "(above f3 f4)", 
        "(above f3 f5)", 
        "(above f3 f6)", 
        "(above f3 f7)", 
        "(above f3 f8)", 
        "(above f3 f9)", 
        "(above f3 f10)", 
        "(above f3 f11)", 
        "(above f3 f12)", 
        "(above f3 f13)", 
        "(above f4 f5)", 
        "(above f4 f6)", 
        "(above f4 f7)", 
        "(above f4 f8)", 
        "(above f4 f9)", 
        "(above f4 f10)", 
        "(above f4 f11)", 
        "(above f4 f12)", 
        "(above f4 f13)", 
        "(above f5 f6)", 
        "(above f5 f7)", 
        "(above f5 f8)", 
        "(above f5 f9)", 
        "(above f5 f10)", 
        "(above f5 f11)", 
        "(above f5 f12)", 
        "(above f5 f13)", 
        "(above f6 f7)", 
        "(above f6 f8)", 
        "(above f6 f9)", 
        "(above f6 f10)", 
        "(above f6 f11)", 
        "(above f6 f12)", 
        "(above f6 f13)", 
        "(above f7 f8)", 
        "(above f7 f9)", 
        "(above f7 f10)", 
        "(above f7 f11)", 
        "(above f7 f12)", 
        "(above f7 f13)", 
        "(above f8 f9)", 
        "(above f8 f10)", 
        "(above f8 f11)", 
        "(above f8 f12)", 
        "(above f8 f13)", 
        "(above f9 f10)", 
        "(above f9 f11)", 
        "(above f9 f12)", 
        "(above f9 f13)", 
        "(above f10 f11)", 
        "(above f10 f12)", 
        "(above f10 f13)", 
        "(above f11 f12)", 
        "(above f11 f13)", 
        "(above f12 f13)", 
        "(origin p0 f7)", 
        "(destin p0 f5)", 
        "(origin p1 f0)", 
        "(destin p1 f13)", 
        "(origin p2 f9)", 
        "(destin p2 f6)", 
        "(origin p3 f7)", 
        "(destin p3 f2)", 
        "(origin p4 f13)", 
        "(destin p4 f12)", 
        "(origin p5 f5)", 
        "(destin p5 f12)", 
        "(origin p6 f0)", 
        "(destin p6 f8)", 
        "(boarded p6)", 
        "(lift-at f7)"
      ], 
      "delete_list": [
        "(lift-at f0)"
      ]
    }, 
    {
      "action": "(board f7 p3)", 
      "add_list": [
        "(boarded p3)"
      ], 
      "state": 2, 
      "literals": [
        "(above f0 f1)", 
        "(above f0 f2)", 
        "(above f0 f3)", 
        "(above f0 f4)", 
        "(above f0 f5)", 
        "(above f0 f6)", 
        "(above f0 f7)", 
        "(above f0 f8)", 
        "(above f0 f9)", 
        "(above f0 f10)", 
        "(above f0 f11)", 
        "(above f0 f12)", 
        "(above f0 f13)", 
        "(above f1 f2)", 
        "(above f1 f3)", 
        "(above f1 f4)", 
        "(above f1 f5)", 
        "(above f1 f6)", 
        "(above f1 f7)", 
        "(above f1 f8)", 
        "(above f1 f9)", 
        "(above f1 f10)", 
        "(above f1 f11)", 
        "(above f1 f12)", 
        "(above f1 f13)", 
        "(above f2 f3)", 
        "(above f2 f4)", 
        "(above f2 f5)", 
        "(above f2 f6)", 
        "(above f2 f7)", 
        "(above f2 f8)", 
        "(above f2 f9)", 
        "(above f2 f10)", 
        "(above f2 f11)", 
        "(above f2 f12)", 
        "(above f2 f13)", 
        "(above f3 f4)", 
        "(above f3 f5)", 
        "(above f3 f6)", 
        "(above f3 f7)", 
        "(above f3 f8)", 
        "(above f3 f9)", 
        "(above f3 f10)", 
        "(above f3 f11)", 
        "(above f3 f12)", 
        "(above f3 f13)", 
        "(above f4 f5)", 
        "(above f4 f6)", 
        "(above f4 f7)", 
        "(above f4 f8)", 
        "(above f4 f9)", 
        "(above f4 f10)", 
        "(above f4 f11)", 
        "(above f4 f12)", 
        "(above f4 f13)", 
        "(above f5 f6)", 
        "(above f5 f7)", 
        "(above f5 f8)", 
        "(above f5 f9)", 
        "(above f5 f10)", 
        "(above f5 f11)", 
        "(above f5 f12)", 
        "(above f5 f13)", 
        "(above f6 f7)", 
        "(above f6 f8)", 
        "(above f6 f9)", 
        "(above f6 f10)", 
        "(above f6 f11)", 
        "(above f6 f12)", 
        "(above f6 f13)", 
        "(above f7 f8)", 
        "(above f7 f9)", 
        "(above f7 f10)", 
        "(above f7 f11)", 
        "(above f7 f12)", 
        "(above f7 f13)", 
        "(above f8 f9)", 
        "(above f8 f10)", 
        "(above f8 f11)", 
        "(above f8 f12)", 
        "(above f8 f13)", 
        "(above f9 f10)", 
        "(above f9 f11)", 
        "(above f9 f12)", 
        "(above f9 f13)", 
        "(above f10 f11)", 
        "(above f10 f12)", 
        "(above f10 f13)", 
        "(above f11 f12)", 
        "(above f11 f13)", 
        "(above f12 f13)", 
        "(origin p0 f7)", 
        "(destin p0 f5)", 
        "(origin p1 f0)", 
        "(destin p1 f13)", 
        "(origin p2 f9)", 
        "(destin p2 f6)", 
        "(origin p3 f7)", 
        "(destin p3 f2)", 
        "(origin p4 f13)", 
        "(destin p4 f12)", 
        "(origin p5 f5)", 
        "(destin p5 f12)", 
        "(origin p6 f0)", 
        "(destin p6 f8)", 
        "(boarded p6)", 
        "(lift-at f7)", 
        "(boarded p3)"
      ], 
      "delete_list": []
    }, 
    {
      "action": "(board f7 p0)", 
      "add_list": [
        "(boarded p0)"
      ], 
      "state": 3, 
      "literals": [
        "(above f0 f1)", 
        "(above f0 f2)", 
        "(above f0 f3)", 
        "(above f0 f4)", 
        "(above f0 f5)", 
        "(above f0 f6)", 
        "(above f0 f7)", 
        "(above f0 f8)", 
        "(above f0 f9)", 
        "(above f0 f10)", 
        "(above f0 f11)", 
        "(above f0 f12)", 
        "(above f0 f13)", 
        "(above f1 f2)", 
        "(above f1 f3)", 
        "(above f1 f4)", 
        "(above f1 f5)", 
        "(above f1 f6)", 
        "(above f1 f7)", 
        "(above f1 f8)", 
        "(above f1 f9)", 
        "(above f1 f10)", 
        "(above f1 f11)", 
        "(above f1 f12)", 
        "(above f1 f13)", 
        "(above f2 f3)", 
        "(above f2 f4)", 
        "(above f2 f5)", 
        "(above f2 f6)", 
        "(above f2 f7)", 
        "(above f2 f8)", 
        "(above f2 f9)", 
        "(above f2 f10)", 
        "(above f2 f11)", 
        "(above f2 f12)", 
        "(above f2 f13)", 
        "(above f3 f4)", 
        "(above f3 f5)", 
        "(above f3 f6)", 
        "(above f3 f7)", 
        "(above f3 f8)", 
        "(above f3 f9)", 
        "(above f3 f10)", 
        "(above f3 f11)", 
        "(above f3 f12)", 
        "(above f3 f13)", 
        "(above f4 f5)", 
        "(above f4 f6)", 
        "(above f4 f7)", 
        "(above f4 f8)", 
        "(above f4 f9)", 
        "(above f4 f10)", 
        "(above f4 f11)", 
        "(above f4 f12)", 
        "(above f4 f13)", 
        "(above f5 f6)", 
        "(above f5 f7)", 
        "(above f5 f8)", 
        "(above f5 f9)", 
        "(above f5 f10)", 
        "(above f5 f11)", 
        "(above f5 f12)", 
        "(above f5 f13)", 
        "(above f6 f7)", 
        "(above f6 f8)", 
        "(above f6 f9)", 
        "(above f6 f10)", 
        "(above f6 f11)", 
        "(above f6 f12)", 
        "(above f6 f13)", 
        "(above f7 f8)", 
        "(above f7 f9)", 
        "(above f7 f10)", 
        "(above f7 f11)", 
        "(above f7 f12)", 
        "(above f7 f13)", 
        "(above f8 f9)", 
        "(above f8 f10)", 
        "(above f8 f11)", 
        "(above f8 f12)", 
        "(above f8 f13)", 
        "(above f9 f10)", 
        "(above f9 f11)", 
        "(above f9 f12)", 
        "(above f9 f13)", 
        "(above f10 f11)", 
        "(above f10 f12)", 
        "(above f10 f13)", 
        "(above f11 f12)", 
        "(above f11 f13)", 
        "(above f12 f13)", 
        "(origin p0 f7)", 
        "(destin p0 f5)", 
        "(origin p1 f0)", 
        "(destin p1 f13)", 
        "(origin p2 f9)", 
        "(destin p2 f6)", 
        "(origin p3 f7)", 
        "(destin p3 f2)", 
        "(origin p4 f13)", 
        "(destin p4 f12)", 
        "(origin p5 f5)", 
        "(destin p5 f12)", 
        "(origin p6 f0)", 
        "(destin p6 f8)", 
        "(boarded p6)", 
        "(lift-at f7)", 
        "(boarded p3)", 
        "(boarded p0)"
      ], 
      "delete_list": []
    }, 
    {
      "action": "(down f7 f5)", 
      "add_list": [
        "(lift-at f5)"
      ], 
      "state": 4, 
      "literals": [
        "(above f0 f1)", 
        "(above f0 f2)", 
        "(above f0 f3)", 
        "(above f0 f4)", 
        "(above f0 f5)", 
        "(above f0 f6)", 
        "(above f0 f7)", 
        "(above f0 f8)", 
        "(above f0 f9)", 
        "(above f0 f10)", 
        "(above f0 f11)", 
        "(above f0 f12)", 
        "(above f0 f13)", 
        "(above f1 f2)", 
        "(above f1 f3)", 
        "(above f1 f4)", 
        "(above f1 f5)", 
        "(above f1 f6)", 
        "(above f1 f7)", 
        "(above f1 f8)", 
        "(above f1 f9)", 
        "(above f1 f10)", 
        "(above f1 f11)", 
        "(above f1 f12)", 
        "(above f1 f13)", 
        "(above f2 f3)", 
        "(above f2 f4)", 
        "(above f2 f5)", 
        "(above f2 f6)", 
        "(above f2 f7)", 
        "(above f2 f8)", 
        "(above f2 f9)", 
        "(above f2 f10)", 
        "(above f2 f11)", 
        "(above f2 f12)", 
        "(above f2 f13)", 
        "(above f3 f4)", 
        "(above f3 f5)", 
        "(above f3 f6)", 
        "(above f3 f7)", 
        "(above f3 f8)", 
        "(above f3 f9)", 
        "(above f3 f10)", 
        "(above f3 f11)", 
        "(above f3 f12)", 
        "(above f3 f13)", 
        "(above f4 f5)", 
        "(above f4 f6)", 
        "(above f4 f7)", 
        "(above f4 f8)", 
        "(above f4 f9)", 
        "(above f4 f10)", 
        "(above f4 f11)", 
        "(above f4 f12)", 
        "(above f4 f13)", 
        "(above f5 f6)", 
        "(above f5 f7)", 
        "(above f5 f8)", 
        "(above f5 f9)", 
        "(above f5 f10)", 
        "(above f5 f11)", 
        "(above f5 f12)", 
        "(above f5 f13)", 
        "(above f6 f7)", 
        "(above f6 f8)", 
        "(above f6 f9)", 
        "(above f6 f10)", 
        "(above f6 f11)", 
        "(above f6 f12)", 
        "(above f6 f13)", 
        "(above f7 f8)", 
        "(above f7 f9)", 
        "(above f7 f10)", 
        "(above f7 f11)", 
        "(above f7 f12)", 
        "(above f7 f13)", 
        "(above f8 f9)", 
        "(above f8 f10)", 
        "(above f8 f11)", 
        "(above f8 f12)", 
        "(above f8 f13)", 
        "(above f9 f10)", 
        "(above f9 f11)", 
        "(above f9 f12)", 
        "(above f9 f13)", 
        "(above f10 f11)", 
        "(above f10 f12)", 
        "(above f10 f13)", 
        "(above f11 f12)", 
        "(above f11 f13)", 
        "(above f12 f13)", 
        "(origin p0 f7)", 
        "(destin p0 f5)", 
        "(origin p1 f0)", 
        "(destin p1 f13)", 
        "(origin p2 f9)", 
        "(destin p2 f6)", 
        "(origin p3 f7)", 
        "(destin p3 f2)", 
        "(origin p4 f13)", 
        "(destin p4 f12)", 
        "(origin p5 f5)", 
        "(destin p5 f12)", 
        "(origin p6 f0)", 
        "(destin p6 f8)", 
        "(boarded p6)", 
        "(boarded p3)", 
        "(boarded p0)", 
        "(lift-at f5)"
      ], 
      "delete_list": [
        "(lift-at f7)"
      ]
    }, 
    {
      "action": "(depart f5 p0)", 
      "add_list": [
        "(served p0)"
      ], 
      "state": 5, 
      "literals": [
        "(above f0 f1)", 
        "(above f0 f2)", 
        "(above f0 f3)", 
        "(above f0 f4)", 
        "(above f0 f5)", 
        "(above f0 f6)", 
        "(above f0 f7)", 
        "(above f0 f8)", 
        "(above f0 f9)", 
        "(above f0 f10)", 
        "(above f0 f11)", 
        "(above f0 f12)", 
        "(above f0 f13)", 
        "(above f1 f2)", 
        "(above f1 f3)", 
        "(above f1 f4)", 
        "(above f1 f5)", 
        "(above f1 f6)", 
        "(above f1 f7)", 
        "(above f1 f8)", 
        "(above f1 f9)", 
        "(above f1 f10)", 
        "(above f1 f11)", 
        "(above f1 f12)", 
        "(above f1 f13)", 
        "(above f2 f3)", 
        "(above f2 f4)", 
        "(above f2 f5)", 
        "(above f2 f6)", 
        "(above f2 f7)", 
        "(above f2 f8)", 
        "(above f2 f9)", 
        "(above f2 f10)", 
        "(above f2 f11)", 
        "(above f2 f12)", 
        "(above f2 f13)", 
        "(above f3 f4)", 
        "(above f3 f5)", 
        "(above f3 f6)", 
        "(above f3 f7)", 
        "(above f3 f8)", 
        "(above f3 f9)", 
        "(above f3 f10)", 
        "(above f3 f11)", 
        "(above f3 f12)", 
        "(above f3 f13)", 
        "(above f4 f5)", 
        "(above f4 f6)", 
        "(above f4 f7)", 
        "(above f4 f8)", 
        "(above f4 f9)", 
        "(above f4 f10)", 
        "(above f4 f11)", 
        "(above f4 f12)", 
        "(above f4 f13)", 
        "(above f5 f6)", 
        "(above f5 f7)", 
        "(above f5 f8)", 
        "(above f5 f9)", 
        "(above f5 f10)", 
        "(above f5 f11)", 
        "(above f5 f12)", 
        "(above f5 f13)", 
        "(above f6 f7)", 
        "(above f6 f8)", 
        "(above f6 f9)", 
        "(above f6 f10)", 
        "(above f6 f11)", 
        "(above f6 f12)", 
        "(above f6 f13)", 
        "(above f7 f8)", 
        "(above f7 f9)", 
        "(above f7 f10)", 
        "(above f7 f11)", 
        "(above f7 f12)", 
        "(above f7 f13)", 
        "(above f8 f9)", 
        "(above f8 f10)", 
        "(above f8 f11)", 
        "(above f8 f12)", 
        "(above f8 f13)", 
        "(above f9 f10)", 
        "(above f9 f11)", 
        "(above f9 f12)", 
        "(above f9 f13)", 
        "(above f10 f11)", 
        "(above f10 f12)", 
        "(above f10 f13)", 
        "(above f11 f12)", 
        "(above f11 f13)", 
        "(above f12 f13)", 
        "(origin p0 f7)", 
        "(destin p0 f5)", 
        "(origin p1 f0)", 
        "(destin p1 f13)", 
        "(origin p2 f9)", 
        "(destin p2 f6)", 
        "(origin p3 f7)", 
        "(destin p3 f2)", 
        "(origin p4 f13)", 
        "(destin p4 f12)", 
        "(origin p5 f5)", 
        "(destin p5 f12)", 
        "(origin p6 f0)", 
        "(destin p6 f8)", 
        "(boarded p6)", 
        "(boarded p3)", 
        "(lift-at f5)", 
        "(served p0)"
      ], 
      "delete_list": [
        "(boarded p0)"
      ]
    }, 
    {
      "action": "(board f5 p5)", 
      "add_list": [
        "(boarded p5)"
      ], 
      "state": 6, 
      "literals": [
        "(above f0 f1)", 
        "(above f0 f2)", 
        "(above f0 f3)", 
        "(above f0 f4)", 
        "(above f0 f5)", 
        "(above f0 f6)", 
        "(above f0 f7)", 
        "(above f0 f8)", 
        "(above f0 f9)", 
        "(above f0 f10)", 
        "(above f0 f11)", 
        "(above f0 f12)", 
        "(above f0 f13)", 
        "(above f1 f2)", 
        "(above f1 f3)", 
        "(above f1 f4)", 
        "(above f1 f5)", 
        "(above f1 f6)", 
        "(above f1 f7)", 
        "(above f1 f8)", 
        "(above f1 f9)", 
        "(above f1 f10)", 
        "(above f1 f11)", 
        "(above f1 f12)", 
        "(above f1 f13)", 
        "(above f2 f3)", 
        "(above f2 f4)", 
        "(above f2 f5)", 
        "(above f2 f6)", 
        "(above f2 f7)", 
        "(above f2 f8)", 
        "(above f2 f9)", 
        "(above f2 f10)", 
        "(above f2 f11)", 
        "(above f2 f12)", 
        "(above f2 f13)", 
        "(above f3 f4)", 
        "(above f3 f5)", 
        "(above f3 f6)", 
        "(above f3 f7)", 
        "(above f3 f8)", 
        "(above f3 f9)", 
        "(above f3 f10)", 
        "(above f3 f11)", 
        "(above f3 f12)", 
        "(above f3 f13)", 
        "(above f4 f5)", 
        "(above f4 f6)", 
        "(above f4 f7)", 
        "(above f4 f8)", 
        "(above f4 f9)", 
        "(above f4 f10)", 
        "(above f4 f11)", 
        "(above f4 f12)", 
        "(above f4 f13)", 
        "(above f5 f6)", 
        "(above f5 f7)", 
        "(above f5 f8)", 
        "(above f5 f9)", 
        "(above f5 f10)", 
        "(above f5 f11)", 
        "(above f5 f12)", 
        "(above f5 f13)", 
        "(above f6 f7)", 
        "(above f6 f8)", 
        "(above f6 f9)", 
        "(above f6 f10)", 
        "(above f6 f11)", 
        "(above f6 f12)", 
        "(above f6 f13)", 
        "(above f7 f8)", 
        "(above f7 f9)", 
        "(above f7 f10)", 
        "(above f7 f11)", 
        "(above f7 f12)", 
        "(above f7 f13)", 
        "(above f8 f9)", 
        "(above f8 f10)", 
        "(above f8 f11)", 
        "(above f8 f12)", 
        "(above f8 f13)", 
        "(above f9 f10)", 
        "(above f9 f11)", 
        "(above f9 f12)", 
        "(above f9 f13)", 
        "(above f10 f11)", 
        "(above f10 f12)", 
        "(above f10 f13)", 
        "(above f11 f12)", 
        "(above f11 f13)", 
        "(above f12 f13)", 
        "(origin p0 f7)", 
        "(destin p0 f5)", 
        "(origin p1 f0)", 
        "(destin p1 f13)", 
        "(origin p2 f9)", 
        "(destin p2 f6)", 
        "(origin p3 f7)", 
        "(destin p3 f2)", 
        "(origin p4 f13)", 
        "(destin p4 f12)", 
        "(origin p5 f5)", 
        "(destin p5 f12)", 
        "(origin p6 f0)", 
        "(destin p6 f8)", 
        "(boarded p6)", 
        "(boarded p3)", 
        "(lift-at f5)", 
        "(served p0)", 
        "(boarded p5)"
      ], 
      "delete_list": []
    }, 
    {
      "action": "(up f5 f12)", 
      "add_list": [
        "(lift-at f12)"
      ], 
      "state": 7, 
      "literals": [
        "(above f0 f1)", 
        "(above f0 f2)", 
        "(above f0 f3)", 
        "(above f0 f4)", 
        "(above f0 f5)", 
        "(above f0 f6)", 
        "(above f0 f7)", 
        "(above f0 f8)", 
        "(above f0 f9)", 
        "(above f0 f10)", 
        "(above f0 f11)", 
        "(above f0 f12)", 
        "(above f0 f13)", 
        "(above f1 f2)", 
        "(above f1 f3)", 
        "(above f1 f4)", 
        "(above f1 f5)", 
        "(above f1 f6)", 
        "(above f1 f7)", 
        "(above f1 f8)", 
        "(above f1 f9)", 
        "(above f1 f10)", 
        "(above f1 f11)", 
        "(above f1 f12)", 
        "(above f1 f13)", 
        "(above f2 f3)", 
        "(above f2 f4)", 
        "(above f2 f5)", 
        "(above f2 f6)", 
        "(above f2 f7)", 
        "(above f2 f8)", 
        "(above f2 f9)", 
        "(above f2 f10)", 
        "(above f2 f11)", 
        "(above f2 f12)", 
        "(above f2 f13)", 
        "(above f3 f4)", 
        "(above f3 f5)", 
        "(above f3 f6)", 
        "(above f3 f7)", 
        "(above f3 f8)", 
        "(above f3 f9)", 
        "(above f3 f10)", 
        "(above f3 f11)", 
        "(above f3 f12)", 
        "(above f3 f13)", 
        "(above f4 f5)", 
        "(above f4 f6)", 
        "(above f4 f7)", 
        "(above f4 f8)", 
        "(above f4 f9)", 
        "(above f4 f10)", 
        "(above f4 f11)", 
        "(above f4 f12)", 
        "(above f4 f13)", 
        "(above f5 f6)", 
        "(above f5 f7)", 
        "(above f5 f8)", 
        "(above f5 f9)", 
        "(above f5 f10)", 
        "(above f5 f11)", 
        "(above f5 f12)", 
        "(above f5 f13)", 
        "(above f6 f7)", 
        "(above f6 f8)", 
        "(above f6 f9)", 
        "(above f6 f10)", 
        "(above f6 f11)", 
        "(above f6 f12)", 
        "(above f6 f13)", 
        "(above f7 f8)", 
        "(above f7 f9)", 
        "(above f7 f10)", 
        "(above f7 f11)", 
        "(above f7 f12)", 
        "(above f7 f13)", 
        "(above f8 f9)", 
        "(above f8 f10)", 
        "(above f8 f11)", 
        "(above f8 f12)", 
        "(above f8 f13)", 
        "(above f9 f10)", 
        "(above f9 f11)", 
        "(above f9 f12)", 
        "(above f9 f13)", 
        "(above f10 f11)", 
        "(above f10 f12)", 
        "(above f10 f13)", 
        "(above f11 f12)", 
        "(above f11 f13)", 
        "(above f12 f13)", 
        "(origin p0 f7)", 
        "(destin p0 f5)", 
        "(origin p1 f0)", 
        "(destin p1 f13)", 
        "(origin p2 f9)", 
        "(destin p2 f6)", 
        "(origin p3 f7)", 
        "(destin p3 f2)", 
        "(origin p4 f13)", 
        "(destin p4 f12)", 
        "(origin p5 f5)", 
        "(destin p5 f12)", 
        "(origin p6 f0)", 
        "(destin p6 f8)", 
        "(boarded p6)", 
        "(boarded p3)", 
        "(served p0)", 
        "(boarded p5)", 
        "(lift-at f12)"
      ], 
      "delete_list": [
        "(lift-at f5)"
      ]
    }, 
    {
      "action": "(depart f12 p5)", 
      "add_list": [
        "(served p5)"
      ], 
      "state": 8, 
      "literals": [
        "(above f0 f1)", 
        "(above f0 f2)", 
        "(above f0 f3)", 
        "(above f0 f4)", 
        "(above f0 f5)", 
        "(above f0 f6)", 
        "(above f0 f7)", 
        "(above f0 f8)", 
        "(above f0 f9)", 
        "(above f0 f10)", 
        "(above f0 f11)", 
        "(above f0 f12)", 
        "(above f0 f13)", 
        "(above f1 f2)", 
        "(above f1 f3)", 
        "(above f1 f4)", 
        "(above f1 f5)", 
        "(above f1 f6)", 
        "(above f1 f7)", 
        "(above f1 f8)", 
        "(above f1 f9)", 
        "(above f1 f10)", 
        "(above f1 f11)", 
        "(above f1 f12)", 
        "(above f1 f13)", 
        "(above f2 f3)", 
        "(above f2 f4)", 
        "(above f2 f5)", 
        "(above f2 f6)", 
        "(above f2 f7)", 
        "(above f2 f8)", 
        "(above f2 f9)", 
        "(above f2 f10)", 
        "(above f2 f11)", 
        "(above f2 f12)", 
        "(above f2 f13)", 
        "(above f3 f4)", 
        "(above f3 f5)", 
        "(above f3 f6)", 
        "(above f3 f7)", 
        "(above f3 f8)", 
        "(above f3 f9)", 
        "(above f3 f10)", 
        "(above f3 f11)", 
        "(above f3 f12)", 
        "(above f3 f13)", 
        "(above f4 f5)", 
        "(above f4 f6)", 
        "(above f4 f7)", 
        "(above f4 f8)", 
        "(above f4 f9)", 
        "(above f4 f10)", 
        "(above f4 f11)", 
        "(above f4 f12)", 
        "(above f4 f13)", 
        "(above f5 f6)", 
        "(above f5 f7)", 
        "(above f5 f8)", 
        "(above f5 f9)", 
        "(above f5 f10)", 
        "(above f5 f11)", 
        "(above f5 f12)", 
        "(above f5 f13)", 
        "(above f6 f7)", 
        "(above f6 f8)", 
        "(above f6 f9)", 
        "(above f6 f10)", 
        "(above f6 f11)", 
        "(above f6 f12)", 
        "(above f6 f13)", 
        "(above f7 f8)", 
        "(above f7 f9)", 
        "(above f7 f10)", 
        "(above f7 f11)", 
        "(above f7 f12)", 
        "(above f7 f13)", 
        "(above f8 f9)", 
        "(above f8 f10)", 
        "(above f8 f11)", 
        "(above f8 f12)", 
        "(above f8 f13)", 
        "(above f9 f10)", 
        "(above f9 f11)", 
        "(above f9 f12)", 
        "(above f9 f13)", 
        "(above f10 f11)", 
        "(above f10 f12)", 
        "(above f10 f13)", 
        "(above f11 f12)", 
        "(above f11 f13)", 
        "(above f12 f13)", 
        "(origin p0 f7)", 
        "(destin p0 f5)", 
        "(origin p1 f0)", 
        "(destin p1 f13)", 
        "(origin p2 f9)", 
        "(destin p2 f6)", 
        "(origin p3 f7)", 
        "(destin p3 f2)", 
        "(origin p4 f13)", 
        "(destin p4 f12)", 
        "(origin p5 f5)", 
        "(destin p5 f12)", 
        "(origin p6 f0)", 
        "(destin p6 f8)", 
        "(boarded p6)", 
        "(boarded p3)", 
        "(served p0)", 
        "(lift-at f12)", 
        "(served p5)"
      ], 
      "delete_list": [
        "(boarded p5)"
      ]
    }, 
    {
      "action": "(up f12 f13)", 
      "add_list": [
        "(lift-at f13)"
      ], 
      "state": 9, 
      "literals": [
        "(above f0 f1)", 
        "(above f0 f2)", 
        "(above f0 f3)", 
        "(above f0 f4)", 
        "(above f0 f5)", 
        "(above f0 f6)", 
        "(above f0 f7)", 
        "(above f0 f8)", 
        "(above f0 f9)", 
        "(above f0 f10)", 
        "(above f0 f11)", 
        "(above f0 f12)", 
        "(above f0 f13)", 
        "(above f1 f2)", 
        "(above f1 f3)", 
        "(above f1 f4)", 
        "(above f1 f5)", 
        "(above f1 f6)", 
        "(above f1 f7)", 
        "(above f1 f8)", 
        "(above f1 f9)", 
        "(above f1 f10)", 
        "(above f1 f11)", 
        "(above f1 f12)", 
        "(above f1 f13)", 
        "(above f2 f3)", 
        "(above f2 f4)", 
        "(above f2 f5)", 
        "(above f2 f6)", 
        "(above f2 f7)", 
        "(above f2 f8)", 
        "(above f2 f9)", 
        "(above f2 f10)", 
        "(above f2 f11)", 
        "(above f2 f12)", 
        "(above f2 f13)", 
        "(above f3 f4)", 
        "(above f3 f5)", 
        "(above f3 f6)", 
        "(above f3 f7)", 
        "(above f3 f8)", 
        "(above f3 f9)", 
        "(above f3 f10)", 
        "(above f3 f11)", 
        "(above f3 f12)", 
        "(above f3 f13)", 
        "(above f4 f5)", 
        "(above f4 f6)", 
        "(above f4 f7)", 
        "(above f4 f8)", 
        "(above f4 f9)", 
        "(above f4 f10)", 
        "(above f4 f11)", 
        "(above f4 f12)", 
        "(above f4 f13)", 
        "(above f5 f6)", 
        "(above f5 f7)", 
        "(above f5 f8)", 
        "(above f5 f9)", 
        "(above f5 f10)", 
        "(above f5 f11)", 
        "(above f5 f12)", 
        "(above f5 f13)", 
        "(above f6 f7)", 
        "(above f6 f8)", 
        "(above f6 f9)", 
        "(above f6 f10)", 
        "(above f6 f11)", 
        "(above f6 f12)", 
        "(above f6 f13)", 
        "(above f7 f8)", 
        "(above f7 f9)", 
        "(above f7 f10)", 
        "(above f7 f11)", 
        "(above f7 f12)", 
        "(above f7 f13)", 
        "(above f8 f9)", 
        "(above f8 f10)", 
        "(above f8 f11)", 
        "(above f8 f12)", 
        "(above f8 f13)", 
        "(above f9 f10)", 
        "(above f9 f11)", 
        "(above f9 f12)", 
        "(above f9 f13)", 
        "(above f10 f11)", 
        "(above f10 f12)", 
        "(above f10 f13)", 
        "(above f11 f12)", 
        "(above f11 f13)", 
        "(above f12 f13)", 
        "(origin p0 f7)", 
        "(destin p0 f5)", 
        "(origin p1 f0)", 
        "(destin p1 f13)", 
        "(origin p2 f9)", 
        "(destin p2 f6)", 
        "(origin p3 f7)", 
        "(destin p3 f2)", 
        "(origin p4 f13)", 
        "(destin p4 f12)", 
        "(origin p5 f5)", 
        "(destin p5 f12)", 
        "(origin p6 f0)", 
        "(destin p6 f8)", 
        "(boarded p6)", 
        "(boarded p3)", 
        "(served p0)", 
        "(served p5)", 
        "(lift-at f13)"
      ], 
      "delete_list": [
        "(lift-at f12)"
      ]
    }, 
    {
      "action": "(board f13 p4)", 
      "add_list": [
        "(boarded p4)"
      ], 
      "state": 10, 
      "literals": [
        "(above f0 f1)", 
        "(above f0 f2)", 
        "(above f0 f3)", 
        "(above f0 f4)", 
        "(above f0 f5)", 
        "(above f0 f6)", 
        "(above f0 f7)", 
        "(above f0 f8)", 
        "(above f0 f9)", 
        "(above f0 f10)", 
        "(above f0 f11)", 
        "(above f0 f12)", 
        "(above f0 f13)", 
        "(above f1 f2)", 
        "(above f1 f3)", 
        "(above f1 f4)", 
        "(above f1 f5)", 
        "(above f1 f6)", 
        "(above f1 f7)", 
        "(above f1 f8)", 
        "(above f1 f9)", 
        "(above f1 f10)", 
        "(above f1 f11)", 
        "(above f1 f12)", 
        "(above f1 f13)", 
        "(above f2 f3)", 
        "(above f2 f4)", 
        "(above f2 f5)", 
        "(above f2 f6)", 
        "(above f2 f7)", 
        "(above f2 f8)", 
        "(above f2 f9)", 
        "(above f2 f10)", 
        "(above f2 f11)", 
        "(above f2 f12)", 
        "(above f2 f13)", 
        "(above f3 f4)", 
        "(above f3 f5)", 
        "(above f3 f6)", 
        "(above f3 f7)", 
        "(above f3 f8)", 
        "(above f3 f9)", 
        "(above f3 f10)", 
        "(above f3 f11)", 
        "(above f3 f12)", 
        "(above f3 f13)", 
        "(above f4 f5)", 
        "(above f4 f6)", 
        "(above f4 f7)", 
        "(above f4 f8)", 
        "(above f4 f9)", 
        "(above f4 f10)", 
        "(above f4 f11)", 
        "(above f4 f12)", 
        "(above f4 f13)", 
        "(above f5 f6)", 
        "(above f5 f7)", 
        "(above f5 f8)", 
        "(above f5 f9)", 
        "(above f5 f10)", 
        "(above f5 f11)", 
        "(above f5 f12)", 
        "(above f5 f13)", 
        "(above f6 f7)", 
        "(above f6 f8)", 
        "(above f6 f9)", 
        "(above f6 f10)", 
        "(above f6 f11)", 
        "(above f6 f12)", 
        "(above f6 f13)", 
        "(above f7 f8)", 
        "(above f7 f9)", 
        "(above f7 f10)", 
        "(above f7 f11)", 
        "(above f7 f12)", 
        "(above f7 f13)", 
        "(above f8 f9)", 
        "(above f8 f10)", 
        "(above f8 f11)", 
        "(above f8 f12)", 
        "(above f8 f13)", 
        "(above f9 f10)", 
        "(above f9 f11)", 
        "(above f9 f12)", 
        "(above f9 f13)", 
        "(above f10 f11)", 
        "(above f10 f12)", 
        "(above f10 f13)", 
        "(above f11 f12)", 
        "(above f11 f13)", 
        "(above f12 f13)", 
        "(origin p0 f7)", 
        "(destin p0 f5)", 
        "(origin p1 f0)", 
        "(destin p1 f13)", 
        "(origin p2 f9)", 
        "(destin p2 f6)", 
        "(origin p3 f7)", 
        "(destin p3 f2)", 
        "(origin p4 f13)", 
        "(destin p4 f12)", 
        "(origin p5 f5)", 
        "(destin p5 f12)", 
        "(origin p6 f0)", 
        "(destin p6 f8)", 
        "(boarded p6)", 
        "(boarded p3)", 
        "(served p0)", 
        "(served p5)", 
        "(lift-at f13)", 
        "(boarded p4)"
      ], 
      "delete_list": []
    }, 
    {
      "action": "(down f13 f8)", 
      "add_list": [
        "(lift-at f8)"
      ], 
      "state": 11, 
      "literals": [
        "(above f0 f1)", 
        "(above f0 f2)", 
        "(above f0 f3)", 
        "(above f0 f4)", 
        "(above f0 f5)", 
        "(above f0 f6)", 
        "(above f0 f7)", 
        "(above f0 f8)", 
        "(above f0 f9)", 
        "(above f0 f10)", 
        "(above f0 f11)", 
        "(above f0 f12)", 
        "(above f0 f13)", 
        "(above f1 f2)", 
        "(above f1 f3)", 
        "(above f1 f4)", 
        "(above f1 f5)", 
        "(above f1 f6)", 
        "(above f1 f7)", 
        "(above f1 f8)", 
        "(above f1 f9)", 
        "(above f1 f10)", 
        "(above f1 f11)", 
        "(above f1 f12)", 
        "(above f1 f13)", 
        "(above f2 f3)", 
        "(above f2 f4)", 
        "(above f2 f5)", 
        "(above f2 f6)", 
        "(above f2 f7)", 
        "(above f2 f8)", 
        "(above f2 f9)", 
        "(above f2 f10)", 
        "(above f2 f11)", 
        "(above f2 f12)", 
        "(above f2 f13)", 
        "(above f3 f4)", 
        "(above f3 f5)", 
        "(above f3 f6)", 
        "(above f3 f7)", 
        "(above f3 f8)", 
        "(above f3 f9)", 
        "(above f3 f10)", 
        "(above f3 f11)", 
        "(above f3 f12)", 
        "(above f3 f13)", 
        "(above f4 f5)", 
        "(above f4 f6)", 
        "(above f4 f7)", 
        "(above f4 f8)", 
        "(above f4 f9)", 
        "(above f4 f10)", 
        "(above f4 f11)", 
        "(above f4 f12)", 
        "(above f4 f13)", 
        "(above f5 f6)", 
        "(above f5 f7)", 
        "(above f5 f8)", 
        "(above f5 f9)", 
        "(above f5 f10)", 
        "(above f5 f11)", 
        "(above f5 f12)", 
        "(above f5 f13)", 
        "(above f6 f7)", 
        "(above f6 f8)", 
        "(above f6 f9)", 
        "(above f6 f10)", 
        "(above f6 f11)", 
        "(above f6 f12)", 
        "(above f6 f13)", 
        "(above f7 f8)", 
        "(above f7 f9)", 
        "(above f7 f10)", 
        "(above f7 f11)", 
        "(above f7 f12)", 
        "(above f7 f13)", 
        "(above f8 f9)", 
        "(above f8 f10)", 
        "(above f8 f11)", 
        "(above f8 f12)", 
        "(above f8 f13)", 
        "(above f9 f10)", 
        "(above f9 f11)", 
        "(above f9 f12)", 
        "(above f9 f13)", 
        "(above f10 f11)", 
        "(above f10 f12)", 
        "(above f10 f13)", 
        "(above f11 f12)", 
        "(above f11 f13)", 
        "(above f12 f13)", 
        "(origin p0 f7)", 
        "(destin p0 f5)", 
        "(origin p1 f0)", 
        "(destin p1 f13)", 
        "(origin p2 f9)", 
        "(destin p2 f6)", 
        "(origin p3 f7)", 
        "(destin p3 f2)", 
        "(origin p4 f13)", 
        "(destin p4 f12)", 
        "(origin p5 f5)", 
        "(destin p5 f12)", 
        "(origin p6 f0)", 
        "(destin p6 f8)", 
        "(boarded p6)", 
        "(boarded p3)", 
        "(served p0)", 
        "(served p5)", 
        "(boarded p4)", 
        "(lift-at f8)"
      ], 
      "delete_list": [
        "(lift-at f13)"
      ]
    }, 
    {
      "action": "(depart f8 p6)", 
      "add_list": [
        "(served p6)"
      ], 
      "state": 12, 
      "literals": [
        "(above f0 f1)", 
        "(above f0 f2)", 
        "(above f0 f3)", 
        "(above f0 f4)", 
        "(above f0 f5)", 
        "(above f0 f6)", 
        "(above f0 f7)", 
        "(above f0 f8)", 
        "(above f0 f9)", 
        "(above f0 f10)", 
        "(above f0 f11)", 
        "(above f0 f12)", 
        "(above f0 f13)", 
        "(above f1 f2)", 
        "(above f1 f3)", 
        "(above f1 f4)", 
        "(above f1 f5)", 
        "(above f1 f6)", 
        "(above f1 f7)", 
        "(above f1 f8)", 
        "(above f1 f9)", 
        "(above f1 f10)", 
        "(above f1 f11)", 
        "(above f1 f12)", 
        "(above f1 f13)", 
        "(above f2 f3)", 
        "(above f2 f4)", 
        "(above f2 f5)", 
        "(above f2 f6)", 
        "(above f2 f7)", 
        "(above f2 f8)", 
        "(above f2 f9)", 
        "(above f2 f10)", 
        "(above f2 f11)", 
        "(above f2 f12)", 
        "(above f2 f13)", 
        "(above f3 f4)", 
        "(above f3 f5)", 
        "(above f3 f6)", 
        "(above f3 f7)", 
        "(above f3 f8)", 
        "(above f3 f9)", 
        "(above f3 f10)", 
        "(above f3 f11)", 
        "(above f3 f12)", 
        "(above f3 f13)", 
        "(above f4 f5)", 
        "(above f4 f6)", 
        "(above f4 f7)", 
        "(above f4 f8)", 
        "(above f4 f9)", 
        "(above f4 f10)", 
        "(above f4 f11)", 
        "(above f4 f12)", 
        "(above f4 f13)", 
        "(above f5 f6)", 
        "(above f5 f7)", 
        "(above f5 f8)", 
        "(above f5 f9)", 
        "(above f5 f10)", 
        "(above f5 f11)", 
        "(above f5 f12)", 
        "(above f5 f13)", 
        "(above f6 f7)", 
        "(above f6 f8)", 
        "(above f6 f9)", 
        "(above f6 f10)", 
        "(above f6 f11)", 
        "(above f6 f12)", 
        "(above f6 f13)", 
        "(above f7 f8)", 
        "(above f7 f9)", 
        "(above f7 f10)", 
        "(above f7 f11)", 
        "(above f7 f12)", 
        "(above f7 f13)", 
        "(above f8 f9)", 
        "(above f8 f10)", 
        "(above f8 f11)", 
        "(above f8 f12)", 
        "(above f8 f13)", 
        "(above f9 f10)", 
        "(above f9 f11)", 
        "(above f9 f12)", 
        "(above f9 f13)", 
        "(above f10 f11)", 
        "(above f10 f12)", 
        "(above f10 f13)", 
        "(above f11 f12)", 
        "(above f11 f13)", 
        "(above f12 f13)", 
        "(origin p0 f7)", 
        "(destin p0 f5)", 
        "(origin p1 f0)", 
        "(destin p1 f13)", 
        "(origin p2 f9)", 
        "(destin p2 f6)", 
        "(origin p3 f7)", 
        "(destin p3 f2)", 
        "(origin p4 f13)", 
        "(destin p4 f12)", 
        "(origin p5 f5)", 
        "(destin p5 f12)", 
        "(origin p6 f0)", 
        "(destin p6 f8)", 
        "(boarded p3)", 
        "(served p0)", 
        "(served p5)", 
        "(boarded p4)", 
        "(lift-at f8)", 
        "(served p6)"
      ], 
      "delete_list": [
        "(boarded p6)"
      ]
    }, 
    {
      "action": "(up f8 f9)", 
      "add_list": [
        "(lift-at f9)"
      ], 
      "state": 13, 
      "literals": [
        "(above f0 f1)", 
        "(above f0 f2)", 
        "(above f0 f3)", 
        "(above f0 f4)", 
        "(above f0 f5)", 
        "(above f0 f6)", 
        "(above f0 f7)", 
        "(above f0 f8)", 
        "(above f0 f9)", 
        "(above f0 f10)", 
        "(above f0 f11)", 
        "(above f0 f12)", 
        "(above f0 f13)", 
        "(above f1 f2)", 
        "(above f1 f3)", 
        "(above f1 f4)", 
        "(above f1 f5)", 
        "(above f1 f6)", 
        "(above f1 f7)", 
        "(above f1 f8)", 
        "(above f1 f9)", 
        "(above f1 f10)", 
        "(above f1 f11)", 
        "(above f1 f12)", 
        "(above f1 f13)", 
        "(above f2 f3)", 
        "(above f2 f4)", 
        "(above f2 f5)", 
        "(above f2 f6)", 
        "(above f2 f7)", 
        "(above f2 f8)", 
        "(above f2 f9)", 
        "(above f2 f10)", 
        "(above f2 f11)", 
        "(above f2 f12)", 
        "(above f2 f13)", 
        "(above f3 f4)", 
        "(above f3 f5)", 
        "(above f3 f6)", 
        "(above f3 f7)", 
        "(above f3 f8)", 
        "(above f3 f9)", 
        "(above f3 f10)", 
        "(above f3 f11)", 
        "(above f3 f12)", 
        "(above f3 f13)", 
        "(above f4 f5)", 
        "(above f4 f6)", 
        "(above f4 f7)", 
        "(above f4 f8)", 
        "(above f4 f9)", 
        "(above f4 f10)", 
        "(above f4 f11)", 
        "(above f4 f12)", 
        "(above f4 f13)", 
        "(above f5 f6)", 
        "(above f5 f7)", 
        "(above f5 f8)", 
        "(above f5 f9)", 
        "(above f5 f10)", 
        "(above f5 f11)", 
        "(above f5 f12)", 
        "(above f5 f13)", 
        "(above f6 f7)", 
        "(above f6 f8)", 
        "(above f6 f9)", 
        "(above f6 f10)", 
        "(above f6 f11)", 
        "(above f6 f12)", 
        "(above f6 f13)", 
        "(above f7 f8)", 
        "(above f7 f9)", 
        "(above f7 f10)", 
        "(above f7 f11)", 
        "(above f7 f12)", 
        "(above f7 f13)", 
        "(above f8 f9)", 
        "(above f8 f10)", 
        "(above f8 f11)", 
        "(above f8 f12)", 
        "(above f8 f13)", 
        "(above f9 f10)", 
        "(above f9 f11)", 
        "(above f9 f12)", 
        "(above f9 f13)", 
        "(above f10 f11)", 
        "(above f10 f12)", 
        "(above f10 f13)", 
        "(above f11 f12)", 
        "(above f11 f13)", 
        "(above f12 f13)", 
        "(origin p0 f7)", 
        "(destin p0 f5)", 
        "(origin p1 f0)", 
        "(destin p1 f13)", 
        "(origin p2 f9)", 
        "(destin p2 f6)", 
        "(origin p3 f7)", 
        "(destin p3 f2)", 
        "(origin p4 f13)", 
        "(destin p4 f12)", 
        "(origin p5 f5)", 
        "(destin p5 f12)", 
        "(origin p6 f0)", 
        "(destin p6 f8)", 
        "(boarded p3)", 
        "(served p0)", 
        "(served p5)", 
        "(boarded p4)", 
        "(served p6)", 
        "(lift-at f9)"
      ], 
      "delete_list": [
        "(lift-at f8)"
      ]
    }, 
    {
      "action": "(board f9 p2)", 
      "add_list": [
        "(boarded p2)"
      ], 
      "state": 14, 
      "literals": [
        "(above f0 f1)", 
        "(above f0 f2)", 
        "(above f0 f3)", 
        "(above f0 f4)", 
        "(above f0 f5)", 
        "(above f0 f6)", 
        "(above f0 f7)", 
        "(above f0 f8)", 
        "(above f0 f9)", 
        "(above f0 f10)", 
        "(above f0 f11)", 
        "(above f0 f12)", 
        "(above f0 f13)", 
        "(above f1 f2)", 
        "(above f1 f3)", 
        "(above f1 f4)", 
        "(above f1 f5)", 
        "(above f1 f6)", 
        "(above f1 f7)", 
        "(above f1 f8)", 
        "(above f1 f9)", 
        "(above f1 f10)", 
        "(above f1 f11)", 
        "(above f1 f12)", 
        "(above f1 f13)", 
        "(above f2 f3)", 
        "(above f2 f4)", 
        "(above f2 f5)", 
        "(above f2 f6)", 
        "(above f2 f7)", 
        "(above f2 f8)", 
        "(above f2 f9)", 
        "(above f2 f10)", 
        "(above f2 f11)", 
        "(above f2 f12)", 
        "(above f2 f13)", 
        "(above f3 f4)", 
        "(above f3 f5)", 
        "(above f3 f6)", 
        "(above f3 f7)", 
        "(above f3 f8)", 
        "(above f3 f9)", 
        "(above f3 f10)", 
        "(above f3 f11)", 
        "(above f3 f12)", 
        "(above f3 f13)", 
        "(above f4 f5)", 
        "(above f4 f6)", 
        "(above f4 f7)", 
        "(above f4 f8)", 
        "(above f4 f9)", 
        "(above f4 f10)", 
        "(above f4 f11)", 
        "(above f4 f12)", 
        "(above f4 f13)", 
        "(above f5 f6)", 
        "(above f5 f7)", 
        "(above f5 f8)", 
        "(above f5 f9)", 
        "(above f5 f10)", 
        "(above f5 f11)", 
        "(above f5 f12)", 
        "(above f5 f13)", 
        "(above f6 f7)", 
        "(above f6 f8)", 
        "(above f6 f9)", 
        "(above f6 f10)", 
        "(above f6 f11)", 
        "(above f6 f12)", 
        "(above f6 f13)", 
        "(above f7 f8)", 
        "(above f7 f9)", 
        "(above f7 f10)", 
        "(above f7 f11)", 
        "(above f7 f12)", 
        "(above f7 f13)", 
        "(above f8 f9)", 
        "(above f8 f10)", 
        "(above f8 f11)", 
        "(above f8 f12)", 
        "(above f8 f13)", 
        "(above f9 f10)", 
        "(above f9 f11)", 
        "(above f9 f12)", 
        "(above f9 f13)", 
        "(above f10 f11)", 
        "(above f10 f12)", 
        "(above f10 f13)", 
        "(above f11 f12)", 
        "(above f11 f13)", 
        "(above f12 f13)", 
        "(origin p0 f7)", 
        "(destin p0 f5)", 
        "(origin p1 f0)", 
        "(destin p1 f13)", 
        "(origin p2 f9)", 
        "(destin p2 f6)", 
        "(origin p3 f7)", 
        "(destin p3 f2)", 
        "(origin p4 f13)", 
        "(destin p4 f12)", 
        "(origin p5 f5)", 
        "(destin p5 f12)", 
        "(origin p6 f0)", 
        "(destin p6 f8)", 
        "(boarded p3)", 
        "(served p0)", 
        "(served p5)", 
        "(boarded p4)", 
        "(served p6)", 
        "(lift-at f9)", 
        "(boarded p2)"
      ], 
      "delete_list": []
    }, 
    {
      "action": "(down f9 f6)", 
      "add_list": [
        "(lift-at f6)"
      ], 
      "state": 15, 
      "literals": [
        "(above f0 f1)", 
        "(above f0 f2)", 
        "(above f0 f3)", 
        "(above f0 f4)", 
        "(above f0 f5)", 
        "(above f0 f6)", 
        "(above f0 f7)", 
        "(above f0 f8)", 
        "(above f0 f9)", 
        "(above f0 f10)", 
        "(above f0 f11)", 
        "(above f0 f12)", 
        "(above f0 f13)", 
        "(above f1 f2)", 
        "(above f1 f3)", 
        "(above f1 f4)", 
        "(above f1 f5)", 
        "(above f1 f6)", 
        "(above f1 f7)", 
        "(above f1 f8)", 
        "(above f1 f9)", 
        "(above f1 f10)", 
        "(above f1 f11)", 
        "(above f1 f12)", 
        "(above f1 f13)", 
        "(above f2 f3)", 
        "(above f2 f4)", 
        "(above f2 f5)", 
        "(above f2 f6)", 
        "(above f2 f7)", 
        "(above f2 f8)", 
        "(above f2 f9)", 
        "(above f2 f10)", 
        "(above f2 f11)", 
        "(above f2 f12)", 
        "(above f2 f13)", 
        "(above f3 f4)", 
        "(above f3 f5)", 
        "(above f3 f6)", 
        "(above f3 f7)", 
        "(above f3 f8)", 
        "(above f3 f9)", 
        "(above f3 f10)", 
        "(above f3 f11)", 
        "(above f3 f12)", 
        "(above f3 f13)", 
        "(above f4 f5)", 
        "(above f4 f6)", 
        "(above f4 f7)", 
        "(above f4 f8)", 
        "(above f4 f9)", 
        "(above f4 f10)", 
        "(above f4 f11)", 
        "(above f4 f12)", 
        "(above f4 f13)", 
        "(above f5 f6)", 
        "(above f5 f7)", 
        "(above f5 f8)", 
        "(above f5 f9)", 
        "(above f5 f10)", 
        "(above f5 f11)", 
        "(above f5 f12)", 
        "(above f5 f13)", 
        "(above f6 f7)", 
        "(above f6 f8)", 
        "(above f6 f9)", 
        "(above f6 f10)", 
        "(above f6 f11)", 
        "(above f6 f12)", 
        "(above f6 f13)", 
        "(above f7 f8)", 
        "(above f7 f9)", 
        "(above f7 f10)", 
        "(above f7 f11)", 
        "(above f7 f12)", 
        "(above f7 f13)", 
        "(above f8 f9)", 
        "(above f8 f10)", 
        "(above f8 f11)", 
        "(above f8 f12)", 
        "(above f8 f13)", 
        "(above f9 f10)", 
        "(above f9 f11)", 
        "(above f9 f12)", 
        "(above f9 f13)", 
        "(above f10 f11)", 
        "(above f10 f12)", 
        "(above f10 f13)", 
        "(above f11 f12)", 
        "(above f11 f13)", 
        "(above f12 f13)", 
        "(origin p0 f7)", 
        "(destin p0 f5)", 
        "(origin p1 f0)", 
        "(destin p1 f13)", 
        "(origin p2 f9)", 
        "(destin p2 f6)", 
        "(origin p3 f7)", 
        "(destin p3 f2)", 
        "(origin p4 f13)", 
        "(destin p4 f12)", 
        "(origin p5 f5)", 
        "(destin p5 f12)", 
        "(origin p6 f0)", 
        "(destin p6 f8)", 
        "(boarded p3)", 
        "(served p0)", 
        "(served p5)", 
        "(boarded p4)", 
        "(served p6)", 
        "(boarded p2)", 
        "(lift-at f6)"
      ], 
      "delete_list": [
        "(lift-at f9)"
      ]
    }, 
    {
      "action": "(depart f6 p2)", 
      "add_list": [
        "(served p2)"
      ], 
      "state": 16, 
      "literals": [
        "(above f0 f1)", 
        "(above f0 f2)", 
        "(above f0 f3)", 
        "(above f0 f4)", 
        "(above f0 f5)", 
        "(above f0 f6)", 
        "(above f0 f7)", 
        "(above f0 f8)", 
        "(above f0 f9)", 
        "(above f0 f10)", 
        "(above f0 f11)", 
        "(above f0 f12)", 
        "(above f0 f13)", 
        "(above f1 f2)", 
        "(above f1 f3)", 
        "(above f1 f4)", 
        "(above f1 f5)", 
        "(above f1 f6)", 
        "(above f1 f7)", 
        "(above f1 f8)", 
        "(above f1 f9)", 
        "(above f1 f10)", 
        "(above f1 f11)", 
        "(above f1 f12)", 
        "(above f1 f13)", 
        "(above f2 f3)", 
        "(above f2 f4)", 
        "(above f2 f5)", 
        "(above f2 f6)", 
        "(above f2 f7)", 
        "(above f2 f8)", 
        "(above f2 f9)", 
        "(above f2 f10)", 
        "(above f2 f11)", 
        "(above f2 f12)", 
        "(above f2 f13)", 
        "(above f3 f4)", 
        "(above f3 f5)", 
        "(above f3 f6)", 
        "(above f3 f7)", 
        "(above f3 f8)", 
        "(above f3 f9)", 
        "(above f3 f10)", 
        "(above f3 f11)", 
        "(above f3 f12)", 
        "(above f3 f13)", 
        "(above f4 f5)", 
        "(above f4 f6)", 
        "(above f4 f7)", 
        "(above f4 f8)", 
        "(above f4 f9)", 
        "(above f4 f10)", 
        "(above f4 f11)", 
        "(above f4 f12)", 
        "(above f4 f13)", 
        "(above f5 f6)", 
        "(above f5 f7)", 
        "(above f5 f8)", 
        "(above f5 f9)", 
        "(above f5 f10)", 
        "(above f5 f11)", 
        "(above f5 f12)", 
        "(above f5 f13)", 
        "(above f6 f7)", 
        "(above f6 f8)", 
        "(above f6 f9)", 
        "(above f6 f10)", 
        "(above f6 f11)", 
        "(above f6 f12)", 
        "(above f6 f13)", 
        "(above f7 f8)", 
        "(above f7 f9)", 
        "(above f7 f10)", 
        "(above f7 f11)", 
        "(above f7 f12)", 
        "(above f7 f13)", 
        "(above f8 f9)", 
        "(above f8 f10)", 
        "(above f8 f11)", 
        "(above f8 f12)", 
        "(above f8 f13)", 
        "(above f9 f10)", 
        "(above f9 f11)", 
        "(above f9 f12)", 
        "(above f9 f13)", 
        "(above f10 f11)", 
        "(above f10 f12)", 
        "(above f10 f13)", 
        "(above f11 f12)", 
        "(above f11 f13)", 
        "(above f12 f13)", 
        "(origin p0 f7)", 
        "(destin p0 f5)", 
        "(origin p1 f0)", 
        "(destin p1 f13)", 
        "(origin p2 f9)", 
        "(destin p2 f6)", 
        "(origin p3 f7)", 
        "(destin p3 f2)", 
        "(origin p4 f13)", 
        "(destin p4 f12)", 
        "(origin p5 f5)", 
        "(destin p5 f12)", 
        "(origin p6 f0)", 
        "(destin p6 f8)", 
        "(boarded p3)", 
        "(served p0)", 
        "(served p5)", 
        "(boarded p4)", 
        "(served p6)", 
        "(lift-at f6)", 
        "(served p2)"
      ], 
      "delete_list": [
        "(boarded p2)"
      ]
    }, 
    {
      "action": "(up f6 f12)", 
      "add_list": [
        "(lift-at f12)"
      ], 
      "state": 17, 
      "literals": [
        "(above f0 f1)", 
        "(above f0 f2)", 
        "(above f0 f3)", 
        "(above f0 f4)", 
        "(above f0 f5)", 
        "(above f0 f6)", 
        "(above f0 f7)", 
        "(above f0 f8)", 
        "(above f0 f9)", 
        "(above f0 f10)", 
        "(above f0 f11)", 
        "(above f0 f12)", 
        "(above f0 f13)", 
        "(above f1 f2)", 
        "(above f1 f3)", 
        "(above f1 f4)", 
        "(above f1 f5)", 
        "(above f1 f6)", 
        "(above f1 f7)", 
        "(above f1 f8)", 
        "(above f1 f9)", 
        "(above f1 f10)", 
        "(above f1 f11)", 
        "(above f1 f12)", 
        "(above f1 f13)", 
        "(above f2 f3)", 
        "(above f2 f4)", 
        "(above f2 f5)", 
        "(above f2 f6)", 
        "(above f2 f7)", 
        "(above f2 f8)", 
        "(above f2 f9)", 
        "(above f2 f10)", 
        "(above f2 f11)", 
        "(above f2 f12)", 
        "(above f2 f13)", 
        "(above f3 f4)", 
        "(above f3 f5)", 
        "(above f3 f6)", 
        "(above f3 f7)", 
        "(above f3 f8)", 
        "(above f3 f9)", 
        "(above f3 f10)", 
        "(above f3 f11)", 
        "(above f3 f12)", 
        "(above f3 f13)", 
        "(above f4 f5)", 
        "(above f4 f6)", 
        "(above f4 f7)", 
        "(above f4 f8)", 
        "(above f4 f9)", 
        "(above f4 f10)", 
        "(above f4 f11)", 
        "(above f4 f12)", 
        "(above f4 f13)", 
        "(above f5 f6)", 
        "(above f5 f7)", 
        "(above f5 f8)", 
        "(above f5 f9)", 
        "(above f5 f10)", 
        "(above f5 f11)", 
        "(above f5 f12)", 
        "(above f5 f13)", 
        "(above f6 f7)", 
        "(above f6 f8)", 
        "(above f6 f9)", 
        "(above f6 f10)", 
        "(above f6 f11)", 
        "(above f6 f12)", 
        "(above f6 f13)", 
        "(above f7 f8)", 
        "(above f7 f9)", 
        "(above f7 f10)", 
        "(above f7 f11)", 
        "(above f7 f12)", 
        "(above f7 f13)", 
        "(above f8 f9)", 
        "(above f8 f10)", 
        "(above f8 f11)", 
        "(above f8 f12)", 
        "(above f8 f13)", 
        "(above f9 f10)", 
        "(above f9 f11)", 
        "(above f9 f12)", 
        "(above f9 f13)", 
        "(above f10 f11)", 
        "(above f10 f12)", 
        "(above f10 f13)", 
        "(above f11 f12)", 
        "(above f11 f13)", 
        "(above f12 f13)", 
        "(origin p0 f7)", 
        "(destin p0 f5)", 
        "(origin p1 f0)", 
        "(destin p1 f13)", 
        "(origin p2 f9)", 
        "(destin p2 f6)", 
        "(origin p3 f7)", 
        "(destin p3 f2)", 
        "(origin p4 f13)", 
        "(destin p4 f12)", 
        "(origin p5 f5)", 
        "(destin p5 f12)", 
        "(origin p6 f0)", 
        "(destin p6 f8)", 
        "(boarded p3)", 
        "(served p0)", 
        "(served p5)", 
        "(boarded p4)", 
        "(served p6)", 
        "(served p2)", 
        "(lift-at f12)"
      ], 
      "delete_list": [
        "(lift-at f6)"
      ]
    }, 
    {
      "action": "(depart f12 p4)", 
      "add_list": [
        "(served p4)"
      ], 
      "state": 18, 
      "literals": [
        "(above f0 f1)", 
        "(above f0 f2)", 
        "(above f0 f3)", 
        "(above f0 f4)", 
        "(above f0 f5)", 
        "(above f0 f6)", 
        "(above f0 f7)", 
        "(above f0 f8)", 
        "(above f0 f9)", 
        "(above f0 f10)", 
        "(above f0 f11)", 
        "(above f0 f12)", 
        "(above f0 f13)", 
        "(above f1 f2)", 
        "(above f1 f3)", 
        "(above f1 f4)", 
        "(above f1 f5)", 
        "(above f1 f6)", 
        "(above f1 f7)", 
        "(above f1 f8)", 
        "(above f1 f9)", 
        "(above f1 f10)", 
        "(above f1 f11)", 
        "(above f1 f12)", 
        "(above f1 f13)", 
        "(above f2 f3)", 
        "(above f2 f4)", 
        "(above f2 f5)", 
        "(above f2 f6)", 
        "(above f2 f7)", 
        "(above f2 f8)", 
        "(above f2 f9)", 
        "(above f2 f10)", 
        "(above f2 f11)", 
        "(above f2 f12)", 
        "(above f2 f13)", 
        "(above f3 f4)", 
        "(above f3 f5)", 
        "(above f3 f6)", 
        "(above f3 f7)", 
        "(above f3 f8)", 
        "(above f3 f9)", 
        "(above f3 f10)", 
        "(above f3 f11)", 
        "(above f3 f12)", 
        "(above f3 f13)", 
        "(above f4 f5)", 
        "(above f4 f6)", 
        "(above f4 f7)", 
        "(above f4 f8)", 
        "(above f4 f9)", 
        "(above f4 f10)", 
        "(above f4 f11)", 
        "(above f4 f12)", 
        "(above f4 f13)", 
        "(above f5 f6)", 
        "(above f5 f7)", 
        "(above f5 f8)", 
        "(above f5 f9)", 
        "(above f5 f10)", 
        "(above f5 f11)", 
        "(above f5 f12)", 
        "(above f5 f13)", 
        "(above f6 f7)", 
        "(above f6 f8)", 
        "(above f6 f9)", 
        "(above f6 f10)", 
        "(above f6 f11)", 
        "(above f6 f12)", 
        "(above f6 f13)", 
        "(above f7 f8)", 
        "(above f7 f9)", 
        "(above f7 f10)", 
        "(above f7 f11)", 
        "(above f7 f12)", 
        "(above f7 f13)", 
        "(above f8 f9)", 
        "(above f8 f10)", 
        "(above f8 f11)", 
        "(above f8 f12)", 
        "(above f8 f13)", 
        "(above f9 f10)", 
        "(above f9 f11)", 
        "(above f9 f12)", 
        "(above f9 f13)", 
        "(above f10 f11)", 
        "(above f10 f12)", 
        "(above f10 f13)", 
        "(above f11 f12)", 
        "(above f11 f13)", 
        "(above f12 f13)", 
        "(origin p0 f7)", 
        "(destin p0 f5)", 
        "(origin p1 f0)", 
        "(destin p1 f13)", 
        "(origin p2 f9)", 
        "(destin p2 f6)", 
        "(origin p3 f7)", 
        "(destin p3 f2)", 
        "(origin p4 f13)", 
        "(destin p4 f12)", 
        "(origin p5 f5)", 
        "(destin p5 f12)", 
        "(origin p6 f0)", 
        "(destin p6 f8)", 
        "(boarded p3)", 
        "(served p0)", 
        "(served p5)", 
        "(served p6)", 
        "(served p2)", 
        "(lift-at f12)", 
        "(served p4)"
      ], 
      "delete_list": [
        "(boarded p4)"
      ]
    }, 
    {
      "action": "(down f12 f2)", 
      "add_list": [
        "(lift-at f2)"
      ], 
      "state": 19, 
      "literals": [
        "(above f0 f1)", 
        "(above f0 f2)", 
        "(above f0 f3)", 
        "(above f0 f4)", 
        "(above f0 f5)", 
        "(above f0 f6)", 
        "(above f0 f7)", 
        "(above f0 f8)", 
        "(above f0 f9)", 
        "(above f0 f10)", 
        "(above f0 f11)", 
        "(above f0 f12)", 
        "(above f0 f13)", 
        "(above f1 f2)", 
        "(above f1 f3)", 
        "(above f1 f4)", 
        "(above f1 f5)", 
        "(above f1 f6)", 
        "(above f1 f7)", 
        "(above f1 f8)", 
        "(above f1 f9)", 
        "(above f1 f10)", 
        "(above f1 f11)", 
        "(above f1 f12)", 
        "(above f1 f13)", 
        "(above f2 f3)", 
        "(above f2 f4)", 
        "(above f2 f5)", 
        "(above f2 f6)", 
        "(above f2 f7)", 
        "(above f2 f8)", 
        "(above f2 f9)", 
        "(above f2 f10)", 
        "(above f2 f11)", 
        "(above f2 f12)", 
        "(above f2 f13)", 
        "(above f3 f4)", 
        "(above f3 f5)", 
        "(above f3 f6)", 
        "(above f3 f7)", 
        "(above f3 f8)", 
        "(above f3 f9)", 
        "(above f3 f10)", 
        "(above f3 f11)", 
        "(above f3 f12)", 
        "(above f3 f13)", 
        "(above f4 f5)", 
        "(above f4 f6)", 
        "(above f4 f7)", 
        "(above f4 f8)", 
        "(above f4 f9)", 
        "(above f4 f10)", 
        "(above f4 f11)", 
        "(above f4 f12)", 
        "(above f4 f13)", 
        "(above f5 f6)", 
        "(above f5 f7)", 
        "(above f5 f8)", 
        "(above f5 f9)", 
        "(above f5 f10)", 
        "(above f5 f11)", 
        "(above f5 f12)", 
        "(above f5 f13)", 
        "(above f6 f7)", 
        "(above f6 f8)", 
        "(above f6 f9)", 
        "(above f6 f10)", 
        "(above f6 f11)", 
        "(above f6 f12)", 
        "(above f6 f13)", 
        "(above f7 f8)", 
        "(above f7 f9)", 
        "(above f7 f10)", 
        "(above f7 f11)", 
        "(above f7 f12)", 
        "(above f7 f13)", 
        "(above f8 f9)", 
        "(above f8 f10)", 
        "(above f8 f11)", 
        "(above f8 f12)", 
        "(above f8 f13)", 
        "(above f9 f10)", 
        "(above f9 f11)", 
        "(above f9 f12)", 
        "(above f9 f13)", 
        "(above f10 f11)", 
        "(above f10 f12)", 
        "(above f10 f13)", 
        "(above f11 f12)", 
        "(above f11 f13)", 
        "(above f12 f13)", 
        "(origin p0 f7)", 
        "(destin p0 f5)", 
        "(origin p1 f0)", 
        "(destin p1 f13)", 
        "(origin p2 f9)", 
        "(destin p2 f6)", 
        "(origin p3 f7)", 
        "(destin p3 f2)", 
        "(origin p4 f13)", 
        "(destin p4 f12)", 
        "(origin p5 f5)", 
        "(destin p5 f12)", 
        "(origin p6 f0)", 
        "(destin p6 f8)", 
        "(boarded p3)", 
        "(served p0)", 
        "(served p5)", 
        "(served p6)", 
        "(served p2)", 
        "(served p4)", 
        "(lift-at f2)"
      ], 
      "delete_list": [
        "(lift-at f12)"
      ]
    }, 
    {
      "action": "(depart f2 p3)", 
      "add_list": [
        "(served p3)"
      ], 
      "state": 20, 
      "literals": [
        "(above f0 f1)", 
        "(above f0 f2)", 
        "(above f0 f3)", 
        "(above f0 f4)", 
        "(above f0 f5)", 
        "(above f0 f6)", 
        "(above f0 f7)", 
        "(above f0 f8)", 
        "(above f0 f9)", 
        "(above f0 f10)", 
        "(above f0 f11)", 
        "(above f0 f12)", 
        "(above f0 f13)", 
        "(above f1 f2)", 
        "(above f1 f3)", 
        "(above f1 f4)", 
        "(above f1 f5)", 
        "(above f1 f6)", 
        "(above f1 f7)", 
        "(above f1 f8)", 
        "(above f1 f9)", 
        "(above f1 f10)", 
        "(above f1 f11)", 
        "(above f1 f12)", 
        "(above f1 f13)", 
        "(above f2 f3)", 
        "(above f2 f4)", 
        "(above f2 f5)", 
        "(above f2 f6)", 
        "(above f2 f7)", 
        "(above f2 f8)", 
        "(above f2 f9)", 
        "(above f2 f10)", 
        "(above f2 f11)", 
        "(above f2 f12)", 
        "(above f2 f13)", 
        "(above f3 f4)", 
        "(above f3 f5)", 
        "(above f3 f6)", 
        "(above f3 f7)", 
        "(above f3 f8)", 
        "(above f3 f9)", 
        "(above f3 f10)", 
        "(above f3 f11)", 
        "(above f3 f12)", 
        "(above f3 f13)", 
        "(above f4 f5)", 
        "(above f4 f6)", 
        "(above f4 f7)", 
        "(above f4 f8)", 
        "(above f4 f9)", 
        "(above f4 f10)", 
        "(above f4 f11)", 
        "(above f4 f12)", 
        "(above f4 f13)", 
        "(above f5 f6)", 
        "(above f5 f7)", 
        "(above f5 f8)", 
        "(above f5 f9)", 
        "(above f5 f10)", 
        "(above f5 f11)", 
        "(above f5 f12)", 
        "(above f5 f13)", 
        "(above f6 f7)", 
        "(above f6 f8)", 
        "(above f6 f9)", 
        "(above f6 f10)", 
        "(above f6 f11)", 
        "(above f6 f12)", 
        "(above f6 f13)", 
        "(above f7 f8)", 
        "(above f7 f9)", 
        "(above f7 f10)", 
        "(above f7 f11)", 
        "(above f7 f12)", 
        "(above f7 f13)", 
        "(above f8 f9)", 
        "(above f8 f10)", 
        "(above f8 f11)", 
        "(above f8 f12)", 
        "(above f8 f13)", 
        "(above f9 f10)", 
        "(above f9 f11)", 
        "(above f9 f12)", 
        "(above f9 f13)", 
        "(above f10 f11)", 
        "(above f10 f12)", 
        "(above f10 f13)", 
        "(above f11 f12)", 
        "(above f11 f13)", 
        "(above f12 f13)", 
        "(origin p0 f7)", 
        "(destin p0 f5)", 
        "(origin p1 f0)", 
        "(destin p1 f13)", 
        "(origin p2 f9)", 
        "(destin p2 f6)", 
        "(origin p3 f7)", 
        "(destin p3 f2)", 
        "(origin p4 f13)", 
        "(destin p4 f12)", 
        "(origin p5 f5)", 
        "(destin p5 f12)", 
        "(origin p6 f0)", 
        "(destin p6 f8)", 
        "(served p0)", 
        "(served p5)", 
        "(served p6)", 
        "(served p2)", 
        "(served p4)", 
        "(lift-at f2)", 
        "(served p3)"
      ], 
      "delete_list": [
        "(boarded p3)"
      ]
    }, 
    {
      "action": "(down f2 f0)", 
      "add_list": [
        "(lift-at f0)"
      ], 
      "state": 21, 
      "literals": [
        "(above f0 f1)", 
        "(above f0 f2)", 
        "(above f0 f3)", 
        "(above f0 f4)", 
        "(above f0 f5)", 
        "(above f0 f6)", 
        "(above f0 f7)", 
        "(above f0 f8)", 
        "(above f0 f9)", 
        "(above f0 f10)", 
        "(above f0 f11)", 
        "(above f0 f12)", 
        "(above f0 f13)", 
        "(above f1 f2)", 
        "(above f1 f3)", 
        "(above f1 f4)", 
        "(above f1 f5)", 
        "(above f1 f6)", 
        "(above f1 f7)", 
        "(above f1 f8)", 
        "(above f1 f9)", 
        "(above f1 f10)", 
        "(above f1 f11)", 
        "(above f1 f12)", 
        "(above f1 f13)", 
        "(above f2 f3)", 
        "(above f2 f4)", 
        "(above f2 f5)", 
        "(above f2 f6)", 
        "(above f2 f7)", 
        "(above f2 f8)", 
        "(above f2 f9)", 
        "(above f2 f10)", 
        "(above f2 f11)", 
        "(above f2 f12)", 
        "(above f2 f13)", 
        "(above f3 f4)", 
        "(above f3 f5)", 
        "(above f3 f6)", 
        "(above f3 f7)", 
        "(above f3 f8)", 
        "(above f3 f9)", 
        "(above f3 f10)", 
        "(above f3 f11)", 
        "(above f3 f12)", 
        "(above f3 f13)", 
        "(above f4 f5)", 
        "(above f4 f6)", 
        "(above f4 f7)", 
        "(above f4 f8)", 
        "(above f4 f9)", 
        "(above f4 f10)", 
        "(above f4 f11)", 
        "(above f4 f12)", 
        "(above f4 f13)", 
        "(above f5 f6)", 
        "(above f5 f7)", 
        "(above f5 f8)", 
        "(above f5 f9)", 
        "(above f5 f10)", 
        "(above f5 f11)", 
        "(above f5 f12)", 
        "(above f5 f13)", 
        "(above f6 f7)", 
        "(above f6 f8)", 
        "(above f6 f9)", 
        "(above f6 f10)", 
        "(above f6 f11)", 
        "(above f6 f12)", 
        "(above f6 f13)", 
        "(above f7 f8)", 
        "(above f7 f9)", 
        "(above f7 f10)", 
        "(above f7 f11)", 
        "(above f7 f12)", 
        "(above f7 f13)", 
        "(above f8 f9)", 
        "(above f8 f10)", 
        "(above f8 f11)", 
        "(above f8 f12)", 
        "(above f8 f13)", 
        "(above f9 f10)", 
        "(above f9 f11)", 
        "(above f9 f12)", 
        "(above f9 f13)", 
        "(above f10 f11)", 
        "(above f10 f12)", 
        "(above f10 f13)", 
        "(above f11 f12)", 
        "(above f11 f13)", 
        "(above f12 f13)", 
        "(origin p0 f7)", 
        "(destin p0 f5)", 
        "(origin p1 f0)", 
        "(destin p1 f13)", 
        "(origin p2 f9)", 
        "(destin p2 f6)", 
        "(origin p3 f7)", 
        "(destin p3 f2)", 
        "(origin p4 f13)", 
        "(destin p4 f12)", 
        "(origin p5 f5)", 
        "(destin p5 f12)", 
        "(origin p6 f0)", 
        "(destin p6 f8)", 
        "(served p0)", 
        "(served p5)", 
        "(served p6)", 
        "(served p2)", 
        "(served p4)", 
        "(served p3)", 
        "(lift-at f0)"
      ], 
      "delete_list": [
        "(lift-at f2)"
      ]
    }, 
    {
      "action": "(board f0 p1)", 
      "add_list": [
        "(boarded p1)"
      ], 
      "state": 22, 
      "literals": [
        "(above f0 f1)", 
        "(above f0 f2)", 
        "(above f0 f3)", 
        "(above f0 f4)", 
        "(above f0 f5)", 
        "(above f0 f6)", 
        "(above f0 f7)", 
        "(above f0 f8)", 
        "(above f0 f9)", 
        "(above f0 f10)", 
        "(above f0 f11)", 
        "(above f0 f12)", 
        "(above f0 f13)", 
        "(above f1 f2)", 
        "(above f1 f3)", 
        "(above f1 f4)", 
        "(above f1 f5)", 
        "(above f1 f6)", 
        "(above f1 f7)", 
        "(above f1 f8)", 
        "(above f1 f9)", 
        "(above f1 f10)", 
        "(above f1 f11)", 
        "(above f1 f12)", 
        "(above f1 f13)", 
        "(above f2 f3)", 
        "(above f2 f4)", 
        "(above f2 f5)", 
        "(above f2 f6)", 
        "(above f2 f7)", 
        "(above f2 f8)", 
        "(above f2 f9)", 
        "(above f2 f10)", 
        "(above f2 f11)", 
        "(above f2 f12)", 
        "(above f2 f13)", 
        "(above f3 f4)", 
        "(above f3 f5)", 
        "(above f3 f6)", 
        "(above f3 f7)", 
        "(above f3 f8)", 
        "(above f3 f9)", 
        "(above f3 f10)", 
        "(above f3 f11)", 
        "(above f3 f12)", 
        "(above f3 f13)", 
        "(above f4 f5)", 
        "(above f4 f6)", 
        "(above f4 f7)", 
        "(above f4 f8)", 
        "(above f4 f9)", 
        "(above f4 f10)", 
        "(above f4 f11)", 
        "(above f4 f12)", 
        "(above f4 f13)", 
        "(above f5 f6)", 
        "(above f5 f7)", 
        "(above f5 f8)", 
        "(above f5 f9)", 
        "(above f5 f10)", 
        "(above f5 f11)", 
        "(above f5 f12)", 
        "(above f5 f13)", 
        "(above f6 f7)", 
        "(above f6 f8)", 
        "(above f6 f9)", 
        "(above f6 f10)", 
        "(above f6 f11)", 
        "(above f6 f12)", 
        "(above f6 f13)", 
        "(above f7 f8)", 
        "(above f7 f9)", 
        "(above f7 f10)", 
        "(above f7 f11)", 
        "(above f7 f12)", 
        "(above f7 f13)", 
        "(above f8 f9)", 
        "(above f8 f10)", 
        "(above f8 f11)", 
        "(above f8 f12)", 
        "(above f8 f13)", 
        "(above f9 f10)", 
        "(above f9 f11)", 
        "(above f9 f12)", 
        "(above f9 f13)", 
        "(above f10 f11)", 
        "(above f10 f12)", 
        "(above f10 f13)", 
        "(above f11 f12)", 
        "(above f11 f13)", 
        "(above f12 f13)", 
        "(origin p0 f7)", 
        "(destin p0 f5)", 
        "(origin p1 f0)", 
        "(destin p1 f13)", 
        "(origin p2 f9)", 
        "(destin p2 f6)", 
        "(origin p3 f7)", 
        "(destin p3 f2)", 
        "(origin p4 f13)", 
        "(destin p4 f12)", 
        "(origin p5 f5)", 
        "(destin p5 f12)", 
        "(origin p6 f0)", 
        "(destin p6 f8)", 
        "(served p0)", 
        "(served p5)", 
        "(served p6)", 
        "(served p2)", 
        "(served p4)", 
        "(served p3)", 
        "(lift-at f0)", 
        "(boarded p1)"
      ], 
      "delete_list": []
    }, 
    {
      "action": "(up f0 f13)", 
      "add_list": [
        "(lift-at f13)"
      ], 
      "state": 23, 
      "literals": [
        "(above f0 f1)", 
        "(above f0 f2)", 
        "(above f0 f3)", 
        "(above f0 f4)", 
        "(above f0 f5)", 
        "(above f0 f6)", 
        "(above f0 f7)", 
        "(above f0 f8)", 
        "(above f0 f9)", 
        "(above f0 f10)", 
        "(above f0 f11)", 
        "(above f0 f12)", 
        "(above f0 f13)", 
        "(above f1 f2)", 
        "(above f1 f3)", 
        "(above f1 f4)", 
        "(above f1 f5)", 
        "(above f1 f6)", 
        "(above f1 f7)", 
        "(above f1 f8)", 
        "(above f1 f9)", 
        "(above f1 f10)", 
        "(above f1 f11)", 
        "(above f1 f12)", 
        "(above f1 f13)", 
        "(above f2 f3)", 
        "(above f2 f4)", 
        "(above f2 f5)", 
        "(above f2 f6)", 
        "(above f2 f7)", 
        "(above f2 f8)", 
        "(above f2 f9)", 
        "(above f2 f10)", 
        "(above f2 f11)", 
        "(above f2 f12)", 
        "(above f2 f13)", 
        "(above f3 f4)", 
        "(above f3 f5)", 
        "(above f3 f6)", 
        "(above f3 f7)", 
        "(above f3 f8)", 
        "(above f3 f9)", 
        "(above f3 f10)", 
        "(above f3 f11)", 
        "(above f3 f12)", 
        "(above f3 f13)", 
        "(above f4 f5)", 
        "(above f4 f6)", 
        "(above f4 f7)", 
        "(above f4 f8)", 
        "(above f4 f9)", 
        "(above f4 f10)", 
        "(above f4 f11)", 
        "(above f4 f12)", 
        "(above f4 f13)", 
        "(above f5 f6)", 
        "(above f5 f7)", 
        "(above f5 f8)", 
        "(above f5 f9)", 
        "(above f5 f10)", 
        "(above f5 f11)", 
        "(above f5 f12)", 
        "(above f5 f13)", 
        "(above f6 f7)", 
        "(above f6 f8)", 
        "(above f6 f9)", 
        "(above f6 f10)", 
        "(above f6 f11)", 
        "(above f6 f12)", 
        "(above f6 f13)", 
        "(above f7 f8)", 
        "(above f7 f9)", 
        "(above f7 f10)", 
        "(above f7 f11)", 
        "(above f7 f12)", 
        "(above f7 f13)", 
        "(above f8 f9)", 
        "(above f8 f10)", 
        "(above f8 f11)", 
        "(above f8 f12)", 
        "(above f8 f13)", 
        "(above f9 f10)", 
        "(above f9 f11)", 
        "(above f9 f12)", 
        "(above f9 f13)", 
        "(above f10 f11)", 
        "(above f10 f12)", 
        "(above f10 f13)", 
        "(above f11 f12)", 
        "(above f11 f13)", 
        "(above f12 f13)", 
        "(origin p0 f7)", 
        "(destin p0 f5)", 
        "(origin p1 f0)", 
        "(destin p1 f13)", 
        "(origin p2 f9)", 
        "(destin p2 f6)", 
        "(origin p3 f7)", 
        "(destin p3 f2)", 
        "(origin p4 f13)", 
        "(destin p4 f12)", 
        "(origin p5 f5)", 
        "(destin p5 f12)", 
        "(origin p6 f0)", 
        "(destin p6 f8)", 
        "(served p0)", 
        "(served p5)", 
        "(served p6)", 
        "(served p2)", 
        "(served p4)", 
        "(served p3)", 
        "(boarded p1)", 
        "(lift-at f13)"
      ], 
      "delete_list": [
        "(lift-at f0)"
      ]
    }, 
    {
      "action": "(depart f13 p1)", 
      "add_list": [
        "(served p1)"
      ], 
      "state": 24, 
      "literals": [
        "(above f0 f1)", 
        "(above f0 f2)", 
        "(above f0 f3)", 
        "(above f0 f4)", 
        "(above f0 f5)", 
        "(above f0 f6)", 
        "(above f0 f7)", 
        "(above f0 f8)", 
        "(above f0 f9)", 
        "(above f0 f10)", 
        "(above f0 f11)", 
        "(above f0 f12)", 
        "(above f0 f13)", 
        "(above f1 f2)", 
        "(above f1 f3)", 
        "(above f1 f4)", 
        "(above f1 f5)", 
        "(above f1 f6)", 
        "(above f1 f7)", 
        "(above f1 f8)", 
        "(above f1 f9)", 
        "(above f1 f10)", 
        "(above f1 f11)", 
        "(above f1 f12)", 
        "(above f1 f13)", 
        "(above f2 f3)", 
        "(above f2 f4)", 
        "(above f2 f5)", 
        "(above f2 f6)", 
        "(above f2 f7)", 
        "(above f2 f8)", 
        "(above f2 f9)", 
        "(above f2 f10)", 
        "(above f2 f11)", 
        "(above f2 f12)", 
        "(above f2 f13)", 
        "(above f3 f4)", 
        "(above f3 f5)", 
        "(above f3 f6)", 
        "(above f3 f7)", 
        "(above f3 f8)", 
        "(above f3 f9)", 
        "(above f3 f10)", 
        "(above f3 f11)", 
        "(above f3 f12)", 
        "(above f3 f13)", 
        "(above f4 f5)", 
        "(above f4 f6)", 
        "(above f4 f7)", 
        "(above f4 f8)", 
        "(above f4 f9)", 
        "(above f4 f10)", 
        "(above f4 f11)", 
        "(above f4 f12)", 
        "(above f4 f13)", 
        "(above f5 f6)", 
        "(above f5 f7)", 
        "(above f5 f8)", 
        "(above f5 f9)", 
        "(above f5 f10)", 
        "(above f5 f11)", 
        "(above f5 f12)", 
        "(above f5 f13)", 
        "(above f6 f7)", 
        "(above f6 f8)", 
        "(above f6 f9)", 
        "(above f6 f10)", 
        "(above f6 f11)", 
        "(above f6 f12)", 
        "(above f6 f13)", 
        "(above f7 f8)", 
        "(above f7 f9)", 
        "(above f7 f10)", 
        "(above f7 f11)", 
        "(above f7 f12)", 
        "(above f7 f13)", 
        "(above f8 f9)", 
        "(above f8 f10)", 
        "(above f8 f11)", 
        "(above f8 f12)", 
        "(above f8 f13)", 
        "(above f9 f10)", 
        "(above f9 f11)", 
        "(above f9 f12)", 
        "(above f9 f13)", 
        "(above f10 f11)", 
        "(above f10 f12)", 
        "(above f10 f13)", 
        "(above f11 f12)", 
        "(above f11 f13)", 
        "(above f12 f13)", 
        "(origin p0 f7)", 
        "(destin p0 f5)", 
        "(origin p1 f0)", 
        "(destin p1 f13)", 
        "(origin p2 f9)", 
        "(destin p2 f6)", 
        "(origin p3 f7)", 
        "(destin p3 f2)", 
        "(origin p4 f13)", 
        "(destin p4 f12)", 
        "(origin p5 f5)", 
        "(destin p5 f12)", 
        "(origin p6 f0)", 
        "(destin p6 f8)", 
        "(served p0)", 
        "(served p5)", 
        "(served p6)", 
        "(served p2)", 
        "(served p4)", 
        "(served p3)", 
        "(lift-at f13)", 
        "(served p1)"
      ], 
      "delete_list": [
        "(boarded p1)"
      ]
    }
  ], 
  "domain_id": 28
}