{
  "domain": "ferry", 
  "inital_state": [
    "(location l0)", 
    "(location l1)", 
    "(location l2)", 
    "(location l3)", 
    "(location l4)", 
    "(location l5)", 
    "(location l6)", 
    "(location l7)", 
    "(location l8)", 
    "(location l9)", 
    "(car c0)", 
    "(car c1)", 
    "(car c2)", 
    "(car c3)", 
    "(car c4)", 
    "(car c5)", 
    "(not-eq l0 l1)", 
    "(not-eq l1 l0)", 
    "(not-eq l0 l2)", 
    "(not-eq l2 l0)", 
    "(not-eq l0 l3)", 
    "(not-eq l3 l0)", 
    "(not-eq l0 l4)", 
    "(not-eq l4 l0)", 
    "(not-eq l0 l5)", 
    "(not-eq l5 l0)", 
    "(not-eq l0 l6)", 
    "(not-eq l6 l0)", 
    "(not-eq l0 l7)", 
    "(not-eq l7 l0)", 
    "(not-eq l0 l8)", 
    "(not-eq l8 l0)", 
    "(not-eq l0 l9)", 
    "(not-eq l9 l0)", 
    "(not-eq l1 l2)", 
    "(not-eq l2 l1)", 
    "(not-eq l1 l3)", 
    "(not-eq l3 l1)", 
    "(not-eq l1 l4)", 
    "(not-eq l4 l1)", 
    "(not-eq l1 l5)", 
    "(not-eq l5 l1)", 
    "(not-eq l1 l6)", 
    "(not-eq l6 l1)", 
    "(not-eq l1 l7)", 
    "(not-eq l7 l1)", 
    "(not-eq l1 l8)", 
    "(not-eq l8 l1)", 
    "(not-eq l1 l9)", 
    "(not-eq l9 l1)", 
    "(not-eq l2 l3)", 
    "(not-eq l3 l2)", 
    "(not-eq l2 l4)", 
    "(not-eq l4 l2)", 
    "(not-eq l2 l5)", 
    "(not-eq l5 l2)", 
    "(not-eq l2 l6)", 
    "(not-eq l6 l2)", 
    "(not-eq l2 l7)", 
    "(not-eq l7 l2)", 
    "(not-eq l2 l8)", 
    "(not-eq l8 l2)", 
    "(not-eq l2 l9)", 
    "(not-eq l9 l2)", 
    "(not-eq l3 l4)", 
    "(not-eq l4 l3)", 
    "(not-eq l3 l5)", 
    "(not-eq l5 l3)", 
    "(not-eq l3 l6)", 
    "(not-eq l6 l3)", 
    "(not-eq l3 l7)", 
    "(not-eq l7 l3)", 
    "(not-eq l3 l8)", 
    "(not-eq l8 l3)", 
    "(not-eq l3 l9)", 
    "(not-eq l9 l3)", 
    "(not-eq l4 l5)", 
    "(not-eq l5 l4)", 
    "(not-eq l4 l6)", 
    "(not-eq l6 l4)", 
    "(not-eq l4 l7)", 
    "(not-eq l7 l4)", 
    "(not-eq l4 l8)", 
    "(not-eq l8 l4)", 
    "(not-eq l4 l9)", 
    "(not-eq l9 l4)", 
    "(not-eq l5 l6)", 
    "(not-eq l6 l5)", 
    "(not-eq l5 l7)", 
    "(not-eq l7 l5)", 
    "(not-eq l5 l8)", 
    "(not-eq l8 l5)", 
    "(not-eq l5 l9)", 
    "(not-eq l9 l5)", 
    "(not-eq l6 l7)", 
    "(not-eq l7 l6)", 
    "(not-eq l6 l8)", 
    "(not-eq l8 l6)", 
    "(not-eq l6 l9)", 
    "(not-eq l9 l6)", 
    "(not-eq l7 l8)", 
    "(not-eq l8 l7)", 
    "(not-eq l7 l9)", 
    "(not-eq l9 l7)", 
    "(not-eq l8 l9)", 
    "(not-eq l9 l8)", 
    "(empty-ferry)", 
    "(at c0 l7)", 
    "(at c1 l6)", 
    "(at c2 l1)", 
    "(at c3 l9)", 
    "(at c4 l0)", 
    "(at c5 l1)", 
    "(at-ferry l2)"
  ], 
  "negative_goals": [], 
  "problem_id": 4300, 
  "positive_goals": [
    "(at c0 l0)", 
    "(at c1 l9)", 
    "(at c2 l6)", 
    "(at c3 l9)", 
    "(at c4 l4)", 
    "(at c5 l8)"
  ], 
  "plan_length": 20, 
  "plan_literals": [
    {
      "action": "(sail l2 l6)", 
      "add_list": [
        "(at-ferry l6)"
      ], 
      "state": 0, 
      "literals": [
        "(location l0)", 
        "(location l1)", 
        "(location l2)", 
        "(location l3)", 
        "(location l4)", 
        "(location l5)", 
        "(location l6)", 
        "(location l7)", 
        "(location l8)", 
        "(location l9)", 
        "(car c0)", 
        "(car c1)", 
        "(car c2)", 
        "(car c3)", 
        "(car c4)", 
        "(car c5)", 
        "(not-eq l0 l1)", 
        "(not-eq l1 l0)", 
        "(not-eq l0 l2)", 
        "(not-eq l2 l0)", 
        "(not-eq l0 l3)", 
        "(not-eq l3 l0)", 
        "(not-eq l0 l4)", 
        "(not-eq l4 l0)", 
        "(not-eq l0 l5)", 
        "(not-eq l5 l0)", 
        "(not-eq l0 l6)", 
        "(not-eq l6 l0)", 
        "(not-eq l0 l7)", 
        "(not-eq l7 l0)", 
        "(not-eq l0 l8)", 
        "(not-eq l8 l0)", 
        "(not-eq l0 l9)", 
        "(not-eq l9 l0)", 
        "(not-eq l1 l2)", 
        "(not-eq l2 l1)", 
        "(not-eq l1 l3)", 
        "(not-eq l3 l1)", 
        "(not-eq l1 l4)", 
        "(not-eq l4 l1)", 
        "(not-eq l1 l5)", 
        "(not-eq l5 l1)", 
        "(not-eq l1 l6)", 
        "(not-eq l6 l1)", 
        "(not-eq l1 l7)", 
        "(not-eq l7 l1)", 
        "(not-eq l1 l8)", 
        "(not-eq l8 l1)", 
        "(not-eq l1 l9)", 
        "(not-eq l9 l1)", 
        "(not-eq l2 l3)", 
        "(not-eq l3 l2)", 
        "(not-eq l2 l4)", 
        "(not-eq l4 l2)", 
        "(not-eq l2 l5)", 
        "(not-eq l5 l2)", 
        "(not-eq l2 l6)", 
        "(not-eq l6 l2)", 
        "(not-eq l2 l7)", 
        "(not-eq l7 l2)", 
        "(not-eq l2 l8)", 
        "(not-eq l8 l2)", 
        "(not-eq l2 l9)", 
        "(not-eq l9 l2)", 
        "(not-eq l3 l4)", 
        "(not-eq l4 l3)", 
        "(not-eq l3 l5)", 
        "(not-eq l5 l3)", 
        "(not-eq l3 l6)", 
        "(not-eq l6 l3)", 
        "(not-eq l3 l7)", 
        "(not-eq l7 l3)", 
        "(not-eq l3 l8)", 
        "(not-eq l8 l3)", 
        "(not-eq l3 l9)", 
        "(not-eq l9 l3)", 
        "(not-eq l4 l5)", 
        "(not-eq l5 l4)", 
        "(not-eq l4 l6)", 
        "(not-eq l6 l4)", 
        "(not-eq l4 l7)", 
        "(not-eq l7 l4)", 
        "(not-eq l4 l8)", 
        "(not-eq l8 l4)", 
        "(not-eq l4 l9)", 
        "(not-eq l9 l4)", 
        "(not-eq l5 l6)", 
        "(not-eq l6 l5)", 
        "(not-eq l5 l7)", 
        "(not-eq l7 l5)", 
        "(not-eq l5 l8)", 
        "(not-eq l8 l5)", 
        "(not-eq l5 l9)", 
        "(not-eq l9 l5)", 
        "(not-eq l6 l7)", 
        "(not-eq l7 l6)", 
        "(not-eq l6 l8)", 
        "(not-eq l8 l6)", 
        "(not-eq l6 l9)", 
        "(not-eq l9 l6)", 
        "(not-eq l7 l8)", 
        "(not-eq l8 l7)", 
        "(not-eq l7 l9)", 
        "(not-eq l9 l7)", 
        "(not-eq l8 l9)", 
        "(not-eq l9 l8)", 
        "(empty-ferry)", 
        "(at c0 l7)", 
        "(at c1 l6)", 
        "(at c2 l1)", 
        "(at c3 l9)", 
        "(at c4 l0)", 
        "(at c5 l1)", 
        "(at-ferry l6)"
      ], 
      "delete_list": [
        "(at-ferry l2)"
      ]
    }, 
    {
      "action": "(board c1 l6)", 
      "add_list": [
        "(on c1)"
      ], 
      "state": 1, 
      "literals": [
        "(location l0)", 
        "(location l1)", 
        "(location l2)", 
        "(location l3)", 
        "(location l4)", 
        "(location l5)", 
        "(location l6)", 
        "(location l7)", 
        "(location l8)", 
        "(location l9)", 
        "(car c0)", 
        "(car c1)", 
        "(car c2)", 
        "(car c3)", 
        "(car c4)", 
        "(car c5)", 
        "(not-eq l0 l1)", 
        "(not-eq l1 l0)", 
        "(not-eq l0 l2)", 
        "(not-eq l2 l0)", 
        "(not-eq l0 l3)", 
        "(not-eq l3 l0)", 
        "(not-eq l0 l4)", 
        "(not-eq l4 l0)", 
        "(not-eq l0 l5)", 
        "(not-eq l5 l0)", 
        "(not-eq l0 l6)", 
        "(not-eq l6 l0)", 
        "(not-eq l0 l7)", 
        "(not-eq l7 l0)", 
        "(not-eq l0 l8)", 
        "(not-eq l8 l0)", 
        "(not-eq l0 l9)", 
        "(not-eq l9 l0)", 
        "(not-eq l1 l2)", 
        "(not-eq l2 l1)", 
        "(not-eq l1 l3)", 
        "(not-eq l3 l1)", 
        "(not-eq l1 l4)", 
        "(not-eq l4 l1)", 
        "(not-eq l1 l5)", 
        "(not-eq l5 l1)", 
        "(not-eq l1 l6)", 
        "(not-eq l6 l1)", 
        "(not-eq l1 l7)", 
        "(not-eq l7 l1)", 
        "(not-eq l1 l8)", 
        "(not-eq l8 l1)", 
        "(not-eq l1 l9)", 
        "(not-eq l9 l1)", 
        "(not-eq l2 l3)", 
        "(not-eq l3 l2)", 
        "(not-eq l2 l4)", 
        "(not-eq l4 l2)", 
        "(not-eq l2 l5)", 
        "(not-eq l5 l2)", 
        "(not-eq l2 l6)", 
        "(not-eq l6 l2)", 
        "(not-eq l2 l7)", 
        "(not-eq l7 l2)", 
        "(not-eq l2 l8)", 
        "(not-eq l8 l2)", 
        "(not-eq l2 l9)", 
        "(not-eq l9 l2)", 
        "(not-eq l3 l4)", 
        "(not-eq l4 l3)", 
        "(not-eq l3 l5)", 
        "(not-eq l5 l3)", 
        "(not-eq l3 l6)", 
        "(not-eq l6 l3)", 
        "(not-eq l3 l7)", 
        "(not-eq l7 l3)", 
        "(not-eq l3 l8)", 
        "(not-eq l8 l3)", 
        "(not-eq l3 l9)", 
        "(not-eq l9 l3)", 
        "(not-eq l4 l5)", 
        "(not-eq l5 l4)", 
        "(not-eq l4 l6)", 
        "(not-eq l6 l4)", 
        "(not-eq l4 l7)", 
        "(not-eq l7 l4)", 
        "(not-eq l4 l8)", 
        "(not-eq l8 l4)", 
        "(not-eq l4 l9)", 
        "(not-eq l9 l4)", 
        "(not-eq l5 l6)", 
        "(not-eq l6 l5)", 
        "(not-eq l5 l7)", 
        "(not-eq l7 l5)", 
        "(not-eq l5 l8)", 
        "(not-eq l8 l5)", 
        "(not-eq l5 l9)", 
        "(not-eq l9 l5)", 
        "(not-eq l6 l7)", 
        "(not-eq l7 l6)", 
        "(not-eq l6 l8)", 
        "(not-eq l8 l6)", 
        "(not-eq l6 l9)", 
        "(not-eq l9 l6)", 
        "(not-eq l7 l8)", 
        "(not-eq l8 l7)", 
        "(not-eq l7 l9)", 
        "(not-eq l9 l7)", 
        "(not-eq l8 l9)", 
        "(not-eq l9 l8)", 
        "(at c0 l7)", 
        "(at c2 l1)", 
        "(at c3 l9)", 
        "(at c4 l0)", 
        "(at c5 l1)", 
        "(at-ferry l6)", 
        "(on c1)"
      ], 
      "delete_list": [
        "(at c1 l6)", 
        "(empty-ferry)"
      ]
    }, 
    {
      "action": "(sail l6 l9)", 
      "add_list": [
        "(at-ferry l9)"
      ], 
      "state": 2, 
      "literals": [
        "(location l0)", 
        "(location l1)", 
        "(location l2)", 
        "(location l3)", 
        "(location l4)", 
        "(location l5)", 
        "(location l6)", 
        "(location l7)", 
        "(location l8)", 
        "(location l9)", 
        "(car c0)", 
        "(car c1)", 
        "(car c2)", 
        "(car c3)", 
        "(car c4)", 
        "(car c5)", 
        "(not-eq l0 l1)", 
        "(not-eq l1 l0)", 
        "(not-eq l0 l2)", 
        "(not-eq l2 l0)", 
        "(not-eq l0 l3)", 
        "(not-eq l3 l0)", 
        "(not-eq l0 l4)", 
        "(not-eq l4 l0)", 
        "(not-eq l0 l5)", 
        "(not-eq l5 l0)", 
        "(not-eq l0 l6)", 
        "(not-eq l6 l0)", 
        "(not-eq l0 l7)", 
        "(not-eq l7 l0)", 
        "(not-eq l0 l8)", 
        "(not-eq l8 l0)", 
        "(not-eq l0 l9)", 
        "(not-eq l9 l0)", 
        "(not-eq l1 l2)", 
        "(not-eq l2 l1)", 
        "(not-eq l1 l3)", 
        "(not-eq l3 l1)", 
        "(not-eq l1 l4)", 
        "(not-eq l4 l1)", 
        "(not-eq l1 l5)", 
        "(not-eq l5 l1)", 
        "(not-eq l1 l6)", 
        "(not-eq l6 l1)", 
        "(not-eq l1 l7)", 
        "(not-eq l7 l1)", 
        "(not-eq l1 l8)", 
        "(not-eq l8 l1)", 
        "(not-eq l1 l9)", 
        "(not-eq l9 l1)", 
        "(not-eq l2 l3)", 
        "(not-eq l3 l2)", 
        "(not-eq l2 l4)", 
        "(not-eq l4 l2)", 
        "(not-eq l2 l5)", 
        "(not-eq l5 l2)", 
        "(not-eq l2 l6)", 
        "(not-eq l6 l2)", 
        "(not-eq l2 l7)", 
        "(not-eq l7 l2)", 
        "(not-eq l2 l8)", 
        "(not-eq l8 l2)", 
        "(not-eq l2 l9)", 
        "(not-eq l9 l2)", 
        "(not-eq l3 l4)", 
        "(not-eq l4 l3)", 
        "(not-eq l3 l5)", 
        "(not-eq l5 l3)", 
        "(not-eq l3 l6)", 
        "(not-eq l6 l3)", 
        "(not-eq l3 l7)", 
        "(not-eq l7 l3)", 
        "(not-eq l3 l8)", 
        "(not-eq l8 l3)", 
        "(not-eq l3 l9)", 
        "(not-eq l9 l3)", 
        "(not-eq l4 l5)", 
        "(not-eq l5 l4)", 
        "(not-eq l4 l6)", 
        "(not-eq l6 l4)", 
        "(not-eq l4 l7)", 
        "(not-eq l7 l4)", 
        "(not-eq l4 l8)", 
        "(not-eq l8 l4)", 
        "(not-eq l4 l9)", 
        "(not-eq l9 l4)", 
        "(not-eq l5 l6)", 
        "(not-eq l6 l5)", 
        "(not-eq l5 l7)", 
        "(not-eq l7 l5)", 
        "(not-eq l5 l8)", 
        "(not-eq l8 l5)", 
        "(not-eq l5 l9)", 
        "(not-eq l9 l5)", 
        "(not-eq l6 l7)", 
        "(not-eq l7 l6)", 
        "(not-eq l6 l8)", 
        "(not-eq l8 l6)", 
        "(not-eq l6 l9)", 
        "(not-eq l9 l6)", 
        "(not-eq l7 l8)", 
        "(not-eq l8 l7)", 
        "(not-eq l7 l9)", 
        "(not-eq l9 l7)", 
        "(not-eq l8 l9)", 
        "(not-eq l9 l8)", 
        "(at c0 l7)", 
        "(at c2 l1)", 
        "(at c3 l9)", 
        "(at c4 l0)", 
        "(at c5 l1)", 
        "(on c1)", 
        "(at-ferry l9)"
      ], 
      "delete_list": [
        "(at-ferry l6)"
      ]
    }, 
    {
      "action": "(debark c1 l9)", 
      "add_list": [
        "(at c1 l9)", 
        "(empty-ferry)"
      ], 
      "state": 3, 
      "literals": [
        "(location l0)", 
        "(location l1)", 
        "(location l2)", 
        "(location l3)", 
        "(location l4)", 
        "(location l5)", 
        "(location l6)", 
        "(location l7)", 
        "(location l8)", 
        "(location l9)", 
        "(car c0)", 
        "(car c1)", 
        "(car c2)", 
        "(car c3)", 
        "(car c4)", 
        "(car c5)", 
        "(not-eq l0 l1)", 
        "(not-eq l1 l0)", 
        "(not-eq l0 l2)", 
        "(not-eq l2 l0)", 
        "(not-eq l0 l3)", 
        "(not-eq l3 l0)", 
        "(not-eq l0 l4)", 
        "(not-eq l4 l0)", 
        "(not-eq l0 l5)", 
        "(not-eq l5 l0)", 
        "(not-eq l0 l6)", 
        "(not-eq l6 l0)", 
        "(not-eq l0 l7)", 
        "(not-eq l7 l0)", 
        "(not-eq l0 l8)", 
        "(not-eq l8 l0)", 
        "(not-eq l0 l9)", 
        "(not-eq l9 l0)", 
        "(not-eq l1 l2)", 
        "(not-eq l2 l1)", 
        "(not-eq l1 l3)", 
        "(not-eq l3 l1)", 
        "(not-eq l1 l4)", 
        "(not-eq l4 l1)", 
        "(not-eq l1 l5)", 
        "(not-eq l5 l1)", 
        "(not-eq l1 l6)", 
        "(not-eq l6 l1)", 
        "(not-eq l1 l7)", 
        "(not-eq l7 l1)", 
        "(not-eq l1 l8)", 
        "(not-eq l8 l1)", 
        "(not-eq l1 l9)", 
        "(not-eq l9 l1)", 
        "(not-eq l2 l3)", 
        "(not-eq l3 l2)", 
        "(not-eq l2 l4)", 
        "(not-eq l4 l2)", 
        "(not-eq l2 l5)", 
        "(not-eq l5 l2)", 
        "(not-eq l2 l6)", 
        "(not-eq l6 l2)", 
        "(not-eq l2 l7)", 
        "(not-eq l7 l2)", 
        "(not-eq l2 l8)", 
        "(not-eq l8 l2)", 
        "(not-eq l2 l9)", 
        "(not-eq l9 l2)", 
        "(not-eq l3 l4)", 
        "(not-eq l4 l3)", 
        "(not-eq l3 l5)", 
        "(not-eq l5 l3)", 
        "(not-eq l3 l6)", 
        "(not-eq l6 l3)", 
        "(not-eq l3 l7)", 
        "(not-eq l7 l3)", 
        "(not-eq l3 l8)", 
        "(not-eq l8 l3)", 
        "(not-eq l3 l9)", 
        "(not-eq l9 l3)", 
        "(not-eq l4 l5)", 
        "(not-eq l5 l4)", 
        "(not-eq l4 l6)", 
        "(not-eq l6 l4)", 
        "(not-eq l4 l7)", 
        "(not-eq l7 l4)", 
        "(not-eq l4 l8)", 
        "(not-eq l8 l4)", 
        "(not-eq l4 l9)", 
        "(not-eq l9 l4)", 
        "(not-eq l5 l6)", 
        "(not-eq l6 l5)", 
        "(not-eq l5 l7)", 
        "(not-eq l7 l5)", 
        "(not-eq l5 l8)", 
        "(not-eq l8 l5)", 
        "(not-eq l5 l9)", 
        "(not-eq l9 l5)", 
        "(not-eq l6 l7)", 
        "(not-eq l7 l6)", 
        "(not-eq l6 l8)", 
        "(not-eq l8 l6)", 
        "(not-eq l6 l9)", 
        "(not-eq l9 l6)", 
        "(not-eq l7 l8)", 
        "(not-eq l8 l7)", 
        "(not-eq l7 l9)", 
        "(not-eq l9 l7)", 
        "(not-eq l8 l9)", 
        "(not-eq l9 l8)", 
        "(at c0 l7)", 
        "(at c2 l1)", 
        "(at c3 l9)", 
        "(at c4 l0)", 
        "(at c5 l1)", 
        "(at-ferry l9)", 
        "(at c1 l9)", 
        "(empty-ferry)"
      ], 
      "delete_list": [
        "(on c1)"
      ]
    }, 
    {
      "action": "(sail l9 l0)", 
      "add_list": [
        "(at-ferry l0)"
      ], 
      "state": 4, 
      "literals": [
        "(location l0)", 
        "(location l1)", 
        "(location l2)", 
        "(location l3)", 
        "(location l4)", 
        "(location l5)", 
        "(location l6)", 
        "(location l7)", 
        "(location l8)", 
        "(location l9)", 
        "(car c0)", 
        "(car c1)", 
        "(car c2)", 
        "(car c3)", 
        "(car c4)", 
        "(car c5)", 
        "(not-eq l0 l1)", 
        "(not-eq l1 l0)", 
        "(not-eq l0 l2)", 
        "(not-eq l2 l0)", 
        "(not-eq l0 l3)", 
        "(not-eq l3 l0)", 
        "(not-eq l0 l4)", 
        "(not-eq l4 l0)", 
        "(not-eq l0 l5)", 
        "(not-eq l5 l0)", 
        "(not-eq l0 l6)", 
        "(not-eq l6 l0)", 
        "(not-eq l0 l7)", 
        "(not-eq l7 l0)", 
        "(not-eq l0 l8)", 
        "(not-eq l8 l0)", 
        "(not-eq l0 l9)", 
        "(not-eq l9 l0)", 
        "(not-eq l1 l2)", 
        "(not-eq l2 l1)", 
        "(not-eq l1 l3)", 
        "(not-eq l3 l1)", 
        "(not-eq l1 l4)", 
        "(not-eq l4 l1)", 
        "(not-eq l1 l5)", 
        "(not-eq l5 l1)", 
        "(not-eq l1 l6)", 
        "(not-eq l6 l1)", 
        "(not-eq l1 l7)", 
        "(not-eq l7 l1)", 
        "(not-eq l1 l8)", 
        "(not-eq l8 l1)", 
        "(not-eq l1 l9)", 
        "(not-eq l9 l1)", 
        "(not-eq l2 l3)", 
        "(not-eq l3 l2)", 
        "(not-eq l2 l4)", 
        "(not-eq l4 l2)", 
        "(not-eq l2 l5)", 
        "(not-eq l5 l2)", 
        "(not-eq l2 l6)", 
        "(not-eq l6 l2)", 
        "(not-eq l2 l7)", 
        "(not-eq l7 l2)", 
        "(not-eq l2 l8)", 
        "(not-eq l8 l2)", 
        "(not-eq l2 l9)", 
        "(not-eq l9 l2)", 
        "(not-eq l3 l4)", 
        "(not-eq l4 l3)", 
        "(not-eq l3 l5)", 
        "(not-eq l5 l3)", 
        "(not-eq l3 l6)", 
        "(not-eq l6 l3)", 
        "(not-eq l3 l7)", 
        "(not-eq l7 l3)", 
        "(not-eq l3 l8)", 
        "(not-eq l8 l3)", 
        "(not-eq l3 l9)", 
        "(not-eq l9 l3)", 
        "(not-eq l4 l5)", 
        "(not-eq l5 l4)", 
        "(not-eq l4 l6)", 
        "(not-eq l6 l4)", 
        "(not-eq l4 l7)", 
        "(not-eq l7 l4)", 
        "(not-eq l4 l8)", 
        "(not-eq l8 l4)", 
        "(not-eq l4 l9)", 
        "(not-eq l9 l4)", 
        "(not-eq l5 l6)", 
        "(not-eq l6 l5)", 
        "(not-eq l5 l7)", 
        "(not-eq l7 l5)", 
        "(not-eq l5 l8)", 
        "(not-eq l8 l5)", 
        "(not-eq l5 l9)", 
        "(not-eq l9 l5)", 
        "(not-eq l6 l7)", 
        "(not-eq l7 l6)", 
        "(not-eq l6 l8)", 
        "(not-eq l8 l6)", 
        "(not-eq l6 l9)", 
        "(not-eq l9 l6)", 
        "(not-eq l7 l8)", 
        "(not-eq l8 l7)", 
        "(not-eq l7 l9)", 
        "(not-eq l9 l7)", 
        "(not-eq l8 l9)", 
        "(not-eq l9 l8)", 
        "(at c0 l7)", 
        "(at c2 l1)", 
        "(at c3 l9)", 
        "(at c4 l0)", 
        "(at c5 l1)", 
        "(at c1 l9)", 
        "(empty-ferry)", 
        "(at-ferry l0)"
      ], 
      "delete_list": [
        "(at-ferry l9)"
      ]
    }, 
    {
      "action": "(board c4 l0)", 
      "add_list": [
        "(on c4)"
      ], 
      "state": 5, 
      "literals": [
        "(location l0)", 
        "(location l1)", 
        "(location l2)", 
        "(location l3)", 
        "(location l4)", 
        "(location l5)", 
        "(location l6)", 
        "(location l7)", 
        "(location l8)", 
        "(location l9)", 
        "(car c0)", 
        "(car c1)", 
        "(car c2)", 
        "(car c3)", 
        "(car c4)", 
        "(car c5)", 
        "(not-eq l0 l1)", 
        "(not-eq l1 l0)", 
        "(not-eq l0 l2)", 
        "(not-eq l2 l0)", 
        "(not-eq l0 l3)", 
        "(not-eq l3 l0)", 
        "(not-eq l0 l4)", 
        "(not-eq l4 l0)", 
        "(not-eq l0 l5)", 
        "(not-eq l5 l0)", 
        "(not-eq l0 l6)", 
        "(not-eq l6 l0)", 
        "(not-eq l0 l7)", 
        "(not-eq l7 l0)", 
        "(not-eq l0 l8)", 
        "(not-eq l8 l0)", 
        "(not-eq l0 l9)", 
        "(not-eq l9 l0)", 
        "(not-eq l1 l2)", 
        "(not-eq l2 l1)", 
        "(not-eq l1 l3)", 
        "(not-eq l3 l1)", 
        "(not-eq l1 l4)", 
        "(not-eq l4 l1)", 
        "(not-eq l1 l5)", 
        "(not-eq l5 l1)", 
        "(not-eq l1 l6)", 
        "(not-eq l6 l1)", 
        "(not-eq l1 l7)", 
        "(not-eq l7 l1)", 
        "(not-eq l1 l8)", 
        "(not-eq l8 l1)", 
        "(not-eq l1 l9)", 
        "(not-eq l9 l1)", 
        "(not-eq l2 l3)", 
        "(not-eq l3 l2)", 
        "(not-eq l2 l4)", 
        "(not-eq l4 l2)", 
        "(not-eq l2 l5)", 
        "(not-eq l5 l2)", 
        "(not-eq l2 l6)", 
        "(not-eq l6 l2)", 
        "(not-eq l2 l7)", 
        "(not-eq l7 l2)", 
        "(not-eq l2 l8)", 
        "(not-eq l8 l2)", 
        "(not-eq l2 l9)", 
        "(not-eq l9 l2)", 
        "(not-eq l3 l4)", 
        "(not-eq l4 l3)", 
        "(not-eq l3 l5)", 
        "(not-eq l5 l3)", 
        "(not-eq l3 l6)", 
        "(not-eq l6 l3)", 
        "(not-eq l3 l7)", 
        "(not-eq l7 l3)", 
        "(not-eq l3 l8)", 
        "(not-eq l8 l3)", 
        "(not-eq l3 l9)", 
        "(not-eq l9 l3)", 
        "(not-eq l4 l5)", 
        "(not-eq l5 l4)", 
        "(not-eq l4 l6)", 
        "(not-eq l6 l4)", 
        "(not-eq l4 l7)", 
        "(not-eq l7 l4)", 
        "(not-eq l4 l8)", 
        "(not-eq l8 l4)", 
        "(not-eq l4 l9)", 
        "(not-eq l9 l4)", 
        "(not-eq l5 l6)", 
        "(not-eq l6 l5)", 
        "(not-eq l5 l7)", 
        "(not-eq l7 l5)", 
        "(not-eq l5 l8)", 
        "(not-eq l8 l5)", 
        "(not-eq l5 l9)", 
        "(not-eq l9 l5)", 
        "(not-eq l6 l7)", 
        "(not-eq l7 l6)", 
        "(not-eq l6 l8)", 
        "(not-eq l8 l6)", 
        "(not-eq l6 l9)", 
        "(not-eq l9 l6)", 
        "(not-eq l7 l8)", 
        "(not-eq l8 l7)", 
        "(not-eq l7 l9)", 
        "(not-eq l9 l7)", 
        "(not-eq l8 l9)", 
        "(not-eq l9 l8)", 
        "(at c0 l7)", 
        "(at c2 l1)", 
        "(at c3 l9)", 
        "(at c5 l1)", 
        "(at c1 l9)", 
        "(at-ferry l0)", 
        "(on c4)"
      ], 
      "delete_list": [
        "(at c4 l0)", 
        "(empty-ferry)"
      ]
    }, 
    {
      "action": "(sail l0 l4)", 
      "add_list": [
        "(at-ferry l4)"
      ], 
      "state": 6, 
      "literals": [
        "(location l0)", 
        "(location l1)", 
        "(location l2)", 
        "(location l3)", 
        "(location l4)", 
        "(location l5)", 
        "(location l6)", 
        "(location l7)", 
        "(location l8)", 
        "(location l9)", 
        "(car c0)", 
        "(car c1)", 
        "(car c2)", 
        "(car c3)", 
        "(car c4)", 
        "(car c5)", 
        "(not-eq l0 l1)", 
        "(not-eq l1 l0)", 
        "(not-eq l0 l2)", 
        "(not-eq l2 l0)", 
        "(not-eq l0 l3)", 
        "(not-eq l3 l0)", 
        "(not-eq l0 l4)", 
        "(not-eq l4 l0)", 
        "(not-eq l0 l5)", 
        "(not-eq l5 l0)", 
        "(not-eq l0 l6)", 
        "(not-eq l6 l0)", 
        "(not-eq l0 l7)", 
        "(not-eq l7 l0)", 
        "(not-eq l0 l8)", 
        "(not-eq l8 l0)", 
        "(not-eq l0 l9)", 
        "(not-eq l9 l0)", 
        "(not-eq l1 l2)", 
        "(not-eq l2 l1)", 
        "(not-eq l1 l3)", 
        "(not-eq l3 l1)", 
        "(not-eq l1 l4)", 
        "(not-eq l4 l1)", 
        "(not-eq l1 l5)", 
        "(not-eq l5 l1)", 
        "(not-eq l1 l6)", 
        "(not-eq l6 l1)", 
        "(not-eq l1 l7)", 
        "(not-eq l7 l1)", 
        "(not-eq l1 l8)", 
        "(not-eq l8 l1)", 
        "(not-eq l1 l9)", 
        "(not-eq l9 l1)", 
        "(not-eq l2 l3)", 
        "(not-eq l3 l2)", 
        "(not-eq l2 l4)", 
        "(not-eq l4 l2)", 
        "(not-eq l2 l5)", 
        "(not-eq l5 l2)", 
        "(not-eq l2 l6)", 
        "(not-eq l6 l2)", 
        "(not-eq l2 l7)", 
        "(not-eq l7 l2)", 
        "(not-eq l2 l8)", 
        "(not-eq l8 l2)", 
        "(not-eq l2 l9)", 
        "(not-eq l9 l2)", 
        "(not-eq l3 l4)", 
        "(not-eq l4 l3)", 
        "(not-eq l3 l5)", 
        "(not-eq l5 l3)", 
        "(not-eq l3 l6)", 
        "(not-eq l6 l3)", 
        "(not-eq l3 l7)", 
        "(not-eq l7 l3)", 
        "(not-eq l3 l8)", 
        "(not-eq l8 l3)", 
        "(not-eq l3 l9)", 
        "(not-eq l9 l3)", 
        "(not-eq l4 l5)", 
        "(not-eq l5 l4)", 
        "(not-eq l4 l6)", 
        "(not-eq l6 l4)", 
        "(not-eq l4 l7)", 
        "(not-eq l7 l4)", 
        "(not-eq l4 l8)", 
        "(not-eq l8 l4)", 
        "(not-eq l4 l9)", 
        "(not-eq l9 l4)", 
        "(not-eq l5 l6)", 
        "(not-eq l6 l5)", 
        "(not-eq l5 l7)", 
        "(not-eq l7 l5)", 
        "(not-eq l5 l8)", 
        "(not-eq l8 l5)", 
        "(not-eq l5 l9)", 
        "(not-eq l9 l5)", 
        "(not-eq l6 l7)", 
        "(not-eq l7 l6)", 
        "(not-eq l6 l8)", 
        "(not-eq l8 l6)", 
        "(not-eq l6 l9)", 
        "(not-eq l9 l6)", 
        "(not-eq l7 l8)", 
        "(not-eq l8 l7)", 
        "(not-eq l7 l9)", 
        "(not-eq l9 l7)", 
        "(not-eq l8 l9)", 
        "(not-eq l9 l8)", 
        "(at c0 l7)", 
        "(at c2 l1)", 
        "(at c3 l9)", 
        "(at c5 l1)", 
        "(at c1 l9)", 
        "(on c4)", 
        "(at-ferry l4)"
      ], 
      "delete_list": [
        "(at-ferry l0)"
      ]
    }, 
    {
      "action": "(debark c4 l4)", 
      "add_list": [
        "(at c4 l4)", 
        "(empty-ferry)"
      ], 
      "state": 7, 
      "literals": [
        "(location l0)", 
        "(location l1)", 
        "(location l2)", 
        "(location l3)", 
        "(location l4)", 
        "(location l5)", 
        "(location l6)", 
        "(location l7)", 
        "(location l8)", 
        "(location l9)", 
        "(car c0)", 
        "(car c1)", 
        "(car c2)", 
        "(car c3)", 
        "(car c4)", 
        "(car c5)", 
        "(not-eq l0 l1)", 
        "(not-eq l1 l0)", 
        "(not-eq l0 l2)", 
        "(not-eq l2 l0)", 
        "(not-eq l0 l3)", 
        "(not-eq l3 l0)", 
        "(not-eq l0 l4)", 
        "(not-eq l4 l0)", 
        "(not-eq l0 l5)", 
        "(not-eq l5 l0)", 
        "(not-eq l0 l6)", 
        "(not-eq l6 l0)", 
        "(not-eq l0 l7)", 
        "(not-eq l7 l0)", 
        "(not-eq l0 l8)", 
        "(not-eq l8 l0)", 
        "(not-eq l0 l9)", 
        "(not-eq l9 l0)", 
        "(not-eq l1 l2)", 
        "(not-eq l2 l1)", 
        "(not-eq l1 l3)", 
        "(not-eq l3 l1)", 
        "(not-eq l1 l4)", 
        "(not-eq l4 l1)", 
        "(not-eq l1 l5)", 
        "(not-eq l5 l1)", 
        "(not-eq l1 l6)", 
        "(not-eq l6 l1)", 
        "(not-eq l1 l7)", 
        "(not-eq l7 l1)", 
        "(not-eq l1 l8)", 
        "(not-eq l8 l1)", 
        "(not-eq l1 l9)", 
        "(not-eq l9 l1)", 
        "(not-eq l2 l3)", 
        "(not-eq l3 l2)", 
        "(not-eq l2 l4)", 
        "(not-eq l4 l2)", 
        "(not-eq l2 l5)", 
        "(not-eq l5 l2)", 
        "(not-eq l2 l6)", 
        "(not-eq l6 l2)", 
        "(not-eq l2 l7)", 
        "(not-eq l7 l2)", 
        "(not-eq l2 l8)", 
        "(not-eq l8 l2)", 
        "(not-eq l2 l9)", 
        "(not-eq l9 l2)", 
        "(not-eq l3 l4)", 
        "(not-eq l4 l3)", 
        "(not-eq l3 l5)", 
        "(not-eq l5 l3)", 
        "(not-eq l3 l6)", 
        "(not-eq l6 l3)", 
        "(not-eq l3 l7)", 
        "(not-eq l7 l3)", 
        "(not-eq l3 l8)", 
        "(not-eq l8 l3)", 
        "(not-eq l3 l9)", 
        "(not-eq l9 l3)", 
        "(not-eq l4 l5)", 
        "(not-eq l5 l4)", 
        "(not-eq l4 l6)", 
        "(not-eq l6 l4)", 
        "(not-eq l4 l7)", 
        "(not-eq l7 l4)", 
        "(not-eq l4 l8)", 
        "(not-eq l8 l4)", 
        "(not-eq l4 l9)", 
        "(not-eq l9 l4)", 
        "(not-eq l5 l6)", 
        "(not-eq l6 l5)", 
        "(not-eq l5 l7)", 
        "(not-eq l7 l5)", 
        "(not-eq l5 l8)", 
        "(not-eq l8 l5)", 
        "(not-eq l5 l9)", 
        "(not-eq l9 l5)", 
        "(not-eq l6 l7)", 
        "(not-eq l7 l6)", 
        "(not-eq l6 l8)", 
        "(not-eq l8 l6)", 
        "(not-eq l6 l9)", 
        "(not-eq l9 l6)", 
        "(not-eq l7 l8)", 
        "(not-eq l8 l7)", 
        "(not-eq l7 l9)", 
        "(not-eq l9 l7)", 
        "(not-eq l8 l9)", 
        "(not-eq l9 l8)", 
        "(at c0 l7)", 
        "(at c2 l1)", 
        "(at c3 l9)", 
        "(at c5 l1)", 
        "(at c1 l9)", 
        "(at-ferry l4)", 
        "(at c4 l4)", 
        "(empty-ferry)"
      ], 
      "delete_list": [
        "(on c4)"
      ]
    }, 
    {
      "action": "(sail l4 l1)", 
      "add_list": [
        "(at-ferry l1)"
      ], 
      "state": 8, 
      "literals": [
        "(location l0)", 
        "(location l1)", 
        "(location l2)", 
        "(location l3)", 
        "(location l4)", 
        "(location l5)", 
        "(location l6)", 
        "(location l7)", 
        "(location l8)", 
        "(location l9)", 
        "(car c0)", 
        "(car c1)", 
        "(car c2)", 
        "(car c3)", 
        "(car c4)", 
        "(car c5)", 
        "(not-eq l0 l1)", 
        "(not-eq l1 l0)", 
        "(not-eq l0 l2)", 
        "(not-eq l2 l0)", 
        "(not-eq l0 l3)", 
        "(not-eq l3 l0)", 
        "(not-eq l0 l4)", 
        "(not-eq l4 l0)", 
        "(not-eq l0 l5)", 
        "(not-eq l5 l0)", 
        "(not-eq l0 l6)", 
        "(not-eq l6 l0)", 
        "(not-eq l0 l7)", 
        "(not-eq l7 l0)", 
        "(not-eq l0 l8)", 
        "(not-eq l8 l0)", 
        "(not-eq l0 l9)", 
        "(not-eq l9 l0)", 
        "(not-eq l1 l2)", 
        "(not-eq l2 l1)", 
        "(not-eq l1 l3)", 
        "(not-eq l3 l1)", 
        "(not-eq l1 l4)", 
        "(not-eq l4 l1)", 
        "(not-eq l1 l5)", 
        "(not-eq l5 l1)", 
        "(not-eq l1 l6)", 
        "(not-eq l6 l1)", 
        "(not-eq l1 l7)", 
        "(not-eq l7 l1)", 
        "(not-eq l1 l8)", 
        "(not-eq l8 l1)", 
        "(not-eq l1 l9)", 
        "(not-eq l9 l1)", 
        "(not-eq l2 l3)", 
        "(not-eq l3 l2)", 
        "(not-eq l2 l4)", 
        "(not-eq l4 l2)", 
        "(not-eq l2 l5)", 
        "(not-eq l5 l2)", 
        "(not-eq l2 l6)", 
        "(not-eq l6 l2)", 
        "(not-eq l2 l7)", 
        "(not-eq l7 l2)", 
        "(not-eq l2 l8)", 
        "(not-eq l8 l2)", 
        "(not-eq l2 l9)", 
        "(not-eq l9 l2)", 
        "(not-eq l3 l4)", 
        "(not-eq l4 l3)", 
        "(not-eq l3 l5)", 
        "(not-eq l5 l3)", 
        "(not-eq l3 l6)", 
        "(not-eq l6 l3)", 
        "(not-eq l3 l7)", 
        "(not-eq l7 l3)", 
        "(not-eq l3 l8)", 
        "(not-eq l8 l3)", 
        "(not-eq l3 l9)", 
        "(not-eq l9 l3)", 
        "(not-eq l4 l5)", 
        "(not-eq l5 l4)", 
        "(not-eq l4 l6)", 
        "(not-eq l6 l4)", 
        "(not-eq l4 l7)", 
        "(not-eq l7 l4)", 
        "(not-eq l4 l8)", 
        "(not-eq l8 l4)", 
        "(not-eq l4 l9)", 
        "(not-eq l9 l4)", 
        "(not-eq l5 l6)", 
        "(not-eq l6 l5)", 
        "(not-eq l5 l7)", 
        "(not-eq l7 l5)", 
        "(not-eq l5 l8)", 
        "(not-eq l8 l5)", 
        "(not-eq l5 l9)", 
        "(not-eq l9 l5)", 
        "(not-eq l6 l7)", 
        "(not-eq l7 l6)", 
        "(not-eq l6 l8)", 
        "(not-eq l8 l6)", 
        "(not-eq l6 l9)", 
        "(not-eq l9 l6)", 
        "(not-eq l7 l8)", 
        "(not-eq l8 l7)", 
        "(not-eq l7 l9)", 
        "(not-eq l9 l7)", 
        "(not-eq l8 l9)", 
        "(not-eq l9 l8)", 
        "(at c0 l7)", 
        "(at c2 l1)", 
        "(at c3 l9)", 
        "(at c5 l1)", 
        "(at c1 l9)", 
        "(at c4 l4)", 
        "(empty-ferry)", 
        "(at-ferry l1)"
      ], 
      "delete_list": [
        "(at-ferry l4)"
      ]
    }, 
    {
      "action": "(board c5 l1)", 
      "add_list": [
        "(on c5)"
      ], 
      "state": 9, 
      "literals": [
        "(location l0)", 
        "(location l1)", 
        "(location l2)", 
        "(location l3)", 
        "(location l4)", 
        "(location l5)", 
        "(location l6)", 
        "(location l7)", 
        "(location l8)", 
        "(location l9)", 
        "(car c0)", 
        "(car c1)", 
        "(car c2)", 
        "(car c3)", 
        "(car c4)", 
        "(car c5)", 
        "(not-eq l0 l1)", 
        "(not-eq l1 l0)", 
        "(not-eq l0 l2)", 
        "(not-eq l2 l0)", 
        "(not-eq l0 l3)", 
        "(not-eq l3 l0)", 
        "(not-eq l0 l4)", 
        "(not-eq l4 l0)", 
        "(not-eq l0 l5)", 
        "(not-eq l5 l0)", 
        "(not-eq l0 l6)", 
        "(not-eq l6 l0)", 
        "(not-eq l0 l7)", 
        "(not-eq l7 l0)", 
        "(not-eq l0 l8)", 
        "(not-eq l8 l0)", 
        "(not-eq l0 l9)", 
        "(not-eq l9 l0)", 
        "(not-eq l1 l2)", 
        "(not-eq l2 l1)", 
        "(not-eq l1 l3)", 
        "(not-eq l3 l1)", 
        "(not-eq l1 l4)", 
        "(not-eq l4 l1)", 
        "(not-eq l1 l5)", 
        "(not-eq l5 l1)", 
        "(not-eq l1 l6)", 
        "(not-eq l6 l1)", 
        "(not-eq l1 l7)", 
        "(not-eq l7 l1)", 
        "(not-eq l1 l8)", 
        "(not-eq l8 l1)", 
        "(not-eq l1 l9)", 
        "(not-eq l9 l1)", 
        "(not-eq l2 l3)", 
        "(not-eq l3 l2)", 
        "(not-eq l2 l4)", 
        "(not-eq l4 l2)", 
        "(not-eq l2 l5)", 
        "(not-eq l5 l2)", 
        "(not-eq l2 l6)", 
        "(not-eq l6 l2)", 
        "(not-eq l2 l7)", 
        "(not-eq l7 l2)", 
        "(not-eq l2 l8)", 
        "(not-eq l8 l2)", 
        "(not-eq l2 l9)", 
        "(not-eq l9 l2)", 
        "(not-eq l3 l4)", 
        "(not-eq l4 l3)", 
        "(not-eq l3 l5)", 
        "(not-eq l5 l3)", 
        "(not-eq l3 l6)", 
        "(not-eq l6 l3)", 
        "(not-eq l3 l7)", 
        "(not-eq l7 l3)", 
        "(not-eq l3 l8)", 
        "(not-eq l8 l3)", 
        "(not-eq l3 l9)", 
        "(not-eq l9 l3)", 
        "(not-eq l4 l5)", 
        "(not-eq l5 l4)", 
        "(not-eq l4 l6)", 
        "(not-eq l6 l4)", 
        "(not-eq l4 l7)", 
        "(not-eq l7 l4)", 
        "(not-eq l4 l8)", 
        "(not-eq l8 l4)", 
        "(not-eq l4 l9)", 
        "(not-eq l9 l4)", 
        "(not-eq l5 l6)", 
        "(not-eq l6 l5)", 
        "(not-eq l5 l7)", 
        "(not-eq l7 l5)", 
        "(not-eq l5 l8)", 
        "(not-eq l8 l5)", 
        "(not-eq l5 l9)", 
        "(not-eq l9 l5)", 
        "(not-eq l6 l7)", 
        "(not-eq l7 l6)", 
        "(not-eq l6 l8)", 
        "(not-eq l8 l6)", 
        "(not-eq l6 l9)", 
        "(not-eq l9 l6)", 
        "(not-eq l7 l8)", 
        "(not-eq l8 l7)", 
        "(not-eq l7 l9)", 
        "(not-eq l9 l7)", 
        "(not-eq l8 l9)", 
        "(not-eq l9 l8)", 
        "(at c0 l7)", 
        "(at c2 l1)", 
        "(at c3 l9)", 
        "(at c1 l9)", 
        "(at c4 l4)", 
        "(at-ferry l1)", 
        "(on c5)"
      ], 
      "delete_list": [
        "(at c5 l1)", 
        "(empty-ferry)"
      ]
    }, 
    {
      "action": "(sail l1 l8)", 
      "add_list": [
        "(at-ferry l8)"
      ], 
      "state": 10, 
      "literals": [
        "(location l0)", 
        "(location l1)", 
        "(location l2)", 
        "(location l3)", 
        "(location l4)", 
        "(location l5)", 
        "(location l6)", 
        "(location l7)", 
        "(location l8)", 
        "(location l9)", 
        "(car c0)", 
        "(car c1)", 
        "(car c2)", 
        "(car c3)", 
        "(car c4)", 
        "(car c5)", 
        "(not-eq l0 l1)", 
        "(not-eq l1 l0)", 
        "(not-eq l0 l2)", 
        "(not-eq l2 l0)", 
        "(not-eq l0 l3)", 
        "(not-eq l3 l0)", 
        "(not-eq l0 l4)", 
        "(not-eq l4 l0)", 
        "(not-eq l0 l5)", 
        "(not-eq l5 l0)", 
        "(not-eq l0 l6)", 
        "(not-eq l6 l0)", 
        "(not-eq l0 l7)", 
        "(not-eq l7 l0)", 
        "(not-eq l0 l8)", 
        "(not-eq l8 l0)", 
        "(not-eq l0 l9)", 
        "(not-eq l9 l0)", 
        "(not-eq l1 l2)", 
        "(not-eq l2 l1)", 
        "(not-eq l1 l3)", 
        "(not-eq l3 l1)", 
        "(not-eq l1 l4)", 
        "(not-eq l4 l1)", 
        "(not-eq l1 l5)", 
        "(not-eq l5 l1)", 
        "(not-eq l1 l6)", 
        "(not-eq l6 l1)", 
        "(not-eq l1 l7)", 
        "(not-eq l7 l1)", 
        "(not-eq l1 l8)", 
        "(not-eq l8 l1)", 
        "(not-eq l1 l9)", 
        "(not-eq l9 l1)", 
        "(not-eq l2 l3)", 
        "(not-eq l3 l2)", 
        "(not-eq l2 l4)", 
        "(not-eq l4 l2)", 
        "(not-eq l2 l5)", 
        "(not-eq l5 l2)", 
        "(not-eq l2 l6)", 
        "(not-eq l6 l2)", 
        "(not-eq l2 l7)", 
        "(not-eq l7 l2)", 
        "(not-eq l2 l8)", 
        "(not-eq l8 l2)", 
        "(not-eq l2 l9)", 
        "(not-eq l9 l2)", 
        "(not-eq l3 l4)", 
        "(not-eq l4 l3)", 
        "(not-eq l3 l5)", 
        "(not-eq l5 l3)", 
        "(not-eq l3 l6)", 
        "(not-eq l6 l3)", 
        "(not-eq l3 l7)", 
        "(not-eq l7 l3)", 
        "(not-eq l3 l8)", 
        "(not-eq l8 l3)", 
        "(not-eq l3 l9)", 
        "(not-eq l9 l3)", 
        "(not-eq l4 l5)", 
        "(not-eq l5 l4)", 
        "(not-eq l4 l6)", 
        "(not-eq l6 l4)", 
        "(not-eq l4 l7)", 
        "(not-eq l7 l4)", 
        "(not-eq l4 l8)", 
        "(not-eq l8 l4)", 
        "(not-eq l4 l9)", 
        "(not-eq l9 l4)", 
        "(not-eq l5 l6)", 
        "(not-eq l6 l5)", 
        "(not-eq l5 l7)", 
        "(not-eq l7 l5)", 
        "(not-eq l5 l8)", 
        "(not-eq l8 l5)", 
        "(not-eq l5 l9)", 
        "(not-eq l9 l5)", 
        "(not-eq l6 l7)", 
        "(not-eq l7 l6)", 
        "(not-eq l6 l8)", 
        "(not-eq l8 l6)", 
        "(not-eq l6 l9)", 
        "(not-eq l9 l6)", 
        "(not-eq l7 l8)", 
        "(not-eq l8 l7)", 
        "(not-eq l7 l9)", 
        "(not-eq l9 l7)", 
        "(not-eq l8 l9)", 
        "(not-eq l9 l8)", 
        "(at c0 l7)", 
        "(at c2 l1)", 
        "(at c3 l9)", 
        "(at c1 l9)", 
        "(at c4 l4)", 
        "(on c5)", 
        "(at-ferry l8)"
      ], 
      "delete_list": [
        "(at-ferry l1)"
      ]
    }, 
    {
      "action": "(debark c5 l8)", 
      "add_list": [
        "(at c5 l8)", 
        "(empty-ferry)"
      ], 
      "state": 11, 
      "literals": [
        "(location l0)", 
        "(location l1)", 
        "(location l2)", 
        "(location l3)", 
        "(location l4)", 
        "(location l5)", 
        "(location l6)", 
        "(location l7)", 
        "(location l8)", 
        "(location l9)", 
        "(car c0)", 
        "(car c1)", 
        "(car c2)", 
        "(car c3)", 
        "(car c4)", 
        "(car c5)", 
        "(not-eq l0 l1)", 
        "(not-eq l1 l0)", 
        "(not-eq l0 l2)", 
        "(not-eq l2 l0)", 
        "(not-eq l0 l3)", 
        "(not-eq l3 l0)", 
        "(not-eq l0 l4)", 
        "(not-eq l4 l0)", 
        "(not-eq l0 l5)", 
        "(not-eq l5 l0)", 
        "(not-eq l0 l6)", 
        "(not-eq l6 l0)", 
        "(not-eq l0 l7)", 
        "(not-eq l7 l0)", 
        "(not-eq l0 l8)", 
        "(not-eq l8 l0)", 
        "(not-eq l0 l9)", 
        "(not-eq l9 l0)", 
        "(not-eq l1 l2)", 
        "(not-eq l2 l1)", 
        "(not-eq l1 l3)", 
        "(not-eq l3 l1)", 
        "(not-eq l1 l4)", 
        "(not-eq l4 l1)", 
        "(not-eq l1 l5)", 
        "(not-eq l5 l1)", 
        "(not-eq l1 l6)", 
        "(not-eq l6 l1)", 
        "(not-eq l1 l7)", 
        "(not-eq l7 l1)", 
        "(not-eq l1 l8)", 
        "(not-eq l8 l1)", 
        "(not-eq l1 l9)", 
        "(not-eq l9 l1)", 
        "(not-eq l2 l3)", 
        "(not-eq l3 l2)", 
        "(not-eq l2 l4)", 
        "(not-eq l4 l2)", 
        "(not-eq l2 l5)", 
        "(not-eq l5 l2)", 
        "(not-eq l2 l6)", 
        "(not-eq l6 l2)", 
        "(not-eq l2 l7)", 
        "(not-eq l7 l2)", 
        "(not-eq l2 l8)", 
        "(not-eq l8 l2)", 
        "(not-eq l2 l9)", 
        "(not-eq l9 l2)", 
        "(not-eq l3 l4)", 
        "(not-eq l4 l3)", 
        "(not-eq l3 l5)", 
        "(not-eq l5 l3)", 
        "(not-eq l3 l6)", 
        "(not-eq l6 l3)", 
        "(not-eq l3 l7)", 
        "(not-eq l7 l3)", 
        "(not-eq l3 l8)", 
        "(not-eq l8 l3)", 
        "(not-eq l3 l9)", 
        "(not-eq l9 l3)", 
        "(not-eq l4 l5)", 
        "(not-eq l5 l4)", 
        "(not-eq l4 l6)", 
        "(not-eq l6 l4)", 
        "(not-eq l4 l7)", 
        "(not-eq l7 l4)", 
        "(not-eq l4 l8)", 
        "(not-eq l8 l4)", 
        "(not-eq l4 l9)", 
        "(not-eq l9 l4)", 
        "(not-eq l5 l6)", 
        "(not-eq l6 l5)", 
        "(not-eq l5 l7)", 
        "(not-eq l7 l5)", 
        "(not-eq l5 l8)", 
        "(not-eq l8 l5)", 
        "(not-eq l5 l9)", 
        "(not-eq l9 l5)", 
        "(not-eq l6 l7)", 
        "(not-eq l7 l6)", 
        "(not-eq l6 l8)", 
        "(not-eq l8 l6)", 
        "(not-eq l6 l9)", 
        "(not-eq l9 l6)", 
        "(not-eq l7 l8)", 
        "(not-eq l8 l7)", 
        "(not-eq l7 l9)", 
        "(not-eq l9 l7)", 
        "(not-eq l8 l9)", 
        "(not-eq l9 l8)", 
        "(at c0 l7)", 
        "(at c2 l1)", 
        "(at c3 l9)", 
        "(at c1 l9)", 
        "(at c4 l4)", 
        "(at-ferry l8)", 
        "(at c5 l8)", 
        "(empty-ferry)"
      ], 
      "delete_list": [
        "(on c5)"
      ]
    }, 
    {
      "action": "(sail l8 l1)", 
      "add_list": [
        "(at-ferry l1)"
      ], 
      "state": 12, 
      "literals": [
        "(location l0)", 
        "(location l1)", 
        "(location l2)", 
        "(location l3)", 
        "(location l4)", 
        "(location l5)", 
        "(location l6)", 
        "(location l7)", 
        "(location l8)", 
        "(location l9)", 
        "(car c0)", 
        "(car c1)", 
        "(car c2)", 
        "(car c3)", 
        "(car c4)", 
        "(car c5)", 
        "(not-eq l0 l1)", 
        "(not-eq l1 l0)", 
        "(not-eq l0 l2)", 
        "(not-eq l2 l0)", 
        "(not-eq l0 l3)", 
        "(not-eq l3 l0)", 
        "(not-eq l0 l4)", 
        "(not-eq l4 l0)", 
        "(not-eq l0 l5)", 
        "(not-eq l5 l0)", 
        "(not-eq l0 l6)", 
        "(not-eq l6 l0)", 
        "(not-eq l0 l7)", 
        "(not-eq l7 l0)", 
        "(not-eq l0 l8)", 
        "(not-eq l8 l0)", 
        "(not-eq l0 l9)", 
        "(not-eq l9 l0)", 
        "(not-eq l1 l2)", 
        "(not-eq l2 l1)", 
        "(not-eq l1 l3)", 
        "(not-eq l3 l1)", 
        "(not-eq l1 l4)", 
        "(not-eq l4 l1)", 
        "(not-eq l1 l5)", 
        "(not-eq l5 l1)", 
        "(not-eq l1 l6)", 
        "(not-eq l6 l1)", 
        "(not-eq l1 l7)", 
        "(not-eq l7 l1)", 
        "(not-eq l1 l8)", 
        "(not-eq l8 l1)", 
        "(not-eq l1 l9)", 
        "(not-eq l9 l1)", 
        "(not-eq l2 l3)", 
        "(not-eq l3 l2)", 
        "(not-eq l2 l4)", 
        "(not-eq l4 l2)", 
        "(not-eq l2 l5)", 
        "(not-eq l5 l2)", 
        "(not-eq l2 l6)", 
        "(not-eq l6 l2)", 
        "(not-eq l2 l7)", 
        "(not-eq l7 l2)", 
        "(not-eq l2 l8)", 
        "(not-eq l8 l2)", 
        "(not-eq l2 l9)", 
        "(not-eq l9 l2)", 
        "(not-eq l3 l4)", 
        "(not-eq l4 l3)", 
        "(not-eq l3 l5)", 
        "(not-eq l5 l3)", 
        "(not-eq l3 l6)", 
        "(not-eq l6 l3)", 
        "(not-eq l3 l7)", 
        "(not-eq l7 l3)", 
        "(not-eq l3 l8)", 
        "(not-eq l8 l3)", 
        "(not-eq l3 l9)", 
        "(not-eq l9 l3)", 
        "(not-eq l4 l5)", 
        "(not-eq l5 l4)", 
        "(not-eq l4 l6)", 
        "(not-eq l6 l4)", 
        "(not-eq l4 l7)", 
        "(not-eq l7 l4)", 
        "(not-eq l4 l8)", 
        "(not-eq l8 l4)", 
        "(not-eq l4 l9)", 
        "(not-eq l9 l4)", 
        "(not-eq l5 l6)", 
        "(not-eq l6 l5)", 
        "(not-eq l5 l7)", 
        "(not-eq l7 l5)", 
        "(not-eq l5 l8)", 
        "(not-eq l8 l5)", 
        "(not-eq l5 l9)", 
        "(not-eq l9 l5)", 
        "(not-eq l6 l7)", 
        "(not-eq l7 l6)", 
        "(not-eq l6 l8)", 
        "(not-eq l8 l6)", 
        "(not-eq l6 l9)", 
        "(not-eq l9 l6)", 
        "(not-eq l7 l8)", 
        "(not-eq l8 l7)", 
        "(not-eq l7 l9)", 
        "(not-eq l9 l7)", 
        "(not-eq l8 l9)", 
        "(not-eq l9 l8)", 
        "(at c0 l7)", 
        "(at c2 l1)", 
        "(at c3 l9)", 
        "(at c1 l9)", 
        "(at c4 l4)", 
        "(at c5 l8)", 
        "(empty-ferry)", 
        "(at-ferry l1)"
      ], 
      "delete_list": [
        "(at-ferry l8)"
      ]
    }, 
    {
      "action": "(board c2 l1)", 
      "add_list": [
        "(on c2)"
      ], 
      "state": 13, 
      "literals": [
        "(location l0)", 
        "(location l1)", 
        "(location l2)", 
        "(location l3)", 
        "(location l4)", 
        "(location l5)", 
        "(location l6)", 
        "(location l7)", 
        "(location l8)", 
        "(location l9)", 
        "(car c0)", 
        "(car c1)", 
        "(car c2)", 
        "(car c3)", 
        "(car c4)", 
        "(car c5)", 
        "(not-eq l0 l1)", 
        "(not-eq l1 l0)", 
        "(not-eq l0 l2)", 
        "(not-eq l2 l0)", 
        "(not-eq l0 l3)", 
        "(not-eq l3 l0)", 
        "(not-eq l0 l4)", 
        "(not-eq l4 l0)", 
        "(not-eq l0 l5)", 
        "(not-eq l5 l0)", 
        "(not-eq l0 l6)", 
        "(not-eq l6 l0)", 
        "(not-eq l0 l7)", 
        "(not-eq l7 l0)", 
        "(not-eq l0 l8)", 
        "(not-eq l8 l0)", 
        "(not-eq l0 l9)", 
        "(not-eq l9 l0)", 
        "(not-eq l1 l2)", 
        "(not-eq l2 l1)", 
        "(not-eq l1 l3)", 
        "(not-eq l3 l1)", 
        "(not-eq l1 l4)", 
        "(not-eq l4 l1)", 
        "(not-eq l1 l5)", 
        "(not-eq l5 l1)", 
        "(not-eq l1 l6)", 
        "(not-eq l6 l1)", 
        "(not-eq l1 l7)", 
        "(not-eq l7 l1)", 
        "(not-eq l1 l8)", 
        "(not-eq l8 l1)", 
        "(not-eq l1 l9)", 
        "(not-eq l9 l1)", 
        "(not-eq l2 l3)", 
        "(not-eq l3 l2)", 
        "(not-eq l2 l4)", 
        "(not-eq l4 l2)", 
        "(not-eq l2 l5)", 
        "(not-eq l5 l2)", 
        "(not-eq l2 l6)", 
        "(not-eq l6 l2)", 
        "(not-eq l2 l7)", 
        "(not-eq l7 l2)", 
        "(not-eq l2 l8)", 
        "(not-eq l8 l2)", 
        "(not-eq l2 l9)", 
        "(not-eq l9 l2)", 
        "(not-eq l3 l4)", 
        "(not-eq l4 l3)", 
        "(not-eq l3 l5)", 
        "(not-eq l5 l3)", 
        "(not-eq l3 l6)", 
        "(not-eq l6 l3)", 
        "(not-eq l3 l7)", 
        "(not-eq l7 l3)", 
        "(not-eq l3 l8)", 
        "(not-eq l8 l3)", 
        "(not-eq l3 l9)", 
        "(not-eq l9 l3)", 
        "(not-eq l4 l5)", 
        "(not-eq l5 l4)", 
        "(not-eq l4 l6)", 
        "(not-eq l6 l4)", 
        "(not-eq l4 l7)", 
        "(not-eq l7 l4)", 
        "(not-eq l4 l8)", 
        "(not-eq l8 l4)", 
        "(not-eq l4 l9)", 
        "(not-eq l9 l4)", 
        "(not-eq l5 l6)", 
        "(not-eq l6 l5)", 
        "(not-eq l5 l7)", 
        "(not-eq l7 l5)", 
        "(not-eq l5 l8)", 
        "(not-eq l8 l5)", 
        "(not-eq l5 l9)", 
        "(not-eq l9 l5)", 
        "(not-eq l6 l7)", 
        "(not-eq l7 l6)", 
        "(not-eq l6 l8)", 
        "(not-eq l8 l6)", 
        "(not-eq l6 l9)", 
        "(not-eq l9 l6)", 
        "(not-eq l7 l8)", 
        "(not-eq l8 l7)", 
        "(not-eq l7 l9)", 
        "(not-eq l9 l7)", 
        "(not-eq l8 l9)", 
        "(not-eq l9 l8)", 
        "(at c0 l7)", 
        "(at c3 l9)", 
        "(at c1 l9)", 
        "(at c4 l4)", 
        "(at c5 l8)", 
        "(at-ferry l1)", 
        "(on c2)"
      ], 
      "delete_list": [
        "(at c2 l1)", 
        "(empty-ferry)"
      ]
    }, 
    {
      "action": "(sail l1 l6)", 
      "add_list": [
        "(at-ferry l6)"
      ], 
      "state": 14, 
      "literals": [
        "(location l0)", 
        "(location l1)", 
        "(location l2)", 
        "(location l3)", 
        "(location l4)", 
        "(location l5)", 
        "(location l6)", 
        "(location l7)", 
        "(location l8)", 
        "(location l9)", 
        "(car c0)", 
        "(car c1)", 
        "(car c2)", 
        "(car c3)", 
        "(car c4)", 
        "(car c5)", 
        "(not-eq l0 l1)", 
        "(not-eq l1 l0)", 
        "(not-eq l0 l2)", 
        "(not-eq l2 l0)", 
        "(not-eq l0 l3)", 
        "(not-eq l3 l0)", 
        "(not-eq l0 l4)", 
        "(not-eq l4 l0)", 
        "(not-eq l0 l5)", 
        "(not-eq l5 l0)", 
        "(not-eq l0 l6)", 
        "(not-eq l6 l0)", 
        "(not-eq l0 l7)", 
        "(not-eq l7 l0)", 
        "(not-eq l0 l8)", 
        "(not-eq l8 l0)", 
        "(not-eq l0 l9)", 
        "(not-eq l9 l0)", 
        "(not-eq l1 l2)", 
        "(not-eq l2 l1)", 
        "(not-eq l1 l3)", 
        "(not-eq l3 l1)", 
        "(not-eq l1 l4)", 
        "(not-eq l4 l1)", 
        "(not-eq l1 l5)", 
        "(not-eq l5 l1)", 
        "(not-eq l1 l6)", 
        "(not-eq l6 l1)", 
        "(not-eq l1 l7)", 
        "(not-eq l7 l1)", 
        "(not-eq l1 l8)", 
        "(not-eq l8 l1)", 
        "(not-eq l1 l9)", 
        "(not-eq l9 l1)", 
        "(not-eq l2 l3)", 
        "(not-eq l3 l2)", 
        "(not-eq l2 l4)", 
        "(not-eq l4 l2)", 
        "(not-eq l2 l5)", 
        "(not-eq l5 l2)", 
        "(not-eq l2 l6)", 
        "(not-eq l6 l2)", 
        "(not-eq l2 l7)", 
        "(not-eq l7 l2)", 
        "(not-eq l2 l8)", 
        "(not-eq l8 l2)", 
        "(not-eq l2 l9)", 
        "(not-eq l9 l2)", 
        "(not-eq l3 l4)", 
        "(not-eq l4 l3)", 
        "(not-eq l3 l5)", 
        "(not-eq l5 l3)", 
        "(not-eq l3 l6)", 
        "(not-eq l6 l3)", 
        "(not-eq l3 l7)", 
        "(not-eq l7 l3)", 
        "(not-eq l3 l8)", 
        "(not-eq l8 l3)", 
        "(not-eq l3 l9)", 
        "(not-eq l9 l3)", 
        "(not-eq l4 l5)", 
        "(not-eq l5 l4)", 
        "(not-eq l4 l6)", 
        "(not-eq l6 l4)", 
        "(not-eq l4 l7)", 
        "(not-eq l7 l4)", 
        "(not-eq l4 l8)", 
        "(not-eq l8 l4)", 
        "(not-eq l4 l9)", 
        "(not-eq l9 l4)", 
        "(not-eq l5 l6)", 
        "(not-eq l6 l5)", 
        "(not-eq l5 l7)", 
        "(not-eq l7 l5)", 
        "(not-eq l5 l8)", 
        "(not-eq l8 l5)", 
        "(not-eq l5 l9)", 
        "(not-eq l9 l5)", 
        "(not-eq l6 l7)", 
        "(not-eq l7 l6)", 
        "(not-eq l6 l8)", 
        "(not-eq l8 l6)", 
        "(not-eq l6 l9)", 
        "(not-eq l9 l6)", 
        "(not-eq l7 l8)", 
        "(not-eq l8 l7)", 
        "(not-eq l7 l9)", 
        "(not-eq l9 l7)", 
        "(not-eq l8 l9)", 
        "(not-eq l9 l8)", 
        "(at c0 l7)", 
        "(at c3 l9)", 
        "(at c1 l9)", 
        "(at c4 l4)", 
        "(at c5 l8)", 
        "(on c2)", 
        "(at-ferry l6)"
      ], 
      "delete_list": [
        "(at-ferry l1)"
      ]
    }, 
    {
      "action": "(debark c2 l6)", 
      "add_list": [
        "(at c2 l6)", 
        "(empty-ferry)"
      ], 
      "state": 15, 
      "literals": [
        "(location l0)", 
        "(location l1)", 
        "(location l2)", 
        "(location l3)", 
        "(location l4)", 
        "(location l5)", 
        "(location l6)", 
        "(location l7)", 
        "(location l8)", 
        "(location l9)", 
        "(car c0)", 
        "(car c1)", 
        "(car c2)", 
        "(car c3)", 
        "(car c4)", 
        "(car c5)", 
        "(not-eq l0 l1)", 
        "(not-eq l1 l0)", 
        "(not-eq l0 l2)", 
        "(not-eq l2 l0)", 
        "(not-eq l0 l3)", 
        "(not-eq l3 l0)", 
        "(not-eq l0 l4)", 
        "(not-eq l4 l0)", 
        "(not-eq l0 l5)", 
        "(not-eq l5 l0)", 
        "(not-eq l0 l6)", 
        "(not-eq l6 l0)", 
        "(not-eq l0 l7)", 
        "(not-eq l7 l0)", 
        "(not-eq l0 l8)", 
        "(not-eq l8 l0)", 
        "(not-eq l0 l9)", 
        "(not-eq l9 l0)", 
        "(not-eq l1 l2)", 
        "(not-eq l2 l1)", 
        "(not-eq l1 l3)", 
        "(not-eq l3 l1)", 
        "(not-eq l1 l4)", 
        "(not-eq l4 l1)", 
        "(not-eq l1 l5)", 
        "(not-eq l5 l1)", 
        "(not-eq l1 l6)", 
        "(not-eq l6 l1)", 
        "(not-eq l1 l7)", 
        "(not-eq l7 l1)", 
        "(not-eq l1 l8)", 
        "(not-eq l8 l1)", 
        "(not-eq l1 l9)", 
        "(not-eq l9 l1)", 
        "(not-eq l2 l3)", 
        "(not-eq l3 l2)", 
        "(not-eq l2 l4)", 
        "(not-eq l4 l2)", 
        "(not-eq l2 l5)", 
        "(not-eq l5 l2)", 
        "(not-eq l2 l6)", 
        "(not-eq l6 l2)", 
        "(not-eq l2 l7)", 
        "(not-eq l7 l2)", 
        "(not-eq l2 l8)", 
        "(not-eq l8 l2)", 
        "(not-eq l2 l9)", 
        "(not-eq l9 l2)", 
        "(not-eq l3 l4)", 
        "(not-eq l4 l3)", 
        "(not-eq l3 l5)", 
        "(not-eq l5 l3)", 
        "(not-eq l3 l6)", 
        "(not-eq l6 l3)", 
        "(not-eq l3 l7)", 
        "(not-eq l7 l3)", 
        "(not-eq l3 l8)", 
        "(not-eq l8 l3)", 
        "(not-eq l3 l9)", 
        "(not-eq l9 l3)", 
        "(not-eq l4 l5)", 
        "(not-eq l5 l4)", 
        "(not-eq l4 l6)", 
        "(not-eq l6 l4)", 
        "(not-eq l4 l7)", 
        "(not-eq l7 l4)", 
        "(not-eq l4 l8)", 
        "(not-eq l8 l4)", 
        "(not-eq l4 l9)", 
        "(not-eq l9 l4)", 
        "(not-eq l5 l6)", 
        "(not-eq l6 l5)", 
        "(not-eq l5 l7)", 
        "(not-eq l7 l5)", 
        "(not-eq l5 l8)", 
        "(not-eq l8 l5)", 
        "(not-eq l5 l9)", 
        "(not-eq l9 l5)", 
        "(not-eq l6 l7)", 
        "(not-eq l7 l6)", 
        "(not-eq l6 l8)", 
        "(not-eq l8 l6)", 
        "(not-eq l6 l9)", 
        "(not-eq l9 l6)", 
        "(not-eq l7 l8)", 
        "(not-eq l8 l7)", 
        "(not-eq l7 l9)", 
        "(not-eq l9 l7)", 
        "(not-eq l8 l9)", 
        "(not-eq l9 l8)", 
        "(at c0 l7)", 
        "(at c3 l9)", 
        "(at c1 l9)", 
        "(at c4 l4)", 
        "(at c5 l8)", 
        "(at-ferry l6)", 
        "(at c2 l6)", 
        "(empty-ferry)"
      ], 
      "delete_list": [
        "(on c2)"
      ]
    }, 
    {
      "action": "(sail l6 l7)", 
      "add_list": [
        "(at-ferry l7)"
      ], 
      "state": 16, 
      "literals": [
        "(location l0)", 
        "(location l1)", 
        "(location l2)", 
        "(location l3)", 
        "(location l4)", 
        "(location l5)", 
        "(location l6)", 
        "(location l7)", 
        "(location l8)", 
        "(location l9)", 
        "(car c0)", 
        "(car c1)", 
        "(car c2)", 
        "(car c3)", 
        "(car c4)", 
        "(car c5)", 
        "(not-eq l0 l1)", 
        "(not-eq l1 l0)", 
        "(not-eq l0 l2)", 
        "(not-eq l2 l0)", 
        "(not-eq l0 l3)", 
        "(not-eq l3 l0)", 
        "(not-eq l0 l4)", 
        "(not-eq l4 l0)", 
        "(not-eq l0 l5)", 
        "(not-eq l5 l0)", 
        "(not-eq l0 l6)", 
        "(not-eq l6 l0)", 
        "(not-eq l0 l7)", 
        "(not-eq l7 l0)", 
        "(not-eq l0 l8)", 
        "(not-eq l8 l0)", 
        "(not-eq l0 l9)", 
        "(not-eq l9 l0)", 
        "(not-eq l1 l2)", 
        "(not-eq l2 l1)", 
        "(not-eq l1 l3)", 
        "(not-eq l3 l1)", 
        "(not-eq l1 l4)", 
        "(not-eq l4 l1)", 
        "(not-eq l1 l5)", 
        "(not-eq l5 l1)", 
        "(not-eq l1 l6)", 
        "(not-eq l6 l1)", 
        "(not-eq l1 l7)", 
        "(not-eq l7 l1)", 
        "(not-eq l1 l8)", 
        "(not-eq l8 l1)", 
        "(not-eq l1 l9)", 
        "(not-eq l9 l1)", 
        "(not-eq l2 l3)", 
        "(not-eq l3 l2)", 
        "(not-eq l2 l4)", 
        "(not-eq l4 l2)", 
        "(not-eq l2 l5)", 
        "(not-eq l5 l2)", 
        "(not-eq l2 l6)", 
        "(not-eq l6 l2)", 
        "(not-eq l2 l7)", 
        "(not-eq l7 l2)", 
        "(not-eq l2 l8)", 
        "(not-eq l8 l2)", 
        "(not-eq l2 l9)", 
        "(not-eq l9 l2)", 
        "(not-eq l3 l4)", 
        "(not-eq l4 l3)", 
        "(not-eq l3 l5)", 
        "(not-eq l5 l3)", 
        "(not-eq l3 l6)", 
        "(not-eq l6 l3)", 
        "(not-eq l3 l7)", 
        "(not-eq l7 l3)", 
        "(not-eq l3 l8)", 
        "(not-eq l8 l3)", 
        "(not-eq l3 l9)", 
        "(not-eq l9 l3)", 
        "(not-eq l4 l5)", 
        "(not-eq l5 l4)", 
        "(not-eq l4 l6)", 
        "(not-eq l6 l4)", 
        "(not-eq l4 l7)", 
        "(not-eq l7 l4)", 
        "(not-eq l4 l8)", 
        "(not-eq l8 l4)", 
        "(not-eq l4 l9)", 
        "(not-eq l9 l4)", 
        "(not-eq l5 l6)", 
        "(not-eq l6 l5)", 
        "(not-eq l5 l7)", 
        "(not-eq l7 l5)", 
        "(not-eq l5 l8)", 
        "(not-eq l8 l5)", 
        "(not-eq l5 l9)", 
        "(not-eq l9 l5)", 
        "(not-eq l6 l7)", 
        "(not-eq l7 l6)", 
        "(not-eq l6 l8)", 
        "(not-eq l8 l6)", 
        "(not-eq l6 l9)", 
        "(not-eq l9 l6)", 
        "(not-eq l7 l8)", 
        "(not-eq l8 l7)", 
        "(not-eq l7 l9)", 
        "(not-eq l9 l7)", 
        "(not-eq l8 l9)", 
        "(not-eq l9 l8)", 
        "(at c0 l7)", 
        "(at c3 l9)", 
        "(at c1 l9)", 
        "(at c4 l4)", 
        "(at c5 l8)", 
        "(at c2 l6)", 
        "(empty-ferry)", 
        "(at-ferry l7)"
      ], 
      "delete_list": [
        "(at-ferry l6)"
      ]
    }, 
    {
      "action": "(board c0 l7)", 
      "add_list": [
        "(on c0)"
      ], 
      "state": 17, 
      "literals": [
        "(location l0)", 
        "(location l1)", 
        "(location l2)", 
        "(location l3)", 
        "(location l4)", 
        "(location l5)", 
        "(location l6)", 
        "(location l7)", 
        "(location l8)", 
        "(location l9)", 
        "(car c0)", 
        "(car c1)", 
        "(car c2)", 
        "(car c3)", 
        "(car c4)", 
        "(car c5)", 
        "(not-eq l0 l1)", 
        "(not-eq l1 l0)", 
        "(not-eq l0 l2)", 
        "(not-eq l2 l0)", 
        "(not-eq l0 l3)", 
        "(not-eq l3 l0)", 
        "(not-eq l0 l4)", 
        "(not-eq l4 l0)", 
        "(not-eq l0 l5)", 
        "(not-eq l5 l0)", 
        "(not-eq l0 l6)", 
        "(not-eq l6 l0)", 
        "(not-eq l0 l7)", 
        "(not-eq l7 l0)", 
        "(not-eq l0 l8)", 
        "(not-eq l8 l0)", 
        "(not-eq l0 l9)", 
        "(not-eq l9 l0)", 
        "(not-eq l1 l2)", 
        "(not-eq l2 l1)", 
        "(not-eq l1 l3)", 
        "(not-eq l3 l1)", 
        "(not-eq l1 l4)", 
        "(not-eq l4 l1)", 
        "(not-eq l1 l5)", 
        "(not-eq l5 l1)", 
        "(not-eq l1 l6)", 
        "(not-eq l6 l1)", 
        "(not-eq l1 l7)", 
        "(not-eq l7 l1)", 
        "(not-eq l1 l8)", 
        "(not-eq l8 l1)", 
        "(not-eq l1 l9)", 
        "(not-eq l9 l1)", 
        "(not-eq l2 l3)", 
        "(not-eq l3 l2)", 
        "(not-eq l2 l4)", 
        "(not-eq l4 l2)", 
        "(not-eq l2 l5)", 
        "(not-eq l5 l2)", 
        "(not-eq l2 l6)", 
        "(not-eq l6 l2)", 
        "(not-eq l2 l7)", 
        "(not-eq l7 l2)", 
        "(not-eq l2 l8)", 
        "(not-eq l8 l2)", 
        "(not-eq l2 l9)", 
        "(not-eq l9 l2)", 
        "(not-eq l3 l4)", 
        "(not-eq l4 l3)", 
        "(not-eq l3 l5)", 
        "(not-eq l5 l3)", 
        "(not-eq l3 l6)", 
        "(not-eq l6 l3)", 
        "(not-eq l3 l7)", 
        "(not-eq l7 l3)", 
        "(not-eq l3 l8)", 
        "(not-eq l8 l3)", 
        "(not-eq l3 l9)", 
        "(not-eq l9 l3)", 
        "(not-eq l4 l5)", 
        "(not-eq l5 l4)", 
        "(not-eq l4 l6)", 
        "(not-eq l6 l4)", 
        "(not-eq l4 l7)", 
        "(not-eq l7 l4)", 
        "(not-eq l4 l8)", 
        "(not-eq l8 l4)", 
        "(not-eq l4 l9)", 
        "(not-eq l9 l4)", 
        "(not-eq l5 l6)", 
        "(not-eq l6 l5)", 
        "(not-eq l5 l7)", 
        "(not-eq l7 l5)", 
        "(not-eq l5 l8)", 
        "(not-eq l8 l5)", 
        "(not-eq l5 l9)", 
        "(not-eq l9 l5)", 
        "(not-eq l6 l7)", 
        "(not-eq l7 l6)", 
        "(not-eq l6 l8)", 
        "(not-eq l8 l6)", 
        "(not-eq l6 l9)", 
        "(not-eq l9 l6)", 
        "(not-eq l7 l8)", 
        "(not-eq l8 l7)", 
        "(not-eq l7 l9)", 
        "(not-eq l9 l7)", 
        "(not-eq l8 l9)", 
        "(not-eq l9 l8)", 
        "(at c3 l9)", 
        "(at c1 l9)", 
        "(at c4 l4)", 
        "(at c5 l8)", 
        "(at c2 l6)", 
        "(at-ferry l7)", 
        "(on c0)"
      ], 
      "delete_list": [
        "(at c0 l7)", 
        "(empty-ferry)"
      ]
    }, 
    {
      "action": "(sail l7 l0)", 
      "add_list": [
        "(at-ferry l0)"
      ], 
      "state": 18, 
      "literals": [
        "(location l0)", 
        "(location l1)", 
        "(location l2)", 
        "(location l3)", 
        "(location l4)", 
        "(location l5)", 
        "(location l6)", 
        "(location l7)", 
        "(location l8)", 
        "(location l9)", 
        "(car c0)", 
        "(car c1)", 
        "(car c2)", 
        "(car c3)", 
        "(car c4)", 
        "(car c5)", 
        "(not-eq l0 l1)", 
        "(not-eq l1 l0)", 
        "(not-eq l0 l2)", 
        "(not-eq l2 l0)", 
        "(not-eq l0 l3)", 
        "(not-eq l3 l0)", 
        "(not-eq l0 l4)", 
        "(not-eq l4 l0)", 
        "(not-eq l0 l5)", 
        "(not-eq l5 l0)", 
        "(not-eq l0 l6)", 
        "(not-eq l6 l0)", 
        "(not-eq l0 l7)", 
        "(not-eq l7 l0)", 
        "(not-eq l0 l8)", 
        "(not-eq l8 l0)", 
        "(not-eq l0 l9)", 
        "(not-eq l9 l0)", 
        "(not-eq l1 l2)", 
        "(not-eq l2 l1)", 
        "(not-eq l1 l3)", 
        "(not-eq l3 l1)", 
        "(not-eq l1 l4)", 
        "(not-eq l4 l1)", 
        "(not-eq l1 l5)", 
        "(not-eq l5 l1)", 
        "(not-eq l1 l6)", 
        "(not-eq l6 l1)", 
        "(not-eq l1 l7)", 
        "(not-eq l7 l1)", 
        "(not-eq l1 l8)", 
        "(not-eq l8 l1)", 
        "(not-eq l1 l9)", 
        "(not-eq l9 l1)", 
        "(not-eq l2 l3)", 
        "(not-eq l3 l2)", 
        "(not-eq l2 l4)", 
        "(not-eq l4 l2)", 
        "(not-eq l2 l5)", 
        "(not-eq l5 l2)", 
        "(not-eq l2 l6)", 
        "(not-eq l6 l2)", 
        "(not-eq l2 l7)", 
        "(not-eq l7 l2)", 
        "(not-eq l2 l8)", 
        "(not-eq l8 l2)", 
        "(not-eq l2 l9)", 
        "(not-eq l9 l2)", 
        "(not-eq l3 l4)", 
        "(not-eq l4 l3)", 
        "(not-eq l3 l5)", 
        "(not-eq l5 l3)", 
        "(not-eq l3 l6)", 
        "(not-eq l6 l3)", 
        "(not-eq l3 l7)", 
        "(not-eq l7 l3)", 
        "(not-eq l3 l8)", 
        "(not-eq l8 l3)", 
        "(not-eq l3 l9)", 
        "(not-eq l9 l3)", 
        "(not-eq l4 l5)", 
        "(not-eq l5 l4)", 
        "(not-eq l4 l6)", 
        "(not-eq l6 l4)", 
        "(not-eq l4 l7)", 
        "(not-eq l7 l4)", 
        "(not-eq l4 l8)", 
        "(not-eq l8 l4)", 
        "(not-eq l4 l9)", 
        "(not-eq l9 l4)", 
        "(not-eq l5 l6)", 
        "(not-eq l6 l5)", 
        "(not-eq l5 l7)", 
        "(not-eq l7 l5)", 
        "(not-eq l5 l8)", 
        "(not-eq l8 l5)", 
        "(not-eq l5 l9)", 
        "(not-eq l9 l5)", 
        "(not-eq l6 l7)", 
        "(not-eq l7 l6)", 
        "(not-eq l6 l8)", 
        "(not-eq l8 l6)", 
        "(not-eq l6 l9)", 
        "(not-eq l9 l6)", 
        "(not-eq l7 l8)", 
        "(not-eq l8 l7)", 
        "(not-eq l7 l9)", 
        "(not-eq l9 l7)", 
        "(not-eq l8 l9)", 
        "(not-eq l9 l8)", 
        "(at c3 l9)", 
        "(at c1 l9)", 
        "(at c4 l4)", 
        "(at c5 l8)", 
        "(at c2 l6)", 
        "(on c0)", 
        "(at-ferry l0)"
      ], 
      "delete_list": [
        "(at-ferry l7)"
      ]
    }, 
    {
      "action": "(debark c0 l0)", 
      "add_list": [
        "(at c0 l0)", 
        "(empty-ferry)"
      ], 
      "state": 19, 
      "literals": [
        "(location l0)", 
        "(location l1)", 
        "(location l2)", 
        "(location l3)", 
        "(location l4)", 
        "(location l5)", 
        "(location l6)", 
        "(location l7)", 
        "(location l8)", 
        "(location l9)", 
        "(car c0)", 
        "(car c1)", 
        "(car c2)", 
        "(car c3)", 
        "(car c4)", 
        "(car c5)", 
        "(not-eq l0 l1)", 
        "(not-eq l1 l0)", 
        "(not-eq l0 l2)", 
        "(not-eq l2 l0)", 
        "(not-eq l0 l3)", 
        "(not-eq l3 l0)", 
        "(not-eq l0 l4)", 
        "(not-eq l4 l0)", 
        "(not-eq l0 l5)", 
        "(not-eq l5 l0)", 
        "(not-eq l0 l6)", 
        "(not-eq l6 l0)", 
        "(not-eq l0 l7)", 
        "(not-eq l7 l0)", 
        "(not-eq l0 l8)", 
        "(not-eq l8 l0)", 
        "(not-eq l0 l9)", 
        "(not-eq l9 l0)", 
        "(not-eq l1 l2)", 
        "(not-eq l2 l1)", 
        "(not-eq l1 l3)", 
        "(not-eq l3 l1)", 
        "(not-eq l1 l4)", 
        "(not-eq l4 l1)", 
        "(not-eq l1 l5)", 
        "(not-eq l5 l1)", 
        "(not-eq l1 l6)", 
        "(not-eq l6 l1)", 
        "(not-eq l1 l7)", 
        "(not-eq l7 l1)", 
        "(not-eq l1 l8)", 
        "(not-eq l8 l1)", 
        "(not-eq l1 l9)", 
        "(not-eq l9 l1)", 
        "(not-eq l2 l3)", 
        "(not-eq l3 l2)", 
        "(not-eq l2 l4)", 
        "(not-eq l4 l2)", 
        "(not-eq l2 l5)", 
        "(not-eq l5 l2)", 
        "(not-eq l2 l6)", 
        "(not-eq l6 l2)", 
        "(not-eq l2 l7)", 
        "(not-eq l7 l2)", 
        "(not-eq l2 l8)", 
        "(not-eq l8 l2)", 
        "(not-eq l2 l9)", 
        "(not-eq l9 l2)", 
        "(not-eq l3 l4)", 
        "(not-eq l4 l3)", 
        "(not-eq l3 l5)", 
        "(not-eq l5 l3)", 
        "(not-eq l3 l6)", 
        "(not-eq l6 l3)", 
        "(not-eq l3 l7)", 
        "(not-eq l7 l3)", 
        "(not-eq l3 l8)", 
        "(not-eq l8 l3)", 
        "(not-eq l3 l9)", 
        "(not-eq l9 l3)", 
        "(not-eq l4 l5)", 
        "(not-eq l5 l4)", 
        "(not-eq l4 l6)", 
        "(not-eq l6 l4)", 
        "(not-eq l4 l7)", 
        "(not-eq l7 l4)", 
        "(not-eq l4 l8)", 
        "(not-eq l8 l4)", 
        "(not-eq l4 l9)", 
        "(not-eq l9 l4)", 
        "(not-eq l5 l6)", 
        "(not-eq l6 l5)", 
        "(not-eq l5 l7)", 
        "(not-eq l7 l5)", 
        "(not-eq l5 l8)", 
        "(not-eq l8 l5)", 
        "(not-eq l5 l9)", 
        "(not-eq l9 l5)", 
        "(not-eq l6 l7)", 
        "(not-eq l7 l6)", 
        "(not-eq l6 l8)", 
        "(not-eq l8 l6)", 
        "(not-eq l6 l9)", 
        "(not-eq l9 l6)", 
        "(not-eq l7 l8)", 
        "(not-eq l8 l7)", 
        "(not-eq l7 l9)", 
        "(not-eq l9 l7)", 
        "(not-eq l8 l9)", 
        "(not-eq l9 l8)", 
        "(at c3 l9)", 
        "(at c1 l9)", 
        "(at c4 l4)", 
        "(at c5 l8)", 
        "(at c2 l6)", 
        "(at-ferry l0)", 
        "(at c0 l0)", 
        "(empty-ferry)"
      ], 
      "delete_list": [
        "(on c0)"
      ]
    }
  ], 
  "domain_id": 126
}