{
  "domain": "freecell", 
  "inital_state": [
    "(value c0 n0)", 
    "(value c2 n2)", 
    "(value c3 n3)", 
    "(value c4 n4)", 
    "(value ca n1)", 
    "(value d0 n0)", 
    "(value d2 n2)", 
    "(value d3 n3)", 
    "(value d4 n4)", 
    "(value da n1)", 
    "(value h0 n0)", 
    "(value h2 n2)", 
    "(value h3 n3)", 
    "(value h4 n4)", 
    "(value ha n1)", 
    "(value s0 n0)", 
    "(value s2 n2)", 
    "(value s3 n3)", 
    "(value s4 n4)", 
    "(value sa n1)", 
    "(successor n1 n0)", 
    "(successor n10 n9)", 
    "(successor n11 n10)", 
    "(successor n12 n11)", 
    "(successor n13 n12)", 
    "(successor n2 n1)", 
    "(successor n3 n2)", 
    "(successor n4 n3)", 
    "(successor n5 n4)", 
    "(successor n6 n5)", 
    "(successor n7 n6)", 
    "(successor n8 n7)", 
    "(successor n9 n8)", 
    "(suit c0 c)", 
    "(suit c2 c)", 
    "(suit c3 c)", 
    "(suit c4 c)", 
    "(suit ca c)", 
    "(suit d0 d)", 
    "(suit d2 d)", 
    "(suit d3 d)", 
    "(suit d4 d)", 
    "(suit da d)", 
    "(suit h0 h)", 
    "(suit h2 h)", 
    "(suit h3 h)", 
    "(suit h4 h)", 
    "(suit ha h)", 
    "(suit s0 s)", 
    "(suit s2 s)", 
    "(suit s3 s)", 
    "(suit s4 s)", 
    "(suit sa s)", 
    "(canstack c2 d3)", 
    "(canstack c2 h3)", 
    "(canstack c3 d4)", 
    "(canstack c3 h4)", 
    "(canstack ca d2)", 
    "(canstack ca h2)", 
    "(canstack d2 c3)", 
    "(canstack d2 s3)", 
    "(canstack d3 c4)", 
    "(canstack d3 s4)", 
    "(canstack da c2)", 
    "(canstack da s2)", 
    "(canstack h2 c3)", 
    "(canstack h2 s3)", 
    "(canstack h3 c4)", 
    "(canstack h3 s4)", 
    "(canstack ha c2)", 
    "(canstack ha s2)", 
    "(canstack s2 d3)", 
    "(canstack s2 h3)", 
    "(canstack s3 d4)", 
    "(canstack s3 h4)", 
    "(canstack sa d2)", 
    "(canstack sa h2)", 
    "(home c0)", 
    "(home d0)", 
    "(home h0)", 
    "(home s0)", 
    "(cellspace n4)", 
    "(colspace n1)", 
    "(on c3 s3)", 
    "(on c4 s2)", 
    "(on d2 h3)", 
    "(on da d2)", 
    "(on h2 c4)", 
    "(on h3 d4)", 
    "(on h4 ha)", 
    "(on s4 sa)", 
    "(on sa d3)", 
    "(clear c2)", 
    "(clear c3)", 
    "(clear ca)", 
    "(clear da)", 
    "(clear h2)", 
    "(clear h4)", 
    "(clear s4)", 
    "(bottomcol c2)", 
    "(bottomcol ca)", 
    "(bottomcol d3)", 
    "(bottomcol d4)", 
    "(bottomcol ha)", 
    "(bottomcol s2)", 
    "(bottomcol s3)"
  ], 
  "negative_goals": [], 
  "problem_id": 855, 
  "positive_goals": [
    "(home c4)", 
    "(home d4)", 
    "(home h4)", 
    "(home s4)"
  ], 
  "plan_length": 19, 
  "plan_literals": [
    {
      "action": "(sendtohome-b ca c n1 c0 n0 n1 n2)", 
      "add_list": [
        "(home ca)", 
        "(colspace n2)"
      ], 
      "state": 0, 
      "literals": [
        "(value c0 n0)", 
        "(value c2 n2)", 
        "(value c3 n3)", 
        "(value c4 n4)", 
        "(value ca n1)", 
        "(value d0 n0)", 
        "(value d2 n2)", 
        "(value d3 n3)", 
        "(value d4 n4)", 
        "(value da n1)", 
        "(value h0 n0)", 
        "(value h2 n2)", 
        "(value h3 n3)", 
        "(value h4 n4)", 
        "(value ha n1)", 
        "(value s0 n0)", 
        "(value s2 n2)", 
        "(value s3 n3)", 
        "(value s4 n4)", 
        "(value sa n1)", 
        "(successor n1 n0)", 
        "(successor n10 n9)", 
        "(successor n11 n10)", 
        "(successor n12 n11)", 
        "(successor n13 n12)", 
        "(successor n2 n1)", 
        "(successor n3 n2)", 
        "(successor n4 n3)", 
        "(successor n5 n4)", 
        "(successor n6 n5)", 
        "(successor n7 n6)", 
        "(successor n8 n7)", 
        "(successor n9 n8)", 
        "(suit c0 c)", 
        "(suit c2 c)", 
        "(suit c3 c)", 
        "(suit c4 c)", 
        "(suit ca c)", 
        "(suit d0 d)", 
        "(suit d2 d)", 
        "(suit d3 d)", 
        "(suit d4 d)", 
        "(suit da d)", 
        "(suit h0 h)", 
        "(suit h2 h)", 
        "(suit h3 h)", 
        "(suit h4 h)", 
        "(suit ha h)", 
        "(suit s0 s)", 
        "(suit s2 s)", 
        "(suit s3 s)", 
        "(suit s4 s)", 
        "(suit sa s)", 
        "(canstack c2 d3)", 
        "(canstack c2 h3)", 
        "(canstack c3 d4)", 
        "(canstack c3 h4)", 
        "(canstack ca d2)", 
        "(canstack ca h2)", 
        "(canstack d2 c3)", 
        "(canstack d2 s3)", 
        "(canstack d3 c4)", 
        "(canstack d3 s4)", 
        "(canstack da c2)", 
        "(canstack da s2)", 
        "(canstack h2 c3)", 
        "(canstack h2 s3)", 
        "(canstack h3 c4)", 
        "(canstack h3 s4)", 
        "(canstack ha c2)", 
        "(canstack ha s2)", 
        "(canstack s2 d3)", 
        "(canstack s2 h3)", 
        "(canstack s3 d4)", 
        "(canstack s3 h4)", 
        "(canstack sa d2)", 
        "(canstack sa h2)", 
        "(home d0)", 
        "(home h0)", 
        "(home s0)", 
        "(cellspace n4)", 
        "(on c3 s3)", 
        "(on c4 s2)", 
        "(on d2 h3)", 
        "(on da d2)", 
        "(on h2 c4)", 
        "(on h3 d4)", 
        "(on h4 ha)", 
        "(on s4 sa)", 
        "(on sa d3)", 
        "(clear c2)", 
        "(clear c3)", 
        "(clear da)", 
        "(clear h2)", 
        "(clear h4)", 
        "(clear s4)", 
        "(bottomcol c2)", 
        "(bottomcol d3)", 
        "(bottomcol d4)", 
        "(bottomcol ha)", 
        "(bottomcol s2)", 
        "(bottomcol s3)", 
        "(home ca)", 
        "(colspace n2)"
      ], 
      "delete_list": [
        "(home c0)", 
        "(clear ca)", 
        "(bottomcol ca)", 
        "(colspace n1)"
      ]
    }, 
    {
      "action": "(sendtohome da d2 d n1 d0 n0)", 
      "add_list": [
        "(home da)", 
        "(clear d2)"
      ], 
      "state": 1, 
      "literals": [
        "(value c0 n0)", 
        "(value c2 n2)", 
        "(value c3 n3)", 
        "(value c4 n4)", 
        "(value ca n1)", 
        "(value d0 n0)", 
        "(value d2 n2)", 
        "(value d3 n3)", 
        "(value d4 n4)", 
        "(value da n1)", 
        "(value h0 n0)", 
        "(value h2 n2)", 
        "(value h3 n3)", 
        "(value h4 n4)", 
        "(value ha n1)", 
        "(value s0 n0)", 
        "(value s2 n2)", 
        "(value s3 n3)", 
        "(value s4 n4)", 
        "(value sa n1)", 
        "(successor n1 n0)", 
        "(successor n10 n9)", 
        "(successor n11 n10)", 
        "(successor n12 n11)", 
        "(successor n13 n12)", 
        "(successor n2 n1)", 
        "(successor n3 n2)", 
        "(successor n4 n3)", 
        "(successor n5 n4)", 
        "(successor n6 n5)", 
        "(successor n7 n6)", 
        "(successor n8 n7)", 
        "(successor n9 n8)", 
        "(suit c0 c)", 
        "(suit c2 c)", 
        "(suit c3 c)", 
        "(suit c4 c)", 
        "(suit ca c)", 
        "(suit d0 d)", 
        "(suit d2 d)", 
        "(suit d3 d)", 
        "(suit d4 d)", 
        "(suit da d)", 
        "(suit h0 h)", 
        "(suit h2 h)", 
        "(suit h3 h)", 
        "(suit h4 h)", 
        "(suit ha h)", 
        "(suit s0 s)", 
        "(suit s2 s)", 
        "(suit s3 s)", 
        "(suit s4 s)", 
        "(suit sa s)", 
        "(canstack c2 d3)", 
        "(canstack c2 h3)", 
        "(canstack c3 d4)", 
        "(canstack c3 h4)", 
        "(canstack ca d2)", 
        "(canstack ca h2)", 
        "(canstack d2 c3)", 
        "(canstack d2 s3)", 
        "(canstack d3 c4)", 
        "(canstack d3 s4)", 
        "(canstack da c2)", 
        "(canstack da s2)", 
        "(canstack h2 c3)", 
        "(canstack h2 s3)", 
        "(canstack h3 c4)", 
        "(canstack h3 s4)", 
        "(canstack ha c2)", 
        "(canstack ha s2)", 
        "(canstack s2 d3)", 
        "(canstack s2 h3)", 
        "(canstack s3 d4)", 
        "(canstack s3 h4)", 
        "(canstack sa d2)", 
        "(canstack sa h2)", 
        "(home h0)", 
        "(home s0)", 
        "(cellspace n4)", 
        "(on c3 s3)", 
        "(on c4 s2)", 
        "(on d2 h3)", 
        "(on h2 c4)", 
        "(on h3 d4)", 
        "(on h4 ha)", 
        "(on s4 sa)", 
        "(on sa d3)", 
        "(clear c2)", 
        "(clear c3)", 
        "(clear h2)", 
        "(clear h4)", 
        "(clear s4)", 
        "(bottomcol c2)", 
        "(bottomcol d3)", 
        "(bottomcol d4)", 
        "(bottomcol ha)", 
        "(bottomcol s2)", 
        "(bottomcol s3)", 
        "(home ca)", 
        "(colspace n2)", 
        "(home da)", 
        "(clear d2)"
      ], 
      "delete_list": [
        "(on da d2)", 
        "(home d0)", 
        "(clear da)"
      ]
    }, 
    {
      "action": "(sendtofree h4 ha n4 n3)", 
      "add_list": [
        "(incell h4)", 
        "(clear ha)", 
        "(cellspace n3)"
      ], 
      "state": 2, 
      "literals": [
        "(value c0 n0)", 
        "(value c2 n2)", 
        "(value c3 n3)", 
        "(value c4 n4)", 
        "(value ca n1)", 
        "(value d0 n0)", 
        "(value d2 n2)", 
        "(value d3 n3)", 
        "(value d4 n4)", 
        "(value da n1)", 
        "(value h0 n0)", 
        "(value h2 n2)", 
        "(value h3 n3)", 
        "(value h4 n4)", 
        "(value ha n1)", 
        "(value s0 n0)", 
        "(value s2 n2)", 
        "(value s3 n3)", 
        "(value s4 n4)", 
        "(value sa n1)", 
        "(successor n1 n0)", 
        "(successor n10 n9)", 
        "(successor n11 n10)", 
        "(successor n12 n11)", 
        "(successor n13 n12)", 
        "(successor n2 n1)", 
        "(successor n3 n2)", 
        "(successor n4 n3)", 
        "(successor n5 n4)", 
        "(successor n6 n5)", 
        "(successor n7 n6)", 
        "(successor n8 n7)", 
        "(successor n9 n8)", 
        "(suit c0 c)", 
        "(suit c2 c)", 
        "(suit c3 c)", 
        "(suit c4 c)", 
        "(suit ca c)", 
        "(suit d0 d)", 
        "(suit d2 d)", 
        "(suit d3 d)", 
        "(suit d4 d)", 
        "(suit da d)", 
        "(suit h0 h)", 
        "(suit h2 h)", 
        "(suit h3 h)", 
        "(suit h4 h)", 
        "(suit ha h)", 
        "(suit s0 s)", 
        "(suit s2 s)", 
        "(suit s3 s)", 
        "(suit s4 s)", 
        "(suit sa s)", 
        "(canstack c2 d3)", 
        "(canstack c2 h3)", 
        "(canstack c3 d4)", 
        "(canstack c3 h4)", 
        "(canstack ca d2)", 
        "(canstack ca h2)", 
        "(canstack d2 c3)", 
        "(canstack d2 s3)", 
        "(canstack d3 c4)", 
        "(canstack d3 s4)", 
        "(canstack da c2)", 
        "(canstack da s2)", 
        "(canstack h2 c3)", 
        "(canstack h2 s3)", 
        "(canstack h3 c4)", 
        "(canstack h3 s4)", 
        "(canstack ha c2)", 
        "(canstack ha s2)", 
        "(canstack s2 d3)", 
        "(canstack s2 h3)", 
        "(canstack s3 d4)", 
        "(canstack s3 h4)", 
        "(canstack sa d2)", 
        "(canstack sa h2)", 
        "(home h0)", 
        "(home s0)", 
        "(on c3 s3)", 
        "(on c4 s2)", 
        "(on d2 h3)", 
        "(on h2 c4)", 
        "(on h3 d4)", 
        "(on s4 sa)", 
        "(on sa d3)", 
        "(clear c2)", 
        "(clear c3)", 
        "(clear h2)", 
        "(clear s4)", 
        "(bottomcol c2)", 
        "(bottomcol d3)", 
        "(bottomcol d4)", 
        "(bottomcol ha)", 
        "(bottomcol s2)", 
        "(bottomcol s3)", 
        "(home ca)", 
        "(colspace n2)", 
        "(home da)", 
        "(clear d2)", 
        "(incell h4)", 
        "(clear ha)", 
        "(cellspace n3)"
      ], 
      "delete_list": [
        "(on h4 ha)", 
        "(clear h4)", 
        "(cellspace n4)"
      ]
    }, 
    {
      "action": "(sendtohome-b ha h n1 h0 n0 n2 n3)", 
      "add_list": [
        "(home ha)", 
        "(colspace n3)"
      ], 
      "state": 3, 
      "literals": [
        "(value c0 n0)", 
        "(value c2 n2)", 
        "(value c3 n3)", 
        "(value c4 n4)", 
        "(value ca n1)", 
        "(value d0 n0)", 
        "(value d2 n2)", 
        "(value d3 n3)", 
        "(value d4 n4)", 
        "(value da n1)", 
        "(value h0 n0)", 
        "(value h2 n2)", 
        "(value h3 n3)", 
        "(value h4 n4)", 
        "(value ha n1)", 
        "(value s0 n0)", 
        "(value s2 n2)", 
        "(value s3 n3)", 
        "(value s4 n4)", 
        "(value sa n1)", 
        "(successor n1 n0)", 
        "(successor n10 n9)", 
        "(successor n11 n10)", 
        "(successor n12 n11)", 
        "(successor n13 n12)", 
        "(successor n2 n1)", 
        "(successor n3 n2)", 
        "(successor n4 n3)", 
        "(successor n5 n4)", 
        "(successor n6 n5)", 
        "(successor n7 n6)", 
        "(successor n8 n7)", 
        "(successor n9 n8)", 
        "(suit c0 c)", 
        "(suit c2 c)", 
        "(suit c3 c)", 
        "(suit c4 c)", 
        "(suit ca c)", 
        "(suit d0 d)", 
        "(suit d2 d)", 
        "(suit d3 d)", 
        "(suit d4 d)", 
        "(suit da d)", 
        "(suit h0 h)", 
        "(suit h2 h)", 
        "(suit h3 h)", 
        "(suit h4 h)", 
        "(suit ha h)", 
        "(suit s0 s)", 
        "(suit s2 s)", 
        "(suit s3 s)", 
        "(suit s4 s)", 
        "(suit sa s)", 
        "(canstack c2 d3)", 
        "(canstack c2 h3)", 
        "(canstack c3 d4)", 
        "(canstack c3 h4)", 
        "(canstack ca d2)", 
        "(canstack ca h2)", 
        "(canstack d2 c3)", 
        "(canstack d2 s3)", 
        "(canstack d3 c4)", 
        "(canstack d3 s4)", 
        "(canstack da c2)", 
        "(canstack da s2)", 
        "(canstack h2 c3)", 
        "(canstack h2 s3)", 
        "(canstack h3 c4)", 
        "(canstack h3 s4)", 
        "(canstack ha c2)", 
        "(canstack ha s2)", 
        "(canstack s2 d3)", 
        "(canstack s2 h3)", 
        "(canstack s3 d4)", 
        "(canstack s3 h4)", 
        "(canstack sa d2)", 
        "(canstack sa h2)", 
        "(home s0)", 
        "(on c3 s3)", 
        "(on c4 s2)", 
        "(on d2 h3)", 
        "(on h2 c4)", 
        "(on h3 d4)", 
        "(on s4 sa)", 
        "(on sa d3)", 
        "(clear c2)", 
        "(clear c3)", 
        "(clear h2)", 
        "(clear s4)", 
        "(bottomcol c2)", 
        "(bottomcol d3)", 
        "(bottomcol d4)", 
        "(bottomcol s2)", 
        "(bottomcol s3)", 
        "(home ca)", 
        "(home da)", 
        "(clear d2)", 
        "(incell h4)", 
        "(cellspace n3)", 
        "(home ha)", 
        "(colspace n3)"
      ], 
      "delete_list": [
        "(home h0)", 
        "(clear ha)", 
        "(bottomcol ha)", 
        "(colspace n2)"
      ]
    }, 
    {
      "action": "(sendtohome h2 c4 h n2 ha n1)", 
      "add_list": [
        "(home h2)", 
        "(clear c4)"
      ], 
      "state": 4, 
      "literals": [
        "(value c0 n0)", 
        "(value c2 n2)", 
        "(value c3 n3)", 
        "(value c4 n4)", 
        "(value ca n1)", 
        "(value d0 n0)", 
        "(value d2 n2)", 
        "(value d3 n3)", 
        "(value d4 n4)", 
        "(value da n1)", 
        "(value h0 n0)", 
        "(value h2 n2)", 
        "(value h3 n3)", 
        "(value h4 n4)", 
        "(value ha n1)", 
        "(value s0 n0)", 
        "(value s2 n2)", 
        "(value s3 n3)", 
        "(value s4 n4)", 
        "(value sa n1)", 
        "(successor n1 n0)", 
        "(successor n10 n9)", 
        "(successor n11 n10)", 
        "(successor n12 n11)", 
        "(successor n13 n12)", 
        "(successor n2 n1)", 
        "(successor n3 n2)", 
        "(successor n4 n3)", 
        "(successor n5 n4)", 
        "(successor n6 n5)", 
        "(successor n7 n6)", 
        "(successor n8 n7)", 
        "(successor n9 n8)", 
        "(suit c0 c)", 
        "(suit c2 c)", 
        "(suit c3 c)", 
        "(suit c4 c)", 
        "(suit ca c)", 
        "(suit d0 d)", 
        "(suit d2 d)", 
        "(suit d3 d)", 
        "(suit d4 d)", 
        "(suit da d)", 
        "(suit h0 h)", 
        "(suit h2 h)", 
        "(suit h3 h)", 
        "(suit h4 h)", 
        "(suit ha h)", 
        "(suit s0 s)", 
        "(suit s2 s)", 
        "(suit s3 s)", 
        "(suit s4 s)", 
        "(suit sa s)", 
        "(canstack c2 d3)", 
        "(canstack c2 h3)", 
        "(canstack c3 d4)", 
        "(canstack c3 h4)", 
        "(canstack ca d2)", 
        "(canstack ca h2)", 
        "(canstack d2 c3)", 
        "(canstack d2 s3)", 
        "(canstack d3 c4)", 
        "(canstack d3 s4)", 
        "(canstack da c2)", 
        "(canstack da s2)", 
        "(canstack h2 c3)", 
        "(canstack h2 s3)", 
        "(canstack h3 c4)", 
        "(canstack h3 s4)", 
        "(canstack ha c2)", 
        "(canstack ha s2)", 
        "(canstack s2 d3)", 
        "(canstack s2 h3)", 
        "(canstack s3 d4)", 
        "(canstack s3 h4)", 
        "(canstack sa d2)", 
        "(canstack sa h2)", 
        "(home s0)", 
        "(on c3 s3)", 
        "(on c4 s2)", 
        "(on d2 h3)", 
        "(on h3 d4)", 
        "(on s4 sa)", 
        "(on sa d3)", 
        "(clear c2)", 
        "(clear c3)", 
        "(clear s4)", 
        "(bottomcol c2)", 
        "(bottomcol d3)", 
        "(bottomcol d4)", 
        "(bottomcol s2)", 
        "(bottomcol s3)", 
        "(home ca)", 
        "(home da)", 
        "(clear d2)", 
        "(incell h4)", 
        "(cellspace n3)", 
        "(colspace n3)", 
        "(home h2)", 
        "(clear c4)"
      ], 
      "delete_list": [
        "(on h2 c4)", 
        "(home ha)", 
        "(clear h2)"
      ]
    }, 
    {
      "action": "(sendtofree s4 sa n3 n2)", 
      "add_list": [
        "(incell s4)", 
        "(clear sa)", 
        "(cellspace n2)"
      ], 
      "state": 5, 
      "literals": [
        "(value c0 n0)", 
        "(value c2 n2)", 
        "(value c3 n3)", 
        "(value c4 n4)", 
        "(value ca n1)", 
        "(value d0 n0)", 
        "(value d2 n2)", 
        "(value d3 n3)", 
        "(value d4 n4)", 
        "(value da n1)", 
        "(value h0 n0)", 
        "(value h2 n2)", 
        "(value h3 n3)", 
        "(value h4 n4)", 
        "(value ha n1)", 
        "(value s0 n0)", 
        "(value s2 n2)", 
        "(value s3 n3)", 
        "(value s4 n4)", 
        "(value sa n1)", 
        "(successor n1 n0)", 
        "(successor n10 n9)", 
        "(successor n11 n10)", 
        "(successor n12 n11)", 
        "(successor n13 n12)", 
        "(successor n2 n1)", 
        "(successor n3 n2)", 
        "(successor n4 n3)", 
        "(successor n5 n4)", 
        "(successor n6 n5)", 
        "(successor n7 n6)", 
        "(successor n8 n7)", 
        "(successor n9 n8)", 
        "(suit c0 c)", 
        "(suit c2 c)", 
        "(suit c3 c)", 
        "(suit c4 c)", 
        "(suit ca c)", 
        "(suit d0 d)", 
        "(suit d2 d)", 
        "(suit d3 d)", 
        "(suit d4 d)", 
        "(suit da d)", 
        "(suit h0 h)", 
        "(suit h2 h)", 
        "(suit h3 h)", 
        "(suit h4 h)", 
        "(suit ha h)", 
        "(suit s0 s)", 
        "(suit s2 s)", 
        "(suit s3 s)", 
        "(suit s4 s)", 
        "(suit sa s)", 
        "(canstack c2 d3)", 
        "(canstack c2 h3)", 
        "(canstack c3 d4)", 
        "(canstack c3 h4)", 
        "(canstack ca d2)", 
        "(canstack ca h2)", 
        "(canstack d2 c3)", 
        "(canstack d2 s3)", 
        "(canstack d3 c4)", 
        "(canstack d3 s4)", 
        "(canstack da c2)", 
        "(canstack da s2)", 
        "(canstack h2 c3)", 
        "(canstack h2 s3)", 
        "(canstack h3 c4)", 
        "(canstack h3 s4)", 
        "(canstack ha c2)", 
        "(canstack ha s2)", 
        "(canstack s2 d3)", 
        "(canstack s2 h3)", 
        "(canstack s3 d4)", 
        "(canstack s3 h4)", 
        "(canstack sa d2)", 
        "(canstack sa h2)", 
        "(home s0)", 
        "(on c3 s3)", 
        "(on c4 s2)", 
        "(on d2 h3)", 
        "(on h3 d4)", 
        "(on sa d3)", 
        "(clear c2)", 
        "(clear c3)", 
        "(bottomcol c2)", 
        "(bottomcol d3)", 
        "(bottomcol d4)", 
        "(bottomcol s2)", 
        "(bottomcol s3)", 
        "(home ca)", 
        "(home da)", 
        "(clear d2)", 
        "(incell h4)", 
        "(colspace n3)", 
        "(home h2)", 
        "(clear c4)", 
        "(incell s4)", 
        "(clear sa)", 
        "(cellspace n2)"
      ], 
      "delete_list": [
        "(on s4 sa)", 
        "(clear s4)", 
        "(cellspace n3)"
      ]
    }, 
    {
      "action": "(sendtohome sa d3 s n1 s0 n0)", 
      "add_list": [
        "(home sa)", 
        "(clear d3)"
      ], 
      "state": 6, 
      "literals": [
        "(value c0 n0)", 
        "(value c2 n2)", 
        "(value c3 n3)", 
        "(value c4 n4)", 
        "(value ca n1)", 
        "(value d0 n0)", 
        "(value d2 n2)", 
        "(value d3 n3)", 
        "(value d4 n4)", 
        "(value da n1)", 
        "(value h0 n0)", 
        "(value h2 n2)", 
        "(value h3 n3)", 
        "(value h4 n4)", 
        "(value ha n1)", 
        "(value s0 n0)", 
        "(value s2 n2)", 
        "(value s3 n3)", 
        "(value s4 n4)", 
        "(value sa n1)", 
        "(successor n1 n0)", 
        "(successor n10 n9)", 
        "(successor n11 n10)", 
        "(successor n12 n11)", 
        "(successor n13 n12)", 
        "(successor n2 n1)", 
        "(successor n3 n2)", 
        "(successor n4 n3)", 
        "(successor n5 n4)", 
        "(successor n6 n5)", 
        "(successor n7 n6)", 
        "(successor n8 n7)", 
        "(successor n9 n8)", 
        "(suit c0 c)", 
        "(suit c2 c)", 
        "(suit c3 c)", 
        "(suit c4 c)", 
        "(suit ca c)", 
        "(suit d0 d)", 
        "(suit d2 d)", 
        "(suit d3 d)", 
        "(suit d4 d)", 
        "(suit da d)", 
        "(suit h0 h)", 
        "(suit h2 h)", 
        "(suit h3 h)", 
        "(suit h4 h)", 
        "(suit ha h)", 
        "(suit s0 s)", 
        "(suit s2 s)", 
        "(suit s3 s)", 
        "(suit s4 s)", 
        "(suit sa s)", 
        "(canstack c2 d3)", 
        "(canstack c2 h3)", 
        "(canstack c3 d4)", 
        "(canstack c3 h4)", 
        "(canstack ca d2)", 
        "(canstack ca h2)", 
        "(canstack d2 c3)", 
        "(canstack d2 s3)", 
        "(canstack d3 c4)", 
        "(canstack d3 s4)", 
        "(canstack da c2)", 
        "(canstack da s2)", 
        "(canstack h2 c3)", 
        "(canstack h2 s3)", 
        "(canstack h3 c4)", 
        "(canstack h3 s4)", 
        "(canstack ha c2)", 
        "(canstack ha s2)", 
        "(canstack s2 d3)", 
        "(canstack s2 h3)", 
        "(canstack s3 d4)", 
        "(canstack s3 h4)", 
        "(canstack sa d2)", 
        "(canstack sa h2)", 
        "(on c3 s3)", 
        "(on c4 s2)", 
        "(on d2 h3)", 
        "(on h3 d4)", 
        "(clear c2)", 
        "(clear c3)", 
        "(bottomcol c2)", 
        "(bottomcol d3)", 
        "(bottomcol d4)", 
        "(bottomcol s2)", 
        "(bottomcol s3)", 
        "(home ca)", 
        "(home da)", 
        "(clear d2)", 
        "(incell h4)", 
        "(colspace n3)", 
        "(home h2)", 
        "(clear c4)", 
        "(incell s4)", 
        "(cellspace n2)", 
        "(home sa)", 
        "(clear d3)"
      ], 
      "delete_list": [
        "(on sa d3)", 
        "(home s0)", 
        "(clear sa)"
      ]
    }, 
    {
      "action": "(sendtohome-b c2 c n2 ca n1 n3 n4)", 
      "add_list": [
        "(home c2)", 
        "(colspace n4)"
      ], 
      "state": 7, 
      "literals": [
        "(value c0 n0)", 
        "(value c2 n2)", 
        "(value c3 n3)", 
        "(value c4 n4)", 
        "(value ca n1)", 
        "(value d0 n0)", 
        "(value d2 n2)", 
        "(value d3 n3)", 
        "(value d4 n4)", 
        "(value da n1)", 
        "(value h0 n0)", 
        "(value h2 n2)", 
        "(value h3 n3)", 
        "(value h4 n4)", 
        "(value ha n1)", 
        "(value s0 n0)", 
        "(value s2 n2)", 
        "(value s3 n3)", 
        "(value s4 n4)", 
        "(value sa n1)", 
        "(successor n1 n0)", 
        "(successor n10 n9)", 
        "(successor n11 n10)", 
        "(successor n12 n11)", 
        "(successor n13 n12)", 
        "(successor n2 n1)", 
        "(successor n3 n2)", 
        "(successor n4 n3)", 
        "(successor n5 n4)", 
        "(successor n6 n5)", 
        "(successor n7 n6)", 
        "(successor n8 n7)", 
        "(successor n9 n8)", 
        "(suit c0 c)", 
        "(suit c2 c)", 
        "(suit c3 c)", 
        "(suit c4 c)", 
        "(suit ca c)", 
        "(suit d0 d)", 
        "(suit d2 d)", 
        "(suit d3 d)", 
        "(suit d4 d)", 
        "(suit da d)", 
        "(suit h0 h)", 
        "(suit h2 h)", 
        "(suit h3 h)", 
        "(suit h4 h)", 
        "(suit ha h)", 
        "(suit s0 s)", 
        "(suit s2 s)", 
        "(suit s3 s)", 
        "(suit s4 s)", 
        "(suit sa s)", 
        "(canstack c2 d3)", 
        "(canstack c2 h3)", 
        "(canstack c3 d4)", 
        "(canstack c3 h4)", 
        "(canstack ca d2)", 
        "(canstack ca h2)", 
        "(canstack d2 c3)", 
        "(canstack d2 s3)", 
        "(canstack d3 c4)", 
        "(canstack d3 s4)", 
        "(canstack da c2)", 
        "(canstack da s2)", 
        "(canstack h2 c3)", 
        "(canstack h2 s3)", 
        "(canstack h3 c4)", 
        "(canstack h3 s4)", 
        "(canstack ha c2)", 
        "(canstack ha s2)", 
        "(canstack s2 d3)", 
        "(canstack s2 h3)", 
        "(canstack s3 d4)", 
        "(canstack s3 h4)", 
        "(canstack sa d2)", 
        "(canstack sa h2)", 
        "(on c3 s3)", 
        "(on c4 s2)", 
        "(on d2 h3)", 
        "(on h3 d4)", 
        "(clear c3)", 
        "(bottomcol d3)", 
        "(bottomcol d4)", 
        "(bottomcol s2)", 
        "(bottomcol s3)", 
        "(home da)", 
        "(clear d2)", 
        "(incell h4)", 
        "(home h2)", 
        "(clear c4)", 
        "(incell s4)", 
        "(cellspace n2)", 
        "(home sa)", 
        "(clear d3)", 
        "(home c2)", 
        "(colspace n4)"
      ], 
      "delete_list": [
        "(home ca)", 
        "(clear c2)", 
        "(bottomcol c2)", 
        "(colspace n3)"
      ]
    }, 
    {
      "action": "(sendtofree c4 s2 n2 n1)", 
      "add_list": [
        "(incell c4)", 
        "(clear s2)", 
        "(cellspace n1)"
      ], 
      "state": 8, 
      "literals": [
        "(value c0 n0)", 
        "(value c2 n2)", 
        "(value c3 n3)", 
        "(value c4 n4)", 
        "(value ca n1)", 
        "(value d0 n0)", 
        "(value d2 n2)", 
        "(value d3 n3)", 
        "(value d4 n4)", 
        "(value da n1)", 
        "(value h0 n0)", 
        "(value h2 n2)", 
        "(value h3 n3)", 
        "(value h4 n4)", 
        "(value ha n1)", 
        "(value s0 n0)", 
        "(value s2 n2)", 
        "(value s3 n3)", 
        "(value s4 n4)", 
        "(value sa n1)", 
        "(successor n1 n0)", 
        "(successor n10 n9)", 
        "(successor n11 n10)", 
        "(successor n12 n11)", 
        "(successor n13 n12)", 
        "(successor n2 n1)", 
        "(successor n3 n2)", 
        "(successor n4 n3)", 
        "(successor n5 n4)", 
        "(successor n6 n5)", 
        "(successor n7 n6)", 
        "(successor n8 n7)", 
        "(successor n9 n8)", 
        "(suit c0 c)", 
        "(suit c2 c)", 
        "(suit c3 c)", 
        "(suit c4 c)", 
        "(suit ca c)", 
        "(suit d0 d)", 
        "(suit d2 d)", 
        "(suit d3 d)", 
        "(suit d4 d)", 
        "(suit da d)", 
        "(suit h0 h)", 
        "(suit h2 h)", 
        "(suit h3 h)", 
        "(suit h4 h)", 
        "(suit ha h)", 
        "(suit s0 s)", 
        "(suit s2 s)", 
        "(suit s3 s)", 
        "(suit s4 s)", 
        "(suit sa s)", 
        "(canstack c2 d3)", 
        "(canstack c2 h3)", 
        "(canstack c3 d4)", 
        "(canstack c3 h4)", 
        "(canstack ca d2)", 
        "(canstack ca h2)", 
        "(canstack d2 c3)", 
        "(canstack d2 s3)", 
        "(canstack d3 c4)", 
        "(canstack d3 s4)", 
        "(canstack da c2)", 
        "(canstack da s2)", 
        "(canstack h2 c3)", 
        "(canstack h2 s3)", 
        "(canstack h3 c4)", 
        "(canstack h3 s4)", 
        "(canstack ha c2)", 
        "(canstack ha s2)", 
        "(canstack s2 d3)", 
        "(canstack s2 h3)", 
        "(canstack s3 d4)", 
        "(canstack s3 h4)", 
        "(canstack sa d2)", 
        "(canstack sa h2)", 
        "(on c3 s3)", 
        "(on d2 h3)", 
        "(on h3 d4)", 
        "(clear c3)", 
        "(bottomcol d3)", 
        "(bottomcol d4)", 
        "(bottomcol s2)", 
        "(bottomcol s3)", 
        "(home da)", 
        "(clear d2)", 
        "(incell h4)", 
        "(home h2)", 
        "(incell s4)", 
        "(home sa)", 
        "(clear d3)", 
        "(home c2)", 
        "(colspace n4)", 
        "(incell c4)", 
        "(clear s2)", 
        "(cellspace n1)"
      ], 
      "delete_list": [
        "(on c4 s2)", 
        "(clear c4)", 
        "(cellspace n2)"
      ]
    }, 
    {
      "action": "(sendtohome-b s2 s n2 sa n1 n4 n5)", 
      "add_list": [
        "(home s2)", 
        "(colspace n5)"
      ], 
      "state": 9, 
      "literals": [
        "(value c0 n0)", 
        "(value c2 n2)", 
        "(value c3 n3)", 
        "(value c4 n4)", 
        "(value ca n1)", 
        "(value d0 n0)", 
        "(value d2 n2)", 
        "(value d3 n3)", 
        "(value d4 n4)", 
        "(value da n1)", 
        "(value h0 n0)", 
        "(value h2 n2)", 
        "(value h3 n3)", 
        "(value h4 n4)", 
        "(value ha n1)", 
        "(value s0 n0)", 
        "(value s2 n2)", 
        "(value s3 n3)", 
        "(value s4 n4)", 
        "(value sa n1)", 
        "(successor n1 n0)", 
        "(successor n10 n9)", 
        "(successor n11 n10)", 
        "(successor n12 n11)", 
        "(successor n13 n12)", 
        "(successor n2 n1)", 
        "(successor n3 n2)", 
        "(successor n4 n3)", 
        "(successor n5 n4)", 
        "(successor n6 n5)", 
        "(successor n7 n6)", 
        "(successor n8 n7)", 
        "(successor n9 n8)", 
        "(suit c0 c)", 
        "(suit c2 c)", 
        "(suit c3 c)", 
        "(suit c4 c)", 
        "(suit ca c)", 
        "(suit d0 d)", 
        "(suit d2 d)", 
        "(suit d3 d)", 
        "(suit d4 d)", 
        "(suit da d)", 
        "(suit h0 h)", 
        "(suit h2 h)", 
        "(suit h3 h)", 
        "(suit h4 h)", 
        "(suit ha h)", 
        "(suit s0 s)", 
        "(suit s2 s)", 
        "(suit s3 s)", 
        "(suit s4 s)", 
        "(suit sa s)", 
        "(canstack c2 d3)", 
        "(canstack c2 h3)", 
        "(canstack c3 d4)", 
        "(canstack c3 h4)", 
        "(canstack ca d2)", 
        "(canstack ca h2)", 
        "(canstack d2 c3)", 
        "(canstack d2 s3)", 
        "(canstack d3 c4)", 
        "(canstack d3 s4)", 
        "(canstack da c2)", 
        "(canstack da s2)", 
        "(canstack h2 c3)", 
        "(canstack h2 s3)", 
        "(canstack h3 c4)", 
        "(canstack h3 s4)", 
        "(canstack ha c2)", 
        "(canstack ha s2)", 
        "(canstack s2 d3)", 
        "(canstack s2 h3)", 
        "(canstack s3 d4)", 
        "(canstack s3 h4)", 
        "(canstack sa d2)", 
        "(canstack sa h2)", 
        "(on c3 s3)", 
        "(on d2 h3)", 
        "(on h3 d4)", 
        "(clear c3)", 
        "(bottomcol d3)", 
        "(bottomcol d4)", 
        "(bottomcol s3)", 
        "(home da)", 
        "(clear d2)", 
        "(incell h4)", 
        "(home h2)", 
        "(incell s4)", 
        "(clear d3)", 
        "(home c2)", 
        "(incell c4)", 
        "(cellspace n1)", 
        "(home s2)", 
        "(colspace n5)"
      ], 
      "delete_list": [
        "(home sa)", 
        "(clear s2)", 
        "(bottomcol s2)", 
        "(colspace n4)"
      ]
    }, 
    {
      "action": "(sendtohome d2 h3 d n2 da n1)", 
      "add_list": [
        "(home d2)", 
        "(clear h3)"
      ], 
      "state": 10, 
      "literals": [
        "(value c0 n0)", 
        "(value c2 n2)", 
        "(value c3 n3)", 
        "(value c4 n4)", 
        "(value ca n1)", 
        "(value d0 n0)", 
        "(value d2 n2)", 
        "(value d3 n3)", 
        "(value d4 n4)", 
        "(value da n1)", 
        "(value h0 n0)", 
        "(value h2 n2)", 
        "(value h3 n3)", 
        "(value h4 n4)", 
        "(value ha n1)", 
        "(value s0 n0)", 
        "(value s2 n2)", 
        "(value s3 n3)", 
        "(value s4 n4)", 
        "(value sa n1)", 
        "(successor n1 n0)", 
        "(successor n10 n9)", 
        "(successor n11 n10)", 
        "(successor n12 n11)", 
        "(successor n13 n12)", 
        "(successor n2 n1)", 
        "(successor n3 n2)", 
        "(successor n4 n3)", 
        "(successor n5 n4)", 
        "(successor n6 n5)", 
        "(successor n7 n6)", 
        "(successor n8 n7)", 
        "(successor n9 n8)", 
        "(suit c0 c)", 
        "(suit c2 c)", 
        "(suit c3 c)", 
        "(suit c4 c)", 
        "(suit ca c)", 
        "(suit d0 d)", 
        "(suit d2 d)", 
        "(suit d3 d)", 
        "(suit d4 d)", 
        "(suit da d)", 
        "(suit h0 h)", 
        "(suit h2 h)", 
        "(suit h3 h)", 
        "(suit h4 h)", 
        "(suit ha h)", 
        "(suit s0 s)", 
        "(suit s2 s)", 
        "(suit s3 s)", 
        "(suit s4 s)", 
        "(suit sa s)", 
        "(canstack c2 d3)", 
        "(canstack c2 h3)", 
        "(canstack c3 d4)", 
        "(canstack c3 h4)", 
        "(canstack ca d2)", 
        "(canstack ca h2)", 
        "(canstack d2 c3)", 
        "(canstack d2 s3)", 
        "(canstack d3 c4)", 
        "(canstack d3 s4)", 
        "(canstack da c2)", 
        "(canstack da s2)", 
        "(canstack h2 c3)", 
        "(canstack h2 s3)", 
        "(canstack h3 c4)", 
        "(canstack h3 s4)", 
        "(canstack ha c2)", 
        "(canstack ha s2)", 
        "(canstack s2 d3)", 
        "(canstack s2 h3)", 
        "(canstack s3 d4)", 
        "(canstack s3 h4)", 
        "(canstack sa d2)", 
        "(canstack sa h2)", 
        "(on c3 s3)", 
        "(on h3 d4)", 
        "(clear c3)", 
        "(bottomcol d3)", 
        "(bottomcol d4)", 
        "(bottomcol s3)", 
        "(incell h4)", 
        "(home h2)", 
        "(incell s4)", 
        "(clear d3)", 
        "(home c2)", 
        "(incell c4)", 
        "(cellspace n1)", 
        "(home s2)", 
        "(colspace n5)", 
        "(home d2)", 
        "(clear h3)"
      ], 
      "delete_list": [
        "(on d2 h3)", 
        "(home da)", 
        "(clear d2)"
      ]
    }, 
    {
      "action": "(sendtohome c3 s3 c n3 c2 n2)", 
      "add_list": [
        "(home c3)", 
        "(clear s3)"
      ], 
      "state": 11, 
      "literals": [
        "(value c0 n0)", 
        "(value c2 n2)", 
        "(value c3 n3)", 
        "(value c4 n4)", 
        "(value ca n1)", 
        "(value d0 n0)", 
        "(value d2 n2)", 
        "(value d3 n3)", 
        "(value d4 n4)", 
        "(value da n1)", 
        "(value h0 n0)", 
        "(value h2 n2)", 
        "(value h3 n3)", 
        "(value h4 n4)", 
        "(value ha n1)", 
        "(value s0 n0)", 
        "(value s2 n2)", 
        "(value s3 n3)", 
        "(value s4 n4)", 
        "(value sa n1)", 
        "(successor n1 n0)", 
        "(successor n10 n9)", 
        "(successor n11 n10)", 
        "(successor n12 n11)", 
        "(successor n13 n12)", 
        "(successor n2 n1)", 
        "(successor n3 n2)", 
        "(successor n4 n3)", 
        "(successor n5 n4)", 
        "(successor n6 n5)", 
        "(successor n7 n6)", 
        "(successor n8 n7)", 
        "(successor n9 n8)", 
        "(suit c0 c)", 
        "(suit c2 c)", 
        "(suit c3 c)", 
        "(suit c4 c)", 
        "(suit ca c)", 
        "(suit d0 d)", 
        "(suit d2 d)", 
        "(suit d3 d)", 
        "(suit d4 d)", 
        "(suit da d)", 
        "(suit h0 h)", 
        "(suit h2 h)", 
        "(suit h3 h)", 
        "(suit h4 h)", 
        "(suit ha h)", 
        "(suit s0 s)", 
        "(suit s2 s)", 
        "(suit s3 s)", 
        "(suit s4 s)", 
        "(suit sa s)", 
        "(canstack c2 d3)", 
        "(canstack c2 h3)", 
        "(canstack c3 d4)", 
        "(canstack c3 h4)", 
        "(canstack ca d2)", 
        "(canstack ca h2)", 
        "(canstack d2 c3)", 
        "(canstack d2 s3)", 
        "(canstack d3 c4)", 
        "(canstack d3 s4)", 
        "(canstack da c2)", 
        "(canstack da s2)", 
        "(canstack h2 c3)", 
        "(canstack h2 s3)", 
        "(canstack h3 c4)", 
        "(canstack h3 s4)", 
        "(canstack ha c2)", 
        "(canstack ha s2)", 
        "(canstack s2 d3)", 
        "(canstack s2 h3)", 
        "(canstack s3 d4)", 
        "(canstack s3 h4)", 
        "(canstack sa d2)", 
        "(canstack sa h2)", 
        "(on h3 d4)", 
        "(bottomcol d3)", 
        "(bottomcol d4)", 
        "(bottomcol s3)", 
        "(incell h4)", 
        "(home h2)", 
        "(incell s4)", 
        "(clear d3)", 
        "(incell c4)", 
        "(cellspace n1)", 
        "(home s2)", 
        "(colspace n5)", 
        "(home d2)", 
        "(clear h3)", 
        "(home c3)", 
        "(clear s3)"
      ], 
      "delete_list": [
        "(on c3 s3)", 
        "(home c2)", 
        "(clear c3)"
      ]
    }, 
    {
      "action": "(sendtohome-b s3 s n3 s2 n2 n5 n6)", 
      "add_list": [
        "(home s3)", 
        "(colspace n6)"
      ], 
      "state": 12, 
      "literals": [
        "(value c0 n0)", 
        "(value c2 n2)", 
        "(value c3 n3)", 
        "(value c4 n4)", 
        "(value ca n1)", 
        "(value d0 n0)", 
        "(value d2 n2)", 
        "(value d3 n3)", 
        "(value d4 n4)", 
        "(value da n1)", 
        "(value h0 n0)", 
        "(value h2 n2)", 
        "(value h3 n3)", 
        "(value h4 n4)", 
        "(value ha n1)", 
        "(value s0 n0)", 
        "(value s2 n2)", 
        "(value s3 n3)", 
        "(value s4 n4)", 
        "(value sa n1)", 
        "(successor n1 n0)", 
        "(successor n10 n9)", 
        "(successor n11 n10)", 
        "(successor n12 n11)", 
        "(successor n13 n12)", 
        "(successor n2 n1)", 
        "(successor n3 n2)", 
        "(successor n4 n3)", 
        "(successor n5 n4)", 
        "(successor n6 n5)", 
        "(successor n7 n6)", 
        "(successor n8 n7)", 
        "(successor n9 n8)", 
        "(suit c0 c)", 
        "(suit c2 c)", 
        "(suit c3 c)", 
        "(suit c4 c)", 
        "(suit ca c)", 
        "(suit d0 d)", 
        "(suit d2 d)", 
        "(suit d3 d)", 
        "(suit d4 d)", 
        "(suit da d)", 
        "(suit h0 h)", 
        "(suit h2 h)", 
        "(suit h3 h)", 
        "(suit h4 h)", 
        "(suit ha h)", 
        "(suit s0 s)", 
        "(suit s2 s)", 
        "(suit s3 s)", 
        "(suit s4 s)", 
        "(suit sa s)", 
        "(canstack c2 d3)", 
        "(canstack c2 h3)", 
        "(canstack c3 d4)", 
        "(canstack c3 h4)", 
        "(canstack ca d2)", 
        "(canstack ca h2)", 
        "(canstack d2 c3)", 
        "(canstack d2 s3)", 
        "(canstack d3 c4)", 
        "(canstack d3 s4)", 
        "(canstack da c2)", 
        "(canstack da s2)", 
        "(canstack h2 c3)", 
        "(canstack h2 s3)", 
        "(canstack h3 c4)", 
        "(canstack h3 s4)", 
        "(canstack ha c2)", 
        "(canstack ha s2)", 
        "(canstack s2 d3)", 
        "(canstack s2 h3)", 
        "(canstack s3 d4)", 
        "(canstack s3 h4)", 
        "(canstack sa d2)", 
        "(canstack sa h2)", 
        "(on h3 d4)", 
        "(bottomcol d3)", 
        "(bottomcol d4)", 
        "(incell h4)", 
        "(home h2)", 
        "(incell s4)", 
        "(clear d3)", 
        "(incell c4)", 
        "(cellspace n1)", 
        "(home d2)", 
        "(clear h3)", 
        "(home c3)", 
        "(home s3)", 
        "(colspace n6)"
      ], 
      "delete_list": [
        "(home s2)", 
        "(clear s3)", 
        "(bottomcol s3)", 
        "(colspace n5)"
      ]
    }, 
    {
      "action": "(homefromfreecell s4 s n4 s3 n3 n1 n2)", 
      "add_list": [
        "(home s4)", 
        "(cellspace n2)"
      ], 
      "state": 13, 
      "literals": [
        "(value c0 n0)", 
        "(value c2 n2)", 
        "(value c3 n3)", 
        "(value c4 n4)", 
        "(value ca n1)", 
        "(value d0 n0)", 
        "(value d2 n2)", 
        "(value d3 n3)", 
        "(value d4 n4)", 
        "(value da n1)", 
        "(value h0 n0)", 
        "(value h2 n2)", 
        "(value h3 n3)", 
        "(value h4 n4)", 
        "(value ha n1)", 
        "(value s0 n0)", 
        "(value s2 n2)", 
        "(value s3 n3)", 
        "(value s4 n4)", 
        "(value sa n1)", 
        "(successor n1 n0)", 
        "(successor n10 n9)", 
        "(successor n11 n10)", 
        "(successor n12 n11)", 
        "(successor n13 n12)", 
        "(successor n2 n1)", 
        "(successor n3 n2)", 
        "(successor n4 n3)", 
        "(successor n5 n4)", 
        "(successor n6 n5)", 
        "(successor n7 n6)", 
        "(successor n8 n7)", 
        "(successor n9 n8)", 
        "(suit c0 c)", 
        "(suit c2 c)", 
        "(suit c3 c)", 
        "(suit c4 c)", 
        "(suit ca c)", 
        "(suit d0 d)", 
        "(suit d2 d)", 
        "(suit d3 d)", 
        "(suit d4 d)", 
        "(suit da d)", 
        "(suit h0 h)", 
        "(suit h2 h)", 
        "(suit h3 h)", 
        "(suit h4 h)", 
        "(suit ha h)", 
        "(suit s0 s)", 
        "(suit s2 s)", 
        "(suit s3 s)", 
        "(suit s4 s)", 
        "(suit sa s)", 
        "(canstack c2 d3)", 
        "(canstack c2 h3)", 
        "(canstack c3 d4)", 
        "(canstack c3 h4)", 
        "(canstack ca d2)", 
        "(canstack ca h2)", 
        "(canstack d2 c3)", 
        "(canstack d2 s3)", 
        "(canstack d3 c4)", 
        "(canstack d3 s4)", 
        "(canstack da c2)", 
        "(canstack da s2)", 
        "(canstack h2 c3)", 
        "(canstack h2 s3)", 
        "(canstack h3 c4)", 
        "(canstack h3 s4)", 
        "(canstack ha c2)", 
        "(canstack ha s2)", 
        "(canstack s2 d3)", 
        "(canstack s2 h3)", 
        "(canstack s3 d4)", 
        "(canstack s3 h4)", 
        "(canstack sa d2)", 
        "(canstack sa h2)", 
        "(on h3 d4)", 
        "(bottomcol d3)", 
        "(bottomcol d4)", 
        "(incell h4)", 
        "(home h2)", 
        "(clear d3)", 
        "(incell c4)", 
        "(home d2)", 
        "(clear h3)", 
        "(home c3)", 
        "(colspace n6)", 
        "(home s4)", 
        "(cellspace n2)"
      ], 
      "delete_list": [
        "(incell s4)", 
        "(cellspace n1)", 
        "(home s3)"
      ]
    }, 
    {
      "action": "(sendtohome h3 d4 h n3 h2 n2)", 
      "add_list": [
        "(home h3)", 
        "(clear d4)"
      ], 
      "state": 14, 
      "literals": [
        "(value c0 n0)", 
        "(value c2 n2)", 
        "(value c3 n3)", 
        "(value c4 n4)", 
        "(value ca n1)", 
        "(value d0 n0)", 
        "(value d2 n2)", 
        "(value d3 n3)", 
        "(value d4 n4)", 
        "(value da n1)", 
        "(value h0 n0)", 
        "(value h2 n2)", 
        "(value h3 n3)", 
        "(value h4 n4)", 
        "(value ha n1)", 
        "(value s0 n0)", 
        "(value s2 n2)", 
        "(value s3 n3)", 
        "(value s4 n4)", 
        "(value sa n1)", 
        "(successor n1 n0)", 
        "(successor n10 n9)", 
        "(successor n11 n10)", 
        "(successor n12 n11)", 
        "(successor n13 n12)", 
        "(successor n2 n1)", 
        "(successor n3 n2)", 
        "(successor n4 n3)", 
        "(successor n5 n4)", 
        "(successor n6 n5)", 
        "(successor n7 n6)", 
        "(successor n8 n7)", 
        "(successor n9 n8)", 
        "(suit c0 c)", 
        "(suit c2 c)", 
        "(suit c3 c)", 
        "(suit c4 c)", 
        "(suit ca c)", 
        "(suit d0 d)", 
        "(suit d2 d)", 
        "(suit d3 d)", 
        "(suit d4 d)", 
        "(suit da d)", 
        "(suit h0 h)", 
        "(suit h2 h)", 
        "(suit h3 h)", 
        "(suit h4 h)", 
        "(suit ha h)", 
        "(suit s0 s)", 
        "(suit s2 s)", 
        "(suit s3 s)", 
        "(suit s4 s)", 
        "(suit sa s)", 
        "(canstack c2 d3)", 
        "(canstack c2 h3)", 
        "(canstack c3 d4)", 
        "(canstack c3 h4)", 
        "(canstack ca d2)", 
        "(canstack ca h2)", 
        "(canstack d2 c3)", 
        "(canstack d2 s3)", 
        "(canstack d3 c4)", 
        "(canstack d3 s4)", 
        "(canstack da c2)", 
        "(canstack da s2)", 
        "(canstack h2 c3)", 
        "(canstack h2 s3)", 
        "(canstack h3 c4)", 
        "(canstack h3 s4)", 
        "(canstack ha c2)", 
        "(canstack ha s2)", 
        "(canstack s2 d3)", 
        "(canstack s2 h3)", 
        "(canstack s3 d4)", 
        "(canstack s3 h4)", 
        "(canstack sa d2)", 
        "(canstack sa h2)", 
        "(bottomcol d3)", 
        "(bottomcol d4)", 
        "(incell h4)", 
        "(clear d3)", 
        "(incell c4)", 
        "(home d2)", 
        "(home c3)", 
        "(colspace n6)", 
        "(home s4)", 
        "(cellspace n2)", 
        "(home h3)", 
        "(clear d4)"
      ], 
      "delete_list": [
        "(on h3 d4)", 
        "(home h2)", 
        "(clear h3)"
      ]
    }, 
    {
      "action": "(sendtohome-b d3 d n3 d2 n2 n6 n7)", 
      "add_list": [
        "(home d3)", 
        "(colspace n7)"
      ], 
      "state": 15, 
      "literals": [
        "(value c0 n0)", 
        "(value c2 n2)", 
        "(value c3 n3)", 
        "(value c4 n4)", 
        "(value ca n1)", 
        "(value d0 n0)", 
        "(value d2 n2)", 
        "(value d3 n3)", 
        "(value d4 n4)", 
        "(value da n1)", 
        "(value h0 n0)", 
        "(value h2 n2)", 
        "(value h3 n3)", 
        "(value h4 n4)", 
        "(value ha n1)", 
        "(value s0 n0)", 
        "(value s2 n2)", 
        "(value s3 n3)", 
        "(value s4 n4)", 
        "(value sa n1)", 
        "(successor n1 n0)", 
        "(successor n10 n9)", 
        "(successor n11 n10)", 
        "(successor n12 n11)", 
        "(successor n13 n12)", 
        "(successor n2 n1)", 
        "(successor n3 n2)", 
        "(successor n4 n3)", 
        "(successor n5 n4)", 
        "(successor n6 n5)", 
        "(successor n7 n6)", 
        "(successor n8 n7)", 
        "(successor n9 n8)", 
        "(suit c0 c)", 
        "(suit c2 c)", 
        "(suit c3 c)", 
        "(suit c4 c)", 
        "(suit ca c)", 
        "(suit d0 d)", 
        "(suit d2 d)", 
        "(suit d3 d)", 
        "(suit d4 d)", 
        "(suit da d)", 
        "(suit h0 h)", 
        "(suit h2 h)", 
        "(suit h3 h)", 
        "(suit h4 h)", 
        "(suit ha h)", 
        "(suit s0 s)", 
        "(suit s2 s)", 
        "(suit s3 s)", 
        "(suit s4 s)", 
        "(suit sa s)", 
        "(canstack c2 d3)", 
        "(canstack c2 h3)", 
        "(canstack c3 d4)", 
        "(canstack c3 h4)", 
        "(canstack ca d2)", 
        "(canstack ca h2)", 
        "(canstack d2 c3)", 
        "(canstack d2 s3)", 
        "(canstack d3 c4)", 
        "(canstack d3 s4)", 
        "(canstack da c2)", 
        "(canstack da s2)", 
        "(canstack h2 c3)", 
        "(canstack h2 s3)", 
        "(canstack h3 c4)", 
        "(canstack h3 s4)", 
        "(canstack ha c2)", 
        "(canstack ha s2)", 
        "(canstack s2 d3)", 
        "(canstack s2 h3)", 
        "(canstack s3 d4)", 
        "(canstack s3 h4)", 
        "(canstack sa d2)", 
        "(canstack sa h2)", 
        "(bottomcol d4)", 
        "(incell h4)", 
        "(incell c4)", 
        "(home c3)", 
        "(home s4)", 
        "(cellspace n2)", 
        "(home h3)", 
        "(clear d4)", 
        "(home d3)", 
        "(colspace n7)"
      ], 
      "delete_list": [
        "(home d2)", 
        "(clear d3)", 
        "(bottomcol d3)", 
        "(colspace n6)"
      ]
    }, 
    {
      "action": "(sendtohome-b d4 d n4 d3 n3 n7 n8)", 
      "add_list": [
        "(home d4)", 
        "(colspace n8)"
      ], 
      "state": 16, 
      "literals": [
        "(value c0 n0)", 
        "(value c2 n2)", 
        "(value c3 n3)", 
        "(value c4 n4)", 
        "(value ca n1)", 
        "(value d0 n0)", 
        "(value d2 n2)", 
        "(value d3 n3)", 
        "(value d4 n4)", 
        "(value da n1)", 
        "(value h0 n0)", 
        "(value h2 n2)", 
        "(value h3 n3)", 
        "(value h4 n4)", 
        "(value ha n1)", 
        "(value s0 n0)", 
        "(value s2 n2)", 
        "(value s3 n3)", 
        "(value s4 n4)", 
        "(value sa n1)", 
        "(successor n1 n0)", 
        "(successor n10 n9)", 
        "(successor n11 n10)", 
        "(successor n12 n11)", 
        "(successor n13 n12)", 
        "(successor n2 n1)", 
        "(successor n3 n2)", 
        "(successor n4 n3)", 
        "(successor n5 n4)", 
        "(successor n6 n5)", 
        "(successor n7 n6)", 
        "(successor n8 n7)", 
        "(successor n9 n8)", 
        "(suit c0 c)", 
        "(suit c2 c)", 
        "(suit c3 c)", 
        "(suit c4 c)", 
        "(suit ca c)", 
        "(suit d0 d)", 
        "(suit d2 d)", 
        "(suit d3 d)", 
        "(suit d4 d)", 
        "(suit da d)", 
        "(suit h0 h)", 
        "(suit h2 h)", 
        "(suit h3 h)", 
        "(suit h4 h)", 
        "(suit ha h)", 
        "(suit s0 s)", 
        "(suit s2 s)", 
        "(suit s3 s)", 
        "(suit s4 s)", 
        "(suit sa s)", 
        "(canstack c2 d3)", 
        "(canstack c2 h3)", 
        "(canstack c3 d4)", 
        "(canstack c3 h4)", 
        "(canstack ca d2)", 
        "(canstack ca h2)", 
        "(canstack d2 c3)", 
        "(canstack d2 s3)", 
        "(canstack d3 c4)", 
        "(canstack d3 s4)", 
        "(canstack da c2)", 
        "(canstack da s2)", 
        "(canstack h2 c3)", 
        "(canstack h2 s3)", 
        "(canstack h3 c4)", 
        "(canstack h3 s4)", 
        "(canstack ha c2)", 
        "(canstack ha s2)", 
        "(canstack s2 d3)", 
        "(canstack s2 h3)", 
        "(canstack s3 d4)", 
        "(canstack s3 h4)", 
        "(canstack sa d2)", 
        "(canstack sa h2)", 
        "(incell h4)", 
        "(incell c4)", 
        "(home c3)", 
        "(home s4)", 
        "(cellspace n2)", 
        "(home h3)", 
        "(home d4)", 
        "(colspace n8)"
      ], 
      "delete_list": [
        "(home d3)", 
        "(clear d4)", 
        "(bottomcol d4)", 
        "(colspace n7)"
      ]
    }, 
    {
      "action": "(homefromfreecell c4 c n4 c3 n3 n2 n3)", 
      "add_list": [
        "(home c4)", 
        "(cellspace n3)"
      ], 
      "state": 17, 
      "literals": [
        "(value c0 n0)", 
        "(value c2 n2)", 
        "(value c3 n3)", 
        "(value c4 n4)", 
        "(value ca n1)", 
        "(value d0 n0)", 
        "(value d2 n2)", 
        "(value d3 n3)", 
        "(value d4 n4)", 
        "(value da n1)", 
        "(value h0 n0)", 
        "(value h2 n2)", 
        "(value h3 n3)", 
        "(value h4 n4)", 
        "(value ha n1)", 
        "(value s0 n0)", 
        "(value s2 n2)", 
        "(value s3 n3)", 
        "(value s4 n4)", 
        "(value sa n1)", 
        "(successor n1 n0)", 
        "(successor n10 n9)", 
        "(successor n11 n10)", 
        "(successor n12 n11)", 
        "(successor n13 n12)", 
        "(successor n2 n1)", 
        "(successor n3 n2)", 
        "(successor n4 n3)", 
        "(successor n5 n4)", 
        "(successor n6 n5)", 
        "(successor n7 n6)", 
        "(successor n8 n7)", 
        "(successor n9 n8)", 
        "(suit c0 c)", 
        "(suit c2 c)", 
        "(suit c3 c)", 
        "(suit c4 c)", 
        "(suit ca c)", 
        "(suit d0 d)", 
        "(suit d2 d)", 
        "(suit d3 d)", 
        "(suit d4 d)", 
        "(suit da d)", 
        "(suit h0 h)", 
        "(suit h2 h)", 
        "(suit h3 h)", 
        "(suit h4 h)", 
        "(suit ha h)", 
        "(suit s0 s)", 
        "(suit s2 s)", 
        "(suit s3 s)", 
        "(suit s4 s)", 
        "(suit sa s)", 
        "(canstack c2 d3)", 
        "(canstack c2 h3)", 
        "(canstack c3 d4)", 
        "(canstack c3 h4)", 
        "(canstack ca d2)", 
        "(canstack ca h2)", 
        "(canstack d2 c3)", 
        "(canstack d2 s3)", 
        "(canstack d3 c4)", 
        "(canstack d3 s4)", 
        "(canstack da c2)", 
        "(canstack da s2)", 
        "(canstack h2 c3)", 
        "(canstack h2 s3)", 
        "(canstack h3 c4)", 
        "(canstack h3 s4)", 
        "(canstack ha c2)", 
        "(canstack ha s2)", 
        "(canstack s2 d3)", 
        "(canstack s2 h3)", 
        "(canstack s3 d4)", 
        "(canstack s3 h4)", 
        "(canstack sa d2)", 
        "(canstack sa h2)", 
        "(incell h4)", 
        "(home s4)", 
        "(home h3)", 
        "(home d4)", 
        "(colspace n8)", 
        "(home c4)", 
        "(cellspace n3)"
      ], 
      "delete_list": [
        "(incell c4)", 
        "(cellspace n2)", 
        "(home c3)"
      ]
    }, 
    {
      "action": "(homefromfreecell h4 h n4 h3 n3 n3 n4)", 
      "add_list": [
        "(home h4)", 
        "(cellspace n4)"
      ], 
      "state": 18, 
      "literals": [
        "(value c0 n0)", 
        "(value c2 n2)", 
        "(value c3 n3)", 
        "(value c4 n4)", 
        "(value ca n1)", 
        "(value d0 n0)", 
        "(value d2 n2)", 
        "(value d3 n3)", 
        "(value d4 n4)", 
        "(value da n1)", 
        "(value h0 n0)", 
        "(value h2 n2)", 
        "(value h3 n3)", 
        "(value h4 n4)", 
        "(value ha n1)", 
        "(value s0 n0)", 
        "(value s2 n2)", 
        "(value s3 n3)", 
        "(value s4 n4)", 
        "(value sa n1)", 
        "(successor n1 n0)", 
        "(successor n10 n9)", 
        "(successor n11 n10)", 
        "(successor n12 n11)", 
        "(successor n13 n12)", 
        "(successor n2 n1)", 
        "(successor n3 n2)", 
        "(successor n4 n3)", 
        "(successor n5 n4)", 
        "(successor n6 n5)", 
        "(successor n7 n6)", 
        "(successor n8 n7)", 
        "(successor n9 n8)", 
        "(suit c0 c)", 
        "(suit c2 c)", 
        "(suit c3 c)", 
        "(suit c4 c)", 
        "(suit ca c)", 
        "(suit d0 d)", 
        "(suit d2 d)", 
        "(suit d3 d)", 
        "(suit d4 d)", 
        "(suit da d)", 
        "(suit h0 h)", 
        "(suit h2 h)", 
        "(suit h3 h)", 
        "(suit h4 h)", 
        "(suit ha h)", 
        "(suit s0 s)", 
        "(suit s2 s)", 
        "(suit s3 s)", 
        "(suit s4 s)", 
        "(suit sa s)", 
        "(canstack c2 d3)", 
        "(canstack c2 h3)", 
        "(canstack c3 d4)", 
        "(canstack c3 h4)", 
        "(canstack ca d2)", 
        "(canstack ca h2)", 
        "(canstack d2 c3)", 
        "(canstack d2 s3)", 
        "(canstack d3 c4)", 
        "(canstack d3 s4)", 
        "(canstack da c2)", 
        "(canstack da s2)", 
        "(canstack h2 c3)", 
        "(canstack h2 s3)", 
        "(canstack h3 c4)", 
        "(canstack h3 s4)", 
        "(canstack ha c2)", 
        "(canstack ha s2)", 
        "(canstack s2 d3)", 
        "(canstack s2 h3)", 
        "(canstack s3 d4)", 
        "(canstack s3 h4)", 
        "(canstack sa d2)", 
        "(canstack sa h2)", 
        "(home s4)", 
        "(home d4)", 
        "(colspace n8)", 
        "(home c4)", 
        "(home h4)", 
        "(cellspace n4)"
      ], 
      "delete_list": [
        "(incell h4)", 
        "(cellspace n3)", 
        "(home h3)"
      ]
    }
  ], 
  "domain_id": 29
}