{
  "domain": "freecell", 
  "inital_state": [
    "(value c0 n0)", 
    "(value c2 n2)", 
    "(value c3 n3)", 
    "(value c4 n4)", 
    "(value c5 n5)", 
    "(value ca n1)", 
    "(value d0 n0)", 
    "(value d2 n2)", 
    "(value d3 n3)", 
    "(value d4 n4)", 
    "(value d5 n5)", 
    "(value da n1)", 
    "(value h0 n0)", 
    "(value h2 n2)", 
    "(value h3 n3)", 
    "(value h4 n4)", 
    "(value h5 n5)", 
    "(value ha n1)", 
    "(value s0 n0)", 
    "(value s2 n2)", 
    "(value s3 n3)", 
    "(value s4 n4)", 
    "(value s5 n5)", 
    "(value sa n1)", 
    "(successor n1 n0)", 
    "(successor n10 n9)", 
    "(successor n11 n10)", 
    "(successor n12 n11)", 
    "(successor n13 n12)", 
    "(successor n2 n1)", 
    "(successor n3 n2)", 
    "(successor n4 n3)", 
    "(successor n5 n4)", 
    "(successor n6 n5)", 
    "(successor n7 n6)", 
    "(successor n8 n7)", 
    "(successor n9 n8)", 
    "(suit c0 c)", 
    "(suit c2 c)", 
    "(suit c3 c)", 
    "(suit c4 c)", 
    "(suit c5 c)", 
    "(suit ca c)", 
    "(suit d0 d)", 
    "(suit d2 d)", 
    "(suit d3 d)", 
    "(suit d4 d)", 
    "(suit d5 d)", 
    "(suit da d)", 
    "(suit h0 h)", 
    "(suit h2 h)", 
    "(suit h3 h)", 
    "(suit h4 h)", 
    "(suit h5 h)", 
    "(suit ha h)", 
    "(suit s0 s)", 
    "(suit s2 s)", 
    "(suit s3 s)", 
    "(suit s4 s)", 
    "(suit s5 s)", 
    "(suit sa s)", 
    "(canstack c2 d3)", 
    "(canstack c2 h3)", 
    "(canstack c3 d4)", 
    "(canstack c3 h4)", 
    "(canstack c4 d5)", 
    "(canstack c4 h5)", 
    "(canstack ca d2)", 
    "(canstack ca h2)", 
    "(canstack d2 c3)", 
    "(canstack d2 s3)", 
    "(canstack d3 c4)", 
    "(canstack d3 s4)", 
    "(canstack d4 c5)", 
    "(canstack d4 s5)", 
    "(canstack da c2)", 
    "(canstack da s2)", 
    "(canstack h2 c3)", 
    "(canstack h2 s3)", 
    "(canstack h3 c4)", 
    "(canstack h3 s4)", 
    "(canstack h4 c5)", 
    "(canstack h4 s5)", 
    "(canstack ha c2)", 
    "(canstack ha s2)", 
    "(canstack s2 d3)", 
    "(canstack s2 h3)", 
    "(canstack s3 d4)", 
    "(canstack s3 h4)", 
    "(canstack s4 d5)", 
    "(canstack s4 h5)", 
    "(canstack sa d2)", 
    "(canstack sa h2)", 
    "(home c0)", 
    "(home d0)", 
    "(home h0)", 
    "(home s0)", 
    "(cellspace n4)", 
    "(colspace n0)", 
    "(on c2 ca)", 
    "(on c3 h3)", 
    "(on c4 s2)", 
    "(on c5 d2)", 
    "(on ca sa)", 
    "(on d3 c2)", 
    "(on d4 ha)", 
    "(on da d5)", 
    "(on h2 s4)", 
    "(on h3 h5)", 
    "(on h4 da)", 
    "(on s3 c4)", 
    "(clear c3)", 
    "(clear c5)", 
    "(clear d3)", 
    "(clear d4)", 
    "(clear h2)", 
    "(clear h4)", 
    "(clear s3)", 
    "(clear s5)", 
    "(bottomcol d2)", 
    "(bottomcol d5)", 
    "(bottomcol h5)", 
    "(bottomcol ha)", 
    "(bottomcol s2)", 
    "(bottomcol s4)", 
    "(bottomcol s5)", 
    "(bottomcol sa)"
  ], 
  "negative_goals": [], 
  "problem_id": 856, 
  "positive_goals": [
    "(home c5)", 
    "(home d5)", 
    "(home h5)", 
    "(home s5)"
  ], 
  "plan_length": 24, 
  "plan_literals": [
    {
      "action": "(sendtofree d3 c2 n4 n3)", 
      "add_list": [
        "(incell d3)", 
        "(clear c2)", 
        "(cellspace n3)"
      ], 
      "state": 0, 
      "literals": [
        "(value c0 n0)", 
        "(value c2 n2)", 
        "(value c3 n3)", 
        "(value c4 n4)", 
        "(value c5 n5)", 
        "(value ca n1)", 
        "(value d0 n0)", 
        "(value d2 n2)", 
        "(value d3 n3)", 
        "(value d4 n4)", 
        "(value d5 n5)", 
        "(value da n1)", 
        "(value h0 n0)", 
        "(value h2 n2)", 
        "(value h3 n3)", 
        "(value h4 n4)", 
        "(value h5 n5)", 
        "(value ha n1)", 
        "(value s0 n0)", 
        "(value s2 n2)", 
        "(value s3 n3)", 
        "(value s4 n4)", 
        "(value s5 n5)", 
        "(value sa n1)", 
        "(successor n1 n0)", 
        "(successor n10 n9)", 
        "(successor n11 n10)", 
        "(successor n12 n11)", 
        "(successor n13 n12)", 
        "(successor n2 n1)", 
        "(successor n3 n2)", 
        "(successor n4 n3)", 
        "(successor n5 n4)", 
        "(successor n6 n5)", 
        "(successor n7 n6)", 
        "(successor n8 n7)", 
        "(successor n9 n8)", 
        "(suit c0 c)", 
        "(suit c2 c)", 
        "(suit c3 c)", 
        "(suit c4 c)", 
        "(suit c5 c)", 
        "(suit ca c)", 
        "(suit d0 d)", 
        "(suit d2 d)", 
        "(suit d3 d)", 
        "(suit d4 d)", 
        "(suit d5 d)", 
        "(suit da d)", 
        "(suit h0 h)", 
        "(suit h2 h)", 
        "(suit h3 h)", 
        "(suit h4 h)", 
        "(suit h5 h)", 
        "(suit ha h)", 
        "(suit s0 s)", 
        "(suit s2 s)", 
        "(suit s3 s)", 
        "(suit s4 s)", 
        "(suit s5 s)", 
        "(suit sa s)", 
        "(canstack c2 d3)", 
        "(canstack c2 h3)", 
        "(canstack c3 d4)", 
        "(canstack c3 h4)", 
        "(canstack c4 d5)", 
        "(canstack c4 h5)", 
        "(canstack ca d2)", 
        "(canstack ca h2)", 
        "(canstack d2 c3)", 
        "(canstack d2 s3)", 
        "(canstack d3 c4)", 
        "(canstack d3 s4)", 
        "(canstack d4 c5)", 
        "(canstack d4 s5)", 
        "(canstack da c2)", 
        "(canstack da s2)", 
        "(canstack h2 c3)", 
        "(canstack h2 s3)", 
        "(canstack h3 c4)", 
        "(canstack h3 s4)", 
        "(canstack h4 c5)", 
        "(canstack h4 s5)", 
        "(canstack ha c2)", 
        "(canstack ha s2)", 
        "(canstack s2 d3)", 
        "(canstack s2 h3)", 
        "(canstack s3 d4)", 
        "(canstack s3 h4)", 
        "(canstack s4 d5)", 
        "(canstack s4 h5)", 
        "(canstack sa d2)", 
        "(canstack sa h2)", 
        "(home c0)", 
        "(home d0)", 
        "(home h0)", 
        "(home s0)", 
        "(colspace n0)", 
        "(on c2 ca)", 
        "(on c3 h3)", 
        "(on c4 s2)", 
        "(on c5 d2)", 
        "(on ca sa)", 
        "(on d4 ha)", 
        "(on da d5)", 
        "(on h2 s4)", 
        "(on h3 h5)", 
        "(on h4 da)", 
        "(on s3 c4)", 
        "(clear c3)", 
        "(clear c5)", 
        "(clear d4)", 
        "(clear h2)", 
        "(clear h4)", 
        "(clear s3)", 
        "(clear s5)", 
        "(bottomcol d2)", 
        "(bottomcol d5)", 
        "(bottomcol h5)", 
        "(bottomcol ha)", 
        "(bottomcol s2)", 
        "(bottomcol s4)", 
        "(bottomcol s5)", 
        "(bottomcol sa)", 
        "(incell d3)", 
        "(clear c2)", 
        "(cellspace n3)"
      ], 
      "delete_list": [
        "(on d3 c2)", 
        "(clear d3)", 
        "(cellspace n4)"
      ]
    }, 
    {
      "action": "(sendtofree s3 c4 n3 n2)", 
      "add_list": [
        "(incell s3)", 
        "(clear c4)", 
        "(cellspace n2)"
      ], 
      "state": 1, 
      "literals": [
        "(value c0 n0)", 
        "(value c2 n2)", 
        "(value c3 n3)", 
        "(value c4 n4)", 
        "(value c5 n5)", 
        "(value ca n1)", 
        "(value d0 n0)", 
        "(value d2 n2)", 
        "(value d3 n3)", 
        "(value d4 n4)", 
        "(value d5 n5)", 
        "(value da n1)", 
        "(value h0 n0)", 
        "(value h2 n2)", 
        "(value h3 n3)", 
        "(value h4 n4)", 
        "(value h5 n5)", 
        "(value ha n1)", 
        "(value s0 n0)", 
        "(value s2 n2)", 
        "(value s3 n3)", 
        "(value s4 n4)", 
        "(value s5 n5)", 
        "(value sa n1)", 
        "(successor n1 n0)", 
        "(successor n10 n9)", 
        "(successor n11 n10)", 
        "(successor n12 n11)", 
        "(successor n13 n12)", 
        "(successor n2 n1)", 
        "(successor n3 n2)", 
        "(successor n4 n3)", 
        "(successor n5 n4)", 
        "(successor n6 n5)", 
        "(successor n7 n6)", 
        "(successor n8 n7)", 
        "(successor n9 n8)", 
        "(suit c0 c)", 
        "(suit c2 c)", 
        "(suit c3 c)", 
        "(suit c4 c)", 
        "(suit c5 c)", 
        "(suit ca c)", 
        "(suit d0 d)", 
        "(suit d2 d)", 
        "(suit d3 d)", 
        "(suit d4 d)", 
        "(suit d5 d)", 
        "(suit da d)", 
        "(suit h0 h)", 
        "(suit h2 h)", 
        "(suit h3 h)", 
        "(suit h4 h)", 
        "(suit h5 h)", 
        "(suit ha h)", 
        "(suit s0 s)", 
        "(suit s2 s)", 
        "(suit s3 s)", 
        "(suit s4 s)", 
        "(suit s5 s)", 
        "(suit sa s)", 
        "(canstack c2 d3)", 
        "(canstack c2 h3)", 
        "(canstack c3 d4)", 
        "(canstack c3 h4)", 
        "(canstack c4 d5)", 
        "(canstack c4 h5)", 
        "(canstack ca d2)", 
        "(canstack ca h2)", 
        "(canstack d2 c3)", 
        "(canstack d2 s3)", 
        "(canstack d3 c4)", 
        "(canstack d3 s4)", 
        "(canstack d4 c5)", 
        "(canstack d4 s5)", 
        "(canstack da c2)", 
        "(canstack da s2)", 
        "(canstack h2 c3)", 
        "(canstack h2 s3)", 
        "(canstack h3 c4)", 
        "(canstack h3 s4)", 
        "(canstack h4 c5)", 
        "(canstack h4 s5)", 
        "(canstack ha c2)", 
        "(canstack ha s2)", 
        "(canstack s2 d3)", 
        "(canstack s2 h3)", 
        "(canstack s3 d4)", 
        "(canstack s3 h4)", 
        "(canstack s4 d5)", 
        "(canstack s4 h5)", 
        "(canstack sa d2)", 
        "(canstack sa h2)", 
        "(home c0)", 
        "(home d0)", 
        "(home h0)", 
        "(home s0)", 
        "(colspace n0)", 
        "(on c2 ca)", 
        "(on c3 h3)", 
        "(on c4 s2)", 
        "(on c5 d2)", 
        "(on ca sa)", 
        "(on d4 ha)", 
        "(on da d5)", 
        "(on h2 s4)", 
        "(on h3 h5)", 
        "(on h4 da)", 
        "(clear c3)", 
        "(clear c5)", 
        "(clear d4)", 
        "(clear h2)", 
        "(clear h4)", 
        "(clear s5)", 
        "(bottomcol d2)", 
        "(bottomcol d5)", 
        "(bottomcol h5)", 
        "(bottomcol ha)", 
        "(bottomcol s2)", 
        "(bottomcol s4)", 
        "(bottomcol s5)", 
        "(bottomcol sa)", 
        "(incell d3)", 
        "(clear c2)", 
        "(incell s3)", 
        "(clear c4)", 
        "(cellspace n2)"
      ], 
      "delete_list": [
        "(on s3 c4)", 
        "(clear s3)", 
        "(cellspace n3)"
      ]
    }, 
    {
      "action": "(sendtofree h4 da n2 n1)", 
      "add_list": [
        "(incell h4)", 
        "(clear da)", 
        "(cellspace n1)"
      ], 
      "state": 2, 
      "literals": [
        "(value c0 n0)", 
        "(value c2 n2)", 
        "(value c3 n3)", 
        "(value c4 n4)", 
        "(value c5 n5)", 
        "(value ca n1)", 
        "(value d0 n0)", 
        "(value d2 n2)", 
        "(value d3 n3)", 
        "(value d4 n4)", 
        "(value d5 n5)", 
        "(value da n1)", 
        "(value h0 n0)", 
        "(value h2 n2)", 
        "(value h3 n3)", 
        "(value h4 n4)", 
        "(value h5 n5)", 
        "(value ha n1)", 
        "(value s0 n0)", 
        "(value s2 n2)", 
        "(value s3 n3)", 
        "(value s4 n4)", 
        "(value s5 n5)", 
        "(value sa n1)", 
        "(successor n1 n0)", 
        "(successor n10 n9)", 
        "(successor n11 n10)", 
        "(successor n12 n11)", 
        "(successor n13 n12)", 
        "(successor n2 n1)", 
        "(successor n3 n2)", 
        "(successor n4 n3)", 
        "(successor n5 n4)", 
        "(successor n6 n5)", 
        "(successor n7 n6)", 
        "(successor n8 n7)", 
        "(successor n9 n8)", 
        "(suit c0 c)", 
        "(suit c2 c)", 
        "(suit c3 c)", 
        "(suit c4 c)", 
        "(suit c5 c)", 
        "(suit ca c)", 
        "(suit d0 d)", 
        "(suit d2 d)", 
        "(suit d3 d)", 
        "(suit d4 d)", 
        "(suit d5 d)", 
        "(suit da d)", 
        "(suit h0 h)", 
        "(suit h2 h)", 
        "(suit h3 h)", 
        "(suit h4 h)", 
        "(suit h5 h)", 
        "(suit ha h)", 
        "(suit s0 s)", 
        "(suit s2 s)", 
        "(suit s3 s)", 
        "(suit s4 s)", 
        "(suit s5 s)", 
        "(suit sa s)", 
        "(canstack c2 d3)", 
        "(canstack c2 h3)", 
        "(canstack c3 d4)", 
        "(canstack c3 h4)", 
        "(canstack c4 d5)", 
        "(canstack c4 h5)", 
        "(canstack ca d2)", 
        "(canstack ca h2)", 
        "(canstack d2 c3)", 
        "(canstack d2 s3)", 
        "(canstack d3 c4)", 
        "(canstack d3 s4)", 
        "(canstack d4 c5)", 
        "(canstack d4 s5)", 
        "(canstack da c2)", 
        "(canstack da s2)", 
        "(canstack h2 c3)", 
        "(canstack h2 s3)", 
        "(canstack h3 c4)", 
        "(canstack h3 s4)", 
        "(canstack h4 c5)", 
        "(canstack h4 s5)", 
        "(canstack ha c2)", 
        "(canstack ha s2)", 
        "(canstack s2 d3)", 
        "(canstack s2 h3)", 
        "(canstack s3 d4)", 
        "(canstack s3 h4)", 
        "(canstack s4 d5)", 
        "(canstack s4 h5)", 
        "(canstack sa d2)", 
        "(canstack sa h2)", 
        "(home c0)", 
        "(home d0)", 
        "(home h0)", 
        "(home s0)", 
        "(colspace n0)", 
        "(on c2 ca)", 
        "(on c3 h3)", 
        "(on c4 s2)", 
        "(on c5 d2)", 
        "(on ca sa)", 
        "(on d4 ha)", 
        "(on da d5)", 
        "(on h2 s4)", 
        "(on h3 h5)", 
        "(clear c3)", 
        "(clear c5)", 
        "(clear d4)", 
        "(clear h2)", 
        "(clear s5)", 
        "(bottomcol d2)", 
        "(bottomcol d5)", 
        "(bottomcol h5)", 
        "(bottomcol ha)", 
        "(bottomcol s2)", 
        "(bottomcol s4)", 
        "(bottomcol s5)", 
        "(bottomcol sa)", 
        "(incell d3)", 
        "(clear c2)", 
        "(incell s3)", 
        "(clear c4)", 
        "(incell h4)", 
        "(clear da)", 
        "(cellspace n1)"
      ], 
      "delete_list": [
        "(on h4 da)", 
        "(clear h4)", 
        "(cellspace n2)"
      ]
    }, 
    {
      "action": "(sendtohome da d5 d n1 d0 n0)", 
      "add_list": [
        "(home da)", 
        "(clear d5)"
      ], 
      "state": 3, 
      "literals": [
        "(value c0 n0)", 
        "(value c2 n2)", 
        "(value c3 n3)", 
        "(value c4 n4)", 
        "(value c5 n5)", 
        "(value ca n1)", 
        "(value d0 n0)", 
        "(value d2 n2)", 
        "(value d3 n3)", 
        "(value d4 n4)", 
        "(value d5 n5)", 
        "(value da n1)", 
        "(value h0 n0)", 
        "(value h2 n2)", 
        "(value h3 n3)", 
        "(value h4 n4)", 
        "(value h5 n5)", 
        "(value ha n1)", 
        "(value s0 n0)", 
        "(value s2 n2)", 
        "(value s3 n3)", 
        "(value s4 n4)", 
        "(value s5 n5)", 
        "(value sa n1)", 
        "(successor n1 n0)", 
        "(successor n10 n9)", 
        "(successor n11 n10)", 
        "(successor n12 n11)", 
        "(successor n13 n12)", 
        "(successor n2 n1)", 
        "(successor n3 n2)", 
        "(successor n4 n3)", 
        "(successor n5 n4)", 
        "(successor n6 n5)", 
        "(successor n7 n6)", 
        "(successor n8 n7)", 
        "(successor n9 n8)", 
        "(suit c0 c)", 
        "(suit c2 c)", 
        "(suit c3 c)", 
        "(suit c4 c)", 
        "(suit c5 c)", 
        "(suit ca c)", 
        "(suit d0 d)", 
        "(suit d2 d)", 
        "(suit d3 d)", 
        "(suit d4 d)", 
        "(suit d5 d)", 
        "(suit da d)", 
        "(suit h0 h)", 
        "(suit h2 h)", 
        "(suit h3 h)", 
        "(suit h4 h)", 
        "(suit h5 h)", 
        "(suit ha h)", 
        "(suit s0 s)", 
        "(suit s2 s)", 
        "(suit s3 s)", 
        "(suit s4 s)", 
        "(suit s5 s)", 
        "(suit sa s)", 
        "(canstack c2 d3)", 
        "(canstack c2 h3)", 
        "(canstack c3 d4)", 
        "(canstack c3 h4)", 
        "(canstack c4 d5)", 
        "(canstack c4 h5)", 
        "(canstack ca d2)", 
        "(canstack ca h2)", 
        "(canstack d2 c3)", 
        "(canstack d2 s3)", 
        "(canstack d3 c4)", 
        "(canstack d3 s4)", 
        "(canstack d4 c5)", 
        "(canstack d4 s5)", 
        "(canstack da c2)", 
        "(canstack da s2)", 
        "(canstack h2 c3)", 
        "(canstack h2 s3)", 
        "(canstack h3 c4)", 
        "(canstack h3 s4)", 
        "(canstack h4 c5)", 
        "(canstack h4 s5)", 
        "(canstack ha c2)", 
        "(canstack ha s2)", 
        "(canstack s2 d3)", 
        "(canstack s2 h3)", 
        "(canstack s3 d4)", 
        "(canstack s3 h4)", 
        "(canstack s4 d5)", 
        "(canstack s4 h5)", 
        "(canstack sa d2)", 
        "(canstack sa h2)", 
        "(home c0)", 
        "(home h0)", 
        "(home s0)", 
        "(colspace n0)", 
        "(on c2 ca)", 
        "(on c3 h3)", 
        "(on c4 s2)", 
        "(on c5 d2)", 
        "(on ca sa)", 
        "(on d4 ha)", 
        "(on h2 s4)", 
        "(on h3 h5)", 
        "(clear c3)", 
        "(clear c5)", 
        "(clear d4)", 
        "(clear h2)", 
        "(clear s5)", 
        "(bottomcol d2)", 
        "(bottomcol d5)", 
        "(bottomcol h5)", 
        "(bottomcol ha)", 
        "(bottomcol s2)", 
        "(bottomcol s4)", 
        "(bottomcol s5)", 
        "(bottomcol sa)", 
        "(incell d3)", 
        "(clear c2)", 
        "(incell s3)", 
        "(clear c4)", 
        "(incell h4)", 
        "(cellspace n1)", 
        "(home da)", 
        "(clear d5)"
      ], 
      "delete_list": [
        "(on da d5)", 
        "(home d0)", 
        "(clear da)"
      ]
    }, 
    {
      "action": "(sendtofree c2 ca n1 n0)", 
      "add_list": [
        "(incell c2)", 
        "(clear ca)", 
        "(cellspace n0)"
      ], 
      "state": 4, 
      "literals": [
        "(value c0 n0)", 
        "(value c2 n2)", 
        "(value c3 n3)", 
        "(value c4 n4)", 
        "(value c5 n5)", 
        "(value ca n1)", 
        "(value d0 n0)", 
        "(value d2 n2)", 
        "(value d3 n3)", 
        "(value d4 n4)", 
        "(value d5 n5)", 
        "(value da n1)", 
        "(value h0 n0)", 
        "(value h2 n2)", 
        "(value h3 n3)", 
        "(value h4 n4)", 
        "(value h5 n5)", 
        "(value ha n1)", 
        "(value s0 n0)", 
        "(value s2 n2)", 
        "(value s3 n3)", 
        "(value s4 n4)", 
        "(value s5 n5)", 
        "(value sa n1)", 
        "(successor n1 n0)", 
        "(successor n10 n9)", 
        "(successor n11 n10)", 
        "(successor n12 n11)", 
        "(successor n13 n12)", 
        "(successor n2 n1)", 
        "(successor n3 n2)", 
        "(successor n4 n3)", 
        "(successor n5 n4)", 
        "(successor n6 n5)", 
        "(successor n7 n6)", 
        "(successor n8 n7)", 
        "(successor n9 n8)", 
        "(suit c0 c)", 
        "(suit c2 c)", 
        "(suit c3 c)", 
        "(suit c4 c)", 
        "(suit c5 c)", 
        "(suit ca c)", 
        "(suit d0 d)", 
        "(suit d2 d)", 
        "(suit d3 d)", 
        "(suit d4 d)", 
        "(suit d5 d)", 
        "(suit da d)", 
        "(suit h0 h)", 
        "(suit h2 h)", 
        "(suit h3 h)", 
        "(suit h4 h)", 
        "(suit h5 h)", 
        "(suit ha h)", 
        "(suit s0 s)", 
        "(suit s2 s)", 
        "(suit s3 s)", 
        "(suit s4 s)", 
        "(suit s5 s)", 
        "(suit sa s)", 
        "(canstack c2 d3)", 
        "(canstack c2 h3)", 
        "(canstack c3 d4)", 
        "(canstack c3 h4)", 
        "(canstack c4 d5)", 
        "(canstack c4 h5)", 
        "(canstack ca d2)", 
        "(canstack ca h2)", 
        "(canstack d2 c3)", 
        "(canstack d2 s3)", 
        "(canstack d3 c4)", 
        "(canstack d3 s4)", 
        "(canstack d4 c5)", 
        "(canstack d4 s5)", 
        "(canstack da c2)", 
        "(canstack da s2)", 
        "(canstack h2 c3)", 
        "(canstack h2 s3)", 
        "(canstack h3 c4)", 
        "(canstack h3 s4)", 
        "(canstack h4 c5)", 
        "(canstack h4 s5)", 
        "(canstack ha c2)", 
        "(canstack ha s2)", 
        "(canstack s2 d3)", 
        "(canstack s2 h3)", 
        "(canstack s3 d4)", 
        "(canstack s3 h4)", 
        "(canstack s4 d5)", 
        "(canstack s4 h5)", 
        "(canstack sa d2)", 
        "(canstack sa h2)", 
        "(home c0)", 
        "(home h0)", 
        "(home s0)", 
        "(colspace n0)", 
        "(on c3 h3)", 
        "(on c4 s2)", 
        "(on c5 d2)", 
        "(on ca sa)", 
        "(on d4 ha)", 
        "(on h2 s4)", 
        "(on h3 h5)", 
        "(clear c3)", 
        "(clear c5)", 
        "(clear d4)", 
        "(clear h2)", 
        "(clear s5)", 
        "(bottomcol d2)", 
        "(bottomcol d5)", 
        "(bottomcol h5)", 
        "(bottomcol ha)", 
        "(bottomcol s2)", 
        "(bottomcol s4)", 
        "(bottomcol s5)", 
        "(bottomcol sa)", 
        "(incell d3)", 
        "(incell s3)", 
        "(clear c4)", 
        "(incell h4)", 
        "(home da)", 
        "(clear d5)", 
        "(incell c2)", 
        "(clear ca)", 
        "(cellspace n0)"
      ], 
      "delete_list": [
        "(on c2 ca)", 
        "(clear c2)", 
        "(cellspace n1)"
      ]
    }, 
    {
      "action": "(sendtohome ca sa c n1 c0 n0)", 
      "add_list": [
        "(home ca)", 
        "(clear sa)"
      ], 
      "state": 5, 
      "literals": [
        "(value c0 n0)", 
        "(value c2 n2)", 
        "(value c3 n3)", 
        "(value c4 n4)", 
        "(value c5 n5)", 
        "(value ca n1)", 
        "(value d0 n0)", 
        "(value d2 n2)", 
        "(value d3 n3)", 
        "(value d4 n4)", 
        "(value d5 n5)", 
        "(value da n1)", 
        "(value h0 n0)", 
        "(value h2 n2)", 
        "(value h3 n3)", 
        "(value h4 n4)", 
        "(value h5 n5)", 
        "(value ha n1)", 
        "(value s0 n0)", 
        "(value s2 n2)", 
        "(value s3 n3)", 
        "(value s4 n4)", 
        "(value s5 n5)", 
        "(value sa n1)", 
        "(successor n1 n0)", 
        "(successor n10 n9)", 
        "(successor n11 n10)", 
        "(successor n12 n11)", 
        "(successor n13 n12)", 
        "(successor n2 n1)", 
        "(successor n3 n2)", 
        "(successor n4 n3)", 
        "(successor n5 n4)", 
        "(successor n6 n5)", 
        "(successor n7 n6)", 
        "(successor n8 n7)", 
        "(successor n9 n8)", 
        "(suit c0 c)", 
        "(suit c2 c)", 
        "(suit c3 c)", 
        "(suit c4 c)", 
        "(suit c5 c)", 
        "(suit ca c)", 
        "(suit d0 d)", 
        "(suit d2 d)", 
        "(suit d3 d)", 
        "(suit d4 d)", 
        "(suit d5 d)", 
        "(suit da d)", 
        "(suit h0 h)", 
        "(suit h2 h)", 
        "(suit h3 h)", 
        "(suit h4 h)", 
        "(suit h5 h)", 
        "(suit ha h)", 
        "(suit s0 s)", 
        "(suit s2 s)", 
        "(suit s3 s)", 
        "(suit s4 s)", 
        "(suit s5 s)", 
        "(suit sa s)", 
        "(canstack c2 d3)", 
        "(canstack c2 h3)", 
        "(canstack c3 d4)", 
        "(canstack c3 h4)", 
        "(canstack c4 d5)", 
        "(canstack c4 h5)", 
        "(canstack ca d2)", 
        "(canstack ca h2)", 
        "(canstack d2 c3)", 
        "(canstack d2 s3)", 
        "(canstack d3 c4)", 
        "(canstack d3 s4)", 
        "(canstack d4 c5)", 
        "(canstack d4 s5)", 
        "(canstack da c2)", 
        "(canstack da s2)", 
        "(canstack h2 c3)", 
        "(canstack h2 s3)", 
        "(canstack h3 c4)", 
        "(canstack h3 s4)", 
        "(canstack h4 c5)", 
        "(canstack h4 s5)", 
        "(canstack ha c2)", 
        "(canstack ha s2)", 
        "(canstack s2 d3)", 
        "(canstack s2 h3)", 
        "(canstack s3 d4)", 
        "(canstack s3 h4)", 
        "(canstack s4 d5)", 
        "(canstack s4 h5)", 
        "(canstack sa d2)", 
        "(canstack sa h2)", 
        "(home h0)", 
        "(home s0)", 
        "(colspace n0)", 
        "(on c3 h3)", 
        "(on c4 s2)", 
        "(on c5 d2)", 
        "(on d4 ha)", 
        "(on h2 s4)", 
        "(on h3 h5)", 
        "(clear c3)", 
        "(clear c5)", 
        "(clear d4)", 
        "(clear h2)", 
        "(clear s5)", 
        "(bottomcol d2)", 
        "(bottomcol d5)", 
        "(bottomcol h5)", 
        "(bottomcol ha)", 
        "(bottomcol s2)", 
        "(bottomcol s4)", 
        "(bottomcol s5)", 
        "(bottomcol sa)", 
        "(incell d3)", 
        "(incell s3)", 
        "(clear c4)", 
        "(incell h4)", 
        "(home da)", 
        "(clear d5)", 
        "(incell c2)", 
        "(cellspace n0)", 
        "(home ca)", 
        "(clear sa)"
      ], 
      "delete_list": [
        "(on ca sa)", 
        "(home c0)", 
        "(clear ca)"
      ]
    }, 
    {
      "action": "(homefromfreecell c2 c n2 ca n1 n0 n1)", 
      "add_list": [
        "(home c2)", 
        "(cellspace n1)"
      ], 
      "state": 6, 
      "literals": [
        "(value c0 n0)", 
        "(value c2 n2)", 
        "(value c3 n3)", 
        "(value c4 n4)", 
        "(value c5 n5)", 
        "(value ca n1)", 
        "(value d0 n0)", 
        "(value d2 n2)", 
        "(value d3 n3)", 
        "(value d4 n4)", 
        "(value d5 n5)", 
        "(value da n1)", 
        "(value h0 n0)", 
        "(value h2 n2)", 
        "(value h3 n3)", 
        "(value h4 n4)", 
        "(value h5 n5)", 
        "(value ha n1)", 
        "(value s0 n0)", 
        "(value s2 n2)", 
        "(value s3 n3)", 
        "(value s4 n4)", 
        "(value s5 n5)", 
        "(value sa n1)", 
        "(successor n1 n0)", 
        "(successor n10 n9)", 
        "(successor n11 n10)", 
        "(successor n12 n11)", 
        "(successor n13 n12)", 
        "(successor n2 n1)", 
        "(successor n3 n2)", 
        "(successor n4 n3)", 
        "(successor n5 n4)", 
        "(successor n6 n5)", 
        "(successor n7 n6)", 
        "(successor n8 n7)", 
        "(successor n9 n8)", 
        "(suit c0 c)", 
        "(suit c2 c)", 
        "(suit c3 c)", 
        "(suit c4 c)", 
        "(suit c5 c)", 
        "(suit ca c)", 
        "(suit d0 d)", 
        "(suit d2 d)", 
        "(suit d3 d)", 
        "(suit d4 d)", 
        "(suit d5 d)", 
        "(suit da d)", 
        "(suit h0 h)", 
        "(suit h2 h)", 
        "(suit h3 h)", 
        "(suit h4 h)", 
        "(suit h5 h)", 
        "(suit ha h)", 
        "(suit s0 s)", 
        "(suit s2 s)", 
        "(suit s3 s)", 
        "(suit s4 s)", 
        "(suit s5 s)", 
        "(suit sa s)", 
        "(canstack c2 d3)", 
        "(canstack c2 h3)", 
        "(canstack c3 d4)", 
        "(canstack c3 h4)", 
        "(canstack c4 d5)", 
        "(canstack c4 h5)", 
        "(canstack ca d2)", 
        "(canstack ca h2)", 
        "(canstack d2 c3)", 
        "(canstack d2 s3)", 
        "(canstack d3 c4)", 
        "(canstack d3 s4)", 
        "(canstack d4 c5)", 
        "(canstack d4 s5)", 
        "(canstack da c2)", 
        "(canstack da s2)", 
        "(canstack h2 c3)", 
        "(canstack h2 s3)", 
        "(canstack h3 c4)", 
        "(canstack h3 s4)", 
        "(canstack h4 c5)", 
        "(canstack h4 s5)", 
        "(canstack ha c2)", 
        "(canstack ha s2)", 
        "(canstack s2 d3)", 
        "(canstack s2 h3)", 
        "(canstack s3 d4)", 
        "(canstack s3 h4)", 
        "(canstack s4 d5)", 
        "(canstack s4 h5)", 
        "(canstack sa d2)", 
        "(canstack sa h2)", 
        "(home h0)", 
        "(home s0)", 
        "(colspace n0)", 
        "(on c3 h3)", 
        "(on c4 s2)", 
        "(on c5 d2)", 
        "(on d4 ha)", 
        "(on h2 s4)", 
        "(on h3 h5)", 
        "(clear c3)", 
        "(clear c5)", 
        "(clear d4)", 
        "(clear h2)", 
        "(clear s5)", 
        "(bottomcol d2)", 
        "(bottomcol d5)", 
        "(bottomcol h5)", 
        "(bottomcol ha)", 
        "(bottomcol s2)", 
        "(bottomcol s4)", 
        "(bottomcol s5)", 
        "(bottomcol sa)", 
        "(incell d3)", 
        "(incell s3)", 
        "(clear c4)", 
        "(incell h4)", 
        "(home da)", 
        "(clear d5)", 
        "(clear sa)", 
        "(home c2)", 
        "(cellspace n1)"
      ], 
      "delete_list": [
        "(incell c2)", 
        "(cellspace n0)", 
        "(home ca)"
      ]
    }, 
    {
      "action": "(sendtohome c3 h3 c n3 c2 n2)", 
      "add_list": [
        "(home c3)", 
        "(clear h3)"
      ], 
      "state": 7, 
      "literals": [
        "(value c0 n0)", 
        "(value c2 n2)", 
        "(value c3 n3)", 
        "(value c4 n4)", 
        "(value c5 n5)", 
        "(value ca n1)", 
        "(value d0 n0)", 
        "(value d2 n2)", 
        "(value d3 n3)", 
        "(value d4 n4)", 
        "(value d5 n5)", 
        "(value da n1)", 
        "(value h0 n0)", 
        "(value h2 n2)", 
        "(value h3 n3)", 
        "(value h4 n4)", 
        "(value h5 n5)", 
        "(value ha n1)", 
        "(value s0 n0)", 
        "(value s2 n2)", 
        "(value s3 n3)", 
        "(value s4 n4)", 
        "(value s5 n5)", 
        "(value sa n1)", 
        "(successor n1 n0)", 
        "(successor n10 n9)", 
        "(successor n11 n10)", 
        "(successor n12 n11)", 
        "(successor n13 n12)", 
        "(successor n2 n1)", 
        "(successor n3 n2)", 
        "(successor n4 n3)", 
        "(successor n5 n4)", 
        "(successor n6 n5)", 
        "(successor n7 n6)", 
        "(successor n8 n7)", 
        "(successor n9 n8)", 
        "(suit c0 c)", 
        "(suit c2 c)", 
        "(suit c3 c)", 
        "(suit c4 c)", 
        "(suit c5 c)", 
        "(suit ca c)", 
        "(suit d0 d)", 
        "(suit d2 d)", 
        "(suit d3 d)", 
        "(suit d4 d)", 
        "(suit d5 d)", 
        "(suit da d)", 
        "(suit h0 h)", 
        "(suit h2 h)", 
        "(suit h3 h)", 
        "(suit h4 h)", 
        "(suit h5 h)", 
        "(suit ha h)", 
        "(suit s0 s)", 
        "(suit s2 s)", 
        "(suit s3 s)", 
        "(suit s4 s)", 
        "(suit s5 s)", 
        "(suit sa s)", 
        "(canstack c2 d3)", 
        "(canstack c2 h3)", 
        "(canstack c3 d4)", 
        "(canstack c3 h4)", 
        "(canstack c4 d5)", 
        "(canstack c4 h5)", 
        "(canstack ca d2)", 
        "(canstack ca h2)", 
        "(canstack d2 c3)", 
        "(canstack d2 s3)", 
        "(canstack d3 c4)", 
        "(canstack d3 s4)", 
        "(canstack d4 c5)", 
        "(canstack d4 s5)", 
        "(canstack da c2)", 
        "(canstack da s2)", 
        "(canstack h2 c3)", 
        "(canstack h2 s3)", 
        "(canstack h3 c4)", 
        "(canstack h3 s4)", 
        "(canstack h4 c5)", 
        "(canstack h4 s5)", 
        "(canstack ha c2)", 
        "(canstack ha s2)", 
        "(canstack s2 d3)", 
        "(canstack s2 h3)", 
        "(canstack s3 d4)", 
        "(canstack s3 h4)", 
        "(canstack s4 d5)", 
        "(canstack s4 h5)", 
        "(canstack sa d2)", 
        "(canstack sa h2)", 
        "(home h0)", 
        "(home s0)", 
        "(colspace n0)", 
        "(on c4 s2)", 
        "(on c5 d2)", 
        "(on d4 ha)", 
        "(on h2 s4)", 
        "(on h3 h5)", 
        "(clear c5)", 
        "(clear d4)", 
        "(clear h2)", 
        "(clear s5)", 
        "(bottomcol d2)", 
        "(bottomcol d5)", 
        "(bottomcol h5)", 
        "(bottomcol ha)", 
        "(bottomcol s2)", 
        "(bottomcol s4)", 
        "(bottomcol s5)", 
        "(bottomcol sa)", 
        "(incell d3)", 
        "(incell s3)", 
        "(clear c4)", 
        "(incell h4)", 
        "(home da)", 
        "(clear d5)", 
        "(clear sa)", 
        "(cellspace n1)", 
        "(home c3)", 
        "(clear h3)"
      ], 
      "delete_list": [
        "(on c3 h3)", 
        "(home c2)", 
        "(clear c3)"
      ]
    }, 
    {
      "action": "(sendtohome c4 s2 c n4 c3 n3)", 
      "add_list": [
        "(home c4)", 
        "(clear s2)"
      ], 
      "state": 8, 
      "literals": [
        "(value c0 n0)", 
        "(value c2 n2)", 
        "(value c3 n3)", 
        "(value c4 n4)", 
        "(value c5 n5)", 
        "(value ca n1)", 
        "(value d0 n0)", 
        "(value d2 n2)", 
        "(value d3 n3)", 
        "(value d4 n4)", 
        "(value d5 n5)", 
        "(value da n1)", 
        "(value h0 n0)", 
        "(value h2 n2)", 
        "(value h3 n3)", 
        "(value h4 n4)", 
        "(value h5 n5)", 
        "(value ha n1)", 
        "(value s0 n0)", 
        "(value s2 n2)", 
        "(value s3 n3)", 
        "(value s4 n4)", 
        "(value s5 n5)", 
        "(value sa n1)", 
        "(successor n1 n0)", 
        "(successor n10 n9)", 
        "(successor n11 n10)", 
        "(successor n12 n11)", 
        "(successor n13 n12)", 
        "(successor n2 n1)", 
        "(successor n3 n2)", 
        "(successor n4 n3)", 
        "(successor n5 n4)", 
        "(successor n6 n5)", 
        "(successor n7 n6)", 
        "(successor n8 n7)", 
        "(successor n9 n8)", 
        "(suit c0 c)", 
        "(suit c2 c)", 
        "(suit c3 c)", 
        "(suit c4 c)", 
        "(suit c5 c)", 
        "(suit ca c)", 
        "(suit d0 d)", 
        "(suit d2 d)", 
        "(suit d3 d)", 
        "(suit d4 d)", 
        "(suit d5 d)", 
        "(suit da d)", 
        "(suit h0 h)", 
        "(suit h2 h)", 
        "(suit h3 h)", 
        "(suit h4 h)", 
        "(suit h5 h)", 
        "(suit ha h)", 
        "(suit s0 s)", 
        "(suit s2 s)", 
        "(suit s3 s)", 
        "(suit s4 s)", 
        "(suit s5 s)", 
        "(suit sa s)", 
        "(canstack c2 d3)", 
        "(canstack c2 h3)", 
        "(canstack c3 d4)", 
        "(canstack c3 h4)", 
        "(canstack c4 d5)", 
        "(canstack c4 h5)", 
        "(canstack ca d2)", 
        "(canstack ca h2)", 
        "(canstack d2 c3)", 
        "(canstack d2 s3)", 
        "(canstack d3 c4)", 
        "(canstack d3 s4)", 
        "(canstack d4 c5)", 
        "(canstack d4 s5)", 
        "(canstack da c2)", 
        "(canstack da s2)", 
        "(canstack h2 c3)", 
        "(canstack h2 s3)", 
        "(canstack h3 c4)", 
        "(canstack h3 s4)", 
        "(canstack h4 c5)", 
        "(canstack h4 s5)", 
        "(canstack ha c2)", 
        "(canstack ha s2)", 
        "(canstack s2 d3)", 
        "(canstack s2 h3)", 
        "(canstack s3 d4)", 
        "(canstack s3 h4)", 
        "(canstack s4 d5)", 
        "(canstack s4 h5)", 
        "(canstack sa d2)", 
        "(canstack sa h2)", 
        "(home h0)", 
        "(home s0)", 
        "(colspace n0)", 
        "(on c5 d2)", 
        "(on d4 ha)", 
        "(on h2 s4)", 
        "(on h3 h5)", 
        "(clear c5)", 
        "(clear d4)", 
        "(clear h2)", 
        "(clear s5)", 
        "(bottomcol d2)", 
        "(bottomcol d5)", 
        "(bottomcol h5)", 
        "(bottomcol ha)", 
        "(bottomcol s2)", 
        "(bottomcol s4)", 
        "(bottomcol s5)", 
        "(bottomcol sa)", 
        "(incell d3)", 
        "(incell s3)", 
        "(incell h4)", 
        "(home da)", 
        "(clear d5)", 
        "(clear sa)", 
        "(cellspace n1)", 
        "(clear h3)", 
        "(home c4)", 
        "(clear s2)"
      ], 
      "delete_list": [
        "(on c4 s2)", 
        "(home c3)", 
        "(clear c4)"
      ]
    }, 
    {
      "action": "(sendtohome c5 d2 c n5 c4 n4)", 
      "add_list": [
        "(home c5)", 
        "(clear d2)"
      ], 
      "state": 9, 
      "literals": [
        "(value c0 n0)", 
        "(value c2 n2)", 
        "(value c3 n3)", 
        "(value c4 n4)", 
        "(value c5 n5)", 
        "(value ca n1)", 
        "(value d0 n0)", 
        "(value d2 n2)", 
        "(value d3 n3)", 
        "(value d4 n4)", 
        "(value d5 n5)", 
        "(value da n1)", 
        "(value h0 n0)", 
        "(value h2 n2)", 
        "(value h3 n3)", 
        "(value h4 n4)", 
        "(value h5 n5)", 
        "(value ha n1)", 
        "(value s0 n0)", 
        "(value s2 n2)", 
        "(value s3 n3)", 
        "(value s4 n4)", 
        "(value s5 n5)", 
        "(value sa n1)", 
        "(successor n1 n0)", 
        "(successor n10 n9)", 
        "(successor n11 n10)", 
        "(successor n12 n11)", 
        "(successor n13 n12)", 
        "(successor n2 n1)", 
        "(successor n3 n2)", 
        "(successor n4 n3)", 
        "(successor n5 n4)", 
        "(successor n6 n5)", 
        "(successor n7 n6)", 
        "(successor n8 n7)", 
        "(successor n9 n8)", 
        "(suit c0 c)", 
        "(suit c2 c)", 
        "(suit c3 c)", 
        "(suit c4 c)", 
        "(suit c5 c)", 
        "(suit ca c)", 
        "(suit d0 d)", 
        "(suit d2 d)", 
        "(suit d3 d)", 
        "(suit d4 d)", 
        "(suit d5 d)", 
        "(suit da d)", 
        "(suit h0 h)", 
        "(suit h2 h)", 
        "(suit h3 h)", 
        "(suit h4 h)", 
        "(suit h5 h)", 
        "(suit ha h)", 
        "(suit s0 s)", 
        "(suit s2 s)", 
        "(suit s3 s)", 
        "(suit s4 s)", 
        "(suit s5 s)", 
        "(suit sa s)", 
        "(canstack c2 d3)", 
        "(canstack c2 h3)", 
        "(canstack c3 d4)", 
        "(canstack c3 h4)", 
        "(canstack c4 d5)", 
        "(canstack c4 h5)", 
        "(canstack ca d2)", 
        "(canstack ca h2)", 
        "(canstack d2 c3)", 
        "(canstack d2 s3)", 
        "(canstack d3 c4)", 
        "(canstack d3 s4)", 
        "(canstack d4 c5)", 
        "(canstack d4 s5)", 
        "(canstack da c2)", 
        "(canstack da s2)", 
        "(canstack h2 c3)", 
        "(canstack h2 s3)", 
        "(canstack h3 c4)", 
        "(canstack h3 s4)", 
        "(canstack h4 c5)", 
        "(canstack h4 s5)", 
        "(canstack ha c2)", 
        "(canstack ha s2)", 
        "(canstack s2 d3)", 
        "(canstack s2 h3)", 
        "(canstack s3 d4)", 
        "(canstack s3 h4)", 
        "(canstack s4 d5)", 
        "(canstack s4 h5)", 
        "(canstack sa d2)", 
        "(canstack sa h2)", 
        "(home h0)", 
        "(home s0)", 
        "(colspace n0)", 
        "(on d4 ha)", 
        "(on h2 s4)", 
        "(on h3 h5)", 
        "(clear d4)", 
        "(clear h2)", 
        "(clear s5)", 
        "(bottomcol d2)", 
        "(bottomcol d5)", 
        "(bottomcol h5)", 
        "(bottomcol ha)", 
        "(bottomcol s2)", 
        "(bottomcol s4)", 
        "(bottomcol s5)", 
        "(bottomcol sa)", 
        "(incell d3)", 
        "(incell s3)", 
        "(incell h4)", 
        "(home da)", 
        "(clear d5)", 
        "(clear sa)", 
        "(cellspace n1)", 
        "(clear h3)", 
        "(clear s2)", 
        "(home c5)", 
        "(clear d2)"
      ], 
      "delete_list": [
        "(on c5 d2)", 
        "(home c4)", 
        "(clear c5)"
      ]
    }, 
    {
      "action": "(sendtohome-b d2 d n2 da n1 n0 n1)", 
      "add_list": [
        "(home d2)", 
        "(colspace n1)"
      ], 
      "state": 10, 
      "literals": [
        "(value c0 n0)", 
        "(value c2 n2)", 
        "(value c3 n3)", 
        "(value c4 n4)", 
        "(value c5 n5)", 
        "(value ca n1)", 
        "(value d0 n0)", 
        "(value d2 n2)", 
        "(value d3 n3)", 
        "(value d4 n4)", 
        "(value d5 n5)", 
        "(value da n1)", 
        "(value h0 n0)", 
        "(value h2 n2)", 
        "(value h3 n3)", 
        "(value h4 n4)", 
        "(value h5 n5)", 
        "(value ha n1)", 
        "(value s0 n0)", 
        "(value s2 n2)", 
        "(value s3 n3)", 
        "(value s4 n4)", 
        "(value s5 n5)", 
        "(value sa n1)", 
        "(successor n1 n0)", 
        "(successor n10 n9)", 
        "(successor n11 n10)", 
        "(successor n12 n11)", 
        "(successor n13 n12)", 
        "(successor n2 n1)", 
        "(successor n3 n2)", 
        "(successor n4 n3)", 
        "(successor n5 n4)", 
        "(successor n6 n5)", 
        "(successor n7 n6)", 
        "(successor n8 n7)", 
        "(successor n9 n8)", 
        "(suit c0 c)", 
        "(suit c2 c)", 
        "(suit c3 c)", 
        "(suit c4 c)", 
        "(suit c5 c)", 
        "(suit ca c)", 
        "(suit d0 d)", 
        "(suit d2 d)", 
        "(suit d3 d)", 
        "(suit d4 d)", 
        "(suit d5 d)", 
        "(suit da d)", 
        "(suit h0 h)", 
        "(suit h2 h)", 
        "(suit h3 h)", 
        "(suit h4 h)", 
        "(suit h5 h)", 
        "(suit ha h)", 
        "(suit s0 s)", 
        "(suit s2 s)", 
        "(suit s3 s)", 
        "(suit s4 s)", 
        "(suit s5 s)", 
        "(suit sa s)", 
        "(canstack c2 d3)", 
        "(canstack c2 h3)", 
        "(canstack c3 d4)", 
        "(canstack c3 h4)", 
        "(canstack c4 d5)", 
        "(canstack c4 h5)", 
        "(canstack ca d2)", 
        "(canstack ca h2)", 
        "(canstack d2 c3)", 
        "(canstack d2 s3)", 
        "(canstack d3 c4)", 
        "(canstack d3 s4)", 
        "(canstack d4 c5)", 
        "(canstack d4 s5)", 
        "(canstack da c2)", 
        "(canstack da s2)", 
        "(canstack h2 c3)", 
        "(canstack h2 s3)", 
        "(canstack h3 c4)", 
        "(canstack h3 s4)", 
        "(canstack h4 c5)", 
        "(canstack h4 s5)", 
        "(canstack ha c2)", 
        "(canstack ha s2)", 
        "(canstack s2 d3)", 
        "(canstack s2 h3)", 
        "(canstack s3 d4)", 
        "(canstack s3 h4)", 
        "(canstack s4 d5)", 
        "(canstack s4 h5)", 
        "(canstack sa d2)", 
        "(canstack sa h2)", 
        "(home h0)", 
        "(home s0)", 
        "(on d4 ha)", 
        "(on h2 s4)", 
        "(on h3 h5)", 
        "(clear d4)", 
        "(clear h2)", 
        "(clear s5)", 
        "(bottomcol d5)", 
        "(bottomcol h5)", 
        "(bottomcol ha)", 
        "(bottomcol s2)", 
        "(bottomcol s4)", 
        "(bottomcol s5)", 
        "(bottomcol sa)", 
        "(incell d3)", 
        "(incell s3)", 
        "(incell h4)", 
        "(clear d5)", 
        "(clear sa)", 
        "(cellspace n1)", 
        "(clear h3)", 
        "(clear s2)", 
        "(home c5)", 
        "(home d2)", 
        "(colspace n1)"
      ], 
      "delete_list": [
        "(home da)", 
        "(clear d2)", 
        "(bottomcol d2)", 
        "(colspace n0)"
      ]
    }, 
    {
      "action": "(homefromfreecell d3 d n3 d2 n2 n1 n2)", 
      "add_list": [
        "(home d3)", 
        "(cellspace n2)"
      ], 
      "state": 11, 
      "literals": [
        "(value c0 n0)", 
        "(value c2 n2)", 
        "(value c3 n3)", 
        "(value c4 n4)", 
        "(value c5 n5)", 
        "(value ca n1)", 
        "(value d0 n0)", 
        "(value d2 n2)", 
        "(value d3 n3)", 
        "(value d4 n4)", 
        "(value d5 n5)", 
        "(value da n1)", 
        "(value h0 n0)", 
        "(value h2 n2)", 
        "(value h3 n3)", 
        "(value h4 n4)", 
        "(value h5 n5)", 
        "(value ha n1)", 
        "(value s0 n0)", 
        "(value s2 n2)", 
        "(value s3 n3)", 
        "(value s4 n4)", 
        "(value s5 n5)", 
        "(value sa n1)", 
        "(successor n1 n0)", 
        "(successor n10 n9)", 
        "(successor n11 n10)", 
        "(successor n12 n11)", 
        "(successor n13 n12)", 
        "(successor n2 n1)", 
        "(successor n3 n2)", 
        "(successor n4 n3)", 
        "(successor n5 n4)", 
        "(successor n6 n5)", 
        "(successor n7 n6)", 
        "(successor n8 n7)", 
        "(successor n9 n8)", 
        "(suit c0 c)", 
        "(suit c2 c)", 
        "(suit c3 c)", 
        "(suit c4 c)", 
        "(suit c5 c)", 
        "(suit ca c)", 
        "(suit d0 d)", 
        "(suit d2 d)", 
        "(suit d3 d)", 
        "(suit d4 d)", 
        "(suit d5 d)", 
        "(suit da d)", 
        "(suit h0 h)", 
        "(suit h2 h)", 
        "(suit h3 h)", 
        "(suit h4 h)", 
        "(suit h5 h)", 
        "(suit ha h)", 
        "(suit s0 s)", 
        "(suit s2 s)", 
        "(suit s3 s)", 
        "(suit s4 s)", 
        "(suit s5 s)", 
        "(suit sa s)", 
        "(canstack c2 d3)", 
        "(canstack c2 h3)", 
        "(canstack c3 d4)", 
        "(canstack c3 h4)", 
        "(canstack c4 d5)", 
        "(canstack c4 h5)", 
        "(canstack ca d2)", 
        "(canstack ca h2)", 
        "(canstack d2 c3)", 
        "(canstack d2 s3)", 
        "(canstack d3 c4)", 
        "(canstack d3 s4)", 
        "(canstack d4 c5)", 
        "(canstack d4 s5)", 
        "(canstack da c2)", 
        "(canstack da s2)", 
        "(canstack h2 c3)", 
        "(canstack h2 s3)", 
        "(canstack h3 c4)", 
        "(canstack h3 s4)", 
        "(canstack h4 c5)", 
        "(canstack h4 s5)", 
        "(canstack ha c2)", 
        "(canstack ha s2)", 
        "(canstack s2 d3)", 
        "(canstack s2 h3)", 
        "(canstack s3 d4)", 
        "(canstack s3 h4)", 
        "(canstack s4 d5)", 
        "(canstack s4 h5)", 
        "(canstack sa d2)", 
        "(canstack sa h2)", 
        "(home h0)", 
        "(home s0)", 
        "(on d4 ha)", 
        "(on h2 s4)", 
        "(on h3 h5)", 
        "(clear d4)", 
        "(clear h2)", 
        "(clear s5)", 
        "(bottomcol d5)", 
        "(bottomcol h5)", 
        "(bottomcol ha)", 
        "(bottomcol s2)", 
        "(bottomcol s4)", 
        "(bottomcol s5)", 
        "(bottomcol sa)", 
        "(incell s3)", 
        "(incell h4)", 
        "(clear d5)", 
        "(clear sa)", 
        "(clear h3)", 
        "(clear s2)", 
        "(home c5)", 
        "(colspace n1)", 
        "(home d3)", 
        "(cellspace n2)"
      ], 
      "delete_list": [
        "(incell d3)", 
        "(cellspace n1)", 
        "(home d2)"
      ]
    }, 
    {
      "action": "(sendtohome d4 ha d n4 d3 n3)", 
      "add_list": [
        "(home d4)", 
        "(clear ha)"
      ], 
      "state": 12, 
      "literals": [
        "(value c0 n0)", 
        "(value c2 n2)", 
        "(value c3 n3)", 
        "(value c4 n4)", 
        "(value c5 n5)", 
        "(value ca n1)", 
        "(value d0 n0)", 
        "(value d2 n2)", 
        "(value d3 n3)", 
        "(value d4 n4)", 
        "(value d5 n5)", 
        "(value da n1)", 
        "(value h0 n0)", 
        "(value h2 n2)", 
        "(value h3 n3)", 
        "(value h4 n4)", 
        "(value h5 n5)", 
        "(value ha n1)", 
        "(value s0 n0)", 
        "(value s2 n2)", 
        "(value s3 n3)", 
        "(value s4 n4)", 
        "(value s5 n5)", 
        "(value sa n1)", 
        "(successor n1 n0)", 
        "(successor n10 n9)", 
        "(successor n11 n10)", 
        "(successor n12 n11)", 
        "(successor n13 n12)", 
        "(successor n2 n1)", 
        "(successor n3 n2)", 
        "(successor n4 n3)", 
        "(successor n5 n4)", 
        "(successor n6 n5)", 
        "(successor n7 n6)", 
        "(successor n8 n7)", 
        "(successor n9 n8)", 
        "(suit c0 c)", 
        "(suit c2 c)", 
        "(suit c3 c)", 
        "(suit c4 c)", 
        "(suit c5 c)", 
        "(suit ca c)", 
        "(suit d0 d)", 
        "(suit d2 d)", 
        "(suit d3 d)", 
        "(suit d4 d)", 
        "(suit d5 d)", 
        "(suit da d)", 
        "(suit h0 h)", 
        "(suit h2 h)", 
        "(suit h3 h)", 
        "(suit h4 h)", 
        "(suit h5 h)", 
        "(suit ha h)", 
        "(suit s0 s)", 
        "(suit s2 s)", 
        "(suit s3 s)", 
        "(suit s4 s)", 
        "(suit s5 s)", 
        "(suit sa s)", 
        "(canstack c2 d3)", 
        "(canstack c2 h3)", 
        "(canstack c3 d4)", 
        "(canstack c3 h4)", 
        "(canstack c4 d5)", 
        "(canstack c4 h5)", 
        "(canstack ca d2)", 
        "(canstack ca h2)", 
        "(canstack d2 c3)", 
        "(canstack d2 s3)", 
        "(canstack d3 c4)", 
        "(canstack d3 s4)", 
        "(canstack d4 c5)", 
        "(canstack d4 s5)", 
        "(canstack da c2)", 
        "(canstack da s2)", 
        "(canstack h2 c3)", 
        "(canstack h2 s3)", 
        "(canstack h3 c4)", 
        "(canstack h3 s4)", 
        "(canstack h4 c5)", 
        "(canstack h4 s5)", 
        "(canstack ha c2)", 
        "(canstack ha s2)", 
        "(canstack s2 d3)", 
        "(canstack s2 h3)", 
        "(canstack s3 d4)", 
        "(canstack s3 h4)", 
        "(canstack s4 d5)", 
        "(canstack s4 h5)", 
        "(canstack sa d2)", 
        "(canstack sa h2)", 
        "(home h0)", 
        "(home s0)", 
        "(on h2 s4)", 
        "(on h3 h5)", 
        "(clear h2)", 
        "(clear s5)", 
        "(bottomcol d5)", 
        "(bottomcol h5)", 
        "(bottomcol ha)", 
        "(bottomcol s2)", 
        "(bottomcol s4)", 
        "(bottomcol s5)", 
        "(bottomcol sa)", 
        "(incell s3)", 
        "(incell h4)", 
        "(clear d5)", 
        "(clear sa)", 
        "(clear h3)", 
        "(clear s2)", 
        "(home c5)", 
        "(colspace n1)", 
        "(cellspace n2)", 
        "(home d4)", 
        "(clear ha)"
      ], 
      "delete_list": [
        "(on d4 ha)", 
        "(home d3)", 
        "(clear d4)"
      ]
    }, 
    {
      "action": "(sendtohome-b d5 d n5 d4 n4 n1 n2)", 
      "add_list": [
        "(home d5)", 
        "(colspace n2)"
      ], 
      "state": 13, 
      "literals": [
        "(value c0 n0)", 
        "(value c2 n2)", 
        "(value c3 n3)", 
        "(value c4 n4)", 
        "(value c5 n5)", 
        "(value ca n1)", 
        "(value d0 n0)", 
        "(value d2 n2)", 
        "(value d3 n3)", 
        "(value d4 n4)", 
        "(value d5 n5)", 
        "(value da n1)", 
        "(value h0 n0)", 
        "(value h2 n2)", 
        "(value h3 n3)", 
        "(value h4 n4)", 
        "(value h5 n5)", 
        "(value ha n1)", 
        "(value s0 n0)", 
        "(value s2 n2)", 
        "(value s3 n3)", 
        "(value s4 n4)", 
        "(value s5 n5)", 
        "(value sa n1)", 
        "(successor n1 n0)", 
        "(successor n10 n9)", 
        "(successor n11 n10)", 
        "(successor n12 n11)", 
        "(successor n13 n12)", 
        "(successor n2 n1)", 
        "(successor n3 n2)", 
        "(successor n4 n3)", 
        "(successor n5 n4)", 
        "(successor n6 n5)", 
        "(successor n7 n6)", 
        "(successor n8 n7)", 
        "(successor n9 n8)", 
        "(suit c0 c)", 
        "(suit c2 c)", 
        "(suit c3 c)", 
        "(suit c4 c)", 
        "(suit c5 c)", 
        "(suit ca c)", 
        "(suit d0 d)", 
        "(suit d2 d)", 
        "(suit d3 d)", 
        "(suit d4 d)", 
        "(suit d5 d)", 
        "(suit da d)", 
        "(suit h0 h)", 
        "(suit h2 h)", 
        "(suit h3 h)", 
        "(suit h4 h)", 
        "(suit h5 h)", 
        "(suit ha h)", 
        "(suit s0 s)", 
        "(suit s2 s)", 
        "(suit s3 s)", 
        "(suit s4 s)", 
        "(suit s5 s)", 
        "(suit sa s)", 
        "(canstack c2 d3)", 
        "(canstack c2 h3)", 
        "(canstack c3 d4)", 
        "(canstack c3 h4)", 
        "(canstack c4 d5)", 
        "(canstack c4 h5)", 
        "(canstack ca d2)", 
        "(canstack ca h2)", 
        "(canstack d2 c3)", 
        "(canstack d2 s3)", 
        "(canstack d3 c4)", 
        "(canstack d3 s4)", 
        "(canstack d4 c5)", 
        "(canstack d4 s5)", 
        "(canstack da c2)", 
        "(canstack da s2)", 
        "(canstack h2 c3)", 
        "(canstack h2 s3)", 
        "(canstack h3 c4)", 
        "(canstack h3 s4)", 
        "(canstack h4 c5)", 
        "(canstack h4 s5)", 
        "(canstack ha c2)", 
        "(canstack ha s2)", 
        "(canstack s2 d3)", 
        "(canstack s2 h3)", 
        "(canstack s3 d4)", 
        "(canstack s3 h4)", 
        "(canstack s4 d5)", 
        "(canstack s4 h5)", 
        "(canstack sa d2)", 
        "(canstack sa h2)", 
        "(home h0)", 
        "(home s0)", 
        "(on h2 s4)", 
        "(on h3 h5)", 
        "(clear h2)", 
        "(clear s5)", 
        "(bottomcol h5)", 
        "(bottomcol ha)", 
        "(bottomcol s2)", 
        "(bottomcol s4)", 
        "(bottomcol s5)", 
        "(bottomcol sa)", 
        "(incell s3)", 
        "(incell h4)", 
        "(clear sa)", 
        "(clear h3)", 
        "(clear s2)", 
        "(home c5)", 
        "(cellspace n2)", 
        "(clear ha)", 
        "(home d5)", 
        "(colspace n2)"
      ], 
      "delete_list": [
        "(home d4)", 
        "(clear d5)", 
        "(bottomcol d5)", 
        "(colspace n1)"
      ]
    }, 
    {
      "action": "(sendtohome-b ha h n1 h0 n0 n2 n3)", 
      "add_list": [
        "(home ha)", 
        "(colspace n3)"
      ], 
      "state": 14, 
      "literals": [
        "(value c0 n0)", 
        "(value c2 n2)", 
        "(value c3 n3)", 
        "(value c4 n4)", 
        "(value c5 n5)", 
        "(value ca n1)", 
        "(value d0 n0)", 
        "(value d2 n2)", 
        "(value d3 n3)", 
        "(value d4 n4)", 
        "(value d5 n5)", 
        "(value da n1)", 
        "(value h0 n0)", 
        "(value h2 n2)", 
        "(value h3 n3)", 
        "(value h4 n4)", 
        "(value h5 n5)", 
        "(value ha n1)", 
        "(value s0 n0)", 
        "(value s2 n2)", 
        "(value s3 n3)", 
        "(value s4 n4)", 
        "(value s5 n5)", 
        "(value sa n1)", 
        "(successor n1 n0)", 
        "(successor n10 n9)", 
        "(successor n11 n10)", 
        "(successor n12 n11)", 
        "(successor n13 n12)", 
        "(successor n2 n1)", 
        "(successor n3 n2)", 
        "(successor n4 n3)", 
        "(successor n5 n4)", 
        "(successor n6 n5)", 
        "(successor n7 n6)", 
        "(successor n8 n7)", 
        "(successor n9 n8)", 
        "(suit c0 c)", 
        "(suit c2 c)", 
        "(suit c3 c)", 
        "(suit c4 c)", 
        "(suit c5 c)", 
        "(suit ca c)", 
        "(suit d0 d)", 
        "(suit d2 d)", 
        "(suit d3 d)", 
        "(suit d4 d)", 
        "(suit d5 d)", 
        "(suit da d)", 
        "(suit h0 h)", 
        "(suit h2 h)", 
        "(suit h3 h)", 
        "(suit h4 h)", 
        "(suit h5 h)", 
        "(suit ha h)", 
        "(suit s0 s)", 
        "(suit s2 s)", 
        "(suit s3 s)", 
        "(suit s4 s)", 
        "(suit s5 s)", 
        "(suit sa s)", 
        "(canstack c2 d3)", 
        "(canstack c2 h3)", 
        "(canstack c3 d4)", 
        "(canstack c3 h4)", 
        "(canstack c4 d5)", 
        "(canstack c4 h5)", 
        "(canstack ca d2)", 
        "(canstack ca h2)", 
        "(canstack d2 c3)", 
        "(canstack d2 s3)", 
        "(canstack d3 c4)", 
        "(canstack d3 s4)", 
        "(canstack d4 c5)", 
        "(canstack d4 s5)", 
        "(canstack da c2)", 
        "(canstack da s2)", 
        "(canstack h2 c3)", 
        "(canstack h2 s3)", 
        "(canstack h3 c4)", 
        "(canstack h3 s4)", 
        "(canstack h4 c5)", 
        "(canstack h4 s5)", 
        "(canstack ha c2)", 
        "(canstack ha s2)", 
        "(canstack s2 d3)", 
        "(canstack s2 h3)", 
        "(canstack s3 d4)", 
        "(canstack s3 h4)", 
        "(canstack s4 d5)", 
        "(canstack s4 h5)", 
        "(canstack sa d2)", 
        "(canstack sa h2)", 
        "(home s0)", 
        "(on h2 s4)", 
        "(on h3 h5)", 
        "(clear h2)", 
        "(clear s5)", 
        "(bottomcol h5)", 
        "(bottomcol s2)", 
        "(bottomcol s4)", 
        "(bottomcol s5)", 
        "(bottomcol sa)", 
        "(incell s3)", 
        "(incell h4)", 
        "(clear sa)", 
        "(clear h3)", 
        "(clear s2)", 
        "(home c5)", 
        "(cellspace n2)", 
        "(home d5)", 
        "(home ha)", 
        "(colspace n3)"
      ], 
      "delete_list": [
        "(home h0)", 
        "(clear ha)", 
        "(bottomcol ha)", 
        "(colspace n2)"
      ]
    }, 
    {
      "action": "(sendtohome h2 s4 h n2 ha n1)", 
      "add_list": [
        "(home h2)", 
        "(clear s4)"
      ], 
      "state": 15, 
      "literals": [
        "(value c0 n0)", 
        "(value c2 n2)", 
        "(value c3 n3)", 
        "(value c4 n4)", 
        "(value c5 n5)", 
        "(value ca n1)", 
        "(value d0 n0)", 
        "(value d2 n2)", 
        "(value d3 n3)", 
        "(value d4 n4)", 
        "(value d5 n5)", 
        "(value da n1)", 
        "(value h0 n0)", 
        "(value h2 n2)", 
        "(value h3 n3)", 
        "(value h4 n4)", 
        "(value h5 n5)", 
        "(value ha n1)", 
        "(value s0 n0)", 
        "(value s2 n2)", 
        "(value s3 n3)", 
        "(value s4 n4)", 
        "(value s5 n5)", 
        "(value sa n1)", 
        "(successor n1 n0)", 
        "(successor n10 n9)", 
        "(successor n11 n10)", 
        "(successor n12 n11)", 
        "(successor n13 n12)", 
        "(successor n2 n1)", 
        "(successor n3 n2)", 
        "(successor n4 n3)", 
        "(successor n5 n4)", 
        "(successor n6 n5)", 
        "(successor n7 n6)", 
        "(successor n8 n7)", 
        "(successor n9 n8)", 
        "(suit c0 c)", 
        "(suit c2 c)", 
        "(suit c3 c)", 
        "(suit c4 c)", 
        "(suit c5 c)", 
        "(suit ca c)", 
        "(suit d0 d)", 
        "(suit d2 d)", 
        "(suit d3 d)", 
        "(suit d4 d)", 
        "(suit d5 d)", 
        "(suit da d)", 
        "(suit h0 h)", 
        "(suit h2 h)", 
        "(suit h3 h)", 
        "(suit h4 h)", 
        "(suit h5 h)", 
        "(suit ha h)", 
        "(suit s0 s)", 
        "(suit s2 s)", 
        "(suit s3 s)", 
        "(suit s4 s)", 
        "(suit s5 s)", 
        "(suit sa s)", 
        "(canstack c2 d3)", 
        "(canstack c2 h3)", 
        "(canstack c3 d4)", 
        "(canstack c3 h4)", 
        "(canstack c4 d5)", 
        "(canstack c4 h5)", 
        "(canstack ca d2)", 
        "(canstack ca h2)", 
        "(canstack d2 c3)", 
        "(canstack d2 s3)", 
        "(canstack d3 c4)", 
        "(canstack d3 s4)", 
        "(canstack d4 c5)", 
        "(canstack d4 s5)", 
        "(canstack da c2)", 
        "(canstack da s2)", 
        "(canstack h2 c3)", 
        "(canstack h2 s3)", 
        "(canstack h3 c4)", 
        "(canstack h3 s4)", 
        "(canstack h4 c5)", 
        "(canstack h4 s5)", 
        "(canstack ha c2)", 
        "(canstack ha s2)", 
        "(canstack s2 d3)", 
        "(canstack s2 h3)", 
        "(canstack s3 d4)", 
        "(canstack s3 h4)", 
        "(canstack s4 d5)", 
        "(canstack s4 h5)", 
        "(canstack sa d2)", 
        "(canstack sa h2)", 
        "(home s0)", 
        "(on h3 h5)", 
        "(clear s5)", 
        "(bottomcol h5)", 
        "(bottomcol s2)", 
        "(bottomcol s4)", 
        "(bottomcol s5)", 
        "(bottomcol sa)", 
        "(incell s3)", 
        "(incell h4)", 
        "(clear sa)", 
        "(clear h3)", 
        "(clear s2)", 
        "(home c5)", 
        "(cellspace n2)", 
        "(home d5)", 
        "(colspace n3)", 
        "(home h2)", 
        "(clear s4)"
      ], 
      "delete_list": [
        "(on h2 s4)", 
        "(home ha)", 
        "(clear h2)"
      ]
    }, 
    {
      "action": "(sendtohome h3 h5 h n3 h2 n2)", 
      "add_list": [
        "(home h3)", 
        "(clear h5)"
      ], 
      "state": 16, 
      "literals": [
        "(value c0 n0)", 
        "(value c2 n2)", 
        "(value c3 n3)", 
        "(value c4 n4)", 
        "(value c5 n5)", 
        "(value ca n1)", 
        "(value d0 n0)", 
        "(value d2 n2)", 
        "(value d3 n3)", 
        "(value d4 n4)", 
        "(value d5 n5)", 
        "(value da n1)", 
        "(value h0 n0)", 
        "(value h2 n2)", 
        "(value h3 n3)", 
        "(value h4 n4)", 
        "(value h5 n5)", 
        "(value ha n1)", 
        "(value s0 n0)", 
        "(value s2 n2)", 
        "(value s3 n3)", 
        "(value s4 n4)", 
        "(value s5 n5)", 
        "(value sa n1)", 
        "(successor n1 n0)", 
        "(successor n10 n9)", 
        "(successor n11 n10)", 
        "(successor n12 n11)", 
        "(successor n13 n12)", 
        "(successor n2 n1)", 
        "(successor n3 n2)", 
        "(successor n4 n3)", 
        "(successor n5 n4)", 
        "(successor n6 n5)", 
        "(successor n7 n6)", 
        "(successor n8 n7)", 
        "(successor n9 n8)", 
        "(suit c0 c)", 
        "(suit c2 c)", 
        "(suit c3 c)", 
        "(suit c4 c)", 
        "(suit c5 c)", 
        "(suit ca c)", 
        "(suit d0 d)", 
        "(suit d2 d)", 
        "(suit d3 d)", 
        "(suit d4 d)", 
        "(suit d5 d)", 
        "(suit da d)", 
        "(suit h0 h)", 
        "(suit h2 h)", 
        "(suit h3 h)", 
        "(suit h4 h)", 
        "(suit h5 h)", 
        "(suit ha h)", 
        "(suit s0 s)", 
        "(suit s2 s)", 
        "(suit s3 s)", 
        "(suit s4 s)", 
        "(suit s5 s)", 
        "(suit sa s)", 
        "(canstack c2 d3)", 
        "(canstack c2 h3)", 
        "(canstack c3 d4)", 
        "(canstack c3 h4)", 
        "(canstack c4 d5)", 
        "(canstack c4 h5)", 
        "(canstack ca d2)", 
        "(canstack ca h2)", 
        "(canstack d2 c3)", 
        "(canstack d2 s3)", 
        "(canstack d3 c4)", 
        "(canstack d3 s4)", 
        "(canstack d4 c5)", 
        "(canstack d4 s5)", 
        "(canstack da c2)", 
        "(canstack da s2)", 
        "(canstack h2 c3)", 
        "(canstack h2 s3)", 
        "(canstack h3 c4)", 
        "(canstack h3 s4)", 
        "(canstack h4 c5)", 
        "(canstack h4 s5)", 
        "(canstack ha c2)", 
        "(canstack ha s2)", 
        "(canstack s2 d3)", 
        "(canstack s2 h3)", 
        "(canstack s3 d4)", 
        "(canstack s3 h4)", 
        "(canstack s4 d5)", 
        "(canstack s4 h5)", 
        "(canstack sa d2)", 
        "(canstack sa h2)", 
        "(home s0)", 
        "(clear s5)", 
        "(bottomcol h5)", 
        "(bottomcol s2)", 
        "(bottomcol s4)", 
        "(bottomcol s5)", 
        "(bottomcol sa)", 
        "(incell s3)", 
        "(incell h4)", 
        "(clear sa)", 
        "(clear s2)", 
        "(home c5)", 
        "(cellspace n2)", 
        "(home d5)", 
        "(colspace n3)", 
        "(clear s4)", 
        "(home h3)", 
        "(clear h5)"
      ], 
      "delete_list": [
        "(on h3 h5)", 
        "(home h2)", 
        "(clear h3)"
      ]
    }, 
    {
      "action": "(homefromfreecell h4 h n4 h3 n3 n2 n3)", 
      "add_list": [
        "(home h4)", 
        "(cellspace n3)"
      ], 
      "state": 17, 
      "literals": [
        "(value c0 n0)", 
        "(value c2 n2)", 
        "(value c3 n3)", 
        "(value c4 n4)", 
        "(value c5 n5)", 
        "(value ca n1)", 
        "(value d0 n0)", 
        "(value d2 n2)", 
        "(value d3 n3)", 
        "(value d4 n4)", 
        "(value d5 n5)", 
        "(value da n1)", 
        "(value h0 n0)", 
        "(value h2 n2)", 
        "(value h3 n3)", 
        "(value h4 n4)", 
        "(value h5 n5)", 
        "(value ha n1)", 
        "(value s0 n0)", 
        "(value s2 n2)", 
        "(value s3 n3)", 
        "(value s4 n4)", 
        "(value s5 n5)", 
        "(value sa n1)", 
        "(successor n1 n0)", 
        "(successor n10 n9)", 
        "(successor n11 n10)", 
        "(successor n12 n11)", 
        "(successor n13 n12)", 
        "(successor n2 n1)", 
        "(successor n3 n2)", 
        "(successor n4 n3)", 
        "(successor n5 n4)", 
        "(successor n6 n5)", 
        "(successor n7 n6)", 
        "(successor n8 n7)", 
        "(successor n9 n8)", 
        "(suit c0 c)", 
        "(suit c2 c)", 
        "(suit c3 c)", 
        "(suit c4 c)", 
        "(suit c5 c)", 
        "(suit ca c)", 
        "(suit d0 d)", 
        "(suit d2 d)", 
        "(suit d3 d)", 
        "(suit d4 d)", 
        "(suit d5 d)", 
        "(suit da d)", 
        "(suit h0 h)", 
        "(suit h2 h)", 
        "(suit h3 h)", 
        "(suit h4 h)", 
        "(suit h5 h)", 
        "(suit ha h)", 
        "(suit s0 s)", 
        "(suit s2 s)", 
        "(suit s3 s)", 
        "(suit s4 s)", 
        "(suit s5 s)", 
        "(suit sa s)", 
        "(canstack c2 d3)", 
        "(canstack c2 h3)", 
        "(canstack c3 d4)", 
        "(canstack c3 h4)", 
        "(canstack c4 d5)", 
        "(canstack c4 h5)", 
        "(canstack ca d2)", 
        "(canstack ca h2)", 
        "(canstack d2 c3)", 
        "(canstack d2 s3)", 
        "(canstack d3 c4)", 
        "(canstack d3 s4)", 
        "(canstack d4 c5)", 
        "(canstack d4 s5)", 
        "(canstack da c2)", 
        "(canstack da s2)", 
        "(canstack h2 c3)", 
        "(canstack h2 s3)", 
        "(canstack h3 c4)", 
        "(canstack h3 s4)", 
        "(canstack h4 c5)", 
        "(canstack h4 s5)", 
        "(canstack ha c2)", 
        "(canstack ha s2)", 
        "(canstack s2 d3)", 
        "(canstack s2 h3)", 
        "(canstack s3 d4)", 
        "(canstack s3 h4)", 
        "(canstack s4 d5)", 
        "(canstack s4 h5)", 
        "(canstack sa d2)", 
        "(canstack sa h2)", 
        "(home s0)", 
        "(clear s5)", 
        "(bottomcol h5)", 
        "(bottomcol s2)", 
        "(bottomcol s4)", 
        "(bottomcol s5)", 
        "(bottomcol sa)", 
        "(incell s3)", 
        "(clear sa)", 
        "(clear s2)", 
        "(home c5)", 
        "(home d5)", 
        "(colspace n3)", 
        "(clear s4)", 
        "(clear h5)", 
        "(home h4)", 
        "(cellspace n3)"
      ], 
      "delete_list": [
        "(incell h4)", 
        "(cellspace n2)", 
        "(home h3)"
      ]
    }, 
    {
      "action": "(sendtohome-b h5 h n5 h4 n4 n3 n4)", 
      "add_list": [
        "(home h5)", 
        "(colspace n4)"
      ], 
      "state": 18, 
      "literals": [
        "(value c0 n0)", 
        "(value c2 n2)", 
        "(value c3 n3)", 
        "(value c4 n4)", 
        "(value c5 n5)", 
        "(value ca n1)", 
        "(value d0 n0)", 
        "(value d2 n2)", 
        "(value d3 n3)", 
        "(value d4 n4)", 
        "(value d5 n5)", 
        "(value da n1)", 
        "(value h0 n0)", 
        "(value h2 n2)", 
        "(value h3 n3)", 
        "(value h4 n4)", 
        "(value h5 n5)", 
        "(value ha n1)", 
        "(value s0 n0)", 
        "(value s2 n2)", 
        "(value s3 n3)", 
        "(value s4 n4)", 
        "(value s5 n5)", 
        "(value sa n1)", 
        "(successor n1 n0)", 
        "(successor n10 n9)", 
        "(successor n11 n10)", 
        "(successor n12 n11)", 
        "(successor n13 n12)", 
        "(successor n2 n1)", 
        "(successor n3 n2)", 
        "(successor n4 n3)", 
        "(successor n5 n4)", 
        "(successor n6 n5)", 
        "(successor n7 n6)", 
        "(successor n8 n7)", 
        "(successor n9 n8)", 
        "(suit c0 c)", 
        "(suit c2 c)", 
        "(suit c3 c)", 
        "(suit c4 c)", 
        "(suit c5 c)", 
        "(suit ca c)", 
        "(suit d0 d)", 
        "(suit d2 d)", 
        "(suit d3 d)", 
        "(suit d4 d)", 
        "(suit d5 d)", 
        "(suit da d)", 
        "(suit h0 h)", 
        "(suit h2 h)", 
        "(suit h3 h)", 
        "(suit h4 h)", 
        "(suit h5 h)", 
        "(suit ha h)", 
        "(suit s0 s)", 
        "(suit s2 s)", 
        "(suit s3 s)", 
        "(suit s4 s)", 
        "(suit s5 s)", 
        "(suit sa s)", 
        "(canstack c2 d3)", 
        "(canstack c2 h3)", 
        "(canstack c3 d4)", 
        "(canstack c3 h4)", 
        "(canstack c4 d5)", 
        "(canstack c4 h5)", 
        "(canstack ca d2)", 
        "(canstack ca h2)", 
        "(canstack d2 c3)", 
        "(canstack d2 s3)", 
        "(canstack d3 c4)", 
        "(canstack d3 s4)", 
        "(canstack d4 c5)", 
        "(canstack d4 s5)", 
        "(canstack da c2)", 
        "(canstack da s2)", 
        "(canstack h2 c3)", 
        "(canstack h2 s3)", 
        "(canstack h3 c4)", 
        "(canstack h3 s4)", 
        "(canstack h4 c5)", 
        "(canstack h4 s5)", 
        "(canstack ha c2)", 
        "(canstack ha s2)", 
        "(canstack s2 d3)", 
        "(canstack s2 h3)", 
        "(canstack s3 d4)", 
        "(canstack s3 h4)", 
        "(canstack s4 d5)", 
        "(canstack s4 h5)", 
        "(canstack sa d2)", 
        "(canstack sa h2)", 
        "(home s0)", 
        "(clear s5)", 
        "(bottomcol s2)", 
        "(bottomcol s4)", 
        "(bottomcol s5)", 
        "(bottomcol sa)", 
        "(incell s3)", 
        "(clear sa)", 
        "(clear s2)", 
        "(home c5)", 
        "(home d5)", 
        "(clear s4)", 
        "(cellspace n3)", 
        "(home h5)", 
        "(colspace n4)"
      ], 
      "delete_list": [
        "(home h4)", 
        "(clear h5)", 
        "(bottomcol h5)", 
        "(colspace n3)"
      ]
    }, 
    {
      "action": "(sendtohome-b sa s n1 s0 n0 n4 n5)", 
      "add_list": [
        "(home sa)", 
        "(colspace n5)"
      ], 
      "state": 19, 
      "literals": [
        "(value c0 n0)", 
        "(value c2 n2)", 
        "(value c3 n3)", 
        "(value c4 n4)", 
        "(value c5 n5)", 
        "(value ca n1)", 
        "(value d0 n0)", 
        "(value d2 n2)", 
        "(value d3 n3)", 
        "(value d4 n4)", 
        "(value d5 n5)", 
        "(value da n1)", 
        "(value h0 n0)", 
        "(value h2 n2)", 
        "(value h3 n3)", 
        "(value h4 n4)", 
        "(value h5 n5)", 
        "(value ha n1)", 
        "(value s0 n0)", 
        "(value s2 n2)", 
        "(value s3 n3)", 
        "(value s4 n4)", 
        "(value s5 n5)", 
        "(value sa n1)", 
        "(successor n1 n0)", 
        "(successor n10 n9)", 
        "(successor n11 n10)", 
        "(successor n12 n11)", 
        "(successor n13 n12)", 
        "(successor n2 n1)", 
        "(successor n3 n2)", 
        "(successor n4 n3)", 
        "(successor n5 n4)", 
        "(successor n6 n5)", 
        "(successor n7 n6)", 
        "(successor n8 n7)", 
        "(successor n9 n8)", 
        "(suit c0 c)", 
        "(suit c2 c)", 
        "(suit c3 c)", 
        "(suit c4 c)", 
        "(suit c5 c)", 
        "(suit ca c)", 
        "(suit d0 d)", 
        "(suit d2 d)", 
        "(suit d3 d)", 
        "(suit d4 d)", 
        "(suit d5 d)", 
        "(suit da d)", 
        "(suit h0 h)", 
        "(suit h2 h)", 
        "(suit h3 h)", 
        "(suit h4 h)", 
        "(suit h5 h)", 
        "(suit ha h)", 
        "(suit s0 s)", 
        "(suit s2 s)", 
        "(suit s3 s)", 
        "(suit s4 s)", 
        "(suit s5 s)", 
        "(suit sa s)", 
        "(canstack c2 d3)", 
        "(canstack c2 h3)", 
        "(canstack c3 d4)", 
        "(canstack c3 h4)", 
        "(canstack c4 d5)", 
        "(canstack c4 h5)", 
        "(canstack ca d2)", 
        "(canstack ca h2)", 
        "(canstack d2 c3)", 
        "(canstack d2 s3)", 
        "(canstack d3 c4)", 
        "(canstack d3 s4)", 
        "(canstack d4 c5)", 
        "(canstack d4 s5)", 
        "(canstack da c2)", 
        "(canstack da s2)", 
        "(canstack h2 c3)", 
        "(canstack h2 s3)", 
        "(canstack h3 c4)", 
        "(canstack h3 s4)", 
        "(canstack h4 c5)", 
        "(canstack h4 s5)", 
        "(canstack ha c2)", 
        "(canstack ha s2)", 
        "(canstack s2 d3)", 
        "(canstack s2 h3)", 
        "(canstack s3 d4)", 
        "(canstack s3 h4)", 
        "(canstack s4 d5)", 
        "(canstack s4 h5)", 
        "(canstack sa d2)", 
        "(canstack sa h2)", 
        "(clear s5)", 
        "(bottomcol s2)", 
        "(bottomcol s4)", 
        "(bottomcol s5)", 
        "(incell s3)", 
        "(clear s2)", 
        "(home c5)", 
        "(home d5)", 
        "(clear s4)", 
        "(cellspace n3)", 
        "(home h5)", 
        "(home sa)", 
        "(colspace n5)"
      ], 
      "delete_list": [
        "(home s0)", 
        "(clear sa)", 
        "(bottomcol sa)", 
        "(colspace n4)"
      ]
    }, 
    {
      "action": "(sendtohome-b s2 s n2 sa n1 n5 n6)", 
      "add_list": [
        "(home s2)", 
        "(colspace n6)"
      ], 
      "state": 20, 
      "literals": [
        "(value c0 n0)", 
        "(value c2 n2)", 
        "(value c3 n3)", 
        "(value c4 n4)", 
        "(value c5 n5)", 
        "(value ca n1)", 
        "(value d0 n0)", 
        "(value d2 n2)", 
        "(value d3 n3)", 
        "(value d4 n4)", 
        "(value d5 n5)", 
        "(value da n1)", 
        "(value h0 n0)", 
        "(value h2 n2)", 
        "(value h3 n3)", 
        "(value h4 n4)", 
        "(value h5 n5)", 
        "(value ha n1)", 
        "(value s0 n0)", 
        "(value s2 n2)", 
        "(value s3 n3)", 
        "(value s4 n4)", 
        "(value s5 n5)", 
        "(value sa n1)", 
        "(successor n1 n0)", 
        "(successor n10 n9)", 
        "(successor n11 n10)", 
        "(successor n12 n11)", 
        "(successor n13 n12)", 
        "(successor n2 n1)", 
        "(successor n3 n2)", 
        "(successor n4 n3)", 
        "(successor n5 n4)", 
        "(successor n6 n5)", 
        "(successor n7 n6)", 
        "(successor n8 n7)", 
        "(successor n9 n8)", 
        "(suit c0 c)", 
        "(suit c2 c)", 
        "(suit c3 c)", 
        "(suit c4 c)", 
        "(suit c5 c)", 
        "(suit ca c)", 
        "(suit d0 d)", 
        "(suit d2 d)", 
        "(suit d3 d)", 
        "(suit d4 d)", 
        "(suit d5 d)", 
        "(suit da d)", 
        "(suit h0 h)", 
        "(suit h2 h)", 
        "(suit h3 h)", 
        "(suit h4 h)", 
        "(suit h5 h)", 
        "(suit ha h)", 
        "(suit s0 s)", 
        "(suit s2 s)", 
        "(suit s3 s)", 
        "(suit s4 s)", 
        "(suit s5 s)", 
        "(suit sa s)", 
        "(canstack c2 d3)", 
        "(canstack c2 h3)", 
        "(canstack c3 d4)", 
        "(canstack c3 h4)", 
        "(canstack c4 d5)", 
        "(canstack c4 h5)", 
        "(canstack ca d2)", 
        "(canstack ca h2)", 
        "(canstack d2 c3)", 
        "(canstack d2 s3)", 
        "(canstack d3 c4)", 
        "(canstack d3 s4)", 
        "(canstack d4 c5)", 
        "(canstack d4 s5)", 
        "(canstack da c2)", 
        "(canstack da s2)", 
        "(canstack h2 c3)", 
        "(canstack h2 s3)", 
        "(canstack h3 c4)", 
        "(canstack h3 s4)", 
        "(canstack h4 c5)", 
        "(canstack h4 s5)", 
        "(canstack ha c2)", 
        "(canstack ha s2)", 
        "(canstack s2 d3)", 
        "(canstack s2 h3)", 
        "(canstack s3 d4)", 
        "(canstack s3 h4)", 
        "(canstack s4 d5)", 
        "(canstack s4 h5)", 
        "(canstack sa d2)", 
        "(canstack sa h2)", 
        "(clear s5)", 
        "(bottomcol s4)", 
        "(bottomcol s5)", 
        "(incell s3)", 
        "(home c5)", 
        "(home d5)", 
        "(clear s4)", 
        "(cellspace n3)", 
        "(home h5)", 
        "(home s2)", 
        "(colspace n6)"
      ], 
      "delete_list": [
        "(home sa)", 
        "(clear s2)", 
        "(bottomcol s2)", 
        "(colspace n5)"
      ]
    }, 
    {
      "action": "(homefromfreecell s3 s n3 s2 n2 n3 n4)", 
      "add_list": [
        "(home s3)", 
        "(cellspace n4)"
      ], 
      "state": 21, 
      "literals": [
        "(value c0 n0)", 
        "(value c2 n2)", 
        "(value c3 n3)", 
        "(value c4 n4)", 
        "(value c5 n5)", 
        "(value ca n1)", 
        "(value d0 n0)", 
        "(value d2 n2)", 
        "(value d3 n3)", 
        "(value d4 n4)", 
        "(value d5 n5)", 
        "(value da n1)", 
        "(value h0 n0)", 
        "(value h2 n2)", 
        "(value h3 n3)", 
        "(value h4 n4)", 
        "(value h5 n5)", 
        "(value ha n1)", 
        "(value s0 n0)", 
        "(value s2 n2)", 
        "(value s3 n3)", 
        "(value s4 n4)", 
        "(value s5 n5)", 
        "(value sa n1)", 
        "(successor n1 n0)", 
        "(successor n10 n9)", 
        "(successor n11 n10)", 
        "(successor n12 n11)", 
        "(successor n13 n12)", 
        "(successor n2 n1)", 
        "(successor n3 n2)", 
        "(successor n4 n3)", 
        "(successor n5 n4)", 
        "(successor n6 n5)", 
        "(successor n7 n6)", 
        "(successor n8 n7)", 
        "(successor n9 n8)", 
        "(suit c0 c)", 
        "(suit c2 c)", 
        "(suit c3 c)", 
        "(suit c4 c)", 
        "(suit c5 c)", 
        "(suit ca c)", 
        "(suit d0 d)", 
        "(suit d2 d)", 
        "(suit d3 d)", 
        "(suit d4 d)", 
        "(suit d5 d)", 
        "(suit da d)", 
        "(suit h0 h)", 
        "(suit h2 h)", 
        "(suit h3 h)", 
        "(suit h4 h)", 
        "(suit h5 h)", 
        "(suit ha h)", 
        "(suit s0 s)", 
        "(suit s2 s)", 
        "(suit s3 s)", 
        "(suit s4 s)", 
        "(suit s5 s)", 
        "(suit sa s)", 
        "(canstack c2 d3)", 
        "(canstack c2 h3)", 
        "(canstack c3 d4)", 
        "(canstack c3 h4)", 
        "(canstack c4 d5)", 
        "(canstack c4 h5)", 
        "(canstack ca d2)", 
        "(canstack ca h2)", 
        "(canstack d2 c3)", 
        "(canstack d2 s3)", 
        "(canstack d3 c4)", 
        "(canstack d3 s4)", 
        "(canstack d4 c5)", 
        "(canstack d4 s5)", 
        "(canstack da c2)", 
        "(canstack da s2)", 
        "(canstack h2 c3)", 
        "(canstack h2 s3)", 
        "(canstack h3 c4)", 
        "(canstack h3 s4)", 
        "(canstack h4 c5)", 
        "(canstack h4 s5)", 
        "(canstack ha c2)", 
        "(canstack ha s2)", 
        "(canstack s2 d3)", 
        "(canstack s2 h3)", 
        "(canstack s3 d4)", 
        "(canstack s3 h4)", 
        "(canstack s4 d5)", 
        "(canstack s4 h5)", 
        "(canstack sa d2)", 
        "(canstack sa h2)", 
        "(clear s5)", 
        "(bottomcol s4)", 
        "(bottomcol s5)", 
        "(home c5)", 
        "(home d5)", 
        "(clear s4)", 
        "(home h5)", 
        "(colspace n6)", 
        "(home s3)", 
        "(cellspace n4)"
      ], 
      "delete_list": [
        "(incell s3)", 
        "(cellspace n3)", 
        "(home s2)"
      ]
    }, 
    {
      "action": "(sendtohome-b s4 s n4 s3 n3 n6 n7)", 
      "add_list": [
        "(home s4)", 
        "(colspace n7)"
      ], 
      "state": 22, 
      "literals": [
        "(value c0 n0)", 
        "(value c2 n2)", 
        "(value c3 n3)", 
        "(value c4 n4)", 
        "(value c5 n5)", 
        "(value ca n1)", 
        "(value d0 n0)", 
        "(value d2 n2)", 
        "(value d3 n3)", 
        "(value d4 n4)", 
        "(value d5 n5)", 
        "(value da n1)", 
        "(value h0 n0)", 
        "(value h2 n2)", 
        "(value h3 n3)", 
        "(value h4 n4)", 
        "(value h5 n5)", 
        "(value ha n1)", 
        "(value s0 n0)", 
        "(value s2 n2)", 
        "(value s3 n3)", 
        "(value s4 n4)", 
        "(value s5 n5)", 
        "(value sa n1)", 
        "(successor n1 n0)", 
        "(successor n10 n9)", 
        "(successor n11 n10)", 
        "(successor n12 n11)", 
        "(successor n13 n12)", 
        "(successor n2 n1)", 
        "(successor n3 n2)", 
        "(successor n4 n3)", 
        "(successor n5 n4)", 
        "(successor n6 n5)", 
        "(successor n7 n6)", 
        "(successor n8 n7)", 
        "(successor n9 n8)", 
        "(suit c0 c)", 
        "(suit c2 c)", 
        "(suit c3 c)", 
        "(suit c4 c)", 
        "(suit c5 c)", 
        "(suit ca c)", 
        "(suit d0 d)", 
        "(suit d2 d)", 
        "(suit d3 d)", 
        "(suit d4 d)", 
        "(suit d5 d)", 
        "(suit da d)", 
        "(suit h0 h)", 
        "(suit h2 h)", 
        "(suit h3 h)", 
        "(suit h4 h)", 
        "(suit h5 h)", 
        "(suit ha h)", 
        "(suit s0 s)", 
        "(suit s2 s)", 
        "(suit s3 s)", 
        "(suit s4 s)", 
        "(suit s5 s)", 
        "(suit sa s)", 
        "(canstack c2 d3)", 
        "(canstack c2 h3)", 
        "(canstack c3 d4)", 
        "(canstack c3 h4)", 
        "(canstack c4 d5)", 
        "(canstack c4 h5)", 
        "(canstack ca d2)", 
        "(canstack ca h2)", 
        "(canstack d2 c3)", 
        "(canstack d2 s3)", 
        "(canstack d3 c4)", 
        "(canstack d3 s4)", 
        "(canstack d4 c5)", 
        "(canstack d4 s5)", 
        "(canstack da c2)", 
        "(canstack da s2)", 
        "(canstack h2 c3)", 
        "(canstack h2 s3)", 
        "(canstack h3 c4)", 
        "(canstack h3 s4)", 
        "(canstack h4 c5)", 
        "(canstack h4 s5)", 
        "(canstack ha c2)", 
        "(canstack ha s2)", 
        "(canstack s2 d3)", 
        "(canstack s2 h3)", 
        "(canstack s3 d4)", 
        "(canstack s3 h4)", 
        "(canstack s4 d5)", 
        "(canstack s4 h5)", 
        "(canstack sa d2)", 
        "(canstack sa h2)", 
        "(clear s5)", 
        "(bottomcol s5)", 
        "(home c5)", 
        "(home d5)", 
        "(home h5)", 
        "(cellspace n4)", 
        "(home s4)", 
        "(colspace n7)"
      ], 
      "delete_list": [
        "(home s3)", 
        "(clear s4)", 
        "(bottomcol s4)", 
        "(colspace n6)"
      ]
    }, 
    {
      "action": "(sendtohome-b s5 s n5 s4 n4 n7 n8)", 
      "add_list": [
        "(home s5)", 
        "(colspace n8)"
      ], 
      "state": 23, 
      "literals": [
        "(value c0 n0)", 
        "(value c2 n2)", 
        "(value c3 n3)", 
        "(value c4 n4)", 
        "(value c5 n5)", 
        "(value ca n1)", 
        "(value d0 n0)", 
        "(value d2 n2)", 
        "(value d3 n3)", 
        "(value d4 n4)", 
        "(value d5 n5)", 
        "(value da n1)", 
        "(value h0 n0)", 
        "(value h2 n2)", 
        "(value h3 n3)", 
        "(value h4 n4)", 
        "(value h5 n5)", 
        "(value ha n1)", 
        "(value s0 n0)", 
        "(value s2 n2)", 
        "(value s3 n3)", 
        "(value s4 n4)", 
        "(value s5 n5)", 
        "(value sa n1)", 
        "(successor n1 n0)", 
        "(successor n10 n9)", 
        "(successor n11 n10)", 
        "(successor n12 n11)", 
        "(successor n13 n12)", 
        "(successor n2 n1)", 
        "(successor n3 n2)", 
        "(successor n4 n3)", 
        "(successor n5 n4)", 
        "(successor n6 n5)", 
        "(successor n7 n6)", 
        "(successor n8 n7)", 
        "(successor n9 n8)", 
        "(suit c0 c)", 
        "(suit c2 c)", 
        "(suit c3 c)", 
        "(suit c4 c)", 
        "(suit c5 c)", 
        "(suit ca c)", 
        "(suit d0 d)", 
        "(suit d2 d)", 
        "(suit d3 d)", 
        "(suit d4 d)", 
        "(suit d5 d)", 
        "(suit da d)", 
        "(suit h0 h)", 
        "(suit h2 h)", 
        "(suit h3 h)", 
        "(suit h4 h)", 
        "(suit h5 h)", 
        "(suit ha h)", 
        "(suit s0 s)", 
        "(suit s2 s)", 
        "(suit s3 s)", 
        "(suit s4 s)", 
        "(suit s5 s)", 
        "(suit sa s)", 
        "(canstack c2 d3)", 
        "(canstack c2 h3)", 
        "(canstack c3 d4)", 
        "(canstack c3 h4)", 
        "(canstack c4 d5)", 
        "(canstack c4 h5)", 
        "(canstack ca d2)", 
        "(canstack ca h2)", 
        "(canstack d2 c3)", 
        "(canstack d2 s3)", 
        "(canstack d3 c4)", 
        "(canstack d3 s4)", 
        "(canstack d4 c5)", 
        "(canstack d4 s5)", 
        "(canstack da c2)", 
        "(canstack da s2)", 
        "(canstack h2 c3)", 
        "(canstack h2 s3)", 
        "(canstack h3 c4)", 
        "(canstack h3 s4)", 
        "(canstack h4 c5)", 
        "(canstack h4 s5)", 
        "(canstack ha c2)", 
        "(canstack ha s2)", 
        "(canstack s2 d3)", 
        "(canstack s2 h3)", 
        "(canstack s3 d4)", 
        "(canstack s3 h4)", 
        "(canstack s4 d5)", 
        "(canstack s4 h5)", 
        "(canstack sa d2)", 
        "(canstack sa h2)", 
        "(home c5)", 
        "(home d5)", 
        "(home h5)", 
        "(cellspace n4)", 
        "(home s5)", 
        "(colspace n8)"
      ], 
      "delete_list": [
        "(home s4)", 
        "(clear s5)", 
        "(bottomcol s5)", 
        "(colspace n7)"
      ]
    }
  ], 
  "domain_id": 29
}