{
  "domain": "freecell", 
  "inital_state": [
    "(value c0 n0)", 
    "(value c2 n2)", 
    "(value c3 n3)", 
    "(value c4 n4)", 
    "(value ca n1)", 
    "(value d0 n0)", 
    "(value d2 n2)", 
    "(value d3 n3)", 
    "(value d4 n4)", 
    "(value da n1)", 
    "(value h0 n0)", 
    "(value h2 n2)", 
    "(value h3 n3)", 
    "(value h4 n4)", 
    "(value ha n1)", 
    "(value s0 n0)", 
    "(value s2 n2)", 
    "(value s3 n3)", 
    "(value s4 n4)", 
    "(value sa n1)", 
    "(successor n1 n0)", 
    "(successor n10 n9)", 
    "(successor n11 n10)", 
    "(successor n12 n11)", 
    "(successor n13 n12)", 
    "(successor n2 n1)", 
    "(successor n3 n2)", 
    "(successor n4 n3)", 
    "(successor n5 n4)", 
    "(successor n6 n5)", 
    "(successor n7 n6)", 
    "(successor n8 n7)", 
    "(successor n9 n8)", 
    "(suit c0 c)", 
    "(suit c2 c)", 
    "(suit c3 c)", 
    "(suit c4 c)", 
    "(suit ca c)", 
    "(suit d0 d)", 
    "(suit d2 d)", 
    "(suit d3 d)", 
    "(suit d4 d)", 
    "(suit da d)", 
    "(suit h0 h)", 
    "(suit h2 h)", 
    "(suit h3 h)", 
    "(suit h4 h)", 
    "(suit ha h)", 
    "(suit s0 s)", 
    "(suit s2 s)", 
    "(suit s3 s)", 
    "(suit s4 s)", 
    "(suit sa s)", 
    "(canstack c2 d3)", 
    "(canstack c2 h3)", 
    "(canstack c3 d4)", 
    "(canstack c3 h4)", 
    "(canstack ca d2)", 
    "(canstack ca h2)", 
    "(canstack d2 c3)", 
    "(canstack d2 s3)", 
    "(canstack d3 c4)", 
    "(canstack d3 s4)", 
    "(canstack da c2)", 
    "(canstack da s2)", 
    "(canstack h2 c3)", 
    "(canstack h2 s3)", 
    "(canstack h3 c4)", 
    "(canstack h3 s4)", 
    "(canstack ha c2)", 
    "(canstack ha s2)", 
    "(canstack s2 d3)", 
    "(canstack s2 h3)", 
    "(canstack s3 d4)", 
    "(canstack s3 h4)", 
    "(canstack sa d2)", 
    "(canstack sa h2)", 
    "(home c0)", 
    "(home d0)", 
    "(home h0)", 
    "(home s0)", 
    "(cellspace n4)", 
    "(colspace n0)", 
    "(on c3 s2)", 
    "(on ca s4)", 
    "(on d4 c4)", 
    "(on da sa)", 
    "(on h2 s3)", 
    "(on h4 c3)", 
    "(on s3 ha)", 
    "(on s4 d3)", 
    "(clear c2)", 
    "(clear ca)", 
    "(clear d2)", 
    "(clear d4)", 
    "(clear da)", 
    "(clear h2)", 
    "(clear h3)", 
    "(clear h4)", 
    "(bottomcol c2)", 
    "(bottomcol c4)", 
    "(bottomcol d2)", 
    "(bottomcol d3)", 
    "(bottomcol h3)", 
    "(bottomcol ha)", 
    "(bottomcol s2)", 
    "(bottomcol sa)"
  ], 
  "negative_goals": [], 
  "problem_id": 859, 
  "positive_goals": [
    "(home c4)", 
    "(home d4)", 
    "(home h4)", 
    "(home s4)"
  ], 
  "plan_length": 18, 
  "plan_literals": [
    {
      "action": "(sendtohome ca s4 c n1 c0 n0)", 
      "add_list": [
        "(home ca)", 
        "(clear s4)"
      ], 
      "state": 0, 
      "literals": [
        "(value c0 n0)", 
        "(value c2 n2)", 
        "(value c3 n3)", 
        "(value c4 n4)", 
        "(value ca n1)", 
        "(value d0 n0)", 
        "(value d2 n2)", 
        "(value d3 n3)", 
        "(value d4 n4)", 
        "(value da n1)", 
        "(value h0 n0)", 
        "(value h2 n2)", 
        "(value h3 n3)", 
        "(value h4 n4)", 
        "(value ha n1)", 
        "(value s0 n0)", 
        "(value s2 n2)", 
        "(value s3 n3)", 
        "(value s4 n4)", 
        "(value sa n1)", 
        "(successor n1 n0)", 
        "(successor n10 n9)", 
        "(successor n11 n10)", 
        "(successor n12 n11)", 
        "(successor n13 n12)", 
        "(successor n2 n1)", 
        "(successor n3 n2)", 
        "(successor n4 n3)", 
        "(successor n5 n4)", 
        "(successor n6 n5)", 
        "(successor n7 n6)", 
        "(successor n8 n7)", 
        "(successor n9 n8)", 
        "(suit c0 c)", 
        "(suit c2 c)", 
        "(suit c3 c)", 
        "(suit c4 c)", 
        "(suit ca c)", 
        "(suit d0 d)", 
        "(suit d2 d)", 
        "(suit d3 d)", 
        "(suit d4 d)", 
        "(suit da d)", 
        "(suit h0 h)", 
        "(suit h2 h)", 
        "(suit h3 h)", 
        "(suit h4 h)", 
        "(suit ha h)", 
        "(suit s0 s)", 
        "(suit s2 s)", 
        "(suit s3 s)", 
        "(suit s4 s)", 
        "(suit sa s)", 
        "(canstack c2 d3)", 
        "(canstack c2 h3)", 
        "(canstack c3 d4)", 
        "(canstack c3 h4)", 
        "(canstack ca d2)", 
        "(canstack ca h2)", 
        "(canstack d2 c3)", 
        "(canstack d2 s3)", 
        "(canstack d3 c4)", 
        "(canstack d3 s4)", 
        "(canstack da c2)", 
        "(canstack da s2)", 
        "(canstack h2 c3)", 
        "(canstack h2 s3)", 
        "(canstack h3 c4)", 
        "(canstack h3 s4)", 
        "(canstack ha c2)", 
        "(canstack ha s2)", 
        "(canstack s2 d3)", 
        "(canstack s2 h3)", 
        "(canstack s3 d4)", 
        "(canstack s3 h4)", 
        "(canstack sa d2)", 
        "(canstack sa h2)", 
        "(home d0)", 
        "(home h0)", 
        "(home s0)", 
        "(cellspace n4)", 
        "(colspace n0)", 
        "(on c3 s2)", 
        "(on d4 c4)", 
        "(on da sa)", 
        "(on h2 s3)", 
        "(on h4 c3)", 
        "(on s3 ha)", 
        "(on s4 d3)", 
        "(clear c2)", 
        "(clear d2)", 
        "(clear d4)", 
        "(clear da)", 
        "(clear h2)", 
        "(clear h3)", 
        "(clear h4)", 
        "(bottomcol c2)", 
        "(bottomcol c4)", 
        "(bottomcol d2)", 
        "(bottomcol d3)", 
        "(bottomcol h3)", 
        "(bottomcol ha)", 
        "(bottomcol s2)", 
        "(bottomcol sa)", 
        "(home ca)", 
        "(clear s4)"
      ], 
      "delete_list": [
        "(on ca s4)", 
        "(home c0)", 
        "(clear ca)"
      ]
    }, 
    {
      "action": "(sendtohome-b c2 c n2 ca n1 n0 n1)", 
      "add_list": [
        "(home c2)", 
        "(colspace n1)"
      ], 
      "state": 1, 
      "literals": [
        "(value c0 n0)", 
        "(value c2 n2)", 
        "(value c3 n3)", 
        "(value c4 n4)", 
        "(value ca n1)", 
        "(value d0 n0)", 
        "(value d2 n2)", 
        "(value d3 n3)", 
        "(value d4 n4)", 
        "(value da n1)", 
        "(value h0 n0)", 
        "(value h2 n2)", 
        "(value h3 n3)", 
        "(value h4 n4)", 
        "(value ha n1)", 
        "(value s0 n0)", 
        "(value s2 n2)", 
        "(value s3 n3)", 
        "(value s4 n4)", 
        "(value sa n1)", 
        "(successor n1 n0)", 
        "(successor n10 n9)", 
        "(successor n11 n10)", 
        "(successor n12 n11)", 
        "(successor n13 n12)", 
        "(successor n2 n1)", 
        "(successor n3 n2)", 
        "(successor n4 n3)", 
        "(successor n5 n4)", 
        "(successor n6 n5)", 
        "(successor n7 n6)", 
        "(successor n8 n7)", 
        "(successor n9 n8)", 
        "(suit c0 c)", 
        "(suit c2 c)", 
        "(suit c3 c)", 
        "(suit c4 c)", 
        "(suit ca c)", 
        "(suit d0 d)", 
        "(suit d2 d)", 
        "(suit d3 d)", 
        "(suit d4 d)", 
        "(suit da d)", 
        "(suit h0 h)", 
        "(suit h2 h)", 
        "(suit h3 h)", 
        "(suit h4 h)", 
        "(suit ha h)", 
        "(suit s0 s)", 
        "(suit s2 s)", 
        "(suit s3 s)", 
        "(suit s4 s)", 
        "(suit sa s)", 
        "(canstack c2 d3)", 
        "(canstack c2 h3)", 
        "(canstack c3 d4)", 
        "(canstack c3 h4)", 
        "(canstack ca d2)", 
        "(canstack ca h2)", 
        "(canstack d2 c3)", 
        "(canstack d2 s3)", 
        "(canstack d3 c4)", 
        "(canstack d3 s4)", 
        "(canstack da c2)", 
        "(canstack da s2)", 
        "(canstack h2 c3)", 
        "(canstack h2 s3)", 
        "(canstack h3 c4)", 
        "(canstack h3 s4)", 
        "(canstack ha c2)", 
        "(canstack ha s2)", 
        "(canstack s2 d3)", 
        "(canstack s2 h3)", 
        "(canstack s3 d4)", 
        "(canstack s3 h4)", 
        "(canstack sa d2)", 
        "(canstack sa h2)", 
        "(home d0)", 
        "(home h0)", 
        "(home s0)", 
        "(cellspace n4)", 
        "(on c3 s2)", 
        "(on d4 c4)", 
        "(on da sa)", 
        "(on h2 s3)", 
        "(on h4 c3)", 
        "(on s3 ha)", 
        "(on s4 d3)", 
        "(clear d2)", 
        "(clear d4)", 
        "(clear da)", 
        "(clear h2)", 
        "(clear h3)", 
        "(clear h4)", 
        "(bottomcol c4)", 
        "(bottomcol d2)", 
        "(bottomcol d3)", 
        "(bottomcol h3)", 
        "(bottomcol ha)", 
        "(bottomcol s2)", 
        "(bottomcol sa)", 
        "(clear s4)", 
        "(home c2)", 
        "(colspace n1)"
      ], 
      "delete_list": [
        "(home ca)", 
        "(clear c2)", 
        "(bottomcol c2)", 
        "(colspace n0)"
      ]
    }, 
    {
      "action": "(sendtohome da sa d n1 d0 n0)", 
      "add_list": [
        "(home da)", 
        "(clear sa)"
      ], 
      "state": 2, 
      "literals": [
        "(value c0 n0)", 
        "(value c2 n2)", 
        "(value c3 n3)", 
        "(value c4 n4)", 
        "(value ca n1)", 
        "(value d0 n0)", 
        "(value d2 n2)", 
        "(value d3 n3)", 
        "(value d4 n4)", 
        "(value da n1)", 
        "(value h0 n0)", 
        "(value h2 n2)", 
        "(value h3 n3)", 
        "(value h4 n4)", 
        "(value ha n1)", 
        "(value s0 n0)", 
        "(value s2 n2)", 
        "(value s3 n3)", 
        "(value s4 n4)", 
        "(value sa n1)", 
        "(successor n1 n0)", 
        "(successor n10 n9)", 
        "(successor n11 n10)", 
        "(successor n12 n11)", 
        "(successor n13 n12)", 
        "(successor n2 n1)", 
        "(successor n3 n2)", 
        "(successor n4 n3)", 
        "(successor n5 n4)", 
        "(successor n6 n5)", 
        "(successor n7 n6)", 
        "(successor n8 n7)", 
        "(successor n9 n8)", 
        "(suit c0 c)", 
        "(suit c2 c)", 
        "(suit c3 c)", 
        "(suit c4 c)", 
        "(suit ca c)", 
        "(suit d0 d)", 
        "(suit d2 d)", 
        "(suit d3 d)", 
        "(suit d4 d)", 
        "(suit da d)", 
        "(suit h0 h)", 
        "(suit h2 h)", 
        "(suit h3 h)", 
        "(suit h4 h)", 
        "(suit ha h)", 
        "(suit s0 s)", 
        "(suit s2 s)", 
        "(suit s3 s)", 
        "(suit s4 s)", 
        "(suit sa s)", 
        "(canstack c2 d3)", 
        "(canstack c2 h3)", 
        "(canstack c3 d4)", 
        "(canstack c3 h4)", 
        "(canstack ca d2)", 
        "(canstack ca h2)", 
        "(canstack d2 c3)", 
        "(canstack d2 s3)", 
        "(canstack d3 c4)", 
        "(canstack d3 s4)", 
        "(canstack da c2)", 
        "(canstack da s2)", 
        "(canstack h2 c3)", 
        "(canstack h2 s3)", 
        "(canstack h3 c4)", 
        "(canstack h3 s4)", 
        "(canstack ha c2)", 
        "(canstack ha s2)", 
        "(canstack s2 d3)", 
        "(canstack s2 h3)", 
        "(canstack s3 d4)", 
        "(canstack s3 h4)", 
        "(canstack sa d2)", 
        "(canstack sa h2)", 
        "(home h0)", 
        "(home s0)", 
        "(cellspace n4)", 
        "(on c3 s2)", 
        "(on d4 c4)", 
        "(on h2 s3)", 
        "(on h4 c3)", 
        "(on s3 ha)", 
        "(on s4 d3)", 
        "(clear d2)", 
        "(clear d4)", 
        "(clear h2)", 
        "(clear h3)", 
        "(clear h4)", 
        "(bottomcol c4)", 
        "(bottomcol d2)", 
        "(bottomcol d3)", 
        "(bottomcol h3)", 
        "(bottomcol ha)", 
        "(bottomcol s2)", 
        "(bottomcol sa)", 
        "(clear s4)", 
        "(home c2)", 
        "(colspace n1)", 
        "(home da)", 
        "(clear sa)"
      ], 
      "delete_list": [
        "(on da sa)", 
        "(home d0)", 
        "(clear da)"
      ]
    }, 
    {
      "action": "(sendtohome-b d2 d n2 da n1 n1 n2)", 
      "add_list": [
        "(home d2)", 
        "(colspace n2)"
      ], 
      "state": 3, 
      "literals": [
        "(value c0 n0)", 
        "(value c2 n2)", 
        "(value c3 n3)", 
        "(value c4 n4)", 
        "(value ca n1)", 
        "(value d0 n0)", 
        "(value d2 n2)", 
        "(value d3 n3)", 
        "(value d4 n4)", 
        "(value da n1)", 
        "(value h0 n0)", 
        "(value h2 n2)", 
        "(value h3 n3)", 
        "(value h4 n4)", 
        "(value ha n1)", 
        "(value s0 n0)", 
        "(value s2 n2)", 
        "(value s3 n3)", 
        "(value s4 n4)", 
        "(value sa n1)", 
        "(successor n1 n0)", 
        "(successor n10 n9)", 
        "(successor n11 n10)", 
        "(successor n12 n11)", 
        "(successor n13 n12)", 
        "(successor n2 n1)", 
        "(successor n3 n2)", 
        "(successor n4 n3)", 
        "(successor n5 n4)", 
        "(successor n6 n5)", 
        "(successor n7 n6)", 
        "(successor n8 n7)", 
        "(successor n9 n8)", 
        "(suit c0 c)", 
        "(suit c2 c)", 
        "(suit c3 c)", 
        "(suit c4 c)", 
        "(suit ca c)", 
        "(suit d0 d)", 
        "(suit d2 d)", 
        "(suit d3 d)", 
        "(suit d4 d)", 
        "(suit da d)", 
        "(suit h0 h)", 
        "(suit h2 h)", 
        "(suit h3 h)", 
        "(suit h4 h)", 
        "(suit ha h)", 
        "(suit s0 s)", 
        "(suit s2 s)", 
        "(suit s3 s)", 
        "(suit s4 s)", 
        "(suit sa s)", 
        "(canstack c2 d3)", 
        "(canstack c2 h3)", 
        "(canstack c3 d4)", 
        "(canstack c3 h4)", 
        "(canstack ca d2)", 
        "(canstack ca h2)", 
        "(canstack d2 c3)", 
        "(canstack d2 s3)", 
        "(canstack d3 c4)", 
        "(canstack d3 s4)", 
        "(canstack da c2)", 
        "(canstack da s2)", 
        "(canstack h2 c3)", 
        "(canstack h2 s3)", 
        "(canstack h3 c4)", 
        "(canstack h3 s4)", 
        "(canstack ha c2)", 
        "(canstack ha s2)", 
        "(canstack s2 d3)", 
        "(canstack s2 h3)", 
        "(canstack s3 d4)", 
        "(canstack s3 h4)", 
        "(canstack sa d2)", 
        "(canstack sa h2)", 
        "(home h0)", 
        "(home s0)", 
        "(cellspace n4)", 
        "(on c3 s2)", 
        "(on d4 c4)", 
        "(on h2 s3)", 
        "(on h4 c3)", 
        "(on s3 ha)", 
        "(on s4 d3)", 
        "(clear d4)", 
        "(clear h2)", 
        "(clear h3)", 
        "(clear h4)", 
        "(bottomcol c4)", 
        "(bottomcol d3)", 
        "(bottomcol h3)", 
        "(bottomcol ha)", 
        "(bottomcol s2)", 
        "(bottomcol sa)", 
        "(clear s4)", 
        "(home c2)", 
        "(clear sa)", 
        "(home d2)", 
        "(colspace n2)"
      ], 
      "delete_list": [
        "(home da)", 
        "(clear d2)", 
        "(bottomcol d2)", 
        "(colspace n1)"
      ]
    }, 
    {
      "action": "(sendtohome-b sa s n1 s0 n0 n2 n3)", 
      "add_list": [
        "(home sa)", 
        "(colspace n3)"
      ], 
      "state": 4, 
      "literals": [
        "(value c0 n0)", 
        "(value c2 n2)", 
        "(value c3 n3)", 
        "(value c4 n4)", 
        "(value ca n1)", 
        "(value d0 n0)", 
        "(value d2 n2)", 
        "(value d3 n3)", 
        "(value d4 n4)", 
        "(value da n1)", 
        "(value h0 n0)", 
        "(value h2 n2)", 
        "(value h3 n3)", 
        "(value h4 n4)", 
        "(value ha n1)", 
        "(value s0 n0)", 
        "(value s2 n2)", 
        "(value s3 n3)", 
        "(value s4 n4)", 
        "(value sa n1)", 
        "(successor n1 n0)", 
        "(successor n10 n9)", 
        "(successor n11 n10)", 
        "(successor n12 n11)", 
        "(successor n13 n12)", 
        "(successor n2 n1)", 
        "(successor n3 n2)", 
        "(successor n4 n3)", 
        "(successor n5 n4)", 
        "(successor n6 n5)", 
        "(successor n7 n6)", 
        "(successor n8 n7)", 
        "(successor n9 n8)", 
        "(suit c0 c)", 
        "(suit c2 c)", 
        "(suit c3 c)", 
        "(suit c4 c)", 
        "(suit ca c)", 
        "(suit d0 d)", 
        "(suit d2 d)", 
        "(suit d3 d)", 
        "(suit d4 d)", 
        "(suit da d)", 
        "(suit h0 h)", 
        "(suit h2 h)", 
        "(suit h3 h)", 
        "(suit h4 h)", 
        "(suit ha h)", 
        "(suit s0 s)", 
        "(suit s2 s)", 
        "(suit s3 s)", 
        "(suit s4 s)", 
        "(suit sa s)", 
        "(canstack c2 d3)", 
        "(canstack c2 h3)", 
        "(canstack c3 d4)", 
        "(canstack c3 h4)", 
        "(canstack ca d2)", 
        "(canstack ca h2)", 
        "(canstack d2 c3)", 
        "(canstack d2 s3)", 
        "(canstack d3 c4)", 
        "(canstack d3 s4)", 
        "(canstack da c2)", 
        "(canstack da s2)", 
        "(canstack h2 c3)", 
        "(canstack h2 s3)", 
        "(canstack h3 c4)", 
        "(canstack h3 s4)", 
        "(canstack ha c2)", 
        "(canstack ha s2)", 
        "(canstack s2 d3)", 
        "(canstack s2 h3)", 
        "(canstack s3 d4)", 
        "(canstack s3 h4)", 
        "(canstack sa d2)", 
        "(canstack sa h2)", 
        "(home h0)", 
        "(cellspace n4)", 
        "(on c3 s2)", 
        "(on d4 c4)", 
        "(on h2 s3)", 
        "(on h4 c3)", 
        "(on s3 ha)", 
        "(on s4 d3)", 
        "(clear d4)", 
        "(clear h2)", 
        "(clear h3)", 
        "(clear h4)", 
        "(bottomcol c4)", 
        "(bottomcol d3)", 
        "(bottomcol h3)", 
        "(bottomcol ha)", 
        "(bottomcol s2)", 
        "(clear s4)", 
        "(home c2)", 
        "(home d2)", 
        "(home sa)", 
        "(colspace n3)"
      ], 
      "delete_list": [
        "(home s0)", 
        "(clear sa)", 
        "(bottomcol sa)", 
        "(colspace n2)"
      ]
    }, 
    {
      "action": "(sendtonewcol h2 s3 n3 n2)", 
      "add_list": [
        "(bottomcol h2)", 
        "(clear s3)", 
        "(colspace n2)"
      ], 
      "state": 5, 
      "literals": [
        "(value c0 n0)", 
        "(value c2 n2)", 
        "(value c3 n3)", 
        "(value c4 n4)", 
        "(value ca n1)", 
        "(value d0 n0)", 
        "(value d2 n2)", 
        "(value d3 n3)", 
        "(value d4 n4)", 
        "(value da n1)", 
        "(value h0 n0)", 
        "(value h2 n2)", 
        "(value h3 n3)", 
        "(value h4 n4)", 
        "(value ha n1)", 
        "(value s0 n0)", 
        "(value s2 n2)", 
        "(value s3 n3)", 
        "(value s4 n4)", 
        "(value sa n1)", 
        "(successor n1 n0)", 
        "(successor n10 n9)", 
        "(successor n11 n10)", 
        "(successor n12 n11)", 
        "(successor n13 n12)", 
        "(successor n2 n1)", 
        "(successor n3 n2)", 
        "(successor n4 n3)", 
        "(successor n5 n4)", 
        "(successor n6 n5)", 
        "(successor n7 n6)", 
        "(successor n8 n7)", 
        "(successor n9 n8)", 
        "(suit c0 c)", 
        "(suit c2 c)", 
        "(suit c3 c)", 
        "(suit c4 c)", 
        "(suit ca c)", 
        "(suit d0 d)", 
        "(suit d2 d)", 
        "(suit d3 d)", 
        "(suit d4 d)", 
        "(suit da d)", 
        "(suit h0 h)", 
        "(suit h2 h)", 
        "(suit h3 h)", 
        "(suit h4 h)", 
        "(suit ha h)", 
        "(suit s0 s)", 
        "(suit s2 s)", 
        "(suit s3 s)", 
        "(suit s4 s)", 
        "(suit sa s)", 
        "(canstack c2 d3)", 
        "(canstack c2 h3)", 
        "(canstack c3 d4)", 
        "(canstack c3 h4)", 
        "(canstack ca d2)", 
        "(canstack ca h2)", 
        "(canstack d2 c3)", 
        "(canstack d2 s3)", 
        "(canstack d3 c4)", 
        "(canstack d3 s4)", 
        "(canstack da c2)", 
        "(canstack da s2)", 
        "(canstack h2 c3)", 
        "(canstack h2 s3)", 
        "(canstack h3 c4)", 
        "(canstack h3 s4)", 
        "(canstack ha c2)", 
        "(canstack ha s2)", 
        "(canstack s2 d3)", 
        "(canstack s2 h3)", 
        "(canstack s3 d4)", 
        "(canstack s3 h4)", 
        "(canstack sa d2)", 
        "(canstack sa h2)", 
        "(home h0)", 
        "(cellspace n4)", 
        "(on c3 s2)", 
        "(on d4 c4)", 
        "(on h4 c3)", 
        "(on s3 ha)", 
        "(on s4 d3)", 
        "(clear d4)", 
        "(clear h2)", 
        "(clear h3)", 
        "(clear h4)", 
        "(bottomcol c4)", 
        "(bottomcol d3)", 
        "(bottomcol h3)", 
        "(bottomcol ha)", 
        "(bottomcol s2)", 
        "(clear s4)", 
        "(home c2)", 
        "(home d2)", 
        "(home sa)", 
        "(bottomcol h2)", 
        "(clear s3)", 
        "(colspace n2)"
      ], 
      "delete_list": [
        "(on h2 s3)", 
        "(colspace n3)"
      ]
    }, 
    {
      "action": "(sendtonewcol h4 c3 n2 n1)", 
      "add_list": [
        "(bottomcol h4)", 
        "(clear c3)", 
        "(colspace n1)"
      ], 
      "state": 6, 
      "literals": [
        "(value c0 n0)", 
        "(value c2 n2)", 
        "(value c3 n3)", 
        "(value c4 n4)", 
        "(value ca n1)", 
        "(value d0 n0)", 
        "(value d2 n2)", 
        "(value d3 n3)", 
        "(value d4 n4)", 
        "(value da n1)", 
        "(value h0 n0)", 
        "(value h2 n2)", 
        "(value h3 n3)", 
        "(value h4 n4)", 
        "(value ha n1)", 
        "(value s0 n0)", 
        "(value s2 n2)", 
        "(value s3 n3)", 
        "(value s4 n4)", 
        "(value sa n1)", 
        "(successor n1 n0)", 
        "(successor n10 n9)", 
        "(successor n11 n10)", 
        "(successor n12 n11)", 
        "(successor n13 n12)", 
        "(successor n2 n1)", 
        "(successor n3 n2)", 
        "(successor n4 n3)", 
        "(successor n5 n4)", 
        "(successor n6 n5)", 
        "(successor n7 n6)", 
        "(successor n8 n7)", 
        "(successor n9 n8)", 
        "(suit c0 c)", 
        "(suit c2 c)", 
        "(suit c3 c)", 
        "(suit c4 c)", 
        "(suit ca c)", 
        "(suit d0 d)", 
        "(suit d2 d)", 
        "(suit d3 d)", 
        "(suit d4 d)", 
        "(suit da d)", 
        "(suit h0 h)", 
        "(suit h2 h)", 
        "(suit h3 h)", 
        "(suit h4 h)", 
        "(suit ha h)", 
        "(suit s0 s)", 
        "(suit s2 s)", 
        "(suit s3 s)", 
        "(suit s4 s)", 
        "(suit sa s)", 
        "(canstack c2 d3)", 
        "(canstack c2 h3)", 
        "(canstack c3 d4)", 
        "(canstack c3 h4)", 
        "(canstack ca d2)", 
        "(canstack ca h2)", 
        "(canstack d2 c3)", 
        "(canstack d2 s3)", 
        "(canstack d3 c4)", 
        "(canstack d3 s4)", 
        "(canstack da c2)", 
        "(canstack da s2)", 
        "(canstack h2 c3)", 
        "(canstack h2 s3)", 
        "(canstack h3 c4)", 
        "(canstack h3 s4)", 
        "(canstack ha c2)", 
        "(canstack ha s2)", 
        "(canstack s2 d3)", 
        "(canstack s2 h3)", 
        "(canstack s3 d4)", 
        "(canstack s3 h4)", 
        "(canstack sa d2)", 
        "(canstack sa h2)", 
        "(home h0)", 
        "(cellspace n4)", 
        "(on c3 s2)", 
        "(on d4 c4)", 
        "(on s3 ha)", 
        "(on s4 d3)", 
        "(clear d4)", 
        "(clear h2)", 
        "(clear h3)", 
        "(clear h4)", 
        "(bottomcol c4)", 
        "(bottomcol d3)", 
        "(bottomcol h3)", 
        "(bottomcol ha)", 
        "(bottomcol s2)", 
        "(clear s4)", 
        "(home c2)", 
        "(home d2)", 
        "(home sa)", 
        "(bottomcol h2)", 
        "(clear s3)", 
        "(bottomcol h4)", 
        "(clear c3)", 
        "(colspace n1)"
      ], 
      "delete_list": [
        "(on h4 c3)", 
        "(colspace n2)"
      ]
    }, 
    {
      "action": "(sendtohome c3 s2 c n3 c2 n2)", 
      "add_list": [
        "(home c3)", 
        "(clear s2)"
      ], 
      "state": 7, 
      "literals": [
        "(value c0 n0)", 
        "(value c2 n2)", 
        "(value c3 n3)", 
        "(value c4 n4)", 
        "(value ca n1)", 
        "(value d0 n0)", 
        "(value d2 n2)", 
        "(value d3 n3)", 
        "(value d4 n4)", 
        "(value da n1)", 
        "(value h0 n0)", 
        "(value h2 n2)", 
        "(value h3 n3)", 
        "(value h4 n4)", 
        "(value ha n1)", 
        "(value s0 n0)", 
        "(value s2 n2)", 
        "(value s3 n3)", 
        "(value s4 n4)", 
        "(value sa n1)", 
        "(successor n1 n0)", 
        "(successor n10 n9)", 
        "(successor n11 n10)", 
        "(successor n12 n11)", 
        "(successor n13 n12)", 
        "(successor n2 n1)", 
        "(successor n3 n2)", 
        "(successor n4 n3)", 
        "(successor n5 n4)", 
        "(successor n6 n5)", 
        "(successor n7 n6)", 
        "(successor n8 n7)", 
        "(successor n9 n8)", 
        "(suit c0 c)", 
        "(suit c2 c)", 
        "(suit c3 c)", 
        "(suit c4 c)", 
        "(suit ca c)", 
        "(suit d0 d)", 
        "(suit d2 d)", 
        "(suit d3 d)", 
        "(suit d4 d)", 
        "(suit da d)", 
        "(suit h0 h)", 
        "(suit h2 h)", 
        "(suit h3 h)", 
        "(suit h4 h)", 
        "(suit ha h)", 
        "(suit s0 s)", 
        "(suit s2 s)", 
        "(suit s3 s)", 
        "(suit s4 s)", 
        "(suit sa s)", 
        "(canstack c2 d3)", 
        "(canstack c2 h3)", 
        "(canstack c3 d4)", 
        "(canstack c3 h4)", 
        "(canstack ca d2)", 
        "(canstack ca h2)", 
        "(canstack d2 c3)", 
        "(canstack d2 s3)", 
        "(canstack d3 c4)", 
        "(canstack d3 s4)", 
        "(canstack da c2)", 
        "(canstack da s2)", 
        "(canstack h2 c3)", 
        "(canstack h2 s3)", 
        "(canstack h3 c4)", 
        "(canstack h3 s4)", 
        "(canstack ha c2)", 
        "(canstack ha s2)", 
        "(canstack s2 d3)", 
        "(canstack s2 h3)", 
        "(canstack s3 d4)", 
        "(canstack s3 h4)", 
        "(canstack sa d2)", 
        "(canstack sa h2)", 
        "(home h0)", 
        "(cellspace n4)", 
        "(on d4 c4)", 
        "(on s3 ha)", 
        "(on s4 d3)", 
        "(clear d4)", 
        "(clear h2)", 
        "(clear h3)", 
        "(clear h4)", 
        "(bottomcol c4)", 
        "(bottomcol d3)", 
        "(bottomcol h3)", 
        "(bottomcol ha)", 
        "(bottomcol s2)", 
        "(clear s4)", 
        "(home d2)", 
        "(home sa)", 
        "(bottomcol h2)", 
        "(clear s3)", 
        "(bottomcol h4)", 
        "(colspace n1)", 
        "(home c3)", 
        "(clear s2)"
      ], 
      "delete_list": [
        "(on c3 s2)", 
        "(home c2)", 
        "(clear c3)"
      ]
    }, 
    {
      "action": "(sendtohome-b s2 s n2 sa n1 n1 n2)", 
      "add_list": [
        "(home s2)", 
        "(colspace n2)"
      ], 
      "state": 8, 
      "literals": [
        "(value c0 n0)", 
        "(value c2 n2)", 
        "(value c3 n3)", 
        "(value c4 n4)", 
        "(value ca n1)", 
        "(value d0 n0)", 
        "(value d2 n2)", 
        "(value d3 n3)", 
        "(value d4 n4)", 
        "(value da n1)", 
        "(value h0 n0)", 
        "(value h2 n2)", 
        "(value h3 n3)", 
        "(value h4 n4)", 
        "(value ha n1)", 
        "(value s0 n0)", 
        "(value s2 n2)", 
        "(value s3 n3)", 
        "(value s4 n4)", 
        "(value sa n1)", 
        "(successor n1 n0)", 
        "(successor n10 n9)", 
        "(successor n11 n10)", 
        "(successor n12 n11)", 
        "(successor n13 n12)", 
        "(successor n2 n1)", 
        "(successor n3 n2)", 
        "(successor n4 n3)", 
        "(successor n5 n4)", 
        "(successor n6 n5)", 
        "(successor n7 n6)", 
        "(successor n8 n7)", 
        "(successor n9 n8)", 
        "(suit c0 c)", 
        "(suit c2 c)", 
        "(suit c3 c)", 
        "(suit c4 c)", 
        "(suit ca c)", 
        "(suit d0 d)", 
        "(suit d2 d)", 
        "(suit d3 d)", 
        "(suit d4 d)", 
        "(suit da d)", 
        "(suit h0 h)", 
        "(suit h2 h)", 
        "(suit h3 h)", 
        "(suit h4 h)", 
        "(suit ha h)", 
        "(suit s0 s)", 
        "(suit s2 s)", 
        "(suit s3 s)", 
        "(suit s4 s)", 
        "(suit sa s)", 
        "(canstack c2 d3)", 
        "(canstack c2 h3)", 
        "(canstack c3 d4)", 
        "(canstack c3 h4)", 
        "(canstack ca d2)", 
        "(canstack ca h2)", 
        "(canstack d2 c3)", 
        "(canstack d2 s3)", 
        "(canstack d3 c4)", 
        "(canstack d3 s4)", 
        "(canstack da c2)", 
        "(canstack da s2)", 
        "(canstack h2 c3)", 
        "(canstack h2 s3)", 
        "(canstack h3 c4)", 
        "(canstack h3 s4)", 
        "(canstack ha c2)", 
        "(canstack ha s2)", 
        "(canstack s2 d3)", 
        "(canstack s2 h3)", 
        "(canstack s3 d4)", 
        "(canstack s3 h4)", 
        "(canstack sa d2)", 
        "(canstack sa h2)", 
        "(home h0)", 
        "(cellspace n4)", 
        "(on d4 c4)", 
        "(on s3 ha)", 
        "(on s4 d3)", 
        "(clear d4)", 
        "(clear h2)", 
        "(clear h3)", 
        "(clear h4)", 
        "(bottomcol c4)", 
        "(bottomcol d3)", 
        "(bottomcol h3)", 
        "(bottomcol ha)", 
        "(clear s4)", 
        "(home d2)", 
        "(bottomcol h2)", 
        "(clear s3)", 
        "(bottomcol h4)", 
        "(home c3)", 
        "(home s2)", 
        "(colspace n2)"
      ], 
      "delete_list": [
        "(home sa)", 
        "(clear s2)", 
        "(bottomcol s2)", 
        "(colspace n1)"
      ]
    }, 
    {
      "action": "(sendtohome s3 ha s n3 s2 n2)", 
      "add_list": [
        "(home s3)", 
        "(clear ha)"
      ], 
      "state": 9, 
      "literals": [
        "(value c0 n0)", 
        "(value c2 n2)", 
        "(value c3 n3)", 
        "(value c4 n4)", 
        "(value ca n1)", 
        "(value d0 n0)", 
        "(value d2 n2)", 
        "(value d3 n3)", 
        "(value d4 n4)", 
        "(value da n1)", 
        "(value h0 n0)", 
        "(value h2 n2)", 
        "(value h3 n3)", 
        "(value h4 n4)", 
        "(value ha n1)", 
        "(value s0 n0)", 
        "(value s2 n2)", 
        "(value s3 n3)", 
        "(value s4 n4)", 
        "(value sa n1)", 
        "(successor n1 n0)", 
        "(successor n10 n9)", 
        "(successor n11 n10)", 
        "(successor n12 n11)", 
        "(successor n13 n12)", 
        "(successor n2 n1)", 
        "(successor n3 n2)", 
        "(successor n4 n3)", 
        "(successor n5 n4)", 
        "(successor n6 n5)", 
        "(successor n7 n6)", 
        "(successor n8 n7)", 
        "(successor n9 n8)", 
        "(suit c0 c)", 
        "(suit c2 c)", 
        "(suit c3 c)", 
        "(suit c4 c)", 
        "(suit ca c)", 
        "(suit d0 d)", 
        "(suit d2 d)", 
        "(suit d3 d)", 
        "(suit d4 d)", 
        "(suit da d)", 
        "(suit h0 h)", 
        "(suit h2 h)", 
        "(suit h3 h)", 
        "(suit h4 h)", 
        "(suit ha h)", 
        "(suit s0 s)", 
        "(suit s2 s)", 
        "(suit s3 s)", 
        "(suit s4 s)", 
        "(suit sa s)", 
        "(canstack c2 d3)", 
        "(canstack c2 h3)", 
        "(canstack c3 d4)", 
        "(canstack c3 h4)", 
        "(canstack ca d2)", 
        "(canstack ca h2)", 
        "(canstack d2 c3)", 
        "(canstack d2 s3)", 
        "(canstack d3 c4)", 
        "(canstack d3 s4)", 
        "(canstack da c2)", 
        "(canstack da s2)", 
        "(canstack h2 c3)", 
        "(canstack h2 s3)", 
        "(canstack h3 c4)", 
        "(canstack h3 s4)", 
        "(canstack ha c2)", 
        "(canstack ha s2)", 
        "(canstack s2 d3)", 
        "(canstack s2 h3)", 
        "(canstack s3 d4)", 
        "(canstack s3 h4)", 
        "(canstack sa d2)", 
        "(canstack sa h2)", 
        "(home h0)", 
        "(cellspace n4)", 
        "(on d4 c4)", 
        "(on s4 d3)", 
        "(clear d4)", 
        "(clear h2)", 
        "(clear h3)", 
        "(clear h4)", 
        "(bottomcol c4)", 
        "(bottomcol d3)", 
        "(bottomcol h3)", 
        "(bottomcol ha)", 
        "(clear s4)", 
        "(home d2)", 
        "(bottomcol h2)", 
        "(bottomcol h4)", 
        "(home c3)", 
        "(colspace n2)", 
        "(home s3)", 
        "(clear ha)"
      ], 
      "delete_list": [
        "(on s3 ha)", 
        "(home s2)", 
        "(clear s3)"
      ]
    }, 
    {
      "action": "(sendtohome s4 d3 s n4 s3 n3)", 
      "add_list": [
        "(home s4)", 
        "(clear d3)"
      ], 
      "state": 10, 
      "literals": [
        "(value c0 n0)", 
        "(value c2 n2)", 
        "(value c3 n3)", 
        "(value c4 n4)", 
        "(value ca n1)", 
        "(value d0 n0)", 
        "(value d2 n2)", 
        "(value d3 n3)", 
        "(value d4 n4)", 
        "(value da n1)", 
        "(value h0 n0)", 
        "(value h2 n2)", 
        "(value h3 n3)", 
        "(value h4 n4)", 
        "(value ha n1)", 
        "(value s0 n0)", 
        "(value s2 n2)", 
        "(value s3 n3)", 
        "(value s4 n4)", 
        "(value sa n1)", 
        "(successor n1 n0)", 
        "(successor n10 n9)", 
        "(successor n11 n10)", 
        "(successor n12 n11)", 
        "(successor n13 n12)", 
        "(successor n2 n1)", 
        "(successor n3 n2)", 
        "(successor n4 n3)", 
        "(successor n5 n4)", 
        "(successor n6 n5)", 
        "(successor n7 n6)", 
        "(successor n8 n7)", 
        "(successor n9 n8)", 
        "(suit c0 c)", 
        "(suit c2 c)", 
        "(suit c3 c)", 
        "(suit c4 c)", 
        "(suit ca c)", 
        "(suit d0 d)", 
        "(suit d2 d)", 
        "(suit d3 d)", 
        "(suit d4 d)", 
        "(suit da d)", 
        "(suit h0 h)", 
        "(suit h2 h)", 
        "(suit h3 h)", 
        "(suit h4 h)", 
        "(suit ha h)", 
        "(suit s0 s)", 
        "(suit s2 s)", 
        "(suit s3 s)", 
        "(suit s4 s)", 
        "(suit sa s)", 
        "(canstack c2 d3)", 
        "(canstack c2 h3)", 
        "(canstack c3 d4)", 
        "(canstack c3 h4)", 
        "(canstack ca d2)", 
        "(canstack ca h2)", 
        "(canstack d2 c3)", 
        "(canstack d2 s3)", 
        "(canstack d3 c4)", 
        "(canstack d3 s4)", 
        "(canstack da c2)", 
        "(canstack da s2)", 
        "(canstack h2 c3)", 
        "(canstack h2 s3)", 
        "(canstack h3 c4)", 
        "(canstack h3 s4)", 
        "(canstack ha c2)", 
        "(canstack ha s2)", 
        "(canstack s2 d3)", 
        "(canstack s2 h3)", 
        "(canstack s3 d4)", 
        "(canstack s3 h4)", 
        "(canstack sa d2)", 
        "(canstack sa h2)", 
        "(home h0)", 
        "(cellspace n4)", 
        "(on d4 c4)", 
        "(clear d4)", 
        "(clear h2)", 
        "(clear h3)", 
        "(clear h4)", 
        "(bottomcol c4)", 
        "(bottomcol d3)", 
        "(bottomcol h3)", 
        "(bottomcol ha)", 
        "(home d2)", 
        "(bottomcol h2)", 
        "(bottomcol h4)", 
        "(home c3)", 
        "(colspace n2)", 
        "(clear ha)", 
        "(home s4)", 
        "(clear d3)"
      ], 
      "delete_list": [
        "(on s4 d3)", 
        "(home s3)", 
        "(clear s4)"
      ]
    }, 
    {
      "action": "(sendtohome-b d3 d n3 d2 n2 n2 n3)", 
      "add_list": [
        "(home d3)", 
        "(colspace n3)"
      ], 
      "state": 11, 
      "literals": [
        "(value c0 n0)", 
        "(value c2 n2)", 
        "(value c3 n3)", 
        "(value c4 n4)", 
        "(value ca n1)", 
        "(value d0 n0)", 
        "(value d2 n2)", 
        "(value d3 n3)", 
        "(value d4 n4)", 
        "(value da n1)", 
        "(value h0 n0)", 
        "(value h2 n2)", 
        "(value h3 n3)", 
        "(value h4 n4)", 
        "(value ha n1)", 
        "(value s0 n0)", 
        "(value s2 n2)", 
        "(value s3 n3)", 
        "(value s4 n4)", 
        "(value sa n1)", 
        "(successor n1 n0)", 
        "(successor n10 n9)", 
        "(successor n11 n10)", 
        "(successor n12 n11)", 
        "(successor n13 n12)", 
        "(successor n2 n1)", 
        "(successor n3 n2)", 
        "(successor n4 n3)", 
        "(successor n5 n4)", 
        "(successor n6 n5)", 
        "(successor n7 n6)", 
        "(successor n8 n7)", 
        "(successor n9 n8)", 
        "(suit c0 c)", 
        "(suit c2 c)", 
        "(suit c3 c)", 
        "(suit c4 c)", 
        "(suit ca c)", 
        "(suit d0 d)", 
        "(suit d2 d)", 
        "(suit d3 d)", 
        "(suit d4 d)", 
        "(suit da d)", 
        "(suit h0 h)", 
        "(suit h2 h)", 
        "(suit h3 h)", 
        "(suit h4 h)", 
        "(suit ha h)", 
        "(suit s0 s)", 
        "(suit s2 s)", 
        "(suit s3 s)", 
        "(suit s4 s)", 
        "(suit sa s)", 
        "(canstack c2 d3)", 
        "(canstack c2 h3)", 
        "(canstack c3 d4)", 
        "(canstack c3 h4)", 
        "(canstack ca d2)", 
        "(canstack ca h2)", 
        "(canstack d2 c3)", 
        "(canstack d2 s3)", 
        "(canstack d3 c4)", 
        "(canstack d3 s4)", 
        "(canstack da c2)", 
        "(canstack da s2)", 
        "(canstack h2 c3)", 
        "(canstack h2 s3)", 
        "(canstack h3 c4)", 
        "(canstack h3 s4)", 
        "(canstack ha c2)", 
        "(canstack ha s2)", 
        "(canstack s2 d3)", 
        "(canstack s2 h3)", 
        "(canstack s3 d4)", 
        "(canstack s3 h4)", 
        "(canstack sa d2)", 
        "(canstack sa h2)", 
        "(home h0)", 
        "(cellspace n4)", 
        "(on d4 c4)", 
        "(clear d4)", 
        "(clear h2)", 
        "(clear h3)", 
        "(clear h4)", 
        "(bottomcol c4)", 
        "(bottomcol h3)", 
        "(bottomcol ha)", 
        "(bottomcol h2)", 
        "(bottomcol h4)", 
        "(home c3)", 
        "(clear ha)", 
        "(home s4)", 
        "(home d3)", 
        "(colspace n3)"
      ], 
      "delete_list": [
        "(home d2)", 
        "(clear d3)", 
        "(bottomcol d3)", 
        "(colspace n2)"
      ]
    }, 
    {
      "action": "(sendtohome d4 c4 d n4 d3 n3)", 
      "add_list": [
        "(home d4)", 
        "(clear c4)"
      ], 
      "state": 12, 
      "literals": [
        "(value c0 n0)", 
        "(value c2 n2)", 
        "(value c3 n3)", 
        "(value c4 n4)", 
        "(value ca n1)", 
        "(value d0 n0)", 
        "(value d2 n2)", 
        "(value d3 n3)", 
        "(value d4 n4)", 
        "(value da n1)", 
        "(value h0 n0)", 
        "(value h2 n2)", 
        "(value h3 n3)", 
        "(value h4 n4)", 
        "(value ha n1)", 
        "(value s0 n0)", 
        "(value s2 n2)", 
        "(value s3 n3)", 
        "(value s4 n4)", 
        "(value sa n1)", 
        "(successor n1 n0)", 
        "(successor n10 n9)", 
        "(successor n11 n10)", 
        "(successor n12 n11)", 
        "(successor n13 n12)", 
        "(successor n2 n1)", 
        "(successor n3 n2)", 
        "(successor n4 n3)", 
        "(successor n5 n4)", 
        "(successor n6 n5)", 
        "(successor n7 n6)", 
        "(successor n8 n7)", 
        "(successor n9 n8)", 
        "(suit c0 c)", 
        "(suit c2 c)", 
        "(suit c3 c)", 
        "(suit c4 c)", 
        "(suit ca c)", 
        "(suit d0 d)", 
        "(suit d2 d)", 
        "(suit d3 d)", 
        "(suit d4 d)", 
        "(suit da d)", 
        "(suit h0 h)", 
        "(suit h2 h)", 
        "(suit h3 h)", 
        "(suit h4 h)", 
        "(suit ha h)", 
        "(suit s0 s)", 
        "(suit s2 s)", 
        "(suit s3 s)", 
        "(suit s4 s)", 
        "(suit sa s)", 
        "(canstack c2 d3)", 
        "(canstack c2 h3)", 
        "(canstack c3 d4)", 
        "(canstack c3 h4)", 
        "(canstack ca d2)", 
        "(canstack ca h2)", 
        "(canstack d2 c3)", 
        "(canstack d2 s3)", 
        "(canstack d3 c4)", 
        "(canstack d3 s4)", 
        "(canstack da c2)", 
        "(canstack da s2)", 
        "(canstack h2 c3)", 
        "(canstack h2 s3)", 
        "(canstack h3 c4)", 
        "(canstack h3 s4)", 
        "(canstack ha c2)", 
        "(canstack ha s2)", 
        "(canstack s2 d3)", 
        "(canstack s2 h3)", 
        "(canstack s3 d4)", 
        "(canstack s3 h4)", 
        "(canstack sa d2)", 
        "(canstack sa h2)", 
        "(home h0)", 
        "(cellspace n4)", 
        "(clear h2)", 
        "(clear h3)", 
        "(clear h4)", 
        "(bottomcol c4)", 
        "(bottomcol h3)", 
        "(bottomcol ha)", 
        "(bottomcol h2)", 
        "(bottomcol h4)", 
        "(home c3)", 
        "(clear ha)", 
        "(home s4)", 
        "(colspace n3)", 
        "(home d4)", 
        "(clear c4)"
      ], 
      "delete_list": [
        "(on d4 c4)", 
        "(home d3)", 
        "(clear d4)"
      ]
    }, 
    {
      "action": "(sendtohome-b c4 c n4 c3 n3 n3 n4)", 
      "add_list": [
        "(home c4)", 
        "(colspace n4)"
      ], 
      "state": 13, 
      "literals": [
        "(value c0 n0)", 
        "(value c2 n2)", 
        "(value c3 n3)", 
        "(value c4 n4)", 
        "(value ca n1)", 
        "(value d0 n0)", 
        "(value d2 n2)", 
        "(value d3 n3)", 
        "(value d4 n4)", 
        "(value da n1)", 
        "(value h0 n0)", 
        "(value h2 n2)", 
        "(value h3 n3)", 
        "(value h4 n4)", 
        "(value ha n1)", 
        "(value s0 n0)", 
        "(value s2 n2)", 
        "(value s3 n3)", 
        "(value s4 n4)", 
        "(value sa n1)", 
        "(successor n1 n0)", 
        "(successor n10 n9)", 
        "(successor n11 n10)", 
        "(successor n12 n11)", 
        "(successor n13 n12)", 
        "(successor n2 n1)", 
        "(successor n3 n2)", 
        "(successor n4 n3)", 
        "(successor n5 n4)", 
        "(successor n6 n5)", 
        "(successor n7 n6)", 
        "(successor n8 n7)", 
        "(successor n9 n8)", 
        "(suit c0 c)", 
        "(suit c2 c)", 
        "(suit c3 c)", 
        "(suit c4 c)", 
        "(suit ca c)", 
        "(suit d0 d)", 
        "(suit d2 d)", 
        "(suit d3 d)", 
        "(suit d4 d)", 
        "(suit da d)", 
        "(suit h0 h)", 
        "(suit h2 h)", 
        "(suit h3 h)", 
        "(suit h4 h)", 
        "(suit ha h)", 
        "(suit s0 s)", 
        "(suit s2 s)", 
        "(suit s3 s)", 
        "(suit s4 s)", 
        "(suit sa s)", 
        "(canstack c2 d3)", 
        "(canstack c2 h3)", 
        "(canstack c3 d4)", 
        "(canstack c3 h4)", 
        "(canstack ca d2)", 
        "(canstack ca h2)", 
        "(canstack d2 c3)", 
        "(canstack d2 s3)", 
        "(canstack d3 c4)", 
        "(canstack d3 s4)", 
        "(canstack da c2)", 
        "(canstack da s2)", 
        "(canstack h2 c3)", 
        "(canstack h2 s3)", 
        "(canstack h3 c4)", 
        "(canstack h3 s4)", 
        "(canstack ha c2)", 
        "(canstack ha s2)", 
        "(canstack s2 d3)", 
        "(canstack s2 h3)", 
        "(canstack s3 d4)", 
        "(canstack s3 h4)", 
        "(canstack sa d2)", 
        "(canstack sa h2)", 
        "(home h0)", 
        "(cellspace n4)", 
        "(clear h2)", 
        "(clear h3)", 
        "(clear h4)", 
        "(bottomcol h3)", 
        "(bottomcol ha)", 
        "(bottomcol h2)", 
        "(bottomcol h4)", 
        "(clear ha)", 
        "(home s4)", 
        "(home d4)", 
        "(home c4)", 
        "(colspace n4)"
      ], 
      "delete_list": [
        "(home c3)", 
        "(clear c4)", 
        "(bottomcol c4)", 
        "(colspace n3)"
      ]
    }, 
    {
      "action": "(sendtohome-b ha h n1 h0 n0 n4 n5)", 
      "add_list": [
        "(home ha)", 
        "(colspace n5)"
      ], 
      "state": 14, 
      "literals": [
        "(value c0 n0)", 
        "(value c2 n2)", 
        "(value c3 n3)", 
        "(value c4 n4)", 
        "(value ca n1)", 
        "(value d0 n0)", 
        "(value d2 n2)", 
        "(value d3 n3)", 
        "(value d4 n4)", 
        "(value da n1)", 
        "(value h0 n0)", 
        "(value h2 n2)", 
        "(value h3 n3)", 
        "(value h4 n4)", 
        "(value ha n1)", 
        "(value s0 n0)", 
        "(value s2 n2)", 
        "(value s3 n3)", 
        "(value s4 n4)", 
        "(value sa n1)", 
        "(successor n1 n0)", 
        "(successor n10 n9)", 
        "(successor n11 n10)", 
        "(successor n12 n11)", 
        "(successor n13 n12)", 
        "(successor n2 n1)", 
        "(successor n3 n2)", 
        "(successor n4 n3)", 
        "(successor n5 n4)", 
        "(successor n6 n5)", 
        "(successor n7 n6)", 
        "(successor n8 n7)", 
        "(successor n9 n8)", 
        "(suit c0 c)", 
        "(suit c2 c)", 
        "(suit c3 c)", 
        "(suit c4 c)", 
        "(suit ca c)", 
        "(suit d0 d)", 
        "(suit d2 d)", 
        "(suit d3 d)", 
        "(suit d4 d)", 
        "(suit da d)", 
        "(suit h0 h)", 
        "(suit h2 h)", 
        "(suit h3 h)", 
        "(suit h4 h)", 
        "(suit ha h)", 
        "(suit s0 s)", 
        "(suit s2 s)", 
        "(suit s3 s)", 
        "(suit s4 s)", 
        "(suit sa s)", 
        "(canstack c2 d3)", 
        "(canstack c2 h3)", 
        "(canstack c3 d4)", 
        "(canstack c3 h4)", 
        "(canstack ca d2)", 
        "(canstack ca h2)", 
        "(canstack d2 c3)", 
        "(canstack d2 s3)", 
        "(canstack d3 c4)", 
        "(canstack d3 s4)", 
        "(canstack da c2)", 
        "(canstack da s2)", 
        "(canstack h2 c3)", 
        "(canstack h2 s3)", 
        "(canstack h3 c4)", 
        "(canstack h3 s4)", 
        "(canstack ha c2)", 
        "(canstack ha s2)", 
        "(canstack s2 d3)", 
        "(canstack s2 h3)", 
        "(canstack s3 d4)", 
        "(canstack s3 h4)", 
        "(canstack sa d2)", 
        "(canstack sa h2)", 
        "(cellspace n4)", 
        "(clear h2)", 
        "(clear h3)", 
        "(clear h4)", 
        "(bottomcol h3)", 
        "(bottomcol h2)", 
        "(bottomcol h4)", 
        "(home s4)", 
        "(home d4)", 
        "(home c4)", 
        "(home ha)", 
        "(colspace n5)"
      ], 
      "delete_list": [
        "(home h0)", 
        "(clear ha)", 
        "(bottomcol ha)", 
        "(colspace n4)"
      ]
    }, 
    {
      "action": "(sendtohome-b h2 h n2 ha n1 n5 n6)", 
      "add_list": [
        "(home h2)", 
        "(colspace n6)"
      ], 
      "state": 15, 
      "literals": [
        "(value c0 n0)", 
        "(value c2 n2)", 
        "(value c3 n3)", 
        "(value c4 n4)", 
        "(value ca n1)", 
        "(value d0 n0)", 
        "(value d2 n2)", 
        "(value d3 n3)", 
        "(value d4 n4)", 
        "(value da n1)", 
        "(value h0 n0)", 
        "(value h2 n2)", 
        "(value h3 n3)", 
        "(value h4 n4)", 
        "(value ha n1)", 
        "(value s0 n0)", 
        "(value s2 n2)", 
        "(value s3 n3)", 
        "(value s4 n4)", 
        "(value sa n1)", 
        "(successor n1 n0)", 
        "(successor n10 n9)", 
        "(successor n11 n10)", 
        "(successor n12 n11)", 
        "(successor n13 n12)", 
        "(successor n2 n1)", 
        "(successor n3 n2)", 
        "(successor n4 n3)", 
        "(successor n5 n4)", 
        "(successor n6 n5)", 
        "(successor n7 n6)", 
        "(successor n8 n7)", 
        "(successor n9 n8)", 
        "(suit c0 c)", 
        "(suit c2 c)", 
        "(suit c3 c)", 
        "(suit c4 c)", 
        "(suit ca c)", 
        "(suit d0 d)", 
        "(suit d2 d)", 
        "(suit d3 d)", 
        "(suit d4 d)", 
        "(suit da d)", 
        "(suit h0 h)", 
        "(suit h2 h)", 
        "(suit h3 h)", 
        "(suit h4 h)", 
        "(suit ha h)", 
        "(suit s0 s)", 
        "(suit s2 s)", 
        "(suit s3 s)", 
        "(suit s4 s)", 
        "(suit sa s)", 
        "(canstack c2 d3)", 
        "(canstack c2 h3)", 
        "(canstack c3 d4)", 
        "(canstack c3 h4)", 
        "(canstack ca d2)", 
        "(canstack ca h2)", 
        "(canstack d2 c3)", 
        "(canstack d2 s3)", 
        "(canstack d3 c4)", 
        "(canstack d3 s4)", 
        "(canstack da c2)", 
        "(canstack da s2)", 
        "(canstack h2 c3)", 
        "(canstack h2 s3)", 
        "(canstack h3 c4)", 
        "(canstack h3 s4)", 
        "(canstack ha c2)", 
        "(canstack ha s2)", 
        "(canstack s2 d3)", 
        "(canstack s2 h3)", 
        "(canstack s3 d4)", 
        "(canstack s3 h4)", 
        "(canstack sa d2)", 
        "(canstack sa h2)", 
        "(cellspace n4)", 
        "(clear h3)", 
        "(clear h4)", 
        "(bottomcol h3)", 
        "(bottomcol h4)", 
        "(home s4)", 
        "(home d4)", 
        "(home c4)", 
        "(home h2)", 
        "(colspace n6)"
      ], 
      "delete_list": [
        "(home ha)", 
        "(clear h2)", 
        "(bottomcol h2)", 
        "(colspace n5)"
      ]
    }, 
    {
      "action": "(sendtohome-b h3 h n3 h2 n2 n6 n7)", 
      "add_list": [
        "(home h3)", 
        "(colspace n7)"
      ], 
      "state": 16, 
      "literals": [
        "(value c0 n0)", 
        "(value c2 n2)", 
        "(value c3 n3)", 
        "(value c4 n4)", 
        "(value ca n1)", 
        "(value d0 n0)", 
        "(value d2 n2)", 
        "(value d3 n3)", 
        "(value d4 n4)", 
        "(value da n1)", 
        "(value h0 n0)", 
        "(value h2 n2)", 
        "(value h3 n3)", 
        "(value h4 n4)", 
        "(value ha n1)", 
        "(value s0 n0)", 
        "(value s2 n2)", 
        "(value s3 n3)", 
        "(value s4 n4)", 
        "(value sa n1)", 
        "(successor n1 n0)", 
        "(successor n10 n9)", 
        "(successor n11 n10)", 
        "(successor n12 n11)", 
        "(successor n13 n12)", 
        "(successor n2 n1)", 
        "(successor n3 n2)", 
        "(successor n4 n3)", 
        "(successor n5 n4)", 
        "(successor n6 n5)", 
        "(successor n7 n6)", 
        "(successor n8 n7)", 
        "(successor n9 n8)", 
        "(suit c0 c)", 
        "(suit c2 c)", 
        "(suit c3 c)", 
        "(suit c4 c)", 
        "(suit ca c)", 
        "(suit d0 d)", 
        "(suit d2 d)", 
        "(suit d3 d)", 
        "(suit d4 d)", 
        "(suit da d)", 
        "(suit h0 h)", 
        "(suit h2 h)", 
        "(suit h3 h)", 
        "(suit h4 h)", 
        "(suit ha h)", 
        "(suit s0 s)", 
        "(suit s2 s)", 
        "(suit s3 s)", 
        "(suit s4 s)", 
        "(suit sa s)", 
        "(canstack c2 d3)", 
        "(canstack c2 h3)", 
        "(canstack c3 d4)", 
        "(canstack c3 h4)", 
        "(canstack ca d2)", 
        "(canstack ca h2)", 
        "(canstack d2 c3)", 
        "(canstack d2 s3)", 
        "(canstack d3 c4)", 
        "(canstack d3 s4)", 
        "(canstack da c2)", 
        "(canstack da s2)", 
        "(canstack h2 c3)", 
        "(canstack h2 s3)", 
        "(canstack h3 c4)", 
        "(canstack h3 s4)", 
        "(canstack ha c2)", 
        "(canstack ha s2)", 
        "(canstack s2 d3)", 
        "(canstack s2 h3)", 
        "(canstack s3 d4)", 
        "(canstack s3 h4)", 
        "(canstack sa d2)", 
        "(canstack sa h2)", 
        "(cellspace n4)", 
        "(clear h4)", 
        "(bottomcol h4)", 
        "(home s4)", 
        "(home d4)", 
        "(home c4)", 
        "(home h3)", 
        "(colspace n7)"
      ], 
      "delete_list": [
        "(home h2)", 
        "(clear h3)", 
        "(bottomcol h3)", 
        "(colspace n6)"
      ]
    }, 
    {
      "action": "(sendtohome-b h4 h n4 h3 n3 n7 n8)", 
      "add_list": [
        "(home h4)", 
        "(colspace n8)"
      ], 
      "state": 17, 
      "literals": [
        "(value c0 n0)", 
        "(value c2 n2)", 
        "(value c3 n3)", 
        "(value c4 n4)", 
        "(value ca n1)", 
        "(value d0 n0)", 
        "(value d2 n2)", 
        "(value d3 n3)", 
        "(value d4 n4)", 
        "(value da n1)", 
        "(value h0 n0)", 
        "(value h2 n2)", 
        "(value h3 n3)", 
        "(value h4 n4)", 
        "(value ha n1)", 
        "(value s0 n0)", 
        "(value s2 n2)", 
        "(value s3 n3)", 
        "(value s4 n4)", 
        "(value sa n1)", 
        "(successor n1 n0)", 
        "(successor n10 n9)", 
        "(successor n11 n10)", 
        "(successor n12 n11)", 
        "(successor n13 n12)", 
        "(successor n2 n1)", 
        "(successor n3 n2)", 
        "(successor n4 n3)", 
        "(successor n5 n4)", 
        "(successor n6 n5)", 
        "(successor n7 n6)", 
        "(successor n8 n7)", 
        "(successor n9 n8)", 
        "(suit c0 c)", 
        "(suit c2 c)", 
        "(suit c3 c)", 
        "(suit c4 c)", 
        "(suit ca c)", 
        "(suit d0 d)", 
        "(suit d2 d)", 
        "(suit d3 d)", 
        "(suit d4 d)", 
        "(suit da d)", 
        "(suit h0 h)", 
        "(suit h2 h)", 
        "(suit h3 h)", 
        "(suit h4 h)", 
        "(suit ha h)", 
        "(suit s0 s)", 
        "(suit s2 s)", 
        "(suit s3 s)", 
        "(suit s4 s)", 
        "(suit sa s)", 
        "(canstack c2 d3)", 
        "(canstack c2 h3)", 
        "(canstack c3 d4)", 
        "(canstack c3 h4)", 
        "(canstack ca d2)", 
        "(canstack ca h2)", 
        "(canstack d2 c3)", 
        "(canstack d2 s3)", 
        "(canstack d3 c4)", 
        "(canstack d3 s4)", 
        "(canstack da c2)", 
        "(canstack da s2)", 
        "(canstack h2 c3)", 
        "(canstack h2 s3)", 
        "(canstack h3 c4)", 
        "(canstack h3 s4)", 
        "(canstack ha c2)", 
        "(canstack ha s2)", 
        "(canstack s2 d3)", 
        "(canstack s2 h3)", 
        "(canstack s3 d4)", 
        "(canstack s3 h4)", 
        "(canstack sa d2)", 
        "(canstack sa h2)", 
        "(cellspace n4)", 
        "(home s4)", 
        "(home d4)", 
        "(home c4)", 
        "(home h4)", 
        "(colspace n8)"
      ], 
      "delete_list": [
        "(home h3)", 
        "(clear h4)", 
        "(bottomcol h4)", 
        "(colspace n7)"
      ]
    }
  ], 
  "domain_id": 29
}