{
  "domain": "ged", 
  "inital_state": [
    "(normal sub2)", 
    "(normal sub3)", 
    "(normal sub1)", 
    "(present sub2)", 
    "(present sub3)", 
    "(present sub1)", 
    "(cw sub1 sub2)", 
    "(cw sub3 sub1)", 
    "(cw sub2 sub3)", 
    "(idle)", 
    "(= total-cost 0)"
  ], 
  "negative_goals": [], 
  "problem_id": 712, 
  "positive_goals": [
    "(normal sub2)", 
    "(inverted sub3)", 
    "(normal sub1)", 
    "(cw sub1 sub2)", 
    "(cw sub3 sub1)", 
    "(cw sub2 sub3)"
  ], 
  "plan_length": 1, 
  "plan_literals": [
    {
      "action": "(invert-single-gene-a sub3)", 
      "add_list": [
        "(inverted sub3)"
      ], 
      "state": 0, 
      "literals": [
        "(normal sub2)", 
        "(normal sub1)", 
        "(present sub2)", 
        "(present sub3)", 
        "(present sub1)", 
        "(cw sub1 sub2)", 
        "(cw sub3 sub1)", 
        "(cw sub2 sub3)", 
        "(idle)", 
        "(= total-cost 0)", 
        "(inverted sub3)"
      ], 
      "delete_list": [
        "(normal sub3)"
      ]
    }
  ], 
  "domain_id": 22
}