{
  "domain": "ged", 
  "inital_state": [
    "(normal sub4)", 
    "(normal sub2)", 
    "(normal sub5)", 
    "(normal sub8)", 
    "(normal sub7)", 
    "(normal sub3)", 
    "(normal sub1)", 
    "(inverted g54)", 
    "(normal sub6)", 
    "(present sub4)", 
    "(present sub2)", 
    "(present sub5)", 
    "(present sub8)", 
    "(present sub7)", 
    "(present sub3)", 
    "(present sub1)", 
    "(present g54)", 
    "(present sub6)", 
    "(cw sub6 sub4)", 
    "(cw g54 sub6)", 
    "(cw sub1 g54)", 
    "(cw sub3 sub1)", 
    "(cw sub7 sub3)", 
    "(cw sub8 sub7)", 
    "(cw sub5 sub8)", 
    "(cw sub2 sub5)", 
    "(cw sub4 sub2)", 
    "(idle)", 
    "(= total-cost 0)"
  ], 
  "negative_goals": [], 
  "problem_id": 715, 
  "positive_goals": [
    "(normal sub4)", 
    "(normal sub5)", 
    "(inverted sub8)", 
    "(normal sub7)", 
    "(normal sub2)", 
    "(normal sub3)", 
    "(normal g54)", 
    "(normal sub1)", 
    "(normal sub6)", 
    "(cw sub6 sub4)", 
    "(cw sub1 sub6)", 
    "(cw g54 sub1)", 
    "(cw sub3 g54)", 
    "(cw sub2 sub3)", 
    "(cw sub7 sub2)", 
    "(cw sub8 sub7)", 
    "(cw sub5 sub8)", 
    "(cw sub4 sub5)"
  ], 
  "plan_length": 15, 
  "plan_literals": [
    {
      "action": "(invert-single-gene-a sub8)", 
      "add_list": [
        "(inverted sub8)"
      ], 
      "state": 0, 
      "literals": [
        "(normal sub4)", 
        "(normal sub2)", 
        "(normal sub5)", 
        "(normal sub7)", 
        "(normal sub3)", 
        "(normal sub1)", 
        "(inverted g54)", 
        "(normal sub6)", 
        "(present sub4)", 
        "(present sub2)", 
        "(present sub5)", 
        "(present sub8)", 
        "(present sub7)", 
        "(present sub3)", 
        "(present sub1)", 
        "(present g54)", 
        "(present sub6)", 
        "(cw sub6 sub4)", 
        "(cw g54 sub6)", 
        "(cw sub1 g54)", 
        "(cw sub3 sub1)", 
        "(cw sub7 sub3)", 
        "(cw sub8 sub7)", 
        "(cw sub5 sub8)", 
        "(cw sub2 sub5)", 
        "(cw sub4 sub2)", 
        "(idle)", 
        "(= total-cost 0)", 
        "(inverted sub8)"
      ], 
      "delete_list": [
        "(normal sub8)"
      ]
    }, 
    {
      "action": "(invert-single-gene-b g54)", 
      "add_list": [
        "(normal g54)"
      ], 
      "state": 1, 
      "literals": [
        "(normal sub4)", 
        "(normal sub2)", 
        "(normal sub5)", 
        "(normal sub7)", 
        "(normal sub3)", 
        "(normal sub1)", 
        "(normal sub6)", 
        "(present sub4)", 
        "(present sub2)", 
        "(present sub5)", 
        "(present sub8)", 
        "(present sub7)", 
        "(present sub3)", 
        "(present sub1)", 
        "(present g54)", 
        "(present sub6)", 
        "(cw sub6 sub4)", 
        "(cw g54 sub6)", 
        "(cw sub1 g54)", 
        "(cw sub3 sub1)", 
        "(cw sub7 sub3)", 
        "(cw sub8 sub7)", 
        "(cw sub5 sub8)", 
        "(cw sub2 sub5)", 
        "(cw sub4 sub2)", 
        "(idle)", 
        "(= total-cost 0)", 
        "(inverted sub8)", 
        "(normal g54)"
      ], 
      "delete_list": [
        "(inverted g54)"
      ]
    }, 
    {
      "action": "(begin-cut sub3 sub1)", 
      "add_list": [
        "(cutting)", 
        "(cut-point-1 sub3)", 
        "(last-cut-point sub3)", 
        "(s-first sub1)", 
        "(s-last sub1)"
      ], 
      "state": 2, 
      "literals": [
        "(normal sub4)", 
        "(normal sub2)", 
        "(normal sub5)", 
        "(normal sub7)", 
        "(normal sub3)", 
        "(normal sub1)", 
        "(normal sub6)", 
        "(present sub4)", 
        "(present sub2)", 
        "(present sub5)", 
        "(present sub8)", 
        "(present sub7)", 
        "(present sub3)", 
        "(present sub1)", 
        "(present g54)", 
        "(present sub6)", 
        "(cw sub6 sub4)", 
        "(cw g54 sub6)", 
        "(cw sub1 g54)", 
        "(cw sub7 sub3)", 
        "(cw sub8 sub7)", 
        "(cw sub5 sub8)", 
        "(cw sub2 sub5)", 
        "(cw sub4 sub2)", 
        "(= total-cost 0)", 
        "(inverted sub8)", 
        "(normal g54)", 
        "(cutting)", 
        "(cut-point-1 sub3)", 
        "(last-cut-point sub3)", 
        "(s-first sub1)", 
        "(s-last sub1)"
      ], 
      "delete_list": [
        "(idle)", 
        "(cw sub3 sub1)"
      ]
    }, 
    {
      "action": "(end-cut-1 sub1 g54)", 
      "add_list": [
        "(cut-point-2 g54)"
      ], 
      "state": 3, 
      "literals": [
        "(normal sub4)", 
        "(normal sub2)", 
        "(normal sub5)", 
        "(normal sub7)", 
        "(normal sub3)", 
        "(normal sub1)", 
        "(normal sub6)", 
        "(present sub4)", 
        "(present sub2)", 
        "(present sub5)", 
        "(present sub8)", 
        "(present sub7)", 
        "(present sub3)", 
        "(present sub1)", 
        "(present g54)", 
        "(present sub6)", 
        "(cw sub6 sub4)", 
        "(cw g54 sub6)", 
        "(cw sub7 sub3)", 
        "(cw sub8 sub7)", 
        "(cw sub5 sub8)", 
        "(cw sub2 sub5)", 
        "(cw sub4 sub2)", 
        "(= total-cost 0)", 
        "(inverted sub8)", 
        "(normal g54)", 
        "(cutting)", 
        "(cut-point-1 sub3)", 
        "(last-cut-point sub3)", 
        "(s-first sub1)", 
        "(s-last sub1)", 
        "(cut-point-2 g54)"
      ], 
      "delete_list": [
        "(cw sub1 g54)"
      ]
    }, 
    {
      "action": "(end-cut-2 sub3 g54)", 
      "add_list": [
        "(have-cut)", 
        "(cw sub3 g54)"
      ], 
      "state": 4, 
      "literals": [
        "(normal sub4)", 
        "(normal sub2)", 
        "(normal sub5)", 
        "(normal sub7)", 
        "(normal sub3)", 
        "(normal sub1)", 
        "(normal sub6)", 
        "(present sub4)", 
        "(present sub2)", 
        "(present sub5)", 
        "(present sub8)", 
        "(present sub7)", 
        "(present sub3)", 
        "(present sub1)", 
        "(present g54)", 
        "(present sub6)", 
        "(cw sub6 sub4)", 
        "(cw g54 sub6)", 
        "(cw sub7 sub3)", 
        "(cw sub8 sub7)", 
        "(cw sub5 sub8)", 
        "(cw sub2 sub5)", 
        "(cw sub4 sub2)", 
        "(= total-cost 0)", 
        "(inverted sub8)", 
        "(normal g54)", 
        "(last-cut-point sub3)", 
        "(s-first sub1)", 
        "(s-last sub1)", 
        "(have-cut)", 
        "(cw sub3 g54)"
      ], 
      "delete_list": [
        "(cutting)", 
        "(cut-point-1 sub3)", 
        "(cut-point-2 g54)"
      ]
    }, 
    {
      "action": "(begin-transpose-splice g54 sub6)", 
      "add_list": [
        "(splicing)", 
        "(splice-point-1 g54)", 
        "(splice-point-2 sub6)"
      ], 
      "state": 5, 
      "literals": [
        "(normal sub4)", 
        "(normal sub2)", 
        "(normal sub5)", 
        "(normal sub7)", 
        "(normal sub3)", 
        "(normal sub1)", 
        "(normal sub6)", 
        "(present sub4)", 
        "(present sub2)", 
        "(present sub5)", 
        "(present sub8)", 
        "(present sub7)", 
        "(present sub3)", 
        "(present sub1)", 
        "(present g54)", 
        "(present sub6)", 
        "(cw sub6 sub4)", 
        "(cw sub7 sub3)", 
        "(cw sub8 sub7)", 
        "(cw sub5 sub8)", 
        "(cw sub2 sub5)", 
        "(cw sub4 sub2)", 
        "(= total-cost 0)", 
        "(inverted sub8)", 
        "(normal g54)", 
        "(last-cut-point sub3)", 
        "(s-first sub1)", 
        "(s-last sub1)", 
        "(cw sub3 g54)", 
        "(splicing)", 
        "(splice-point-1 g54)", 
        "(splice-point-2 sub6)"
      ], 
      "delete_list": [
        "(have-cut)", 
        "(cw g54 sub6)"
      ]
    }, 
    {
      "action": "(end-splice-1 sub1 g54)", 
      "add_list": [
        "(splicing-last)", 
        "(cw g54 sub1)", 
        "(splice-point-1 sub1)"
      ], 
      "state": 6, 
      "literals": [
        "(normal sub4)", 
        "(normal sub2)", 
        "(normal sub5)", 
        "(normal sub7)", 
        "(normal sub3)", 
        "(normal sub1)", 
        "(normal sub6)", 
        "(present sub4)", 
        "(present sub2)", 
        "(present sub5)", 
        "(present sub8)", 
        "(present sub7)", 
        "(present sub3)", 
        "(present sub1)", 
        "(present g54)", 
        "(present sub6)", 
        "(cw sub6 sub4)", 
        "(cw sub7 sub3)", 
        "(cw sub8 sub7)", 
        "(cw sub5 sub8)", 
        "(cw sub2 sub5)", 
        "(cw sub4 sub2)", 
        "(= total-cost 0)", 
        "(inverted sub8)", 
        "(normal g54)", 
        "(last-cut-point sub3)", 
        "(cw sub3 g54)", 
        "(splice-point-2 sub6)", 
        "(splicing-last)", 
        "(cw g54 sub1)", 
        "(splice-point-1 sub1)"
      ], 
      "delete_list": [
        "(splicing)", 
        "(s-first sub1)", 
        "(s-last sub1)", 
        "(splice-point-1 g54)"
      ]
    }, 
    {
      "action": "(end-splice-2 sub1 sub6)", 
      "add_list": [
        "(finished)", 
        "(cw sub1 sub6)"
      ], 
      "state": 7, 
      "literals": [
        "(normal sub4)", 
        "(normal sub2)", 
        "(normal sub5)", 
        "(normal sub7)", 
        "(normal sub3)", 
        "(normal sub1)", 
        "(normal sub6)", 
        "(present sub4)", 
        "(present sub2)", 
        "(present sub5)", 
        "(present sub8)", 
        "(present sub7)", 
        "(present sub3)", 
        "(present sub1)", 
        "(present g54)", 
        "(present sub6)", 
        "(cw sub6 sub4)", 
        "(cw sub7 sub3)", 
        "(cw sub8 sub7)", 
        "(cw sub5 sub8)", 
        "(cw sub2 sub5)", 
        "(cw sub4 sub2)", 
        "(= total-cost 0)", 
        "(inverted sub8)", 
        "(normal g54)", 
        "(last-cut-point sub3)", 
        "(cw sub3 g54)", 
        "(cw g54 sub1)", 
        "(finished)", 
        "(cw sub1 sub6)"
      ], 
      "delete_list": [
        "(splicing-last)", 
        "(splice-point-1 sub1)", 
        "(splice-point-2 sub6)"
      ]
    }, 
    {
      "action": "(reset-1 sub3)", 
      "add_list": [
        "(idle)"
      ], 
      "state": 8, 
      "literals": [
        "(normal sub4)", 
        "(normal sub2)", 
        "(normal sub5)", 
        "(normal sub7)", 
        "(normal sub3)", 
        "(normal sub1)", 
        "(normal sub6)", 
        "(present sub4)", 
        "(present sub2)", 
        "(present sub5)", 
        "(present sub8)", 
        "(present sub7)", 
        "(present sub3)", 
        "(present sub1)", 
        "(present g54)", 
        "(present sub6)", 
        "(cw sub6 sub4)", 
        "(cw sub7 sub3)", 
        "(cw sub8 sub7)", 
        "(cw sub5 sub8)", 
        "(cw sub2 sub5)", 
        "(cw sub4 sub2)", 
        "(= total-cost 0)", 
        "(inverted sub8)", 
        "(normal g54)", 
        "(cw sub3 g54)", 
        "(cw g54 sub1)", 
        "(cw sub1 sub6)", 
        "(idle)"
      ], 
      "delete_list": [
        "(last-cut-point sub3)", 
        "(finished)"
      ]
    }, 
    {
      "action": "(begin-cut sub4 sub2)", 
      "add_list": [
        "(cutting)", 
        "(cut-point-1 sub4)", 
        "(last-cut-point sub4)", 
        "(s-first sub2)", 
        "(s-last sub2)"
      ], 
      "state": 9, 
      "literals": [
        "(normal sub4)", 
        "(normal sub2)", 
        "(normal sub5)", 
        "(normal sub7)", 
        "(normal sub3)", 
        "(normal sub1)", 
        "(normal sub6)", 
        "(present sub4)", 
        "(present sub2)", 
        "(present sub5)", 
        "(present sub8)", 
        "(present sub7)", 
        "(present sub3)", 
        "(present sub1)", 
        "(present g54)", 
        "(present sub6)", 
        "(cw sub6 sub4)", 
        "(cw sub7 sub3)", 
        "(cw sub8 sub7)", 
        "(cw sub5 sub8)", 
        "(cw sub2 sub5)", 
        "(= total-cost 0)", 
        "(inverted sub8)", 
        "(normal g54)", 
        "(cw sub3 g54)", 
        "(cw g54 sub1)", 
        "(cw sub1 sub6)", 
        "(cutting)", 
        "(cut-point-1 sub4)", 
        "(last-cut-point sub4)", 
        "(s-first sub2)", 
        "(s-last sub2)"
      ], 
      "delete_list": [
        "(idle)", 
        "(cw sub4 sub2)"
      ]
    }, 
    {
      "action": "(end-cut-1 sub2 sub5)", 
      "add_list": [
        "(cut-point-2 sub5)"
      ], 
      "state": 10, 
      "literals": [
        "(normal sub4)", 
        "(normal sub2)", 
        "(normal sub5)", 
        "(normal sub7)", 
        "(normal sub3)", 
        "(normal sub1)", 
        "(normal sub6)", 
        "(present sub4)", 
        "(present sub2)", 
        "(present sub5)", 
        "(present sub8)", 
        "(present sub7)", 
        "(present sub3)", 
        "(present sub1)", 
        "(present g54)", 
        "(present sub6)", 
        "(cw sub6 sub4)", 
        "(cw sub7 sub3)", 
        "(cw sub8 sub7)", 
        "(cw sub5 sub8)", 
        "(= total-cost 0)", 
        "(inverted sub8)", 
        "(normal g54)", 
        "(cw sub3 g54)", 
        "(cw g54 sub1)", 
        "(cw sub1 sub6)", 
        "(cutting)", 
        "(cut-point-1 sub4)", 
        "(last-cut-point sub4)", 
        "(s-first sub2)", 
        "(s-last sub2)", 
        "(cut-point-2 sub5)"
      ], 
      "delete_list": [
        "(cw sub2 sub5)"
      ]
    }, 
    {
      "action": "(end-cut-2 sub4 sub5)", 
      "add_list": [
        "(have-cut)", 
        "(cw sub4 sub5)"
      ], 
      "state": 11, 
      "literals": [
        "(normal sub4)", 
        "(normal sub2)", 
        "(normal sub5)", 
        "(normal sub7)", 
        "(normal sub3)", 
        "(normal sub1)", 
        "(normal sub6)", 
        "(present sub4)", 
        "(present sub2)", 
        "(present sub5)", 
        "(present sub8)", 
        "(present sub7)", 
        "(present sub3)", 
        "(present sub1)", 
        "(present g54)", 
        "(present sub6)", 
        "(cw sub6 sub4)", 
        "(cw sub7 sub3)", 
        "(cw sub8 sub7)", 
        "(cw sub5 sub8)", 
        "(= total-cost 0)", 
        "(inverted sub8)", 
        "(normal g54)", 
        "(cw sub3 g54)", 
        "(cw g54 sub1)", 
        "(cw sub1 sub6)", 
        "(last-cut-point sub4)", 
        "(s-first sub2)", 
        "(s-last sub2)", 
        "(have-cut)", 
        "(cw sub4 sub5)"
      ], 
      "delete_list": [
        "(cutting)", 
        "(cut-point-1 sub4)", 
        "(cut-point-2 sub5)"
      ]
    }, 
    {
      "action": "(begin-transpose-splice sub7 sub3)", 
      "add_list": [
        "(splicing)", 
        "(splice-point-1 sub7)", 
        "(splice-point-2 sub3)"
      ], 
      "state": 12, 
      "literals": [
        "(normal sub4)", 
        "(normal sub2)", 
        "(normal sub5)", 
        "(normal sub7)", 
        "(normal sub3)", 
        "(normal sub1)", 
        "(normal sub6)", 
        "(present sub4)", 
        "(present sub2)", 
        "(present sub5)", 
        "(present sub8)", 
        "(present sub7)", 
        "(present sub3)", 
        "(present sub1)", 
        "(present g54)", 
        "(present sub6)", 
        "(cw sub6 sub4)", 
        "(cw sub8 sub7)", 
        "(cw sub5 sub8)", 
        "(= total-cost 0)", 
        "(inverted sub8)", 
        "(normal g54)", 
        "(cw sub3 g54)", 
        "(cw g54 sub1)", 
        "(cw sub1 sub6)", 
        "(last-cut-point sub4)", 
        "(s-first sub2)", 
        "(s-last sub2)", 
        "(cw sub4 sub5)", 
        "(splicing)", 
        "(splice-point-1 sub7)", 
        "(splice-point-2 sub3)"
      ], 
      "delete_list": [
        "(have-cut)", 
        "(cw sub7 sub3)"
      ]
    }, 
    {
      "action": "(end-splice-1 sub2 sub7)", 
      "add_list": [
        "(splicing-last)", 
        "(cw sub7 sub2)", 
        "(splice-point-1 sub2)"
      ], 
      "state": 13, 
      "literals": [
        "(normal sub4)", 
        "(normal sub2)", 
        "(normal sub5)", 
        "(normal sub7)", 
        "(normal sub3)", 
        "(normal sub1)", 
        "(normal sub6)", 
        "(present sub4)", 
        "(present sub2)", 
        "(present sub5)", 
        "(present sub8)", 
        "(present sub7)", 
        "(present sub3)", 
        "(present sub1)", 
        "(present g54)", 
        "(present sub6)", 
        "(cw sub6 sub4)", 
        "(cw sub8 sub7)", 
        "(cw sub5 sub8)", 
        "(= total-cost 0)", 
        "(inverted sub8)", 
        "(normal g54)", 
        "(cw sub3 g54)", 
        "(cw g54 sub1)", 
        "(cw sub1 sub6)", 
        "(last-cut-point sub4)", 
        "(cw sub4 sub5)", 
        "(splice-point-2 sub3)", 
        "(splicing-last)", 
        "(cw sub7 sub2)", 
        "(splice-point-1 sub2)"
      ], 
      "delete_list": [
        "(splicing)", 
        "(s-first sub2)", 
        "(s-last sub2)", 
        "(splice-point-1 sub7)"
      ]
    }, 
    {
      "action": "(end-splice-2 sub2 sub3)", 
      "add_list": [
        "(finished)", 
        "(cw sub2 sub3)"
      ], 
      "state": 14, 
      "literals": [
        "(normal sub4)", 
        "(normal sub2)", 
        "(normal sub5)", 
        "(normal sub7)", 
        "(normal sub3)", 
        "(normal sub1)", 
        "(normal sub6)", 
        "(present sub4)", 
        "(present sub2)", 
        "(present sub5)", 
        "(present sub8)", 
        "(present sub7)", 
        "(present sub3)", 
        "(present sub1)", 
        "(present g54)", 
        "(present sub6)", 
        "(cw sub6 sub4)", 
        "(cw sub8 sub7)", 
        "(cw sub5 sub8)", 
        "(= total-cost 0)", 
        "(inverted sub8)", 
        "(normal g54)", 
        "(cw sub3 g54)", 
        "(cw g54 sub1)", 
        "(cw sub1 sub6)", 
        "(last-cut-point sub4)", 
        "(cw sub4 sub5)", 
        "(cw sub7 sub2)", 
        "(finished)", 
        "(cw sub2 sub3)"
      ], 
      "delete_list": [
        "(splicing-last)", 
        "(splice-point-1 sub2)", 
        "(splice-point-2 sub3)"
      ]
    }
  ], 
  "domain_id": 22
}