{
  "domain": "ged", 
  "inital_state": [
    "(normal sub2)", 
    "(normal sub4)", 
    "(normal sub3)", 
    "(normal g40)", 
    "(normal sub5)", 
    "(normal sub1)", 
    "(present sub2)", 
    "(present sub4)", 
    "(present sub3)", 
    "(present g40)", 
    "(present sub5)", 
    "(present sub1)", 
    "(cw sub1 sub2)", 
    "(cw sub5 sub1)", 
    "(cw g40 sub5)", 
    "(cw sub3 g40)", 
    "(cw sub4 sub3)", 
    "(cw sub2 sub4)", 
    "(idle)", 
    "(= total-cost 0)"
  ], 
  "negative_goals": [], 
  "problem_id": 716, 
  "positive_goals": [
    "(normal sub2)", 
    "(inverted sub4)", 
    "(normal g40)", 
    "(inverted sub3)", 
    "(inverted sub5)", 
    "(normal sub1)", 
    "(cw sub1 sub2)", 
    "(cw sub5 sub1)", 
    "(cw sub3 sub5)", 
    "(cw g40 sub3)", 
    "(cw sub4 g40)", 
    "(cw sub2 sub4)"
  ], 
  "plan_length": 9, 
  "plan_literals": [
    {
      "action": "(invert-single-gene-a sub5)", 
      "add_list": [
        "(inverted sub5)"
      ], 
      "state": 0, 
      "literals": [
        "(normal sub2)", 
        "(normal sub4)", 
        "(normal sub3)", 
        "(normal g40)", 
        "(normal sub1)", 
        "(present sub2)", 
        "(present sub4)", 
        "(present sub3)", 
        "(present g40)", 
        "(present sub5)", 
        "(present sub1)", 
        "(cw sub1 sub2)", 
        "(cw sub5 sub1)", 
        "(cw g40 sub5)", 
        "(cw sub3 g40)", 
        "(cw sub4 sub3)", 
        "(cw sub2 sub4)", 
        "(idle)", 
        "(= total-cost 0)", 
        "(inverted sub5)"
      ], 
      "delete_list": [
        "(normal sub5)"
      ]
    }, 
    {
      "action": "(invert-single-gene-a sub4)", 
      "add_list": [
        "(inverted sub4)"
      ], 
      "state": 1, 
      "literals": [
        "(normal sub2)", 
        "(normal sub3)", 
        "(normal g40)", 
        "(normal sub1)", 
        "(present sub2)", 
        "(present sub4)", 
        "(present sub3)", 
        "(present g40)", 
        "(present sub5)", 
        "(present sub1)", 
        "(cw sub1 sub2)", 
        "(cw sub5 sub1)", 
        "(cw g40 sub5)", 
        "(cw sub3 g40)", 
        "(cw sub4 sub3)", 
        "(cw sub2 sub4)", 
        "(idle)", 
        "(= total-cost 0)", 
        "(inverted sub5)", 
        "(inverted sub4)"
      ], 
      "delete_list": [
        "(normal sub4)"
      ]
    }, 
    {
      "action": "(invert-single-gene-a sub3)", 
      "add_list": [
        "(inverted sub3)"
      ], 
      "state": 2, 
      "literals": [
        "(normal sub2)", 
        "(normal g40)", 
        "(normal sub1)", 
        "(present sub2)", 
        "(present sub4)", 
        "(present sub3)", 
        "(present g40)", 
        "(present sub5)", 
        "(present sub1)", 
        "(cw sub1 sub2)", 
        "(cw sub5 sub1)", 
        "(cw g40 sub5)", 
        "(cw sub3 g40)", 
        "(cw sub4 sub3)", 
        "(cw sub2 sub4)", 
        "(idle)", 
        "(= total-cost 0)", 
        "(inverted sub5)", 
        "(inverted sub4)", 
        "(inverted sub3)"
      ], 
      "delete_list": [
        "(normal sub3)"
      ]
    }, 
    {
      "action": "(begin-cut sub4 sub3)", 
      "add_list": [
        "(cutting)", 
        "(cut-point-1 sub4)", 
        "(last-cut-point sub4)", 
        "(s-first sub3)", 
        "(s-last sub3)"
      ], 
      "state": 3, 
      "literals": [
        "(normal sub2)", 
        "(normal g40)", 
        "(normal sub1)", 
        "(present sub2)", 
        "(present sub4)", 
        "(present sub3)", 
        "(present g40)", 
        "(present sub5)", 
        "(present sub1)", 
        "(cw sub1 sub2)", 
        "(cw sub5 sub1)", 
        "(cw g40 sub5)", 
        "(cw sub3 g40)", 
        "(cw sub2 sub4)", 
        "(= total-cost 0)", 
        "(inverted sub5)", 
        "(inverted sub4)", 
        "(inverted sub3)", 
        "(cutting)", 
        "(cut-point-1 sub4)", 
        "(last-cut-point sub4)", 
        "(s-first sub3)", 
        "(s-last sub3)"
      ], 
      "delete_list": [
        "(idle)", 
        "(cw sub4 sub3)"
      ]
    }, 
    {
      "action": "(end-cut-1 sub3 g40)", 
      "add_list": [
        "(cut-point-2 g40)"
      ], 
      "state": 4, 
      "literals": [
        "(normal sub2)", 
        "(normal g40)", 
        "(normal sub1)", 
        "(present sub2)", 
        "(present sub4)", 
        "(present sub3)", 
        "(present g40)", 
        "(present sub5)", 
        "(present sub1)", 
        "(cw sub1 sub2)", 
        "(cw sub5 sub1)", 
        "(cw g40 sub5)", 
        "(cw sub2 sub4)", 
        "(= total-cost 0)", 
        "(inverted sub5)", 
        "(inverted sub4)", 
        "(inverted sub3)", 
        "(cutting)", 
        "(cut-point-1 sub4)", 
        "(last-cut-point sub4)", 
        "(s-first sub3)", 
        "(s-last sub3)", 
        "(cut-point-2 g40)"
      ], 
      "delete_list": [
        "(cw sub3 g40)"
      ]
    }, 
    {
      "action": "(end-cut-2 sub4 g40)", 
      "add_list": [
        "(have-cut)", 
        "(cw sub4 g40)"
      ], 
      "state": 5, 
      "literals": [
        "(normal sub2)", 
        "(normal g40)", 
        "(normal sub1)", 
        "(present sub2)", 
        "(present sub4)", 
        "(present sub3)", 
        "(present g40)", 
        "(present sub5)", 
        "(present sub1)", 
        "(cw sub1 sub2)", 
        "(cw sub5 sub1)", 
        "(cw g40 sub5)", 
        "(cw sub2 sub4)", 
        "(= total-cost 0)", 
        "(inverted sub5)", 
        "(inverted sub4)", 
        "(inverted sub3)", 
        "(last-cut-point sub4)", 
        "(s-first sub3)", 
        "(s-last sub3)", 
        "(have-cut)", 
        "(cw sub4 g40)"
      ], 
      "delete_list": [
        "(cutting)", 
        "(cut-point-1 sub4)", 
        "(cut-point-2 g40)"
      ]
    }, 
    {
      "action": "(begin-transpose-splice g40 sub5)", 
      "add_list": [
        "(splicing)", 
        "(splice-point-1 g40)", 
        "(splice-point-2 sub5)"
      ], 
      "state": 6, 
      "literals": [
        "(normal sub2)", 
        "(normal g40)", 
        "(normal sub1)", 
        "(present sub2)", 
        "(present sub4)", 
        "(present sub3)", 
        "(present g40)", 
        "(present sub5)", 
        "(present sub1)", 
        "(cw sub1 sub2)", 
        "(cw sub5 sub1)", 
        "(cw sub2 sub4)", 
        "(= total-cost 0)", 
        "(inverted sub5)", 
        "(inverted sub4)", 
        "(inverted sub3)", 
        "(last-cut-point sub4)", 
        "(s-first sub3)", 
        "(s-last sub3)", 
        "(cw sub4 g40)", 
        "(splicing)", 
        "(splice-point-1 g40)", 
        "(splice-point-2 sub5)"
      ], 
      "delete_list": [
        "(have-cut)", 
        "(cw g40 sub5)"
      ]
    }, 
    {
      "action": "(end-splice-1 sub3 g40)", 
      "add_list": [
        "(splicing-last)", 
        "(cw g40 sub3)", 
        "(splice-point-1 sub3)"
      ], 
      "state": 7, 
      "literals": [
        "(normal sub2)", 
        "(normal g40)", 
        "(normal sub1)", 
        "(present sub2)", 
        "(present sub4)", 
        "(present sub3)", 
        "(present g40)", 
        "(present sub5)", 
        "(present sub1)", 
        "(cw sub1 sub2)", 
        "(cw sub5 sub1)", 
        "(cw sub2 sub4)", 
        "(= total-cost 0)", 
        "(inverted sub5)", 
        "(inverted sub4)", 
        "(inverted sub3)", 
        "(last-cut-point sub4)", 
        "(cw sub4 g40)", 
        "(splice-point-2 sub5)", 
        "(splicing-last)", 
        "(cw g40 sub3)", 
        "(splice-point-1 sub3)"
      ], 
      "delete_list": [
        "(splicing)", 
        "(s-first sub3)", 
        "(s-last sub3)", 
        "(splice-point-1 g40)"
      ]
    }, 
    {
      "action": "(end-splice-2 sub3 sub5)", 
      "add_list": [
        "(finished)", 
        "(cw sub3 sub5)"
      ], 
      "state": 8, 
      "literals": [
        "(normal sub2)", 
        "(normal g40)", 
        "(normal sub1)", 
        "(present sub2)", 
        "(present sub4)", 
        "(present sub3)", 
        "(present g40)", 
        "(present sub5)", 
        "(present sub1)", 
        "(cw sub1 sub2)", 
        "(cw sub5 sub1)", 
        "(cw sub2 sub4)", 
        "(= total-cost 0)", 
        "(inverted sub5)", 
        "(inverted sub4)", 
        "(inverted sub3)", 
        "(last-cut-point sub4)", 
        "(cw sub4 g40)", 
        "(cw g40 sub3)", 
        "(finished)", 
        "(cw sub3 sub5)"
      ], 
      "delete_list": [
        "(splicing-last)", 
        "(splice-point-1 sub3)", 
        "(splice-point-2 sub5)"
      ]
    }
  ], 
  "domain_id": 22
}