{
  "domain": "ged", 
  "inital_state": [
    "(normal sub2)", 
    "(normal sub3)", 
    "(normal g40)", 
    "(normal sub4)", 
    "(normal sub1)", 
    "(present sub2)", 
    "(present sub3)", 
    "(present g40)", 
    "(present sub4)", 
    "(present sub1)", 
    "(cw sub1 sub2)", 
    "(cw sub4 sub1)", 
    "(cw g40 sub4)", 
    "(cw sub3 g40)", 
    "(cw sub2 sub3)", 
    "(idle)", 
    "(= total-cost 0)"
  ], 
  "negative_goals": [], 
  "problem_id": 717, 
  "positive_goals": [
    "(normal sub2)", 
    "(normal g40)", 
    "(inverted sub3)", 
    "(inverted sub4)", 
    "(normal sub1)", 
    "(cw sub1 sub2)", 
    "(cw sub4 sub1)", 
    "(cw sub3 sub4)", 
    "(cw g40 sub3)", 
    "(cw sub2 g40)"
  ], 
  "plan_length": 8, 
  "plan_literals": [
    {
      "action": "(invert-single-gene-a sub4)", 
      "add_list": [
        "(inverted sub4)"
      ], 
      "state": 0, 
      "literals": [
        "(normal sub2)", 
        "(normal sub3)", 
        "(normal g40)", 
        "(normal sub1)", 
        "(present sub2)", 
        "(present sub3)", 
        "(present g40)", 
        "(present sub4)", 
        "(present sub1)", 
        "(cw sub1 sub2)", 
        "(cw sub4 sub1)", 
        "(cw g40 sub4)", 
        "(cw sub3 g40)", 
        "(cw sub2 sub3)", 
        "(idle)", 
        "(= total-cost 0)", 
        "(inverted sub4)"
      ], 
      "delete_list": [
        "(normal sub4)"
      ]
    }, 
    {
      "action": "(invert-single-gene-a sub3)", 
      "add_list": [
        "(inverted sub3)"
      ], 
      "state": 1, 
      "literals": [
        "(normal sub2)", 
        "(normal g40)", 
        "(normal sub1)", 
        "(present sub2)", 
        "(present sub3)", 
        "(present g40)", 
        "(present sub4)", 
        "(present sub1)", 
        "(cw sub1 sub2)", 
        "(cw sub4 sub1)", 
        "(cw g40 sub4)", 
        "(cw sub3 g40)", 
        "(cw sub2 sub3)", 
        "(idle)", 
        "(= total-cost 0)", 
        "(inverted sub4)", 
        "(inverted sub3)"
      ], 
      "delete_list": [
        "(normal sub3)"
      ]
    }, 
    {
      "action": "(begin-cut sub2 sub3)", 
      "add_list": [
        "(cutting)", 
        "(cut-point-1 sub2)", 
        "(last-cut-point sub2)", 
        "(s-first sub3)", 
        "(s-last sub3)"
      ], 
      "state": 2, 
      "literals": [
        "(normal sub2)", 
        "(normal g40)", 
        "(normal sub1)", 
        "(present sub2)", 
        "(present sub3)", 
        "(present g40)", 
        "(present sub4)", 
        "(present sub1)", 
        "(cw sub1 sub2)", 
        "(cw sub4 sub1)", 
        "(cw g40 sub4)", 
        "(cw sub3 g40)", 
        "(= total-cost 0)", 
        "(inverted sub4)", 
        "(inverted sub3)", 
        "(cutting)", 
        "(cut-point-1 sub2)", 
        "(last-cut-point sub2)", 
        "(s-first sub3)", 
        "(s-last sub3)"
      ], 
      "delete_list": [
        "(idle)", 
        "(cw sub2 sub3)"
      ]
    }, 
    {
      "action": "(end-cut-1 sub3 g40)", 
      "add_list": [
        "(cut-point-2 g40)"
      ], 
      "state": 3, 
      "literals": [
        "(normal sub2)", 
        "(normal g40)", 
        "(normal sub1)", 
        "(present sub2)", 
        "(present sub3)", 
        "(present g40)", 
        "(present sub4)", 
        "(present sub1)", 
        "(cw sub1 sub2)", 
        "(cw sub4 sub1)", 
        "(cw g40 sub4)", 
        "(= total-cost 0)", 
        "(inverted sub4)", 
        "(inverted sub3)", 
        "(cutting)", 
        "(cut-point-1 sub2)", 
        "(last-cut-point sub2)", 
        "(s-first sub3)", 
        "(s-last sub3)", 
        "(cut-point-2 g40)"
      ], 
      "delete_list": [
        "(cw sub3 g40)"
      ]
    }, 
    {
      "action": "(end-cut-2 sub2 g40)", 
      "add_list": [
        "(have-cut)", 
        "(cw sub2 g40)"
      ], 
      "state": 4, 
      "literals": [
        "(normal sub2)", 
        "(normal g40)", 
        "(normal sub1)", 
        "(present sub2)", 
        "(present sub3)", 
        "(present g40)", 
        "(present sub4)", 
        "(present sub1)", 
        "(cw sub1 sub2)", 
        "(cw sub4 sub1)", 
        "(cw g40 sub4)", 
        "(= total-cost 0)", 
        "(inverted sub4)", 
        "(inverted sub3)", 
        "(last-cut-point sub2)", 
        "(s-first sub3)", 
        "(s-last sub3)", 
        "(have-cut)", 
        "(cw sub2 g40)"
      ], 
      "delete_list": [
        "(cutting)", 
        "(cut-point-1 sub2)", 
        "(cut-point-2 g40)"
      ]
    }, 
    {
      "action": "(begin-transpose-splice g40 sub4)", 
      "add_list": [
        "(splicing)", 
        "(splice-point-1 g40)", 
        "(splice-point-2 sub4)"
      ], 
      "state": 5, 
      "literals": [
        "(normal sub2)", 
        "(normal g40)", 
        "(normal sub1)", 
        "(present sub2)", 
        "(present sub3)", 
        "(present g40)", 
        "(present sub4)", 
        "(present sub1)", 
        "(cw sub1 sub2)", 
        "(cw sub4 sub1)", 
        "(= total-cost 0)", 
        "(inverted sub4)", 
        "(inverted sub3)", 
        "(last-cut-point sub2)", 
        "(s-first sub3)", 
        "(s-last sub3)", 
        "(cw sub2 g40)", 
        "(splicing)", 
        "(splice-point-1 g40)", 
        "(splice-point-2 sub4)"
      ], 
      "delete_list": [
        "(have-cut)", 
        "(cw g40 sub4)"
      ]
    }, 
    {
      "action": "(end-splice-1 sub3 g40)", 
      "add_list": [
        "(splicing-last)", 
        "(cw g40 sub3)", 
        "(splice-point-1 sub3)"
      ], 
      "state": 6, 
      "literals": [
        "(normal sub2)", 
        "(normal g40)", 
        "(normal sub1)", 
        "(present sub2)", 
        "(present sub3)", 
        "(present g40)", 
        "(present sub4)", 
        "(present sub1)", 
        "(cw sub1 sub2)", 
        "(cw sub4 sub1)", 
        "(= total-cost 0)", 
        "(inverted sub4)", 
        "(inverted sub3)", 
        "(last-cut-point sub2)", 
        "(cw sub2 g40)", 
        "(splice-point-2 sub4)", 
        "(splicing-last)", 
        "(cw g40 sub3)", 
        "(splice-point-1 sub3)"
      ], 
      "delete_list": [
        "(splicing)", 
        "(s-first sub3)", 
        "(s-last sub3)", 
        "(splice-point-1 g40)"
      ]
    }, 
    {
      "action": "(end-splice-2 sub3 sub4)", 
      "add_list": [
        "(finished)", 
        "(cw sub3 sub4)"
      ], 
      "state": 7, 
      "literals": [
        "(normal sub2)", 
        "(normal g40)", 
        "(normal sub1)", 
        "(present sub2)", 
        "(present sub3)", 
        "(present g40)", 
        "(present sub4)", 
        "(present sub1)", 
        "(cw sub1 sub2)", 
        "(cw sub4 sub1)", 
        "(= total-cost 0)", 
        "(inverted sub4)", 
        "(inverted sub3)", 
        "(last-cut-point sub2)", 
        "(cw sub2 g40)", 
        "(cw g40 sub3)", 
        "(finished)", 
        "(cw sub3 sub4)"
      ], 
      "delete_list": [
        "(splicing-last)", 
        "(splice-point-1 sub3)", 
        "(splice-point-2 sub4)"
      ]
    }
  ], 
  "domain_id": 22
}