{
  "domain": "driverlog", 
  "inital_state": [
    "(at driver1 s1)", 
    "(driver driver1)", 
    "(at driver2 s0)", 
    "(driver driver2)", 
    "(at truck1 s1)", 
    "(empty truck1)", 
    "(truck truck1)", 
    "(at truck2 s2)", 
    "(empty truck2)", 
    "(truck truck2)", 
    "(at package1 s0)", 
    "(obj package1)", 
    "(at package2 s0)", 
    "(obj package2)", 
    "(at package3 s1)", 
    "(obj package3)", 
    "(at package4 s1)", 
    "(obj package4)", 
    "(location s0)", 
    "(location s1)", 
    "(location s2)", 
    "(location p0-1)", 
    "(location p2-0)", 
    "(location p2-1)", 
    "(path s0 p0-1)", 
    "(path p0-1 s0)", 
    "(path s1 p0-1)", 
    "(path p0-1 s1)", 
    "(path s2 p2-0)", 
    "(path p2-0 s2)", 
    "(path s0 p2-0)", 
    "(path p2-0 s0)", 
    "(path s2 p2-1)", 
    "(path p2-1 s2)", 
    "(path s1 p2-1)", 
    "(path p2-1 s1)", 
    "(link s1 s0)", 
    "(link s0 s1)", 
    "(link s1 s2)", 
    "(link s2 s1)", 
    "(link s2 s0)", 
    "(link s0 s2)"
  ], 
  "negative_goals": [], 
  "problem_id": 2701, 
  "positive_goals": [
    "(at driver2 s2)", 
    "(at truck1 s1)", 
    "(at truck2 s2)", 
    "(at package1 s1)", 
    "(at package2 s1)", 
    "(at package3 s2)"
  ], 
  "plan_length": 13, 
  "plan_literals": [
    {
      "action": "(board-truck driver1 truck1 s1)", 
      "add_list": [
        "(driving driver1 truck1)"
      ], 
      "state": 0, 
      "literals": [
        "(driver driver1)", 
        "(at driver2 s0)", 
        "(driver driver2)", 
        "(at truck1 s1)", 
        "(truck truck1)", 
        "(at truck2 s2)", 
        "(empty truck2)", 
        "(truck truck2)", 
        "(at package1 s0)", 
        "(obj package1)", 
        "(at package2 s0)", 
        "(obj package2)", 
        "(at package3 s1)", 
        "(obj package3)", 
        "(at package4 s1)", 
        "(obj package4)", 
        "(location s0)", 
        "(location s1)", 
        "(location s2)", 
        "(location p0-1)", 
        "(location p2-0)", 
        "(location p2-1)", 
        "(path s0 p0-1)", 
        "(path p0-1 s0)", 
        "(path s1 p0-1)", 
        "(path p0-1 s1)", 
        "(path s2 p2-0)", 
        "(path p2-0 s2)", 
        "(path s0 p2-0)", 
        "(path p2-0 s0)", 
        "(path s2 p2-1)", 
        "(path p2-1 s2)", 
        "(path s1 p2-1)", 
        "(path p2-1 s1)", 
        "(link s1 s0)", 
        "(link s0 s1)", 
        "(link s1 s2)", 
        "(link s2 s1)", 
        "(link s2 s0)", 
        "(link s0 s2)", 
        "(driving driver1 truck1)"
      ], 
      "delete_list": [
        "(at driver1 s1)", 
        "(empty truck1)"
      ]
    }, 
    {
      "action": "(load-truck package3 truck1 s1)", 
      "add_list": [
        "(in package3 truck1)"
      ], 
      "state": 1, 
      "literals": [
        "(driver driver1)", 
        "(at driver2 s0)", 
        "(driver driver2)", 
        "(at truck1 s1)", 
        "(truck truck1)", 
        "(at truck2 s2)", 
        "(empty truck2)", 
        "(truck truck2)", 
        "(at package1 s0)", 
        "(obj package1)", 
        "(at package2 s0)", 
        "(obj package2)", 
        "(obj package3)", 
        "(at package4 s1)", 
        "(obj package4)", 
        "(location s0)", 
        "(location s1)", 
        "(location s2)", 
        "(location p0-1)", 
        "(location p2-0)", 
        "(location p2-1)", 
        "(path s0 p0-1)", 
        "(path p0-1 s0)", 
        "(path s1 p0-1)", 
        "(path p0-1 s1)", 
        "(path s2 p2-0)", 
        "(path p2-0 s2)", 
        "(path s0 p2-0)", 
        "(path p2-0 s0)", 
        "(path s2 p2-1)", 
        "(path p2-1 s2)", 
        "(path s1 p2-1)", 
        "(path p2-1 s1)", 
        "(link s1 s0)", 
        "(link s0 s1)", 
        "(link s1 s2)", 
        "(link s2 s1)", 
        "(link s2 s0)", 
        "(link s0 s2)", 
        "(driving driver1 truck1)", 
        "(in package3 truck1)"
      ], 
      "delete_list": [
        "(at package3 s1)"
      ]
    }, 
    {
      "action": "(walk driver2 s0 p2-0)", 
      "add_list": [
        "(at driver2 p2-0)"
      ], 
      "state": 2, 
      "literals": [
        "(driver driver1)", 
        "(driver driver2)", 
        "(at truck1 s1)", 
        "(truck truck1)", 
        "(at truck2 s2)", 
        "(empty truck2)", 
        "(truck truck2)", 
        "(at package1 s0)", 
        "(obj package1)", 
        "(at package2 s0)", 
        "(obj package2)", 
        "(obj package3)", 
        "(at package4 s1)", 
        "(obj package4)", 
        "(location s0)", 
        "(location s1)", 
        "(location s2)", 
        "(location p0-1)", 
        "(location p2-0)", 
        "(location p2-1)", 
        "(path s0 p0-1)", 
        "(path p0-1 s0)", 
        "(path s1 p0-1)", 
        "(path p0-1 s1)", 
        "(path s2 p2-0)", 
        "(path p2-0 s2)", 
        "(path s0 p2-0)", 
        "(path p2-0 s0)", 
        "(path s2 p2-1)", 
        "(path p2-1 s2)", 
        "(path s1 p2-1)", 
        "(path p2-1 s1)", 
        "(link s1 s0)", 
        "(link s0 s1)", 
        "(link s1 s2)", 
        "(link s2 s1)", 
        "(link s2 s0)", 
        "(link s0 s2)", 
        "(driving driver1 truck1)", 
        "(in package3 truck1)", 
        "(at driver2 p2-0)"
      ], 
      "delete_list": [
        "(at driver2 s0)"
      ]
    }, 
    {
      "action": "(walk driver2 p2-0 s2)", 
      "add_list": [
        "(at driver2 s2)"
      ], 
      "state": 3, 
      "literals": [
        "(driver driver1)", 
        "(driver driver2)", 
        "(at truck1 s1)", 
        "(truck truck1)", 
        "(at truck2 s2)", 
        "(empty truck2)", 
        "(truck truck2)", 
        "(at package1 s0)", 
        "(obj package1)", 
        "(at package2 s0)", 
        "(obj package2)", 
        "(obj package3)", 
        "(at package4 s1)", 
        "(obj package4)", 
        "(location s0)", 
        "(location s1)", 
        "(location s2)", 
        "(location p0-1)", 
        "(location p2-0)", 
        "(location p2-1)", 
        "(path s0 p0-1)", 
        "(path p0-1 s0)", 
        "(path s1 p0-1)", 
        "(path p0-1 s1)", 
        "(path s2 p2-0)", 
        "(path p2-0 s2)", 
        "(path s0 p2-0)", 
        "(path p2-0 s0)", 
        "(path s2 p2-1)", 
        "(path p2-1 s2)", 
        "(path s1 p2-1)", 
        "(path p2-1 s1)", 
        "(link s1 s0)", 
        "(link s0 s1)", 
        "(link s1 s2)", 
        "(link s2 s1)", 
        "(link s2 s0)", 
        "(link s0 s2)", 
        "(driving driver1 truck1)", 
        "(in package3 truck1)", 
        "(at driver2 s2)"
      ], 
      "delete_list": [
        "(at driver2 p2-0)"
      ]
    }, 
    {
      "action": "(drive-truck truck1 s1 s0 driver1)", 
      "add_list": [
        "(at truck1 s0)"
      ], 
      "state": 4, 
      "literals": [
        "(driver driver1)", 
        "(driver driver2)", 
        "(truck truck1)", 
        "(at truck2 s2)", 
        "(empty truck2)", 
        "(truck truck2)", 
        "(at package1 s0)", 
        "(obj package1)", 
        "(at package2 s0)", 
        "(obj package2)", 
        "(obj package3)", 
        "(at package4 s1)", 
        "(obj package4)", 
        "(location s0)", 
        "(location s1)", 
        "(location s2)", 
        "(location p0-1)", 
        "(location p2-0)", 
        "(location p2-1)", 
        "(path s0 p0-1)", 
        "(path p0-1 s0)", 
        "(path s1 p0-1)", 
        "(path p0-1 s1)", 
        "(path s2 p2-0)", 
        "(path p2-0 s2)", 
        "(path s0 p2-0)", 
        "(path p2-0 s0)", 
        "(path s2 p2-1)", 
        "(path p2-1 s2)", 
        "(path s1 p2-1)", 
        "(path p2-1 s1)", 
        "(link s1 s0)", 
        "(link s0 s1)", 
        "(link s1 s2)", 
        "(link s2 s1)", 
        "(link s2 s0)", 
        "(link s0 s2)", 
        "(driving driver1 truck1)", 
        "(in package3 truck1)", 
        "(at driver2 s2)", 
        "(at truck1 s0)"
      ], 
      "delete_list": [
        "(at truck1 s1)"
      ]
    }, 
    {
      "action": "(load-truck package2 truck1 s0)", 
      "add_list": [
        "(in package2 truck1)"
      ], 
      "state": 5, 
      "literals": [
        "(driver driver1)", 
        "(driver driver2)", 
        "(truck truck1)", 
        "(at truck2 s2)", 
        "(empty truck2)", 
        "(truck truck2)", 
        "(at package1 s0)", 
        "(obj package1)", 
        "(obj package2)", 
        "(obj package3)", 
        "(at package4 s1)", 
        "(obj package4)", 
        "(location s0)", 
        "(location s1)", 
        "(location s2)", 
        "(location p0-1)", 
        "(location p2-0)", 
        "(location p2-1)", 
        "(path s0 p0-1)", 
        "(path p0-1 s0)", 
        "(path s1 p0-1)", 
        "(path p0-1 s1)", 
        "(path s2 p2-0)", 
        "(path p2-0 s2)", 
        "(path s0 p2-0)", 
        "(path p2-0 s0)", 
        "(path s2 p2-1)", 
        "(path p2-1 s2)", 
        "(path s1 p2-1)", 
        "(path p2-1 s1)", 
        "(link s1 s0)", 
        "(link s0 s1)", 
        "(link s1 s2)", 
        "(link s2 s1)", 
        "(link s2 s0)", 
        "(link s0 s2)", 
        "(driving driver1 truck1)", 
        "(in package3 truck1)", 
        "(at driver2 s2)", 
        "(at truck1 s0)", 
        "(in package2 truck1)"
      ], 
      "delete_list": [
        "(at package2 s0)"
      ]
    }, 
    {
      "action": "(load-truck package1 truck1 s0)", 
      "add_list": [
        "(in package1 truck1)"
      ], 
      "state": 6, 
      "literals": [
        "(driver driver1)", 
        "(driver driver2)", 
        "(truck truck1)", 
        "(at truck2 s2)", 
        "(empty truck2)", 
        "(truck truck2)", 
        "(obj package1)", 
        "(obj package2)", 
        "(obj package3)", 
        "(at package4 s1)", 
        "(obj package4)", 
        "(location s0)", 
        "(location s1)", 
        "(location s2)", 
        "(location p0-1)", 
        "(location p2-0)", 
        "(location p2-1)", 
        "(path s0 p0-1)", 
        "(path p0-1 s0)", 
        "(path s1 p0-1)", 
        "(path p0-1 s1)", 
        "(path s2 p2-0)", 
        "(path p2-0 s2)", 
        "(path s0 p2-0)", 
        "(path p2-0 s0)", 
        "(path s2 p2-1)", 
        "(path p2-1 s2)", 
        "(path s1 p2-1)", 
        "(path p2-1 s1)", 
        "(link s1 s0)", 
        "(link s0 s1)", 
        "(link s1 s2)", 
        "(link s2 s1)", 
        "(link s2 s0)", 
        "(link s0 s2)", 
        "(driving driver1 truck1)", 
        "(in package3 truck1)", 
        "(at driver2 s2)", 
        "(at truck1 s0)", 
        "(in package2 truck1)", 
        "(in package1 truck1)"
      ], 
      "delete_list": [
        "(at package1 s0)"
      ]
    }, 
    {
      "action": "(drive-truck truck1 s0 s1 driver1)", 
      "add_list": [
        "(at truck1 s1)"
      ], 
      "state": 7, 
      "literals": [
        "(driver driver1)", 
        "(driver driver2)", 
        "(truck truck1)", 
        "(at truck2 s2)", 
        "(empty truck2)", 
        "(truck truck2)", 
        "(obj package1)", 
        "(obj package2)", 
        "(obj package3)", 
        "(at package4 s1)", 
        "(obj package4)", 
        "(location s0)", 
        "(location s1)", 
        "(location s2)", 
        "(location p0-1)", 
        "(location p2-0)", 
        "(location p2-1)", 
        "(path s0 p0-1)", 
        "(path p0-1 s0)", 
        "(path s1 p0-1)", 
        "(path p0-1 s1)", 
        "(path s2 p2-0)", 
        "(path p2-0 s2)", 
        "(path s0 p2-0)", 
        "(path p2-0 s0)", 
        "(path s2 p2-1)", 
        "(path p2-1 s2)", 
        "(path s1 p2-1)", 
        "(path p2-1 s1)", 
        "(link s1 s0)", 
        "(link s0 s1)", 
        "(link s1 s2)", 
        "(link s2 s1)", 
        "(link s2 s0)", 
        "(link s0 s2)", 
        "(driving driver1 truck1)", 
        "(in package3 truck1)", 
        "(at driver2 s2)", 
        "(in package2 truck1)", 
        "(in package1 truck1)", 
        "(at truck1 s1)"
      ], 
      "delete_list": [
        "(at truck1 s0)"
      ]
    }, 
    {
      "action": "(unload-truck package2 truck1 s1)", 
      "add_list": [
        "(at package2 s1)"
      ], 
      "state": 8, 
      "literals": [
        "(driver driver1)", 
        "(driver driver2)", 
        "(truck truck1)", 
        "(at truck2 s2)", 
        "(empty truck2)", 
        "(truck truck2)", 
        "(obj package1)", 
        "(obj package2)", 
        "(obj package3)", 
        "(at package4 s1)", 
        "(obj package4)", 
        "(location s0)", 
        "(location s1)", 
        "(location s2)", 
        "(location p0-1)", 
        "(location p2-0)", 
        "(location p2-1)", 
        "(path s0 p0-1)", 
        "(path p0-1 s0)", 
        "(path s1 p0-1)", 
        "(path p0-1 s1)", 
        "(path s2 p2-0)", 
        "(path p2-0 s2)", 
        "(path s0 p2-0)", 
        "(path p2-0 s0)", 
        "(path s2 p2-1)", 
        "(path p2-1 s2)", 
        "(path s1 p2-1)", 
        "(path p2-1 s1)", 
        "(link s1 s0)", 
        "(link s0 s1)", 
        "(link s1 s2)", 
        "(link s2 s1)", 
        "(link s2 s0)", 
        "(link s0 s2)", 
        "(driving driver1 truck1)", 
        "(in package3 truck1)", 
        "(at driver2 s2)", 
        "(in package1 truck1)", 
        "(at truck1 s1)", 
        "(at package2 s1)"
      ], 
      "delete_list": [
        "(in package2 truck1)"
      ]
    }, 
    {
      "action": "(unload-truck package1 truck1 s1)", 
      "add_list": [
        "(at package1 s1)"
      ], 
      "state": 9, 
      "literals": [
        "(driver driver1)", 
        "(driver driver2)", 
        "(truck truck1)", 
        "(at truck2 s2)", 
        "(empty truck2)", 
        "(truck truck2)", 
        "(obj package1)", 
        "(obj package2)", 
        "(obj package3)", 
        "(at package4 s1)", 
        "(obj package4)", 
        "(location s0)", 
        "(location s1)", 
        "(location s2)", 
        "(location p0-1)", 
        "(location p2-0)", 
        "(location p2-1)", 
        "(path s0 p0-1)", 
        "(path p0-1 s0)", 
        "(path s1 p0-1)", 
        "(path p0-1 s1)", 
        "(path s2 p2-0)", 
        "(path p2-0 s2)", 
        "(path s0 p2-0)", 
        "(path p2-0 s0)", 
        "(path s2 p2-1)", 
        "(path p2-1 s2)", 
        "(path s1 p2-1)", 
        "(path p2-1 s1)", 
        "(link s1 s0)", 
        "(link s0 s1)", 
        "(link s1 s2)", 
        "(link s2 s1)", 
        "(link s2 s0)", 
        "(link s0 s2)", 
        "(driving driver1 truck1)", 
        "(in package3 truck1)", 
        "(at driver2 s2)", 
        "(at truck1 s1)", 
        "(at package2 s1)", 
        "(at package1 s1)"
      ], 
      "delete_list": [
        "(in package1 truck1)"
      ]
    }, 
    {
      "action": "(drive-truck truck1 s1 s2 driver1)", 
      "add_list": [
        "(at truck1 s2)"
      ], 
      "state": 10, 
      "literals": [
        "(driver driver1)", 
        "(driver driver2)", 
        "(truck truck1)", 
        "(at truck2 s2)", 
        "(empty truck2)", 
        "(truck truck2)", 
        "(obj package1)", 
        "(obj package2)", 
        "(obj package3)", 
        "(at package4 s1)", 
        "(obj package4)", 
        "(location s0)", 
        "(location s1)", 
        "(location s2)", 
        "(location p0-1)", 
        "(location p2-0)", 
        "(location p2-1)", 
        "(path s0 p0-1)", 
        "(path p0-1 s0)", 
        "(path s1 p0-1)", 
        "(path p0-1 s1)", 
        "(path s2 p2-0)", 
        "(path p2-0 s2)", 
        "(path s0 p2-0)", 
        "(path p2-0 s0)", 
        "(path s2 p2-1)", 
        "(path p2-1 s2)", 
        "(path s1 p2-1)", 
        "(path p2-1 s1)", 
        "(link s1 s0)", 
        "(link s0 s1)", 
        "(link s1 s2)", 
        "(link s2 s1)", 
        "(link s2 s0)", 
        "(link s0 s2)", 
        "(driving driver1 truck1)", 
        "(in package3 truck1)", 
        "(at driver2 s2)", 
        "(at package2 s1)", 
        "(at package1 s1)", 
        "(at truck1 s2)"
      ], 
      "delete_list": [
        "(at truck1 s1)"
      ]
    }, 
    {
      "action": "(unload-truck package3 truck1 s2)", 
      "add_list": [
        "(at package3 s2)"
      ], 
      "state": 11, 
      "literals": [
        "(driver driver1)", 
        "(driver driver2)", 
        "(truck truck1)", 
        "(at truck2 s2)", 
        "(empty truck2)", 
        "(truck truck2)", 
        "(obj package1)", 
        "(obj package2)", 
        "(obj package3)", 
        "(at package4 s1)", 
        "(obj package4)", 
        "(location s0)", 
        "(location s1)", 
        "(location s2)", 
        "(location p0-1)", 
        "(location p2-0)", 
        "(location p2-1)", 
        "(path s0 p0-1)", 
        "(path p0-1 s0)", 
        "(path s1 p0-1)", 
        "(path p0-1 s1)", 
        "(path s2 p2-0)", 
        "(path p2-0 s2)", 
        "(path s0 p2-0)", 
        "(path p2-0 s0)", 
        "(path s2 p2-1)", 
        "(path p2-1 s2)", 
        "(path s1 p2-1)", 
        "(path p2-1 s1)", 
        "(link s1 s0)", 
        "(link s0 s1)", 
        "(link s1 s2)", 
        "(link s2 s1)", 
        "(link s2 s0)", 
        "(link s0 s2)", 
        "(driving driver1 truck1)", 
        "(at driver2 s2)", 
        "(at package2 s1)", 
        "(at package1 s1)", 
        "(at truck1 s2)", 
        "(at package3 s2)"
      ], 
      "delete_list": [
        "(in package3 truck1)"
      ]
    }, 
    {
      "action": "(drive-truck truck1 s2 s1 driver1)", 
      "add_list": [
        "(at truck1 s1)"
      ], 
      "state": 12, 
      "literals": [
        "(driver driver1)", 
        "(driver driver2)", 
        "(truck truck1)", 
        "(at truck2 s2)", 
        "(empty truck2)", 
        "(truck truck2)", 
        "(obj package1)", 
        "(obj package2)", 
        "(obj package3)", 
        "(at package4 s1)", 
        "(obj package4)", 
        "(location s0)", 
        "(location s1)", 
        "(location s2)", 
        "(location p0-1)", 
        "(location p2-0)", 
        "(location p2-1)", 
        "(path s0 p0-1)", 
        "(path p0-1 s0)", 
        "(path s1 p0-1)", 
        "(path p0-1 s1)", 
        "(path s2 p2-0)", 
        "(path p2-0 s2)", 
        "(path s0 p2-0)", 
        "(path p2-0 s0)", 
        "(path s2 p2-1)", 
        "(path p2-1 s2)", 
        "(path s1 p2-1)", 
        "(path p2-1 s1)", 
        "(link s1 s0)", 
        "(link s0 s1)", 
        "(link s1 s2)", 
        "(link s2 s1)", 
        "(link s2 s0)", 
        "(link s0 s2)", 
        "(driving driver1 truck1)", 
        "(at driver2 s2)", 
        "(at package2 s1)", 
        "(at package1 s1)", 
        "(at package3 s2)", 
        "(at truck1 s1)"
      ], 
      "delete_list": [
        "(at truck1 s2)"
      ]
    }
  ], 
  "domain_id": 83
}