{
  "domain": "driverlog", 
  "inital_state": [
    "(at driver1 s4)", 
    "(driver driver1)", 
    "(at driver2 s1)", 
    "(driver driver2)", 
    "(at truck1 s2)", 
    "(empty truck1)", 
    "(truck truck1)", 
    "(at truck2 s0)", 
    "(empty truck2)", 
    "(truck truck2)", 
    "(at truck3 s3)", 
    "(empty truck3)", 
    "(truck truck3)", 
    "(at package1 s2)", 
    "(obj package1)", 
    "(at package2 s1)", 
    "(obj package2)", 
    "(at package3 s3)", 
    "(obj package3)", 
    "(at package4 s0)", 
    "(obj package4)", 
    "(at package5 s1)", 
    "(obj package5)", 
    "(at package6 s1)", 
    "(obj package6)", 
    "(location s0)", 
    "(location s1)", 
    "(location s2)", 
    "(location s3)", 
    "(location s4)", 
    "(location p0-1)", 
    "(location p1-2)", 
    "(location p1-3)", 
    "(location p3-2)", 
    "(location p3-4)", 
    "(location p4-0)", 
    "(path s0 p0-1)", 
    "(path p0-1 s0)", 
    "(path s1 p0-1)", 
    "(path p0-1 s1)", 
    "(path s1 p1-2)", 
    "(path p1-2 s1)", 
    "(path s2 p1-2)", 
    "(path p1-2 s2)", 
    "(path s1 p1-3)", 
    "(path p1-3 s1)", 
    "(path s3 p1-3)", 
    "(path p1-3 s3)", 
    "(path s3 p3-2)", 
    "(path p3-2 s3)", 
    "(path s2 p3-2)", 
    "(path p3-2 s2)", 
    "(path s3 p3-4)", 
    "(path p3-4 s3)", 
    "(path s4 p3-4)", 
    "(path p3-4 s4)", 
    "(path s4 p4-0)", 
    "(path p4-0 s4)", 
    "(path s0 p4-0)", 
    "(path p4-0 s0)", 
    "(link s0 s2)", 
    "(link s2 s0)", 
    "(link s0 s3)", 
    "(link s3 s0)", 
    "(link s1 s0)", 
    "(link s0 s1)", 
    "(link s2 s1)", 
    "(link s1 s2)", 
    "(link s3 s2)", 
    "(link s2 s3)", 
    "(link s4 s0)", 
    "(link s0 s4)", 
    "(link s4 s2)", 
    "(link s2 s4)", 
    "(link s4 s3)", 
    "(link s3 s4)"
  ], 
  "negative_goals": [], 
  "problem_id": 2707, 
  "positive_goals": [
    "(at driver1 s3)", 
    "(at driver2 s4)", 
    "(at truck1 s3)", 
    "(at truck2 s3)", 
    "(at package1 s3)", 
    "(at package2 s2)", 
    "(at package3 s1)", 
    "(at package4 s0)", 
    "(at package5 s1)", 
    "(at package6 s1)"
  ], 
  "plan_length": 22, 
  "plan_literals": [
    {
      "action": "(walk driver2 s1 p1-2)", 
      "add_list": [
        "(at driver2 p1-2)"
      ], 
      "state": 0, 
      "literals": [
        "(at driver1 s4)", 
        "(driver driver1)", 
        "(driver driver2)", 
        "(at truck1 s2)", 
        "(empty truck1)", 
        "(truck truck1)", 
        "(at truck2 s0)", 
        "(empty truck2)", 
        "(truck truck2)", 
        "(at truck3 s3)", 
        "(empty truck3)", 
        "(truck truck3)", 
        "(at package1 s2)", 
        "(obj package1)", 
        "(at package2 s1)", 
        "(obj package2)", 
        "(at package3 s3)", 
        "(obj package3)", 
        "(at package4 s0)", 
        "(obj package4)", 
        "(at package5 s1)", 
        "(obj package5)", 
        "(at package6 s1)", 
        "(obj package6)", 
        "(location s0)", 
        "(location s1)", 
        "(location s2)", 
        "(location s3)", 
        "(location s4)", 
        "(location p0-1)", 
        "(location p1-2)", 
        "(location p1-3)", 
        "(location p3-2)", 
        "(location p3-4)", 
        "(location p4-0)", 
        "(path s0 p0-1)", 
        "(path p0-1 s0)", 
        "(path s1 p0-1)", 
        "(path p0-1 s1)", 
        "(path s1 p1-2)", 
        "(path p1-2 s1)", 
        "(path s2 p1-2)", 
        "(path p1-2 s2)", 
        "(path s1 p1-3)", 
        "(path p1-3 s1)", 
        "(path s3 p1-3)", 
        "(path p1-3 s3)", 
        "(path s3 p3-2)", 
        "(path p3-2 s3)", 
        "(path s2 p3-2)", 
        "(path p3-2 s2)", 
        "(path s3 p3-4)", 
        "(path p3-4 s3)", 
        "(path s4 p3-4)", 
        "(path p3-4 s4)", 
        "(path s4 p4-0)", 
        "(path p4-0 s4)", 
        "(path s0 p4-0)", 
        "(path p4-0 s0)", 
        "(link s0 s2)", 
        "(link s2 s0)", 
        "(link s0 s3)", 
        "(link s3 s0)", 
        "(link s1 s0)", 
        "(link s0 s1)", 
        "(link s2 s1)", 
        "(link s1 s2)", 
        "(link s3 s2)", 
        "(link s2 s3)", 
        "(link s4 s0)", 
        "(link s0 s4)", 
        "(link s4 s2)", 
        "(link s2 s4)", 
        "(link s4 s3)", 
        "(link s3 s4)", 
        "(at driver2 p1-2)"
      ], 
      "delete_list": [
        "(at driver2 s1)"
      ]
    }, 
    {
      "action": "(walk driver2 p1-2 s2)", 
      "add_list": [
        "(at driver2 s2)"
      ], 
      "state": 1, 
      "literals": [
        "(at driver1 s4)", 
        "(driver driver1)", 
        "(driver driver2)", 
        "(at truck1 s2)", 
        "(empty truck1)", 
        "(truck truck1)", 
        "(at truck2 s0)", 
        "(empty truck2)", 
        "(truck truck2)", 
        "(at truck3 s3)", 
        "(empty truck3)", 
        "(truck truck3)", 
        "(at package1 s2)", 
        "(obj package1)", 
        "(at package2 s1)", 
        "(obj package2)", 
        "(at package3 s3)", 
        "(obj package3)", 
        "(at package4 s0)", 
        "(obj package4)", 
        "(at package5 s1)", 
        "(obj package5)", 
        "(at package6 s1)", 
        "(obj package6)", 
        "(location s0)", 
        "(location s1)", 
        "(location s2)", 
        "(location s3)", 
        "(location s4)", 
        "(location p0-1)", 
        "(location p1-2)", 
        "(location p1-3)", 
        "(location p3-2)", 
        "(location p3-4)", 
        "(location p4-0)", 
        "(path s0 p0-1)", 
        "(path p0-1 s0)", 
        "(path s1 p0-1)", 
        "(path p0-1 s1)", 
        "(path s1 p1-2)", 
        "(path p1-2 s1)", 
        "(path s2 p1-2)", 
        "(path p1-2 s2)", 
        "(path s1 p1-3)", 
        "(path p1-3 s1)", 
        "(path s3 p1-3)", 
        "(path p1-3 s3)", 
        "(path s3 p3-2)", 
        "(path p3-2 s3)", 
        "(path s2 p3-2)", 
        "(path p3-2 s2)", 
        "(path s3 p3-4)", 
        "(path p3-4 s3)", 
        "(path s4 p3-4)", 
        "(path p3-4 s4)", 
        "(path s4 p4-0)", 
        "(path p4-0 s4)", 
        "(path s0 p4-0)", 
        "(path p4-0 s0)", 
        "(link s0 s2)", 
        "(link s2 s0)", 
        "(link s0 s3)", 
        "(link s3 s0)", 
        "(link s1 s0)", 
        "(link s0 s1)", 
        "(link s2 s1)", 
        "(link s1 s2)", 
        "(link s3 s2)", 
        "(link s2 s3)", 
        "(link s4 s0)", 
        "(link s0 s4)", 
        "(link s4 s2)", 
        "(link s2 s4)", 
        "(link s4 s3)", 
        "(link s3 s4)", 
        "(at driver2 s2)"
      ], 
      "delete_list": [
        "(at driver2 p1-2)"
      ]
    }, 
    {
      "action": "(board-truck driver2 truck1 s2)", 
      "add_list": [
        "(driving driver2 truck1)"
      ], 
      "state": 2, 
      "literals": [
        "(at driver1 s4)", 
        "(driver driver1)", 
        "(driver driver2)", 
        "(at truck1 s2)", 
        "(truck truck1)", 
        "(at truck2 s0)", 
        "(empty truck2)", 
        "(truck truck2)", 
        "(at truck3 s3)", 
        "(empty truck3)", 
        "(truck truck3)", 
        "(at package1 s2)", 
        "(obj package1)", 
        "(at package2 s1)", 
        "(obj package2)", 
        "(at package3 s3)", 
        "(obj package3)", 
        "(at package4 s0)", 
        "(obj package4)", 
        "(at package5 s1)", 
        "(obj package5)", 
        "(at package6 s1)", 
        "(obj package6)", 
        "(location s0)", 
        "(location s1)", 
        "(location s2)", 
        "(location s3)", 
        "(location s4)", 
        "(location p0-1)", 
        "(location p1-2)", 
        "(location p1-3)", 
        "(location p3-2)", 
        "(location p3-4)", 
        "(location p4-0)", 
        "(path s0 p0-1)", 
        "(path p0-1 s0)", 
        "(path s1 p0-1)", 
        "(path p0-1 s1)", 
        "(path s1 p1-2)", 
        "(path p1-2 s1)", 
        "(path s2 p1-2)", 
        "(path p1-2 s2)", 
        "(path s1 p1-3)", 
        "(path p1-3 s1)", 
        "(path s3 p1-3)", 
        "(path p1-3 s3)", 
        "(path s3 p3-2)", 
        "(path p3-2 s3)", 
        "(path s2 p3-2)", 
        "(path p3-2 s2)", 
        "(path s3 p3-4)", 
        "(path p3-4 s3)", 
        "(path s4 p3-4)", 
        "(path p3-4 s4)", 
        "(path s4 p4-0)", 
        "(path p4-0 s4)", 
        "(path s0 p4-0)", 
        "(path p4-0 s0)", 
        "(link s0 s2)", 
        "(link s2 s0)", 
        "(link s0 s3)", 
        "(link s3 s0)", 
        "(link s1 s0)", 
        "(link s0 s1)", 
        "(link s2 s1)", 
        "(link s1 s2)", 
        "(link s3 s2)", 
        "(link s2 s3)", 
        "(link s4 s0)", 
        "(link s0 s4)", 
        "(link s4 s2)", 
        "(link s2 s4)", 
        "(link s4 s3)", 
        "(link s3 s4)", 
        "(driving driver2 truck1)"
      ], 
      "delete_list": [
        "(at driver2 s2)", 
        "(empty truck1)"
      ]
    }, 
    {
      "action": "(drive-truck truck1 s2 s3 driver2)", 
      "add_list": [
        "(at truck1 s3)"
      ], 
      "state": 3, 
      "literals": [
        "(at driver1 s4)", 
        "(driver driver1)", 
        "(driver driver2)", 
        "(truck truck1)", 
        "(at truck2 s0)", 
        "(empty truck2)", 
        "(truck truck2)", 
        "(at truck3 s3)", 
        "(empty truck3)", 
        "(truck truck3)", 
        "(at package1 s2)", 
        "(obj package1)", 
        "(at package2 s1)", 
        "(obj package2)", 
        "(at package3 s3)", 
        "(obj package3)", 
        "(at package4 s0)", 
        "(obj package4)", 
        "(at package5 s1)", 
        "(obj package5)", 
        "(at package6 s1)", 
        "(obj package6)", 
        "(location s0)", 
        "(location s1)", 
        "(location s2)", 
        "(location s3)", 
        "(location s4)", 
        "(location p0-1)", 
        "(location p1-2)", 
        "(location p1-3)", 
        "(location p3-2)", 
        "(location p3-4)", 
        "(location p4-0)", 
        "(path s0 p0-1)", 
        "(path p0-1 s0)", 
        "(path s1 p0-1)", 
        "(path p0-1 s1)", 
        "(path s1 p1-2)", 
        "(path p1-2 s1)", 
        "(path s2 p1-2)", 
        "(path p1-2 s2)", 
        "(path s1 p1-3)", 
        "(path p1-3 s1)", 
        "(path s3 p1-3)", 
        "(path p1-3 s3)", 
        "(path s3 p3-2)", 
        "(path p3-2 s3)", 
        "(path s2 p3-2)", 
        "(path p3-2 s2)", 
        "(path s3 p3-4)", 
        "(path p3-4 s3)", 
        "(path s4 p3-4)", 
        "(path p3-4 s4)", 
        "(path s4 p4-0)", 
        "(path p4-0 s4)", 
        "(path s0 p4-0)", 
        "(path p4-0 s0)", 
        "(link s0 s2)", 
        "(link s2 s0)", 
        "(link s0 s3)", 
        "(link s3 s0)", 
        "(link s1 s0)", 
        "(link s0 s1)", 
        "(link s2 s1)", 
        "(link s1 s2)", 
        "(link s3 s2)", 
        "(link s2 s3)", 
        "(link s4 s0)", 
        "(link s0 s4)", 
        "(link s4 s2)", 
        "(link s2 s4)", 
        "(link s4 s3)", 
        "(link s3 s4)", 
        "(driving driver2 truck1)", 
        "(at truck1 s3)"
      ], 
      "delete_list": [
        "(at truck1 s2)"
      ]
    }, 
    {
      "action": "(load-truck package3 truck1 s3)", 
      "add_list": [
        "(in package3 truck1)"
      ], 
      "state": 4, 
      "literals": [
        "(at driver1 s4)", 
        "(driver driver1)", 
        "(driver driver2)", 
        "(truck truck1)", 
        "(at truck2 s0)", 
        "(empty truck2)", 
        "(truck truck2)", 
        "(at truck3 s3)", 
        "(empty truck3)", 
        "(truck truck3)", 
        "(at package1 s2)", 
        "(obj package1)", 
        "(at package2 s1)", 
        "(obj package2)", 
        "(obj package3)", 
        "(at package4 s0)", 
        "(obj package4)", 
        "(at package5 s1)", 
        "(obj package5)", 
        "(at package6 s1)", 
        "(obj package6)", 
        "(location s0)", 
        "(location s1)", 
        "(location s2)", 
        "(location s3)", 
        "(location s4)", 
        "(location p0-1)", 
        "(location p1-2)", 
        "(location p1-3)", 
        "(location p3-2)", 
        "(location p3-4)", 
        "(location p4-0)", 
        "(path s0 p0-1)", 
        "(path p0-1 s0)", 
        "(path s1 p0-1)", 
        "(path p0-1 s1)", 
        "(path s1 p1-2)", 
        "(path p1-2 s1)", 
        "(path s2 p1-2)", 
        "(path p1-2 s2)", 
        "(path s1 p1-3)", 
        "(path p1-3 s1)", 
        "(path s3 p1-3)", 
        "(path p1-3 s3)", 
        "(path s3 p3-2)", 
        "(path p3-2 s3)", 
        "(path s2 p3-2)", 
        "(path p3-2 s2)", 
        "(path s3 p3-4)", 
        "(path p3-4 s3)", 
        "(path s4 p3-4)", 
        "(path p3-4 s4)", 
        "(path s4 p4-0)", 
        "(path p4-0 s4)", 
        "(path s0 p4-0)", 
        "(path p4-0 s0)", 
        "(link s0 s2)", 
        "(link s2 s0)", 
        "(link s0 s3)", 
        "(link s3 s0)", 
        "(link s1 s0)", 
        "(link s0 s1)", 
        "(link s2 s1)", 
        "(link s1 s2)", 
        "(link s3 s2)", 
        "(link s2 s3)", 
        "(link s4 s0)", 
        "(link s0 s4)", 
        "(link s4 s2)", 
        "(link s2 s4)", 
        "(link s4 s3)", 
        "(link s3 s4)", 
        "(driving driver2 truck1)", 
        "(at truck1 s3)", 
        "(in package3 truck1)"
      ], 
      "delete_list": [
        "(at package3 s3)"
      ]
    }, 
    {
      "action": "(walk driver1 s4 p4-0)", 
      "add_list": [
        "(at driver1 p4-0)"
      ], 
      "state": 5, 
      "literals": [
        "(driver driver1)", 
        "(driver driver2)", 
        "(truck truck1)", 
        "(at truck2 s0)", 
        "(empty truck2)", 
        "(truck truck2)", 
        "(at truck3 s3)", 
        "(empty truck3)", 
        "(truck truck3)", 
        "(at package1 s2)", 
        "(obj package1)", 
        "(at package2 s1)", 
        "(obj package2)", 
        "(obj package3)", 
        "(at package4 s0)", 
        "(obj package4)", 
        "(at package5 s1)", 
        "(obj package5)", 
        "(at package6 s1)", 
        "(obj package6)", 
        "(location s0)", 
        "(location s1)", 
        "(location s2)", 
        "(location s3)", 
        "(location s4)", 
        "(location p0-1)", 
        "(location p1-2)", 
        "(location p1-3)", 
        "(location p3-2)", 
        "(location p3-4)", 
        "(location p4-0)", 
        "(path s0 p0-1)", 
        "(path p0-1 s0)", 
        "(path s1 p0-1)", 
        "(path p0-1 s1)", 
        "(path s1 p1-2)", 
        "(path p1-2 s1)", 
        "(path s2 p1-2)", 
        "(path p1-2 s2)", 
        "(path s1 p1-3)", 
        "(path p1-3 s1)", 
        "(path s3 p1-3)", 
        "(path p1-3 s3)", 
        "(path s3 p3-2)", 
        "(path p3-2 s3)", 
        "(path s2 p3-2)", 
        "(path p3-2 s2)", 
        "(path s3 p3-4)", 
        "(path p3-4 s3)", 
        "(path s4 p3-4)", 
        "(path p3-4 s4)", 
        "(path s4 p4-0)", 
        "(path p4-0 s4)", 
        "(path s0 p4-0)", 
        "(path p4-0 s0)", 
        "(link s0 s2)", 
        "(link s2 s0)", 
        "(link s0 s3)", 
        "(link s3 s0)", 
        "(link s1 s0)", 
        "(link s0 s1)", 
        "(link s2 s1)", 
        "(link s1 s2)", 
        "(link s3 s2)", 
        "(link s2 s3)", 
        "(link s4 s0)", 
        "(link s0 s4)", 
        "(link s4 s2)", 
        "(link s2 s4)", 
        "(link s4 s3)", 
        "(link s3 s4)", 
        "(driving driver2 truck1)", 
        "(at truck1 s3)", 
        "(in package3 truck1)", 
        "(at driver1 p4-0)"
      ], 
      "delete_list": [
        "(at driver1 s4)"
      ]
    }, 
    {
      "action": "(walk driver1 p4-0 s0)", 
      "add_list": [
        "(at driver1 s0)"
      ], 
      "state": 6, 
      "literals": [
        "(driver driver1)", 
        "(driver driver2)", 
        "(truck truck1)", 
        "(at truck2 s0)", 
        "(empty truck2)", 
        "(truck truck2)", 
        "(at truck3 s3)", 
        "(empty truck3)", 
        "(truck truck3)", 
        "(at package1 s2)", 
        "(obj package1)", 
        "(at package2 s1)", 
        "(obj package2)", 
        "(obj package3)", 
        "(at package4 s0)", 
        "(obj package4)", 
        "(at package5 s1)", 
        "(obj package5)", 
        "(at package6 s1)", 
        "(obj package6)", 
        "(location s0)", 
        "(location s1)", 
        "(location s2)", 
        "(location s3)", 
        "(location s4)", 
        "(location p0-1)", 
        "(location p1-2)", 
        "(location p1-3)", 
        "(location p3-2)", 
        "(location p3-4)", 
        "(location p4-0)", 
        "(path s0 p0-1)", 
        "(path p0-1 s0)", 
        "(path s1 p0-1)", 
        "(path p0-1 s1)", 
        "(path s1 p1-2)", 
        "(path p1-2 s1)", 
        "(path s2 p1-2)", 
        "(path p1-2 s2)", 
        "(path s1 p1-3)", 
        "(path p1-3 s1)", 
        "(path s3 p1-3)", 
        "(path p1-3 s3)", 
        "(path s3 p3-2)", 
        "(path p3-2 s3)", 
        "(path s2 p3-2)", 
        "(path p3-2 s2)", 
        "(path s3 p3-4)", 
        "(path p3-4 s3)", 
        "(path s4 p3-4)", 
        "(path p3-4 s4)", 
        "(path s4 p4-0)", 
        "(path p4-0 s4)", 
        "(path s0 p4-0)", 
        "(path p4-0 s0)", 
        "(link s0 s2)", 
        "(link s2 s0)", 
        "(link s0 s3)", 
        "(link s3 s0)", 
        "(link s1 s0)", 
        "(link s0 s1)", 
        "(link s2 s1)", 
        "(link s1 s2)", 
        "(link s3 s2)", 
        "(link s2 s3)", 
        "(link s4 s0)", 
        "(link s0 s4)", 
        "(link s4 s2)", 
        "(link s2 s4)", 
        "(link s4 s3)", 
        "(link s3 s4)", 
        "(driving driver2 truck1)", 
        "(at truck1 s3)", 
        "(in package3 truck1)", 
        "(at driver1 s0)"
      ], 
      "delete_list": [
        "(at driver1 p4-0)"
      ]
    }, 
    {
      "action": "(board-truck driver1 truck2 s0)", 
      "add_list": [
        "(driving driver1 truck2)"
      ], 
      "state": 7, 
      "literals": [
        "(driver driver1)", 
        "(driver driver2)", 
        "(truck truck1)", 
        "(at truck2 s0)", 
        "(truck truck2)", 
        "(at truck3 s3)", 
        "(empty truck3)", 
        "(truck truck3)", 
        "(at package1 s2)", 
        "(obj package1)", 
        "(at package2 s1)", 
        "(obj package2)", 
        "(obj package3)", 
        "(at package4 s0)", 
        "(obj package4)", 
        "(at package5 s1)", 
        "(obj package5)", 
        "(at package6 s1)", 
        "(obj package6)", 
        "(location s0)", 
        "(location s1)", 
        "(location s2)", 
        "(location s3)", 
        "(location s4)", 
        "(location p0-1)", 
        "(location p1-2)", 
        "(location p1-3)", 
        "(location p3-2)", 
        "(location p3-4)", 
        "(location p4-0)", 
        "(path s0 p0-1)", 
        "(path p0-1 s0)", 
        "(path s1 p0-1)", 
        "(path p0-1 s1)", 
        "(path s1 p1-2)", 
        "(path p1-2 s1)", 
        "(path s2 p1-2)", 
        "(path p1-2 s2)", 
        "(path s1 p1-3)", 
        "(path p1-3 s1)", 
        "(path s3 p1-3)", 
        "(path p1-3 s3)", 
        "(path s3 p3-2)", 
        "(path p3-2 s3)", 
        "(path s2 p3-2)", 
        "(path p3-2 s2)", 
        "(path s3 p3-4)", 
        "(path p3-4 s3)", 
        "(path s4 p3-4)", 
        "(path p3-4 s4)", 
        "(path s4 p4-0)", 
        "(path p4-0 s4)", 
        "(path s0 p4-0)", 
        "(path p4-0 s0)", 
        "(link s0 s2)", 
        "(link s2 s0)", 
        "(link s0 s3)", 
        "(link s3 s0)", 
        "(link s1 s0)", 
        "(link s0 s1)", 
        "(link s2 s1)", 
        "(link s1 s2)", 
        "(link s3 s2)", 
        "(link s2 s3)", 
        "(link s4 s0)", 
        "(link s0 s4)", 
        "(link s4 s2)", 
        "(link s2 s4)", 
        "(link s4 s3)", 
        "(link s3 s4)", 
        "(driving driver2 truck1)", 
        "(at truck1 s3)", 
        "(in package3 truck1)", 
        "(driving driver1 truck2)"
      ], 
      "delete_list": [
        "(at driver1 s0)", 
        "(empty truck2)"
      ]
    }, 
    {
      "action": "(drive-truck truck2 s0 s3 driver1)", 
      "add_list": [
        "(at truck2 s3)"
      ], 
      "state": 8, 
      "literals": [
        "(driver driver1)", 
        "(driver driver2)", 
        "(truck truck1)", 
        "(truck truck2)", 
        "(at truck3 s3)", 
        "(empty truck3)", 
        "(truck truck3)", 
        "(at package1 s2)", 
        "(obj package1)", 
        "(at package2 s1)", 
        "(obj package2)", 
        "(obj package3)", 
        "(at package4 s0)", 
        "(obj package4)", 
        "(at package5 s1)", 
        "(obj package5)", 
        "(at package6 s1)", 
        "(obj package6)", 
        "(location s0)", 
        "(location s1)", 
        "(location s2)", 
        "(location s3)", 
        "(location s4)", 
        "(location p0-1)", 
        "(location p1-2)", 
        "(location p1-3)", 
        "(location p3-2)", 
        "(location p3-4)", 
        "(location p4-0)", 
        "(path s0 p0-1)", 
        "(path p0-1 s0)", 
        "(path s1 p0-1)", 
        "(path p0-1 s1)", 
        "(path s1 p1-2)", 
        "(path p1-2 s1)", 
        "(path s2 p1-2)", 
        "(path p1-2 s2)", 
        "(path s1 p1-3)", 
        "(path p1-3 s1)", 
        "(path s3 p1-3)", 
        "(path p1-3 s3)", 
        "(path s3 p3-2)", 
        "(path p3-2 s3)", 
        "(path s2 p3-2)", 
        "(path p3-2 s2)", 
        "(path s3 p3-4)", 
        "(path p3-4 s3)", 
        "(path s4 p3-4)", 
        "(path p3-4 s4)", 
        "(path s4 p4-0)", 
        "(path p4-0 s4)", 
        "(path s0 p4-0)", 
        "(path p4-0 s0)", 
        "(link s0 s2)", 
        "(link s2 s0)", 
        "(link s0 s3)", 
        "(link s3 s0)", 
        "(link s1 s0)", 
        "(link s0 s1)", 
        "(link s2 s1)", 
        "(link s1 s2)", 
        "(link s3 s2)", 
        "(link s2 s3)", 
        "(link s4 s0)", 
        "(link s0 s4)", 
        "(link s4 s2)", 
        "(link s2 s4)", 
        "(link s4 s3)", 
        "(link s3 s4)", 
        "(driving driver2 truck1)", 
        "(at truck1 s3)", 
        "(in package3 truck1)", 
        "(driving driver1 truck2)", 
        "(at truck2 s3)"
      ], 
      "delete_list": [
        "(at truck2 s0)"
      ]
    }, 
    {
      "action": "(drive-truck truck1 s3 s2 driver2)", 
      "add_list": [
        "(at truck1 s2)"
      ], 
      "state": 9, 
      "literals": [
        "(driver driver1)", 
        "(driver driver2)", 
        "(truck truck1)", 
        "(truck truck2)", 
        "(at truck3 s3)", 
        "(empty truck3)", 
        "(truck truck3)", 
        "(at package1 s2)", 
        "(obj package1)", 
        "(at package2 s1)", 
        "(obj package2)", 
        "(obj package3)", 
        "(at package4 s0)", 
        "(obj package4)", 
        "(at package5 s1)", 
        "(obj package5)", 
        "(at package6 s1)", 
        "(obj package6)", 
        "(location s0)", 
        "(location s1)", 
        "(location s2)", 
        "(location s3)", 
        "(location s4)", 
        "(location p0-1)", 
        "(location p1-2)", 
        "(location p1-3)", 
        "(location p3-2)", 
        "(location p3-4)", 
        "(location p4-0)", 
        "(path s0 p0-1)", 
        "(path p0-1 s0)", 
        "(path s1 p0-1)", 
        "(path p0-1 s1)", 
        "(path s1 p1-2)", 
        "(path p1-2 s1)", 
        "(path s2 p1-2)", 
        "(path p1-2 s2)", 
        "(path s1 p1-3)", 
        "(path p1-3 s1)", 
        "(path s3 p1-3)", 
        "(path p1-3 s3)", 
        "(path s3 p3-2)", 
        "(path p3-2 s3)", 
        "(path s2 p3-2)", 
        "(path p3-2 s2)", 
        "(path s3 p3-4)", 
        "(path p3-4 s3)", 
        "(path s4 p3-4)", 
        "(path p3-4 s4)", 
        "(path s4 p4-0)", 
        "(path p4-0 s4)", 
        "(path s0 p4-0)", 
        "(path p4-0 s0)", 
        "(link s0 s2)", 
        "(link s2 s0)", 
        "(link s0 s3)", 
        "(link s3 s0)", 
        "(link s1 s0)", 
        "(link s0 s1)", 
        "(link s2 s1)", 
        "(link s1 s2)", 
        "(link s3 s2)", 
        "(link s2 s3)", 
        "(link s4 s0)", 
        "(link s0 s4)", 
        "(link s4 s2)", 
        "(link s2 s4)", 
        "(link s4 s3)", 
        "(link s3 s4)", 
        "(driving driver2 truck1)", 
        "(in package3 truck1)", 
        "(driving driver1 truck2)", 
        "(at truck2 s3)", 
        "(at truck1 s2)"
      ], 
      "delete_list": [
        "(at truck1 s3)"
      ]
    }, 
    {
      "action": "(drive-truck truck1 s2 s1 driver2)", 
      "add_list": [
        "(at truck1 s1)"
      ], 
      "state": 10, 
      "literals": [
        "(driver driver1)", 
        "(driver driver2)", 
        "(truck truck1)", 
        "(truck truck2)", 
        "(at truck3 s3)", 
        "(empty truck3)", 
        "(truck truck3)", 
        "(at package1 s2)", 
        "(obj package1)", 
        "(at package2 s1)", 
        "(obj package2)", 
        "(obj package3)", 
        "(at package4 s0)", 
        "(obj package4)", 
        "(at package5 s1)", 
        "(obj package5)", 
        "(at package6 s1)", 
        "(obj package6)", 
        "(location s0)", 
        "(location s1)", 
        "(location s2)", 
        "(location s3)", 
        "(location s4)", 
        "(location p0-1)", 
        "(location p1-2)", 
        "(location p1-3)", 
        "(location p3-2)", 
        "(location p3-4)", 
        "(location p4-0)", 
        "(path s0 p0-1)", 
        "(path p0-1 s0)", 
        "(path s1 p0-1)", 
        "(path p0-1 s1)", 
        "(path s1 p1-2)", 
        "(path p1-2 s1)", 
        "(path s2 p1-2)", 
        "(path p1-2 s2)", 
        "(path s1 p1-3)", 
        "(path p1-3 s1)", 
        "(path s3 p1-3)", 
        "(path p1-3 s3)", 
        "(path s3 p3-2)", 
        "(path p3-2 s3)", 
        "(path s2 p3-2)", 
        "(path p3-2 s2)", 
        "(path s3 p3-4)", 
        "(path p3-4 s3)", 
        "(path s4 p3-4)", 
        "(path p3-4 s4)", 
        "(path s4 p4-0)", 
        "(path p4-0 s4)", 
        "(path s0 p4-0)", 
        "(path p4-0 s0)", 
        "(link s0 s2)", 
        "(link s2 s0)", 
        "(link s0 s3)", 
        "(link s3 s0)", 
        "(link s1 s0)", 
        "(link s0 s1)", 
        "(link s2 s1)", 
        "(link s1 s2)", 
        "(link s3 s2)", 
        "(link s2 s3)", 
        "(link s4 s0)", 
        "(link s0 s4)", 
        "(link s4 s2)", 
        "(link s2 s4)", 
        "(link s4 s3)", 
        "(link s3 s4)", 
        "(driving driver2 truck1)", 
        "(in package3 truck1)", 
        "(driving driver1 truck2)", 
        "(at truck2 s3)", 
        "(at truck1 s1)"
      ], 
      "delete_list": [
        "(at truck1 s2)"
      ]
    }, 
    {
      "action": "(unload-truck package3 truck1 s1)", 
      "add_list": [
        "(at package3 s1)"
      ], 
      "state": 11, 
      "literals": [
        "(driver driver1)", 
        "(driver driver2)", 
        "(truck truck1)", 
        "(truck truck2)", 
        "(at truck3 s3)", 
        "(empty truck3)", 
        "(truck truck3)", 
        "(at package1 s2)", 
        "(obj package1)", 
        "(at package2 s1)", 
        "(obj package2)", 
        "(obj package3)", 
        "(at package4 s0)", 
        "(obj package4)", 
        "(at package5 s1)", 
        "(obj package5)", 
        "(at package6 s1)", 
        "(obj package6)", 
        "(location s0)", 
        "(location s1)", 
        "(location s2)", 
        "(location s3)", 
        "(location s4)", 
        "(location p0-1)", 
        "(location p1-2)", 
        "(location p1-3)", 
        "(location p3-2)", 
        "(location p3-4)", 
        "(location p4-0)", 
        "(path s0 p0-1)", 
        "(path p0-1 s0)", 
        "(path s1 p0-1)", 
        "(path p0-1 s1)", 
        "(path s1 p1-2)", 
        "(path p1-2 s1)", 
        "(path s2 p1-2)", 
        "(path p1-2 s2)", 
        "(path s1 p1-3)", 
        "(path p1-3 s1)", 
        "(path s3 p1-3)", 
        "(path p1-3 s3)", 
        "(path s3 p3-2)", 
        "(path p3-2 s3)", 
        "(path s2 p3-2)", 
        "(path p3-2 s2)", 
        "(path s3 p3-4)", 
        "(path p3-4 s3)", 
        "(path s4 p3-4)", 
        "(path p3-4 s4)", 
        "(path s4 p4-0)", 
        "(path p4-0 s4)", 
        "(path s0 p4-0)", 
        "(path p4-0 s0)", 
        "(link s0 s2)", 
        "(link s2 s0)", 
        "(link s0 s3)", 
        "(link s3 s0)", 
        "(link s1 s0)", 
        "(link s0 s1)", 
        "(link s2 s1)", 
        "(link s1 s2)", 
        "(link s3 s2)", 
        "(link s2 s3)", 
        "(link s4 s0)", 
        "(link s0 s4)", 
        "(link s4 s2)", 
        "(link s2 s4)", 
        "(link s4 s3)", 
        "(link s3 s4)", 
        "(driving driver2 truck1)", 
        "(driving driver1 truck2)", 
        "(at truck2 s3)", 
        "(at truck1 s1)", 
        "(at package3 s1)"
      ], 
      "delete_list": [
        "(in package3 truck1)"
      ]
    }, 
    {
      "action": "(load-truck package2 truck1 s1)", 
      "add_list": [
        "(in package2 truck1)"
      ], 
      "state": 12, 
      "literals": [
        "(driver driver1)", 
        "(driver driver2)", 
        "(truck truck1)", 
        "(truck truck2)", 
        "(at truck3 s3)", 
        "(empty truck3)", 
        "(truck truck3)", 
        "(at package1 s2)", 
        "(obj package1)", 
        "(obj package2)", 
        "(obj package3)", 
        "(at package4 s0)", 
        "(obj package4)", 
        "(at package5 s1)", 
        "(obj package5)", 
        "(at package6 s1)", 
        "(obj package6)", 
        "(location s0)", 
        "(location s1)", 
        "(location s2)", 
        "(location s3)", 
        "(location s4)", 
        "(location p0-1)", 
        "(location p1-2)", 
        "(location p1-3)", 
        "(location p3-2)", 
        "(location p3-4)", 
        "(location p4-0)", 
        "(path s0 p0-1)", 
        "(path p0-1 s0)", 
        "(path s1 p0-1)", 
        "(path p0-1 s1)", 
        "(path s1 p1-2)", 
        "(path p1-2 s1)", 
        "(path s2 p1-2)", 
        "(path p1-2 s2)", 
        "(path s1 p1-3)", 
        "(path p1-3 s1)", 
        "(path s3 p1-3)", 
        "(path p1-3 s3)", 
        "(path s3 p3-2)", 
        "(path p3-2 s3)", 
        "(path s2 p3-2)", 
        "(path p3-2 s2)", 
        "(path s3 p3-4)", 
        "(path p3-4 s3)", 
        "(path s4 p3-4)", 
        "(path p3-4 s4)", 
        "(path s4 p4-0)", 
        "(path p4-0 s4)", 
        "(path s0 p4-0)", 
        "(path p4-0 s0)", 
        "(link s0 s2)", 
        "(link s2 s0)", 
        "(link s0 s3)", 
        "(link s3 s0)", 
        "(link s1 s0)", 
        "(link s0 s1)", 
        "(link s2 s1)", 
        "(link s1 s2)", 
        "(link s3 s2)", 
        "(link s2 s3)", 
        "(link s4 s0)", 
        "(link s0 s4)", 
        "(link s4 s2)", 
        "(link s2 s4)", 
        "(link s4 s3)", 
        "(link s3 s4)", 
        "(driving driver2 truck1)", 
        "(driving driver1 truck2)", 
        "(at truck2 s3)", 
        "(at truck1 s1)", 
        "(at package3 s1)", 
        "(in package2 truck1)"
      ], 
      "delete_list": [
        "(at package2 s1)"
      ]
    }, 
    {
      "action": "(drive-truck truck1 s1 s2 driver2)", 
      "add_list": [
        "(at truck1 s2)"
      ], 
      "state": 13, 
      "literals": [
        "(driver driver1)", 
        "(driver driver2)", 
        "(truck truck1)", 
        "(truck truck2)", 
        "(at truck3 s3)", 
        "(empty truck3)", 
        "(truck truck3)", 
        "(at package1 s2)", 
        "(obj package1)", 
        "(obj package2)", 
        "(obj package3)", 
        "(at package4 s0)", 
        "(obj package4)", 
        "(at package5 s1)", 
        "(obj package5)", 
        "(at package6 s1)", 
        "(obj package6)", 
        "(location s0)", 
        "(location s1)", 
        "(location s2)", 
        "(location s3)", 
        "(location s4)", 
        "(location p0-1)", 
        "(location p1-2)", 
        "(location p1-3)", 
        "(location p3-2)", 
        "(location p3-4)", 
        "(location p4-0)", 
        "(path s0 p0-1)", 
        "(path p0-1 s0)", 
        "(path s1 p0-1)", 
        "(path p0-1 s1)", 
        "(path s1 p1-2)", 
        "(path p1-2 s1)", 
        "(path s2 p1-2)", 
        "(path p1-2 s2)", 
        "(path s1 p1-3)", 
        "(path p1-3 s1)", 
        "(path s3 p1-3)", 
        "(path p1-3 s3)", 
        "(path s3 p3-2)", 
        "(path p3-2 s3)", 
        "(path s2 p3-2)", 
        "(path p3-2 s2)", 
        "(path s3 p3-4)", 
        "(path p3-4 s3)", 
        "(path s4 p3-4)", 
        "(path p3-4 s4)", 
        "(path s4 p4-0)", 
        "(path p4-0 s4)", 
        "(path s0 p4-0)", 
        "(path p4-0 s0)", 
        "(link s0 s2)", 
        "(link s2 s0)", 
        "(link s0 s3)", 
        "(link s3 s0)", 
        "(link s1 s0)", 
        "(link s0 s1)", 
        "(link s2 s1)", 
        "(link s1 s2)", 
        "(link s3 s2)", 
        "(link s2 s3)", 
        "(link s4 s0)", 
        "(link s0 s4)", 
        "(link s4 s2)", 
        "(link s2 s4)", 
        "(link s4 s3)", 
        "(link s3 s4)", 
        "(driving driver2 truck1)", 
        "(driving driver1 truck2)", 
        "(at truck2 s3)", 
        "(at package3 s1)", 
        "(in package2 truck1)", 
        "(at truck1 s2)"
      ], 
      "delete_list": [
        "(at truck1 s1)"
      ]
    }, 
    {
      "action": "(unload-truck package2 truck1 s2)", 
      "add_list": [
        "(at package2 s2)"
      ], 
      "state": 14, 
      "literals": [
        "(driver driver1)", 
        "(driver driver2)", 
        "(truck truck1)", 
        "(truck truck2)", 
        "(at truck3 s3)", 
        "(empty truck3)", 
        "(truck truck3)", 
        "(at package1 s2)", 
        "(obj package1)", 
        "(obj package2)", 
        "(obj package3)", 
        "(at package4 s0)", 
        "(obj package4)", 
        "(at package5 s1)", 
        "(obj package5)", 
        "(at package6 s1)", 
        "(obj package6)", 
        "(location s0)", 
        "(location s1)", 
        "(location s2)", 
        "(location s3)", 
        "(location s4)", 
        "(location p0-1)", 
        "(location p1-2)", 
        "(location p1-3)", 
        "(location p3-2)", 
        "(location p3-4)", 
        "(location p4-0)", 
        "(path s0 p0-1)", 
        "(path p0-1 s0)", 
        "(path s1 p0-1)", 
        "(path p0-1 s1)", 
        "(path s1 p1-2)", 
        "(path p1-2 s1)", 
        "(path s2 p1-2)", 
        "(path p1-2 s2)", 
        "(path s1 p1-3)", 
        "(path p1-3 s1)", 
        "(path s3 p1-3)", 
        "(path p1-3 s3)", 
        "(path s3 p3-2)", 
        "(path p3-2 s3)", 
        "(path s2 p3-2)", 
        "(path p3-2 s2)", 
        "(path s3 p3-4)", 
        "(path p3-4 s3)", 
        "(path s4 p3-4)", 
        "(path p3-4 s4)", 
        "(path s4 p4-0)", 
        "(path p4-0 s4)", 
        "(path s0 p4-0)", 
        "(path p4-0 s0)", 
        "(link s0 s2)", 
        "(link s2 s0)", 
        "(link s0 s3)", 
        "(link s3 s0)", 
        "(link s1 s0)", 
        "(link s0 s1)", 
        "(link s2 s1)", 
        "(link s1 s2)", 
        "(link s3 s2)", 
        "(link s2 s3)", 
        "(link s4 s0)", 
        "(link s0 s4)", 
        "(link s4 s2)", 
        "(link s2 s4)", 
        "(link s4 s3)", 
        "(link s3 s4)", 
        "(driving driver2 truck1)", 
        "(driving driver1 truck2)", 
        "(at truck2 s3)", 
        "(at package3 s1)", 
        "(at truck1 s2)", 
        "(at package2 s2)"
      ], 
      "delete_list": [
        "(in package2 truck1)"
      ]
    }, 
    {
      "action": "(disembark-truck driver1 truck2 s3)", 
      "add_list": [
        "(at driver1 s3)", 
        "(empty truck2)"
      ], 
      "state": 15, 
      "literals": [
        "(driver driver1)", 
        "(driver driver2)", 
        "(truck truck1)", 
        "(truck truck2)", 
        "(at truck3 s3)", 
        "(empty truck3)", 
        "(truck truck3)", 
        "(at package1 s2)", 
        "(obj package1)", 
        "(obj package2)", 
        "(obj package3)", 
        "(at package4 s0)", 
        "(obj package4)", 
        "(at package5 s1)", 
        "(obj package5)", 
        "(at package6 s1)", 
        "(obj package6)", 
        "(location s0)", 
        "(location s1)", 
        "(location s2)", 
        "(location s3)", 
        "(location s4)", 
        "(location p0-1)", 
        "(location p1-2)", 
        "(location p1-3)", 
        "(location p3-2)", 
        "(location p3-4)", 
        "(location p4-0)", 
        "(path s0 p0-1)", 
        "(path p0-1 s0)", 
        "(path s1 p0-1)", 
        "(path p0-1 s1)", 
        "(path s1 p1-2)", 
        "(path p1-2 s1)", 
        "(path s2 p1-2)", 
        "(path p1-2 s2)", 
        "(path s1 p1-3)", 
        "(path p1-3 s1)", 
        "(path s3 p1-3)", 
        "(path p1-3 s3)", 
        "(path s3 p3-2)", 
        "(path p3-2 s3)", 
        "(path s2 p3-2)", 
        "(path p3-2 s2)", 
        "(path s3 p3-4)", 
        "(path p3-4 s3)", 
        "(path s4 p3-4)", 
        "(path p3-4 s4)", 
        "(path s4 p4-0)", 
        "(path p4-0 s4)", 
        "(path s0 p4-0)", 
        "(path p4-0 s0)", 
        "(link s0 s2)", 
        "(link s2 s0)", 
        "(link s0 s3)", 
        "(link s3 s0)", 
        "(link s1 s0)", 
        "(link s0 s1)", 
        "(link s2 s1)", 
        "(link s1 s2)", 
        "(link s3 s2)", 
        "(link s2 s3)", 
        "(link s4 s0)", 
        "(link s0 s4)", 
        "(link s4 s2)", 
        "(link s2 s4)", 
        "(link s4 s3)", 
        "(link s3 s4)", 
        "(driving driver2 truck1)", 
        "(at truck2 s3)", 
        "(at package3 s1)", 
        "(at truck1 s2)", 
        "(at package2 s2)", 
        "(at driver1 s3)", 
        "(empty truck2)"
      ], 
      "delete_list": [
        "(driving driver1 truck2)"
      ]
    }, 
    {
      "action": "(load-truck package1 truck1 s2)", 
      "add_list": [
        "(in package1 truck1)"
      ], 
      "state": 16, 
      "literals": [
        "(driver driver1)", 
        "(driver driver2)", 
        "(truck truck1)", 
        "(truck truck2)", 
        "(at truck3 s3)", 
        "(empty truck3)", 
        "(truck truck3)", 
        "(obj package1)", 
        "(obj package2)", 
        "(obj package3)", 
        "(at package4 s0)", 
        "(obj package4)", 
        "(at package5 s1)", 
        "(obj package5)", 
        "(at package6 s1)", 
        "(obj package6)", 
        "(location s0)", 
        "(location s1)", 
        "(location s2)", 
        "(location s3)", 
        "(location s4)", 
        "(location p0-1)", 
        "(location p1-2)", 
        "(location p1-3)", 
        "(location p3-2)", 
        "(location p3-4)", 
        "(location p4-0)", 
        "(path s0 p0-1)", 
        "(path p0-1 s0)", 
        "(path s1 p0-1)", 
        "(path p0-1 s1)", 
        "(path s1 p1-2)", 
        "(path p1-2 s1)", 
        "(path s2 p1-2)", 
        "(path p1-2 s2)", 
        "(path s1 p1-3)", 
        "(path p1-3 s1)", 
        "(path s3 p1-3)", 
        "(path p1-3 s3)", 
        "(path s3 p3-2)", 
        "(path p3-2 s3)", 
        "(path s2 p3-2)", 
        "(path p3-2 s2)", 
        "(path s3 p3-4)", 
        "(path p3-4 s3)", 
        "(path s4 p3-4)", 
        "(path p3-4 s4)", 
        "(path s4 p4-0)", 
        "(path p4-0 s4)", 
        "(path s0 p4-0)", 
        "(path p4-0 s0)", 
        "(link s0 s2)", 
        "(link s2 s0)", 
        "(link s0 s3)", 
        "(link s3 s0)", 
        "(link s1 s0)", 
        "(link s0 s1)", 
        "(link s2 s1)", 
        "(link s1 s2)", 
        "(link s3 s2)", 
        "(link s2 s3)", 
        "(link s4 s0)", 
        "(link s0 s4)", 
        "(link s4 s2)", 
        "(link s2 s4)", 
        "(link s4 s3)", 
        "(link s3 s4)", 
        "(driving driver2 truck1)", 
        "(at truck2 s3)", 
        "(at package3 s1)", 
        "(at truck1 s2)", 
        "(at package2 s2)", 
        "(at driver1 s3)", 
        "(empty truck2)", 
        "(in package1 truck1)"
      ], 
      "delete_list": [
        "(at package1 s2)"
      ]
    }, 
    {
      "action": "(drive-truck truck1 s2 s3 driver2)", 
      "add_list": [
        "(at truck1 s3)"
      ], 
      "state": 17, 
      "literals": [
        "(driver driver1)", 
        "(driver driver2)", 
        "(truck truck1)", 
        "(truck truck2)", 
        "(at truck3 s3)", 
        "(empty truck3)", 
        "(truck truck3)", 
        "(obj package1)", 
        "(obj package2)", 
        "(obj package3)", 
        "(at package4 s0)", 
        "(obj package4)", 
        "(at package5 s1)", 
        "(obj package5)", 
        "(at package6 s1)", 
        "(obj package6)", 
        "(location s0)", 
        "(location s1)", 
        "(location s2)", 
        "(location s3)", 
        "(location s4)", 
        "(location p0-1)", 
        "(location p1-2)", 
        "(location p1-3)", 
        "(location p3-2)", 
        "(location p3-4)", 
        "(location p4-0)", 
        "(path s0 p0-1)", 
        "(path p0-1 s0)", 
        "(path s1 p0-1)", 
        "(path p0-1 s1)", 
        "(path s1 p1-2)", 
        "(path p1-2 s1)", 
        "(path s2 p1-2)", 
        "(path p1-2 s2)", 
        "(path s1 p1-3)", 
        "(path p1-3 s1)", 
        "(path s3 p1-3)", 
        "(path p1-3 s3)", 
        "(path s3 p3-2)", 
        "(path p3-2 s3)", 
        "(path s2 p3-2)", 
        "(path p3-2 s2)", 
        "(path s3 p3-4)", 
        "(path p3-4 s3)", 
        "(path s4 p3-4)", 
        "(path p3-4 s4)", 
        "(path s4 p4-0)", 
        "(path p4-0 s4)", 
        "(path s0 p4-0)", 
        "(path p4-0 s0)", 
        "(link s0 s2)", 
        "(link s2 s0)", 
        "(link s0 s3)", 
        "(link s3 s0)", 
        "(link s1 s0)", 
        "(link s0 s1)", 
        "(link s2 s1)", 
        "(link s1 s2)", 
        "(link s3 s2)", 
        "(link s2 s3)", 
        "(link s4 s0)", 
        "(link s0 s4)", 
        "(link s4 s2)", 
        "(link s2 s4)", 
        "(link s4 s3)", 
        "(link s3 s4)", 
        "(driving driver2 truck1)", 
        "(at truck2 s3)", 
        "(at package3 s1)", 
        "(at package2 s2)", 
        "(at driver1 s3)", 
        "(empty truck2)", 
        "(in package1 truck1)", 
        "(at truck1 s3)"
      ], 
      "delete_list": [
        "(at truck1 s2)"
      ]
    }, 
    {
      "action": "(unload-truck package1 truck1 s3)", 
      "add_list": [
        "(at package1 s3)"
      ], 
      "state": 18, 
      "literals": [
        "(driver driver1)", 
        "(driver driver2)", 
        "(truck truck1)", 
        "(truck truck2)", 
        "(at truck3 s3)", 
        "(empty truck3)", 
        "(truck truck3)", 
        "(obj package1)", 
        "(obj package2)", 
        "(obj package3)", 
        "(at package4 s0)", 
        "(obj package4)", 
        "(at package5 s1)", 
        "(obj package5)", 
        "(at package6 s1)", 
        "(obj package6)", 
        "(location s0)", 
        "(location s1)", 
        "(location s2)", 
        "(location s3)", 
        "(location s4)", 
        "(location p0-1)", 
        "(location p1-2)", 
        "(location p1-3)", 
        "(location p3-2)", 
        "(location p3-4)", 
        "(location p4-0)", 
        "(path s0 p0-1)", 
        "(path p0-1 s0)", 
        "(path s1 p0-1)", 
        "(path p0-1 s1)", 
        "(path s1 p1-2)", 
        "(path p1-2 s1)", 
        "(path s2 p1-2)", 
        "(path p1-2 s2)", 
        "(path s1 p1-3)", 
        "(path p1-3 s1)", 
        "(path s3 p1-3)", 
        "(path p1-3 s3)", 
        "(path s3 p3-2)", 
        "(path p3-2 s3)", 
        "(path s2 p3-2)", 
        "(path p3-2 s2)", 
        "(path s3 p3-4)", 
        "(path p3-4 s3)", 
        "(path s4 p3-4)", 
        "(path p3-4 s4)", 
        "(path s4 p4-0)", 
        "(path p4-0 s4)", 
        "(path s0 p4-0)", 
        "(path p4-0 s0)", 
        "(link s0 s2)", 
        "(link s2 s0)", 
        "(link s0 s3)", 
        "(link s3 s0)", 
        "(link s1 s0)", 
        "(link s0 s1)", 
        "(link s2 s1)", 
        "(link s1 s2)", 
        "(link s3 s2)", 
        "(link s2 s3)", 
        "(link s4 s0)", 
        "(link s0 s4)", 
        "(link s4 s2)", 
        "(link s2 s4)", 
        "(link s4 s3)", 
        "(link s3 s4)", 
        "(driving driver2 truck1)", 
        "(at truck2 s3)", 
        "(at package3 s1)", 
        "(at package2 s2)", 
        "(at driver1 s3)", 
        "(empty truck2)", 
        "(at truck1 s3)", 
        "(at package1 s3)"
      ], 
      "delete_list": [
        "(in package1 truck1)"
      ]
    }, 
    {
      "action": "(disembark-truck driver2 truck1 s3)", 
      "add_list": [
        "(at driver2 s3)", 
        "(empty truck1)"
      ], 
      "state": 19, 
      "literals": [
        "(driver driver1)", 
        "(driver driver2)", 
        "(truck truck1)", 
        "(truck truck2)", 
        "(at truck3 s3)", 
        "(empty truck3)", 
        "(truck truck3)", 
        "(obj package1)", 
        "(obj package2)", 
        "(obj package3)", 
        "(at package4 s0)", 
        "(obj package4)", 
        "(at package5 s1)", 
        "(obj package5)", 
        "(at package6 s1)", 
        "(obj package6)", 
        "(location s0)", 
        "(location s1)", 
        "(location s2)", 
        "(location s3)", 
        "(location s4)", 
        "(location p0-1)", 
        "(location p1-2)", 
        "(location p1-3)", 
        "(location p3-2)", 
        "(location p3-4)", 
        "(location p4-0)", 
        "(path s0 p0-1)", 
        "(path p0-1 s0)", 
        "(path s1 p0-1)", 
        "(path p0-1 s1)", 
        "(path s1 p1-2)", 
        "(path p1-2 s1)", 
        "(path s2 p1-2)", 
        "(path p1-2 s2)", 
        "(path s1 p1-3)", 
        "(path p1-3 s1)", 
        "(path s3 p1-3)", 
        "(path p1-3 s3)", 
        "(path s3 p3-2)", 
        "(path p3-2 s3)", 
        "(path s2 p3-2)", 
        "(path p3-2 s2)", 
        "(path s3 p3-4)", 
        "(path p3-4 s3)", 
        "(path s4 p3-4)", 
        "(path p3-4 s4)", 
        "(path s4 p4-0)", 
        "(path p4-0 s4)", 
        "(path s0 p4-0)", 
        "(path p4-0 s0)", 
        "(link s0 s2)", 
        "(link s2 s0)", 
        "(link s0 s3)", 
        "(link s3 s0)", 
        "(link s1 s0)", 
        "(link s0 s1)", 
        "(link s2 s1)", 
        "(link s1 s2)", 
        "(link s3 s2)", 
        "(link s2 s3)", 
        "(link s4 s0)", 
        "(link s0 s4)", 
        "(link s4 s2)", 
        "(link s2 s4)", 
        "(link s4 s3)", 
        "(link s3 s4)", 
        "(at truck2 s3)", 
        "(at package3 s1)", 
        "(at package2 s2)", 
        "(at driver1 s3)", 
        "(empty truck2)", 
        "(at truck1 s3)", 
        "(at package1 s3)", 
        "(at driver2 s3)", 
        "(empty truck1)"
      ], 
      "delete_list": [
        "(driving driver2 truck1)"
      ]
    }, 
    {
      "action": "(walk driver2 s3 p3-4)", 
      "add_list": [
        "(at driver2 p3-4)"
      ], 
      "state": 20, 
      "literals": [
        "(driver driver1)", 
        "(driver driver2)", 
        "(truck truck1)", 
        "(truck truck2)", 
        "(at truck3 s3)", 
        "(empty truck3)", 
        "(truck truck3)", 
        "(obj package1)", 
        "(obj package2)", 
        "(obj package3)", 
        "(at package4 s0)", 
        "(obj package4)", 
        "(at package5 s1)", 
        "(obj package5)", 
        "(at package6 s1)", 
        "(obj package6)", 
        "(location s0)", 
        "(location s1)", 
        "(location s2)", 
        "(location s3)", 
        "(location s4)", 
        "(location p0-1)", 
        "(location p1-2)", 
        "(location p1-3)", 
        "(location p3-2)", 
        "(location p3-4)", 
        "(location p4-0)", 
        "(path s0 p0-1)", 
        "(path p0-1 s0)", 
        "(path s1 p0-1)", 
        "(path p0-1 s1)", 
        "(path s1 p1-2)", 
        "(path p1-2 s1)", 
        "(path s2 p1-2)", 
        "(path p1-2 s2)", 
        "(path s1 p1-3)", 
        "(path p1-3 s1)", 
        "(path s3 p1-3)", 
        "(path p1-3 s3)", 
        "(path s3 p3-2)", 
        "(path p3-2 s3)", 
        "(path s2 p3-2)", 
        "(path p3-2 s2)", 
        "(path s3 p3-4)", 
        "(path p3-4 s3)", 
        "(path s4 p3-4)", 
        "(path p3-4 s4)", 
        "(path s4 p4-0)", 
        "(path p4-0 s4)", 
        "(path s0 p4-0)", 
        "(path p4-0 s0)", 
        "(link s0 s2)", 
        "(link s2 s0)", 
        "(link s0 s3)", 
        "(link s3 s0)", 
        "(link s1 s0)", 
        "(link s0 s1)", 
        "(link s2 s1)", 
        "(link s1 s2)", 
        "(link s3 s2)", 
        "(link s2 s3)", 
        "(link s4 s0)", 
        "(link s0 s4)", 
        "(link s4 s2)", 
        "(link s2 s4)", 
        "(link s4 s3)", 
        "(link s3 s4)", 
        "(at truck2 s3)", 
        "(at package3 s1)", 
        "(at package2 s2)", 
        "(at driver1 s3)", 
        "(empty truck2)", 
        "(at truck1 s3)", 
        "(at package1 s3)", 
        "(empty truck1)", 
        "(at driver2 p3-4)"
      ], 
      "delete_list": [
        "(at driver2 s3)"
      ]
    }, 
    {
      "action": "(walk driver2 p3-4 s4)", 
      "add_list": [
        "(at driver2 s4)"
      ], 
      "state": 21, 
      "literals": [
        "(driver driver1)", 
        "(driver driver2)", 
        "(truck truck1)", 
        "(truck truck2)", 
        "(at truck3 s3)", 
        "(empty truck3)", 
        "(truck truck3)", 
        "(obj package1)", 
        "(obj package2)", 
        "(obj package3)", 
        "(at package4 s0)", 
        "(obj package4)", 
        "(at package5 s1)", 
        "(obj package5)", 
        "(at package6 s1)", 
        "(obj package6)", 
        "(location s0)", 
        "(location s1)", 
        "(location s2)", 
        "(location s3)", 
        "(location s4)", 
        "(location p0-1)", 
        "(location p1-2)", 
        "(location p1-3)", 
        "(location p3-2)", 
        "(location p3-4)", 
        "(location p4-0)", 
        "(path s0 p0-1)", 
        "(path p0-1 s0)", 
        "(path s1 p0-1)", 
        "(path p0-1 s1)", 
        "(path s1 p1-2)", 
        "(path p1-2 s1)", 
        "(path s2 p1-2)", 
        "(path p1-2 s2)", 
        "(path s1 p1-3)", 
        "(path p1-3 s1)", 
        "(path s3 p1-3)", 
        "(path p1-3 s3)", 
        "(path s3 p3-2)", 
        "(path p3-2 s3)", 
        "(path s2 p3-2)", 
        "(path p3-2 s2)", 
        "(path s3 p3-4)", 
        "(path p3-4 s3)", 
        "(path s4 p3-4)", 
        "(path p3-4 s4)", 
        "(path s4 p4-0)", 
        "(path p4-0 s4)", 
        "(path s0 p4-0)", 
        "(path p4-0 s0)", 
        "(link s0 s2)", 
        "(link s2 s0)", 
        "(link s0 s3)", 
        "(link s3 s0)", 
        "(link s1 s0)", 
        "(link s0 s1)", 
        "(link s2 s1)", 
        "(link s1 s2)", 
        "(link s3 s2)", 
        "(link s2 s3)", 
        "(link s4 s0)", 
        "(link s0 s4)", 
        "(link s4 s2)", 
        "(link s2 s4)", 
        "(link s4 s3)", 
        "(link s3 s4)", 
        "(at truck2 s3)", 
        "(at package3 s1)", 
        "(at package2 s2)", 
        "(at driver1 s3)", 
        "(empty truck2)", 
        "(at truck1 s3)", 
        "(at package1 s3)", 
        "(empty truck1)", 
        "(at driver2 s4)"
      ], 
      "delete_list": [
        "(at driver2 p3-4)"
      ]
    }
  ], 
  "domain_id": 83
}