{
  "domain": "depot", 
  "inital_state": [
    "(pallet pallet0)", 
    "(surface pallet0)", 
    "(at pallet0 depot0)", 
    "(clear crate1)", 
    "(pallet pallet1)", 
    "(surface pallet1)", 
    "(at pallet1 depot1)", 
    "(clear crate0)", 
    "(pallet pallet2)", 
    "(surface pallet2)", 
    "(at pallet2 depot2)", 
    "(clear crate4)", 
    "(pallet pallet3)", 
    "(surface pallet3)", 
    "(at pallet3 distributor0)", 
    "(clear crate5)", 
    "(pallet pallet4)", 
    "(surface pallet4)", 
    "(at pallet4 distributor1)", 
    "(clear pallet4)", 
    "(pallet pallet5)", 
    "(surface pallet5)", 
    "(at pallet5 distributor2)", 
    "(clear crate3)", 
    "(truck truck0)", 
    "(at truck0 depot1)", 
    "(truck truck1)", 
    "(at truck1 depot2)", 
    "(hoist hoist0)", 
    "(at hoist0 depot0)", 
    "(available hoist0)", 
    "(hoist hoist1)", 
    "(at hoist1 depot1)", 
    "(available hoist1)", 
    "(hoist hoist2)", 
    "(at hoist2 depot2)", 
    "(available hoist2)", 
    "(hoist hoist3)", 
    "(at hoist3 distributor0)", 
    "(available hoist3)", 
    "(hoist hoist4)", 
    "(at hoist4 distributor1)", 
    "(available hoist4)", 
    "(hoist hoist5)", 
    "(at hoist5 distributor2)", 
    "(available hoist5)", 
    "(crate crate0)", 
    "(surface crate0)", 
    "(at crate0 depot1)", 
    "(on crate0 pallet1)", 
    "(crate crate1)", 
    "(surface crate1)", 
    "(at crate1 depot0)", 
    "(on crate1 pallet0)", 
    "(crate crate2)", 
    "(surface crate2)", 
    "(at crate2 distributor2)", 
    "(on crate2 pallet5)", 
    "(crate crate3)", 
    "(surface crate3)", 
    "(at crate3 distributor2)", 
    "(on crate3 crate2)", 
    "(crate crate4)", 
    "(surface crate4)", 
    "(at crate4 depot2)", 
    "(on crate4 pallet2)", 
    "(crate crate5)", 
    "(surface crate5)", 
    "(at crate5 distributor0)", 
    "(on crate5 pallet3)", 
    "(place depot0)", 
    "(place depot1)", 
    "(place depot2)", 
    "(place distributor0)", 
    "(place distributor1)", 
    "(place distributor2)"
  ], 
  "negative_goals": [], 
  "problem_id": 2337, 
  "positive_goals": [
    "(on crate0 crate4)", 
    "(on crate2 pallet3)", 
    "(on crate3 pallet0)", 
    "(on crate4 pallet5)"
  ], 
  "plan_length": 25, 
  "plan_literals": [
    {
      "action": "(lift hoist3 crate5 pallet3 distributor0)", 
      "add_list": [
        "(lifting hoist3 crate5)", 
        "(clear pallet3)"
      ], 
      "state": 0, 
      "literals": [
        "(pallet pallet0)", 
        "(surface pallet0)", 
        "(at pallet0 depot0)", 
        "(clear crate1)", 
        "(pallet pallet1)", 
        "(surface pallet1)", 
        "(at pallet1 depot1)", 
        "(clear crate0)", 
        "(pallet pallet2)", 
        "(surface pallet2)", 
        "(at pallet2 depot2)", 
        "(clear crate4)", 
        "(pallet pallet3)", 
        "(surface pallet3)", 
        "(at pallet3 distributor0)", 
        "(pallet pallet4)", 
        "(surface pallet4)", 
        "(at pallet4 distributor1)", 
        "(clear pallet4)", 
        "(pallet pallet5)", 
        "(surface pallet5)", 
        "(at pallet5 distributor2)", 
        "(clear crate3)", 
        "(truck truck0)", 
        "(at truck0 depot1)", 
        "(truck truck1)", 
        "(at truck1 depot2)", 
        "(hoist hoist0)", 
        "(at hoist0 depot0)", 
        "(available hoist0)", 
        "(hoist hoist1)", 
        "(at hoist1 depot1)", 
        "(available hoist1)", 
        "(hoist hoist2)", 
        "(at hoist2 depot2)", 
        "(available hoist2)", 
        "(hoist hoist3)", 
        "(at hoist3 distributor0)", 
        "(hoist hoist4)", 
        "(at hoist4 distributor1)", 
        "(available hoist4)", 
        "(hoist hoist5)", 
        "(at hoist5 distributor2)", 
        "(available hoist5)", 
        "(crate crate0)", 
        "(surface crate0)", 
        "(at crate0 depot1)", 
        "(on crate0 pallet1)", 
        "(crate crate1)", 
        "(surface crate1)", 
        "(at crate1 depot0)", 
        "(on crate1 pallet0)", 
        "(crate crate2)", 
        "(surface crate2)", 
        "(at crate2 distributor2)", 
        "(on crate2 pallet5)", 
        "(crate crate3)", 
        "(surface crate3)", 
        "(at crate3 distributor2)", 
        "(on crate3 crate2)", 
        "(crate crate4)", 
        "(surface crate4)", 
        "(at crate4 depot2)", 
        "(on crate4 pallet2)", 
        "(crate crate5)", 
        "(surface crate5)", 
        "(place depot0)", 
        "(place depot1)", 
        "(place depot2)", 
        "(place distributor0)", 
        "(place distributor1)", 
        "(place distributor2)", 
        "(lifting hoist3 crate5)", 
        "(clear pallet3)"
      ], 
      "delete_list": [
        "(at crate5 distributor0)", 
        "(clear crate5)", 
        "(available hoist3)", 
        "(on crate5 pallet3)"
      ]
    }, 
    {
      "action": "(lift hoist0 crate1 pallet0 depot0)", 
      "add_list": [
        "(lifting hoist0 crate1)", 
        "(clear pallet0)"
      ], 
      "state": 1, 
      "literals": [
        "(pallet pallet0)", 
        "(surface pallet0)", 
        "(at pallet0 depot0)", 
        "(pallet pallet1)", 
        "(surface pallet1)", 
        "(at pallet1 depot1)", 
        "(clear crate0)", 
        "(pallet pallet2)", 
        "(surface pallet2)", 
        "(at pallet2 depot2)", 
        "(clear crate4)", 
        "(pallet pallet3)", 
        "(surface pallet3)", 
        "(at pallet3 distributor0)", 
        "(pallet pallet4)", 
        "(surface pallet4)", 
        "(at pallet4 distributor1)", 
        "(clear pallet4)", 
        "(pallet pallet5)", 
        "(surface pallet5)", 
        "(at pallet5 distributor2)", 
        "(clear crate3)", 
        "(truck truck0)", 
        "(at truck0 depot1)", 
        "(truck truck1)", 
        "(at truck1 depot2)", 
        "(hoist hoist0)", 
        "(at hoist0 depot0)", 
        "(hoist hoist1)", 
        "(at hoist1 depot1)", 
        "(available hoist1)", 
        "(hoist hoist2)", 
        "(at hoist2 depot2)", 
        "(available hoist2)", 
        "(hoist hoist3)", 
        "(at hoist3 distributor0)", 
        "(hoist hoist4)", 
        "(at hoist4 distributor1)", 
        "(available hoist4)", 
        "(hoist hoist5)", 
        "(at hoist5 distributor2)", 
        "(available hoist5)", 
        "(crate crate0)", 
        "(surface crate0)", 
        "(at crate0 depot1)", 
        "(on crate0 pallet1)", 
        "(crate crate1)", 
        "(surface crate1)", 
        "(crate crate2)", 
        "(surface crate2)", 
        "(at crate2 distributor2)", 
        "(on crate2 pallet5)", 
        "(crate crate3)", 
        "(surface crate3)", 
        "(at crate3 distributor2)", 
        "(on crate3 crate2)", 
        "(crate crate4)", 
        "(surface crate4)", 
        "(at crate4 depot2)", 
        "(on crate4 pallet2)", 
        "(crate crate5)", 
        "(surface crate5)", 
        "(place depot0)", 
        "(place depot1)", 
        "(place depot2)", 
        "(place distributor0)", 
        "(place distributor1)", 
        "(place distributor2)", 
        "(lifting hoist3 crate5)", 
        "(clear pallet3)", 
        "(lifting hoist0 crate1)", 
        "(clear pallet0)"
      ], 
      "delete_list": [
        "(at crate1 depot0)", 
        "(clear crate1)", 
        "(available hoist0)", 
        "(on crate1 pallet0)"
      ]
    }, 
    {
      "action": "(drive truck1 depot2 distributor2)", 
      "add_list": [
        "(at truck1 distributor2)"
      ], 
      "state": 2, 
      "literals": [
        "(pallet pallet0)", 
        "(surface pallet0)", 
        "(at pallet0 depot0)", 
        "(pallet pallet1)", 
        "(surface pallet1)", 
        "(at pallet1 depot1)", 
        "(clear crate0)", 
        "(pallet pallet2)", 
        "(surface pallet2)", 
        "(at pallet2 depot2)", 
        "(clear crate4)", 
        "(pallet pallet3)", 
        "(surface pallet3)", 
        "(at pallet3 distributor0)", 
        "(pallet pallet4)", 
        "(surface pallet4)", 
        "(at pallet4 distributor1)", 
        "(clear pallet4)", 
        "(pallet pallet5)", 
        "(surface pallet5)", 
        "(at pallet5 distributor2)", 
        "(clear crate3)", 
        "(truck truck0)", 
        "(at truck0 depot1)", 
        "(truck truck1)", 
        "(hoist hoist0)", 
        "(at hoist0 depot0)", 
        "(hoist hoist1)", 
        "(at hoist1 depot1)", 
        "(available hoist1)", 
        "(hoist hoist2)", 
        "(at hoist2 depot2)", 
        "(available hoist2)", 
        "(hoist hoist3)", 
        "(at hoist3 distributor0)", 
        "(hoist hoist4)", 
        "(at hoist4 distributor1)", 
        "(available hoist4)", 
        "(hoist hoist5)", 
        "(at hoist5 distributor2)", 
        "(available hoist5)", 
        "(crate crate0)", 
        "(surface crate0)", 
        "(at crate0 depot1)", 
        "(on crate0 pallet1)", 
        "(crate crate1)", 
        "(surface crate1)", 
        "(crate crate2)", 
        "(surface crate2)", 
        "(at crate2 distributor2)", 
        "(on crate2 pallet5)", 
        "(crate crate3)", 
        "(surface crate3)", 
        "(at crate3 distributor2)", 
        "(on crate3 crate2)", 
        "(crate crate4)", 
        "(surface crate4)", 
        "(at crate4 depot2)", 
        "(on crate4 pallet2)", 
        "(crate crate5)", 
        "(surface crate5)", 
        "(place depot0)", 
        "(place depot1)", 
        "(place depot2)", 
        "(place distributor0)", 
        "(place distributor1)", 
        "(place distributor2)", 
        "(lifting hoist3 crate5)", 
        "(clear pallet3)", 
        "(lifting hoist0 crate1)", 
        "(clear pallet0)", 
        "(at truck1 distributor2)"
      ], 
      "delete_list": [
        "(at truck1 depot2)"
      ]
    }, 
    {
      "action": "(lift hoist1 crate0 pallet1 depot1)", 
      "add_list": [
        "(lifting hoist1 crate0)", 
        "(clear pallet1)"
      ], 
      "state": 3, 
      "literals": [
        "(pallet pallet0)", 
        "(surface pallet0)", 
        "(at pallet0 depot0)", 
        "(pallet pallet1)", 
        "(surface pallet1)", 
        "(at pallet1 depot1)", 
        "(pallet pallet2)", 
        "(surface pallet2)", 
        "(at pallet2 depot2)", 
        "(clear crate4)", 
        "(pallet pallet3)", 
        "(surface pallet3)", 
        "(at pallet3 distributor0)", 
        "(pallet pallet4)", 
        "(surface pallet4)", 
        "(at pallet4 distributor1)", 
        "(clear pallet4)", 
        "(pallet pallet5)", 
        "(surface pallet5)", 
        "(at pallet5 distributor2)", 
        "(clear crate3)", 
        "(truck truck0)", 
        "(at truck0 depot1)", 
        "(truck truck1)", 
        "(hoist hoist0)", 
        "(at hoist0 depot0)", 
        "(hoist hoist1)", 
        "(at hoist1 depot1)", 
        "(hoist hoist2)", 
        "(at hoist2 depot2)", 
        "(available hoist2)", 
        "(hoist hoist3)", 
        "(at hoist3 distributor0)", 
        "(hoist hoist4)", 
        "(at hoist4 distributor1)", 
        "(available hoist4)", 
        "(hoist hoist5)", 
        "(at hoist5 distributor2)", 
        "(available hoist5)", 
        "(crate crate0)", 
        "(surface crate0)", 
        "(crate crate1)", 
        "(surface crate1)", 
        "(crate crate2)", 
        "(surface crate2)", 
        "(at crate2 distributor2)", 
        "(on crate2 pallet5)", 
        "(crate crate3)", 
        "(surface crate3)", 
        "(at crate3 distributor2)", 
        "(on crate3 crate2)", 
        "(crate crate4)", 
        "(surface crate4)", 
        "(at crate4 depot2)", 
        "(on crate4 pallet2)", 
        "(crate crate5)", 
        "(surface crate5)", 
        "(place depot0)", 
        "(place depot1)", 
        "(place depot2)", 
        "(place distributor0)", 
        "(place distributor1)", 
        "(place distributor2)", 
        "(lifting hoist3 crate5)", 
        "(clear pallet3)", 
        "(lifting hoist0 crate1)", 
        "(clear pallet0)", 
        "(at truck1 distributor2)", 
        "(lifting hoist1 crate0)", 
        "(clear pallet1)"
      ], 
      "delete_list": [
        "(at crate0 depot1)", 
        "(clear crate0)", 
        "(available hoist1)", 
        "(on crate0 pallet1)"
      ]
    }, 
    {
      "action": "(load hoist1 crate0 truck0 depot1)", 
      "add_list": [
        "(in crate0 truck0)", 
        "(available hoist1)"
      ], 
      "state": 4, 
      "literals": [
        "(pallet pallet0)", 
        "(surface pallet0)", 
        "(at pallet0 depot0)", 
        "(pallet pallet1)", 
        "(surface pallet1)", 
        "(at pallet1 depot1)", 
        "(pallet pallet2)", 
        "(surface pallet2)", 
        "(at pallet2 depot2)", 
        "(clear crate4)", 
        "(pallet pallet3)", 
        "(surface pallet3)", 
        "(at pallet3 distributor0)", 
        "(pallet pallet4)", 
        "(surface pallet4)", 
        "(at pallet4 distributor1)", 
        "(clear pallet4)", 
        "(pallet pallet5)", 
        "(surface pallet5)", 
        "(at pallet5 distributor2)", 
        "(clear crate3)", 
        "(truck truck0)", 
        "(at truck0 depot1)", 
        "(truck truck1)", 
        "(hoist hoist0)", 
        "(at hoist0 depot0)", 
        "(hoist hoist1)", 
        "(at hoist1 depot1)", 
        "(hoist hoist2)", 
        "(at hoist2 depot2)", 
        "(available hoist2)", 
        "(hoist hoist3)", 
        "(at hoist3 distributor0)", 
        "(hoist hoist4)", 
        "(at hoist4 distributor1)", 
        "(available hoist4)", 
        "(hoist hoist5)", 
        "(at hoist5 distributor2)", 
        "(available hoist5)", 
        "(crate crate0)", 
        "(surface crate0)", 
        "(crate crate1)", 
        "(surface crate1)", 
        "(crate crate2)", 
        "(surface crate2)", 
        "(at crate2 distributor2)", 
        "(on crate2 pallet5)", 
        "(crate crate3)", 
        "(surface crate3)", 
        "(at crate3 distributor2)", 
        "(on crate3 crate2)", 
        "(crate crate4)", 
        "(surface crate4)", 
        "(at crate4 depot2)", 
        "(on crate4 pallet2)", 
        "(crate crate5)", 
        "(surface crate5)", 
        "(place depot0)", 
        "(place depot1)", 
        "(place depot2)", 
        "(place distributor0)", 
        "(place distributor1)", 
        "(place distributor2)", 
        "(lifting hoist3 crate5)", 
        "(clear pallet3)", 
        "(lifting hoist0 crate1)", 
        "(clear pallet0)", 
        "(at truck1 distributor2)", 
        "(clear pallet1)", 
        "(in crate0 truck0)", 
        "(available hoist1)"
      ], 
      "delete_list": [
        "(lifting hoist1 crate0)"
      ]
    }, 
    {
      "action": "(drive truck0 depot1 depot2)", 
      "add_list": [
        "(at truck0 depot2)"
      ], 
      "state": 5, 
      "literals": [
        "(pallet pallet0)", 
        "(surface pallet0)", 
        "(at pallet0 depot0)", 
        "(pallet pallet1)", 
        "(surface pallet1)", 
        "(at pallet1 depot1)", 
        "(pallet pallet2)", 
        "(surface pallet2)", 
        "(at pallet2 depot2)", 
        "(clear crate4)", 
        "(pallet pallet3)", 
        "(surface pallet3)", 
        "(at pallet3 distributor0)", 
        "(pallet pallet4)", 
        "(surface pallet4)", 
        "(at pallet4 distributor1)", 
        "(clear pallet4)", 
        "(pallet pallet5)", 
        "(surface pallet5)", 
        "(at pallet5 distributor2)", 
        "(clear crate3)", 
        "(truck truck0)", 
        "(truck truck1)", 
        "(hoist hoist0)", 
        "(at hoist0 depot0)", 
        "(hoist hoist1)", 
        "(at hoist1 depot1)", 
        "(hoist hoist2)", 
        "(at hoist2 depot2)", 
        "(available hoist2)", 
        "(hoist hoist3)", 
        "(at hoist3 distributor0)", 
        "(hoist hoist4)", 
        "(at hoist4 distributor1)", 
        "(available hoist4)", 
        "(hoist hoist5)", 
        "(at hoist5 distributor2)", 
        "(available hoist5)", 
        "(crate crate0)", 
        "(surface crate0)", 
        "(crate crate1)", 
        "(surface crate1)", 
        "(crate crate2)", 
        "(surface crate2)", 
        "(at crate2 distributor2)", 
        "(on crate2 pallet5)", 
        "(crate crate3)", 
        "(surface crate3)", 
        "(at crate3 distributor2)", 
        "(on crate3 crate2)", 
        "(crate crate4)", 
        "(surface crate4)", 
        "(at crate4 depot2)", 
        "(on crate4 pallet2)", 
        "(crate crate5)", 
        "(surface crate5)", 
        "(place depot0)", 
        "(place depot1)", 
        "(place depot2)", 
        "(place distributor0)", 
        "(place distributor1)", 
        "(place distributor2)", 
        "(lifting hoist3 crate5)", 
        "(clear pallet3)", 
        "(lifting hoist0 crate1)", 
        "(clear pallet0)", 
        "(at truck1 distributor2)", 
        "(clear pallet1)", 
        "(in crate0 truck0)", 
        "(available hoist1)", 
        "(at truck0 depot2)"
      ], 
      "delete_list": [
        "(at truck0 depot1)"
      ]
    }, 
    {
      "action": "(lift hoist5 crate3 crate2 distributor2)", 
      "add_list": [
        "(lifting hoist5 crate3)", 
        "(clear crate2)"
      ], 
      "state": 6, 
      "literals": [
        "(pallet pallet0)", 
        "(surface pallet0)", 
        "(at pallet0 depot0)", 
        "(pallet pallet1)", 
        "(surface pallet1)", 
        "(at pallet1 depot1)", 
        "(pallet pallet2)", 
        "(surface pallet2)", 
        "(at pallet2 depot2)", 
        "(clear crate4)", 
        "(pallet pallet3)", 
        "(surface pallet3)", 
        "(at pallet3 distributor0)", 
        "(pallet pallet4)", 
        "(surface pallet4)", 
        "(at pallet4 distributor1)", 
        "(clear pallet4)", 
        "(pallet pallet5)", 
        "(surface pallet5)", 
        "(at pallet5 distributor2)", 
        "(truck truck0)", 
        "(truck truck1)", 
        "(hoist hoist0)", 
        "(at hoist0 depot0)", 
        "(hoist hoist1)", 
        "(at hoist1 depot1)", 
        "(hoist hoist2)", 
        "(at hoist2 depot2)", 
        "(available hoist2)", 
        "(hoist hoist3)", 
        "(at hoist3 distributor0)", 
        "(hoist hoist4)", 
        "(at hoist4 distributor1)", 
        "(available hoist4)", 
        "(hoist hoist5)", 
        "(at hoist5 distributor2)", 
        "(crate crate0)", 
        "(surface crate0)", 
        "(crate crate1)", 
        "(surface crate1)", 
        "(crate crate2)", 
        "(surface crate2)", 
        "(at crate2 distributor2)", 
        "(on crate2 pallet5)", 
        "(crate crate3)", 
        "(surface crate3)", 
        "(crate crate4)", 
        "(surface crate4)", 
        "(at crate4 depot2)", 
        "(on crate4 pallet2)", 
        "(crate crate5)", 
        "(surface crate5)", 
        "(place depot0)", 
        "(place depot1)", 
        "(place depot2)", 
        "(place distributor0)", 
        "(place distributor1)", 
        "(place distributor2)", 
        "(lifting hoist3 crate5)", 
        "(clear pallet3)", 
        "(lifting hoist0 crate1)", 
        "(clear pallet0)", 
        "(at truck1 distributor2)", 
        "(clear pallet1)", 
        "(in crate0 truck0)", 
        "(available hoist1)", 
        "(at truck0 depot2)", 
        "(lifting hoist5 crate3)", 
        "(clear crate2)"
      ], 
      "delete_list": [
        "(at crate3 distributor2)", 
        "(clear crate3)", 
        "(available hoist5)", 
        "(on crate3 crate2)"
      ]
    }, 
    {
      "action": "(load hoist5 crate3 truck1 distributor2)", 
      "add_list": [
        "(in crate3 truck1)", 
        "(available hoist5)"
      ], 
      "state": 7, 
      "literals": [
        "(pallet pallet0)", 
        "(surface pallet0)", 
        "(at pallet0 depot0)", 
        "(pallet pallet1)", 
        "(surface pallet1)", 
        "(at pallet1 depot1)", 
        "(pallet pallet2)", 
        "(surface pallet2)", 
        "(at pallet2 depot2)", 
        "(clear crate4)", 
        "(pallet pallet3)", 
        "(surface pallet3)", 
        "(at pallet3 distributor0)", 
        "(pallet pallet4)", 
        "(surface pallet4)", 
        "(at pallet4 distributor1)", 
        "(clear pallet4)", 
        "(pallet pallet5)", 
        "(surface pallet5)", 
        "(at pallet5 distributor2)", 
        "(truck truck0)", 
        "(truck truck1)", 
        "(hoist hoist0)", 
        "(at hoist0 depot0)", 
        "(hoist hoist1)", 
        "(at hoist1 depot1)", 
        "(hoist hoist2)", 
        "(at hoist2 depot2)", 
        "(available hoist2)", 
        "(hoist hoist3)", 
        "(at hoist3 distributor0)", 
        "(hoist hoist4)", 
        "(at hoist4 distributor1)", 
        "(available hoist4)", 
        "(hoist hoist5)", 
        "(at hoist5 distributor2)", 
        "(crate crate0)", 
        "(surface crate0)", 
        "(crate crate1)", 
        "(surface crate1)", 
        "(crate crate2)", 
        "(surface crate2)", 
        "(at crate2 distributor2)", 
        "(on crate2 pallet5)", 
        "(crate crate3)", 
        "(surface crate3)", 
        "(crate crate4)", 
        "(surface crate4)", 
        "(at crate4 depot2)", 
        "(on crate4 pallet2)", 
        "(crate crate5)", 
        "(surface crate5)", 
        "(place depot0)", 
        "(place depot1)", 
        "(place depot2)", 
        "(place distributor0)", 
        "(place distributor1)", 
        "(place distributor2)", 
        "(lifting hoist3 crate5)", 
        "(clear pallet3)", 
        "(lifting hoist0 crate1)", 
        "(clear pallet0)", 
        "(at truck1 distributor2)", 
        "(clear pallet1)", 
        "(in crate0 truck0)", 
        "(available hoist1)", 
        "(at truck0 depot2)", 
        "(clear crate2)", 
        "(in crate3 truck1)", 
        "(available hoist5)"
      ], 
      "delete_list": [
        "(lifting hoist5 crate3)"
      ]
    }, 
    {
      "action": "(lift hoist5 crate2 pallet5 distributor2)", 
      "add_list": [
        "(lifting hoist5 crate2)", 
        "(clear pallet5)"
      ], 
      "state": 8, 
      "literals": [
        "(pallet pallet0)", 
        "(surface pallet0)", 
        "(at pallet0 depot0)", 
        "(pallet pallet1)", 
        "(surface pallet1)", 
        "(at pallet1 depot1)", 
        "(pallet pallet2)", 
        "(surface pallet2)", 
        "(at pallet2 depot2)", 
        "(clear crate4)", 
        "(pallet pallet3)", 
        "(surface pallet3)", 
        "(at pallet3 distributor0)", 
        "(pallet pallet4)", 
        "(surface pallet4)", 
        "(at pallet4 distributor1)", 
        "(clear pallet4)", 
        "(pallet pallet5)", 
        "(surface pallet5)", 
        "(at pallet5 distributor2)", 
        "(truck truck0)", 
        "(truck truck1)", 
        "(hoist hoist0)", 
        "(at hoist0 depot0)", 
        "(hoist hoist1)", 
        "(at hoist1 depot1)", 
        "(hoist hoist2)", 
        "(at hoist2 depot2)", 
        "(available hoist2)", 
        "(hoist hoist3)", 
        "(at hoist3 distributor0)", 
        "(hoist hoist4)", 
        "(at hoist4 distributor1)", 
        "(available hoist4)", 
        "(hoist hoist5)", 
        "(at hoist5 distributor2)", 
        "(crate crate0)", 
        "(surface crate0)", 
        "(crate crate1)", 
        "(surface crate1)", 
        "(crate crate2)", 
        "(surface crate2)", 
        "(crate crate3)", 
        "(surface crate3)", 
        "(crate crate4)", 
        "(surface crate4)", 
        "(at crate4 depot2)", 
        "(on crate4 pallet2)", 
        "(crate crate5)", 
        "(surface crate5)", 
        "(place depot0)", 
        "(place depot1)", 
        "(place depot2)", 
        "(place distributor0)", 
        "(place distributor1)", 
        "(place distributor2)", 
        "(lifting hoist3 crate5)", 
        "(clear pallet3)", 
        "(lifting hoist0 crate1)", 
        "(clear pallet0)", 
        "(at truck1 distributor2)", 
        "(clear pallet1)", 
        "(in crate0 truck0)", 
        "(available hoist1)", 
        "(at truck0 depot2)", 
        "(in crate3 truck1)", 
        "(lifting hoist5 crate2)", 
        "(clear pallet5)"
      ], 
      "delete_list": [
        "(at crate2 distributor2)", 
        "(clear crate2)", 
        "(available hoist5)", 
        "(on crate2 pallet5)"
      ]
    }, 
    {
      "action": "(load hoist5 crate2 truck1 distributor2)", 
      "add_list": [
        "(in crate2 truck1)", 
        "(available hoist5)"
      ], 
      "state": 9, 
      "literals": [
        "(pallet pallet0)", 
        "(surface pallet0)", 
        "(at pallet0 depot0)", 
        "(pallet pallet1)", 
        "(surface pallet1)", 
        "(at pallet1 depot1)", 
        "(pallet pallet2)", 
        "(surface pallet2)", 
        "(at pallet2 depot2)", 
        "(clear crate4)", 
        "(pallet pallet3)", 
        "(surface pallet3)", 
        "(at pallet3 distributor0)", 
        "(pallet pallet4)", 
        "(surface pallet4)", 
        "(at pallet4 distributor1)", 
        "(clear pallet4)", 
        "(pallet pallet5)", 
        "(surface pallet5)", 
        "(at pallet5 distributor2)", 
        "(truck truck0)", 
        "(truck truck1)", 
        "(hoist hoist0)", 
        "(at hoist0 depot0)", 
        "(hoist hoist1)", 
        "(at hoist1 depot1)", 
        "(hoist hoist2)", 
        "(at hoist2 depot2)", 
        "(available hoist2)", 
        "(hoist hoist3)", 
        "(at hoist3 distributor0)", 
        "(hoist hoist4)", 
        "(at hoist4 distributor1)", 
        "(available hoist4)", 
        "(hoist hoist5)", 
        "(at hoist5 distributor2)", 
        "(crate crate0)", 
        "(surface crate0)", 
        "(crate crate1)", 
        "(surface crate1)", 
        "(crate crate2)", 
        "(surface crate2)", 
        "(crate crate3)", 
        "(surface crate3)", 
        "(crate crate4)", 
        "(surface crate4)", 
        "(at crate4 depot2)", 
        "(on crate4 pallet2)", 
        "(crate crate5)", 
        "(surface crate5)", 
        "(place depot0)", 
        "(place depot1)", 
        "(place depot2)", 
        "(place distributor0)", 
        "(place distributor1)", 
        "(place distributor2)", 
        "(lifting hoist3 crate5)", 
        "(clear pallet3)", 
        "(lifting hoist0 crate1)", 
        "(clear pallet0)", 
        "(at truck1 distributor2)", 
        "(clear pallet1)", 
        "(in crate0 truck0)", 
        "(available hoist1)", 
        "(at truck0 depot2)", 
        "(in crate3 truck1)", 
        "(clear pallet5)", 
        "(in crate2 truck1)", 
        "(available hoist5)"
      ], 
      "delete_list": [
        "(lifting hoist5 crate2)"
      ]
    }, 
    {
      "action": "(drive truck1 distributor2 depot0)", 
      "add_list": [
        "(at truck1 depot0)"
      ], 
      "state": 10, 
      "literals": [
        "(pallet pallet0)", 
        "(surface pallet0)", 
        "(at pallet0 depot0)", 
        "(pallet pallet1)", 
        "(surface pallet1)", 
        "(at pallet1 depot1)", 
        "(pallet pallet2)", 
        "(surface pallet2)", 
        "(at pallet2 depot2)", 
        "(clear crate4)", 
        "(pallet pallet3)", 
        "(surface pallet3)", 
        "(at pallet3 distributor0)", 
        "(pallet pallet4)", 
        "(surface pallet4)", 
        "(at pallet4 distributor1)", 
        "(clear pallet4)", 
        "(pallet pallet5)", 
        "(surface pallet5)", 
        "(at pallet5 distributor2)", 
        "(truck truck0)", 
        "(truck truck1)", 
        "(hoist hoist0)", 
        "(at hoist0 depot0)", 
        "(hoist hoist1)", 
        "(at hoist1 depot1)", 
        "(hoist hoist2)", 
        "(at hoist2 depot2)", 
        "(available hoist2)", 
        "(hoist hoist3)", 
        "(at hoist3 distributor0)", 
        "(hoist hoist4)", 
        "(at hoist4 distributor1)", 
        "(available hoist4)", 
        "(hoist hoist5)", 
        "(at hoist5 distributor2)", 
        "(crate crate0)", 
        "(surface crate0)", 
        "(crate crate1)", 
        "(surface crate1)", 
        "(crate crate2)", 
        "(surface crate2)", 
        "(crate crate3)", 
        "(surface crate3)", 
        "(crate crate4)", 
        "(surface crate4)", 
        "(at crate4 depot2)", 
        "(on crate4 pallet2)", 
        "(crate crate5)", 
        "(surface crate5)", 
        "(place depot0)", 
        "(place depot1)", 
        "(place depot2)", 
        "(place distributor0)", 
        "(place distributor1)", 
        "(place distributor2)", 
        "(lifting hoist3 crate5)", 
        "(clear pallet3)", 
        "(lifting hoist0 crate1)", 
        "(clear pallet0)", 
        "(clear pallet1)", 
        "(in crate0 truck0)", 
        "(available hoist1)", 
        "(at truck0 depot2)", 
        "(in crate3 truck1)", 
        "(clear pallet5)", 
        "(in crate2 truck1)", 
        "(available hoist5)", 
        "(at truck1 depot0)"
      ], 
      "delete_list": [
        "(at truck1 distributor2)"
      ]
    }, 
    {
      "action": "(load hoist0 crate1 truck1 depot0)", 
      "add_list": [
        "(in crate1 truck1)", 
        "(available hoist0)"
      ], 
      "state": 11, 
      "literals": [
        "(pallet pallet0)", 
        "(surface pallet0)", 
        "(at pallet0 depot0)", 
        "(pallet pallet1)", 
        "(surface pallet1)", 
        "(at pallet1 depot1)", 
        "(pallet pallet2)", 
        "(surface pallet2)", 
        "(at pallet2 depot2)", 
        "(clear crate4)", 
        "(pallet pallet3)", 
        "(surface pallet3)", 
        "(at pallet3 distributor0)", 
        "(pallet pallet4)", 
        "(surface pallet4)", 
        "(at pallet4 distributor1)", 
        "(clear pallet4)", 
        "(pallet pallet5)", 
        "(surface pallet5)", 
        "(at pallet5 distributor2)", 
        "(truck truck0)", 
        "(truck truck1)", 
        "(hoist hoist0)", 
        "(at hoist0 depot0)", 
        "(hoist hoist1)", 
        "(at hoist1 depot1)", 
        "(hoist hoist2)", 
        "(at hoist2 depot2)", 
        "(available hoist2)", 
        "(hoist hoist3)", 
        "(at hoist3 distributor0)", 
        "(hoist hoist4)", 
        "(at hoist4 distributor1)", 
        "(available hoist4)", 
        "(hoist hoist5)", 
        "(at hoist5 distributor2)", 
        "(crate crate0)", 
        "(surface crate0)", 
        "(crate crate1)", 
        "(surface crate1)", 
        "(crate crate2)", 
        "(surface crate2)", 
        "(crate crate3)", 
        "(surface crate3)", 
        "(crate crate4)", 
        "(surface crate4)", 
        "(at crate4 depot2)", 
        "(on crate4 pallet2)", 
        "(crate crate5)", 
        "(surface crate5)", 
        "(place depot0)", 
        "(place depot1)", 
        "(place depot2)", 
        "(place distributor0)", 
        "(place distributor1)", 
        "(place distributor2)", 
        "(lifting hoist3 crate5)", 
        "(clear pallet3)", 
        "(clear pallet0)", 
        "(clear pallet1)", 
        "(in crate0 truck0)", 
        "(available hoist1)", 
        "(at truck0 depot2)", 
        "(in crate3 truck1)", 
        "(clear pallet5)", 
        "(in crate2 truck1)", 
        "(available hoist5)", 
        "(at truck1 depot0)", 
        "(in crate1 truck1)", 
        "(available hoist0)"
      ], 
      "delete_list": [
        "(lifting hoist0 crate1)"
      ]
    }, 
    {
      "action": "(unload hoist0 crate3 truck1 depot0)", 
      "add_list": [
        "(lifting hoist0 crate3)"
      ], 
      "state": 12, 
      "literals": [
        "(pallet pallet0)", 
        "(surface pallet0)", 
        "(at pallet0 depot0)", 
        "(pallet pallet1)", 
        "(surface pallet1)", 
        "(at pallet1 depot1)", 
        "(pallet pallet2)", 
        "(surface pallet2)", 
        "(at pallet2 depot2)", 
        "(clear crate4)", 
        "(pallet pallet3)", 
        "(surface pallet3)", 
        "(at pallet3 distributor0)", 
        "(pallet pallet4)", 
        "(surface pallet4)", 
        "(at pallet4 distributor1)", 
        "(clear pallet4)", 
        "(pallet pallet5)", 
        "(surface pallet5)", 
        "(at pallet5 distributor2)", 
        "(truck truck0)", 
        "(truck truck1)", 
        "(hoist hoist0)", 
        "(at hoist0 depot0)", 
        "(hoist hoist1)", 
        "(at hoist1 depot1)", 
        "(hoist hoist2)", 
        "(at hoist2 depot2)", 
        "(available hoist2)", 
        "(hoist hoist3)", 
        "(at hoist3 distributor0)", 
        "(hoist hoist4)", 
        "(at hoist4 distributor1)", 
        "(available hoist4)", 
        "(hoist hoist5)", 
        "(at hoist5 distributor2)", 
        "(crate crate0)", 
        "(surface crate0)", 
        "(crate crate1)", 
        "(surface crate1)", 
        "(crate crate2)", 
        "(surface crate2)", 
        "(crate crate3)", 
        "(surface crate3)", 
        "(crate crate4)", 
        "(surface crate4)", 
        "(at crate4 depot2)", 
        "(on crate4 pallet2)", 
        "(crate crate5)", 
        "(surface crate5)", 
        "(place depot0)", 
        "(place depot1)", 
        "(place depot2)", 
        "(place distributor0)", 
        "(place distributor1)", 
        "(place distributor2)", 
        "(lifting hoist3 crate5)", 
        "(clear pallet3)", 
        "(clear pallet0)", 
        "(clear pallet1)", 
        "(in crate0 truck0)", 
        "(available hoist1)", 
        "(at truck0 depot2)", 
        "(clear pallet5)", 
        "(in crate2 truck1)", 
        "(available hoist5)", 
        "(at truck1 depot0)", 
        "(in crate1 truck1)", 
        "(lifting hoist0 crate3)"
      ], 
      "delete_list": [
        "(in crate3 truck1)", 
        "(available hoist0)"
      ]
    }, 
    {
      "action": "(drop hoist0 crate3 pallet0 depot0)", 
      "add_list": [
        "(available hoist0)", 
        "(at crate3 depot0)", 
        "(clear crate3)", 
        "(on crate3 pallet0)"
      ], 
      "state": 13, 
      "literals": [
        "(pallet pallet0)", 
        "(surface pallet0)", 
        "(at pallet0 depot0)", 
        "(pallet pallet1)", 
        "(surface pallet1)", 
        "(at pallet1 depot1)", 
        "(pallet pallet2)", 
        "(surface pallet2)", 
        "(at pallet2 depot2)", 
        "(clear crate4)", 
        "(pallet pallet3)", 
        "(surface pallet3)", 
        "(at pallet3 distributor0)", 
        "(pallet pallet4)", 
        "(surface pallet4)", 
        "(at pallet4 distributor1)", 
        "(clear pallet4)", 
        "(pallet pallet5)", 
        "(surface pallet5)", 
        "(at pallet5 distributor2)", 
        "(truck truck0)", 
        "(truck truck1)", 
        "(hoist hoist0)", 
        "(at hoist0 depot0)", 
        "(hoist hoist1)", 
        "(at hoist1 depot1)", 
        "(hoist hoist2)", 
        "(at hoist2 depot2)", 
        "(available hoist2)", 
        "(hoist hoist3)", 
        "(at hoist3 distributor0)", 
        "(hoist hoist4)", 
        "(at hoist4 distributor1)", 
        "(available hoist4)", 
        "(hoist hoist5)", 
        "(at hoist5 distributor2)", 
        "(crate crate0)", 
        "(surface crate0)", 
        "(crate crate1)", 
        "(surface crate1)", 
        "(crate crate2)", 
        "(surface crate2)", 
        "(crate crate3)", 
        "(surface crate3)", 
        "(crate crate4)", 
        "(surface crate4)", 
        "(at crate4 depot2)", 
        "(on crate4 pallet2)", 
        "(crate crate5)", 
        "(surface crate5)", 
        "(place depot0)", 
        "(place depot1)", 
        "(place depot2)", 
        "(place distributor0)", 
        "(place distributor1)", 
        "(place distributor2)", 
        "(lifting hoist3 crate5)", 
        "(clear pallet3)", 
        "(clear pallet1)", 
        "(in crate0 truck0)", 
        "(available hoist1)", 
        "(at truck0 depot2)", 
        "(clear pallet5)", 
        "(in crate2 truck1)", 
        "(available hoist5)", 
        "(at truck1 depot0)", 
        "(in crate1 truck1)", 
        "(available hoist0)", 
        "(at crate3 depot0)", 
        "(clear crate3)", 
        "(on crate3 pallet0)"
      ], 
      "delete_list": [
        "(lifting hoist0 crate3)", 
        "(clear pallet0)"
      ]
    }, 
    {
      "action": "(drive truck1 depot0 distributor0)", 
      "add_list": [
        "(at truck1 distributor0)"
      ], 
      "state": 14, 
      "literals": [
        "(pallet pallet0)", 
        "(surface pallet0)", 
        "(at pallet0 depot0)", 
        "(pallet pallet1)", 
        "(surface pallet1)", 
        "(at pallet1 depot1)", 
        "(pallet pallet2)", 
        "(surface pallet2)", 
        "(at pallet2 depot2)", 
        "(clear crate4)", 
        "(pallet pallet3)", 
        "(surface pallet3)", 
        "(at pallet3 distributor0)", 
        "(pallet pallet4)", 
        "(surface pallet4)", 
        "(at pallet4 distributor1)", 
        "(clear pallet4)", 
        "(pallet pallet5)", 
        "(surface pallet5)", 
        "(at pallet5 distributor2)", 
        "(truck truck0)", 
        "(truck truck1)", 
        "(hoist hoist0)", 
        "(at hoist0 depot0)", 
        "(hoist hoist1)", 
        "(at hoist1 depot1)", 
        "(hoist hoist2)", 
        "(at hoist2 depot2)", 
        "(available hoist2)", 
        "(hoist hoist3)", 
        "(at hoist3 distributor0)", 
        "(hoist hoist4)", 
        "(at hoist4 distributor1)", 
        "(available hoist4)", 
        "(hoist hoist5)", 
        "(at hoist5 distributor2)", 
        "(crate crate0)", 
        "(surface crate0)", 
        "(crate crate1)", 
        "(surface crate1)", 
        "(crate crate2)", 
        "(surface crate2)", 
        "(crate crate3)", 
        "(surface crate3)", 
        "(crate crate4)", 
        "(surface crate4)", 
        "(at crate4 depot2)", 
        "(on crate4 pallet2)", 
        "(crate crate5)", 
        "(surface crate5)", 
        "(place depot0)", 
        "(place depot1)", 
        "(place depot2)", 
        "(place distributor0)", 
        "(place distributor1)", 
        "(place distributor2)", 
        "(lifting hoist3 crate5)", 
        "(clear pallet3)", 
        "(clear pallet1)", 
        "(in crate0 truck0)", 
        "(available hoist1)", 
        "(at truck0 depot2)", 
        "(clear pallet5)", 
        "(in crate2 truck1)", 
        "(available hoist5)", 
        "(in crate1 truck1)", 
        "(available hoist0)", 
        "(at crate3 depot0)", 
        "(clear crate3)", 
        "(on crate3 pallet0)", 
        "(at truck1 distributor0)"
      ], 
      "delete_list": [
        "(at truck1 depot0)"
      ]
    }, 
    {
      "action": "(load hoist3 crate5 truck1 distributor0)", 
      "add_list": [
        "(in crate5 truck1)", 
        "(available hoist3)"
      ], 
      "state": 15, 
      "literals": [
        "(pallet pallet0)", 
        "(surface pallet0)", 
        "(at pallet0 depot0)", 
        "(pallet pallet1)", 
        "(surface pallet1)", 
        "(at pallet1 depot1)", 
        "(pallet pallet2)", 
        "(surface pallet2)", 
        "(at pallet2 depot2)", 
        "(clear crate4)", 
        "(pallet pallet3)", 
        "(surface pallet3)", 
        "(at pallet3 distributor0)", 
        "(pallet pallet4)", 
        "(surface pallet4)", 
        "(at pallet4 distributor1)", 
        "(clear pallet4)", 
        "(pallet pallet5)", 
        "(surface pallet5)", 
        "(at pallet5 distributor2)", 
        "(truck truck0)", 
        "(truck truck1)", 
        "(hoist hoist0)", 
        "(at hoist0 depot0)", 
        "(hoist hoist1)", 
        "(at hoist1 depot1)", 
        "(hoist hoist2)", 
        "(at hoist2 depot2)", 
        "(available hoist2)", 
        "(hoist hoist3)", 
        "(at hoist3 distributor0)", 
        "(hoist hoist4)", 
        "(at hoist4 distributor1)", 
        "(available hoist4)", 
        "(hoist hoist5)", 
        "(at hoist5 distributor2)", 
        "(crate crate0)", 
        "(surface crate0)", 
        "(crate crate1)", 
        "(surface crate1)", 
        "(crate crate2)", 
        "(surface crate2)", 
        "(crate crate3)", 
        "(surface crate3)", 
        "(crate crate4)", 
        "(surface crate4)", 
        "(at crate4 depot2)", 
        "(on crate4 pallet2)", 
        "(crate crate5)", 
        "(surface crate5)", 
        "(place depot0)", 
        "(place depot1)", 
        "(place depot2)", 
        "(place distributor0)", 
        "(place distributor1)", 
        "(place distributor2)", 
        "(clear pallet3)", 
        "(clear pallet1)", 
        "(in crate0 truck0)", 
        "(available hoist1)", 
        "(at truck0 depot2)", 
        "(clear pallet5)", 
        "(in crate2 truck1)", 
        "(available hoist5)", 
        "(in crate1 truck1)", 
        "(available hoist0)", 
        "(at crate3 depot0)", 
        "(clear crate3)", 
        "(on crate3 pallet0)", 
        "(at truck1 distributor0)", 
        "(in crate5 truck1)", 
        "(available hoist3)"
      ], 
      "delete_list": [
        "(lifting hoist3 crate5)"
      ]
    }, 
    {
      "action": "(unload hoist3 crate2 truck1 distributor0)", 
      "add_list": [
        "(lifting hoist3 crate2)"
      ], 
      "state": 16, 
      "literals": [
        "(pallet pallet0)", 
        "(surface pallet0)", 
        "(at pallet0 depot0)", 
        "(pallet pallet1)", 
        "(surface pallet1)", 
        "(at pallet1 depot1)", 
        "(pallet pallet2)", 
        "(surface pallet2)", 
        "(at pallet2 depot2)", 
        "(clear crate4)", 
        "(pallet pallet3)", 
        "(surface pallet3)", 
        "(at pallet3 distributor0)", 
        "(pallet pallet4)", 
        "(surface pallet4)", 
        "(at pallet4 distributor1)", 
        "(clear pallet4)", 
        "(pallet pallet5)", 
        "(surface pallet5)", 
        "(at pallet5 distributor2)", 
        "(truck truck0)", 
        "(truck truck1)", 
        "(hoist hoist0)", 
        "(at hoist0 depot0)", 
        "(hoist hoist1)", 
        "(at hoist1 depot1)", 
        "(hoist hoist2)", 
        "(at hoist2 depot2)", 
        "(available hoist2)", 
        "(hoist hoist3)", 
        "(at hoist3 distributor0)", 
        "(hoist hoist4)", 
        "(at hoist4 distributor1)", 
        "(available hoist4)", 
        "(hoist hoist5)", 
        "(at hoist5 distributor2)", 
        "(crate crate0)", 
        "(surface crate0)", 
        "(crate crate1)", 
        "(surface crate1)", 
        "(crate crate2)", 
        "(surface crate2)", 
        "(crate crate3)", 
        "(surface crate3)", 
        "(crate crate4)", 
        "(surface crate4)", 
        "(at crate4 depot2)", 
        "(on crate4 pallet2)", 
        "(crate crate5)", 
        "(surface crate5)", 
        "(place depot0)", 
        "(place depot1)", 
        "(place depot2)", 
        "(place distributor0)", 
        "(place distributor1)", 
        "(place distributor2)", 
        "(clear pallet3)", 
        "(clear pallet1)", 
        "(in crate0 truck0)", 
        "(available hoist1)", 
        "(at truck0 depot2)", 
        "(clear pallet5)", 
        "(available hoist5)", 
        "(in crate1 truck1)", 
        "(available hoist0)", 
        "(at crate3 depot0)", 
        "(clear crate3)", 
        "(on crate3 pallet0)", 
        "(at truck1 distributor0)", 
        "(in crate5 truck1)", 
        "(lifting hoist3 crate2)"
      ], 
      "delete_list": [
        "(in crate2 truck1)", 
        "(available hoist3)"
      ]
    }, 
    {
      "action": "(drop hoist3 crate2 pallet3 distributor0)", 
      "add_list": [
        "(available hoist3)", 
        "(at crate2 distributor0)", 
        "(clear crate2)", 
        "(on crate2 pallet3)"
      ], 
      "state": 17, 
      "literals": [
        "(pallet pallet0)", 
        "(surface pallet0)", 
        "(at pallet0 depot0)", 
        "(pallet pallet1)", 
        "(surface pallet1)", 
        "(at pallet1 depot1)", 
        "(pallet pallet2)", 
        "(surface pallet2)", 
        "(at pallet2 depot2)", 
        "(clear crate4)", 
        "(pallet pallet3)", 
        "(surface pallet3)", 
        "(at pallet3 distributor0)", 
        "(pallet pallet4)", 
        "(surface pallet4)", 
        "(at pallet4 distributor1)", 
        "(clear pallet4)", 
        "(pallet pallet5)", 
        "(surface pallet5)", 
        "(at pallet5 distributor2)", 
        "(truck truck0)", 
        "(truck truck1)", 
        "(hoist hoist0)", 
        "(at hoist0 depot0)", 
        "(hoist hoist1)", 
        "(at hoist1 depot1)", 
        "(hoist hoist2)", 
        "(at hoist2 depot2)", 
        "(available hoist2)", 
        "(hoist hoist3)", 
        "(at hoist3 distributor0)", 
        "(hoist hoist4)", 
        "(at hoist4 distributor1)", 
        "(available hoist4)", 
        "(hoist hoist5)", 
        "(at hoist5 distributor2)", 
        "(crate crate0)", 
        "(surface crate0)", 
        "(crate crate1)", 
        "(surface crate1)", 
        "(crate crate2)", 
        "(surface crate2)", 
        "(crate crate3)", 
        "(surface crate3)", 
        "(crate crate4)", 
        "(surface crate4)", 
        "(at crate4 depot2)", 
        "(on crate4 pallet2)", 
        "(crate crate5)", 
        "(surface crate5)", 
        "(place depot0)", 
        "(place depot1)", 
        "(place depot2)", 
        "(place distributor0)", 
        "(place distributor1)", 
        "(place distributor2)", 
        "(clear pallet1)", 
        "(in crate0 truck0)", 
        "(available hoist1)", 
        "(at truck0 depot2)", 
        "(clear pallet5)", 
        "(available hoist5)", 
        "(in crate1 truck1)", 
        "(available hoist0)", 
        "(at crate3 depot0)", 
        "(clear crate3)", 
        "(on crate3 pallet0)", 
        "(at truck1 distributor0)", 
        "(in crate5 truck1)", 
        "(available hoist3)", 
        "(at crate2 distributor0)", 
        "(clear crate2)", 
        "(on crate2 pallet3)"
      ], 
      "delete_list": [
        "(lifting hoist3 crate2)", 
        "(clear pallet3)"
      ]
    }, 
    {
      "action": "(lift hoist2 crate4 pallet2 depot2)", 
      "add_list": [
        "(lifting hoist2 crate4)", 
        "(clear pallet2)"
      ], 
      "state": 18, 
      "literals": [
        "(pallet pallet0)", 
        "(surface pallet0)", 
        "(at pallet0 depot0)", 
        "(pallet pallet1)", 
        "(surface pallet1)", 
        "(at pallet1 depot1)", 
        "(pallet pallet2)", 
        "(surface pallet2)", 
        "(at pallet2 depot2)", 
        "(pallet pallet3)", 
        "(surface pallet3)", 
        "(at pallet3 distributor0)", 
        "(pallet pallet4)", 
        "(surface pallet4)", 
        "(at pallet4 distributor1)", 
        "(clear pallet4)", 
        "(pallet pallet5)", 
        "(surface pallet5)", 
        "(at pallet5 distributor2)", 
        "(truck truck0)", 
        "(truck truck1)", 
        "(hoist hoist0)", 
        "(at hoist0 depot0)", 
        "(hoist hoist1)", 
        "(at hoist1 depot1)", 
        "(hoist hoist2)", 
        "(at hoist2 depot2)", 
        "(hoist hoist3)", 
        "(at hoist3 distributor0)", 
        "(hoist hoist4)", 
        "(at hoist4 distributor1)", 
        "(available hoist4)", 
        "(hoist hoist5)", 
        "(at hoist5 distributor2)", 
        "(crate crate0)", 
        "(surface crate0)", 
        "(crate crate1)", 
        "(surface crate1)", 
        "(crate crate2)", 
        "(surface crate2)", 
        "(crate crate3)", 
        "(surface crate3)", 
        "(crate crate4)", 
        "(surface crate4)", 
        "(crate crate5)", 
        "(surface crate5)", 
        "(place depot0)", 
        "(place depot1)", 
        "(place depot2)", 
        "(place distributor0)", 
        "(place distributor1)", 
        "(place distributor2)", 
        "(clear pallet1)", 
        "(in crate0 truck0)", 
        "(available hoist1)", 
        "(at truck0 depot2)", 
        "(clear pallet5)", 
        "(available hoist5)", 
        "(in crate1 truck1)", 
        "(available hoist0)", 
        "(at crate3 depot0)", 
        "(clear crate3)", 
        "(on crate3 pallet0)", 
        "(at truck1 distributor0)", 
        "(in crate5 truck1)", 
        "(available hoist3)", 
        "(at crate2 distributor0)", 
        "(clear crate2)", 
        "(on crate2 pallet3)", 
        "(lifting hoist2 crate4)", 
        "(clear pallet2)"
      ], 
      "delete_list": [
        "(at crate4 depot2)", 
        "(clear crate4)", 
        "(available hoist2)", 
        "(on crate4 pallet2)"
      ]
    }, 
    {
      "action": "(load hoist2 crate4 truck0 depot2)", 
      "add_list": [
        "(in crate4 truck0)", 
        "(available hoist2)"
      ], 
      "state": 19, 
      "literals": [
        "(pallet pallet0)", 
        "(surface pallet0)", 
        "(at pallet0 depot0)", 
        "(pallet pallet1)", 
        "(surface pallet1)", 
        "(at pallet1 depot1)", 
        "(pallet pallet2)", 
        "(surface pallet2)", 
        "(at pallet2 depot2)", 
        "(pallet pallet3)", 
        "(surface pallet3)", 
        "(at pallet3 distributor0)", 
        "(pallet pallet4)", 
        "(surface pallet4)", 
        "(at pallet4 distributor1)", 
        "(clear pallet4)", 
        "(pallet pallet5)", 
        "(surface pallet5)", 
        "(at pallet5 distributor2)", 
        "(truck truck0)", 
        "(truck truck1)", 
        "(hoist hoist0)", 
        "(at hoist0 depot0)", 
        "(hoist hoist1)", 
        "(at hoist1 depot1)", 
        "(hoist hoist2)", 
        "(at hoist2 depot2)", 
        "(hoist hoist3)", 
        "(at hoist3 distributor0)", 
        "(hoist hoist4)", 
        "(at hoist4 distributor1)", 
        "(available hoist4)", 
        "(hoist hoist5)", 
        "(at hoist5 distributor2)", 
        "(crate crate0)", 
        "(surface crate0)", 
        "(crate crate1)", 
        "(surface crate1)", 
        "(crate crate2)", 
        "(surface crate2)", 
        "(crate crate3)", 
        "(surface crate3)", 
        "(crate crate4)", 
        "(surface crate4)", 
        "(crate crate5)", 
        "(surface crate5)", 
        "(place depot0)", 
        "(place depot1)", 
        "(place depot2)", 
        "(place distributor0)", 
        "(place distributor1)", 
        "(place distributor2)", 
        "(clear pallet1)", 
        "(in crate0 truck0)", 
        "(available hoist1)", 
        "(at truck0 depot2)", 
        "(clear pallet5)", 
        "(available hoist5)", 
        "(in crate1 truck1)", 
        "(available hoist0)", 
        "(at crate3 depot0)", 
        "(clear crate3)", 
        "(on crate3 pallet0)", 
        "(at truck1 distributor0)", 
        "(in crate5 truck1)", 
        "(available hoist3)", 
        "(at crate2 distributor0)", 
        "(clear crate2)", 
        "(on crate2 pallet3)", 
        "(clear pallet2)", 
        "(in crate4 truck0)", 
        "(available hoist2)"
      ], 
      "delete_list": [
        "(lifting hoist2 crate4)"
      ]
    }, 
    {
      "action": "(drive truck0 depot2 distributor2)", 
      "add_list": [
        "(at truck0 distributor2)"
      ], 
      "state": 20, 
      "literals": [
        "(pallet pallet0)", 
        "(surface pallet0)", 
        "(at pallet0 depot0)", 
        "(pallet pallet1)", 
        "(surface pallet1)", 
        "(at pallet1 depot1)", 
        "(pallet pallet2)", 
        "(surface pallet2)", 
        "(at pallet2 depot2)", 
        "(pallet pallet3)", 
        "(surface pallet3)", 
        "(at pallet3 distributor0)", 
        "(pallet pallet4)", 
        "(surface pallet4)", 
        "(at pallet4 distributor1)", 
        "(clear pallet4)", 
        "(pallet pallet5)", 
        "(surface pallet5)", 
        "(at pallet5 distributor2)", 
        "(truck truck0)", 
        "(truck truck1)", 
        "(hoist hoist0)", 
        "(at hoist0 depot0)", 
        "(hoist hoist1)", 
        "(at hoist1 depot1)", 
        "(hoist hoist2)", 
        "(at hoist2 depot2)", 
        "(hoist hoist3)", 
        "(at hoist3 distributor0)", 
        "(hoist hoist4)", 
        "(at hoist4 distributor1)", 
        "(available hoist4)", 
        "(hoist hoist5)", 
        "(at hoist5 distributor2)", 
        "(crate crate0)", 
        "(surface crate0)", 
        "(crate crate1)", 
        "(surface crate1)", 
        "(crate crate2)", 
        "(surface crate2)", 
        "(crate crate3)", 
        "(surface crate3)", 
        "(crate crate4)", 
        "(surface crate4)", 
        "(crate crate5)", 
        "(surface crate5)", 
        "(place depot0)", 
        "(place depot1)", 
        "(place depot2)", 
        "(place distributor0)", 
        "(place distributor1)", 
        "(place distributor2)", 
        "(clear pallet1)", 
        "(in crate0 truck0)", 
        "(available hoist1)", 
        "(clear pallet5)", 
        "(available hoist5)", 
        "(in crate1 truck1)", 
        "(available hoist0)", 
        "(at crate3 depot0)", 
        "(clear crate3)", 
        "(on crate3 pallet0)", 
        "(at truck1 distributor0)", 
        "(in crate5 truck1)", 
        "(available hoist3)", 
        "(at crate2 distributor0)", 
        "(clear crate2)", 
        "(on crate2 pallet3)", 
        "(clear pallet2)", 
        "(in crate4 truck0)", 
        "(available hoist2)", 
        "(at truck0 distributor2)"
      ], 
      "delete_list": [
        "(at truck0 depot2)"
      ]
    }, 
    {
      "action": "(unload hoist5 crate4 truck0 distributor2)", 
      "add_list": [
        "(lifting hoist5 crate4)"
      ], 
      "state": 21, 
      "literals": [
        "(pallet pallet0)", 
        "(surface pallet0)", 
        "(at pallet0 depot0)", 
        "(pallet pallet1)", 
        "(surface pallet1)", 
        "(at pallet1 depot1)", 
        "(pallet pallet2)", 
        "(surface pallet2)", 
        "(at pallet2 depot2)", 
        "(pallet pallet3)", 
        "(surface pallet3)", 
        "(at pallet3 distributor0)", 
        "(pallet pallet4)", 
        "(surface pallet4)", 
        "(at pallet4 distributor1)", 
        "(clear pallet4)", 
        "(pallet pallet5)", 
        "(surface pallet5)", 
        "(at pallet5 distributor2)", 
        "(truck truck0)", 
        "(truck truck1)", 
        "(hoist hoist0)", 
        "(at hoist0 depot0)", 
        "(hoist hoist1)", 
        "(at hoist1 depot1)", 
        "(hoist hoist2)", 
        "(at hoist2 depot2)", 
        "(hoist hoist3)", 
        "(at hoist3 distributor0)", 
        "(hoist hoist4)", 
        "(at hoist4 distributor1)", 
        "(available hoist4)", 
        "(hoist hoist5)", 
        "(at hoist5 distributor2)", 
        "(crate crate0)", 
        "(surface crate0)", 
        "(crate crate1)", 
        "(surface crate1)", 
        "(crate crate2)", 
        "(surface crate2)", 
        "(crate crate3)", 
        "(surface crate3)", 
        "(crate crate4)", 
        "(surface crate4)", 
        "(crate crate5)", 
        "(surface crate5)", 
        "(place depot0)", 
        "(place depot1)", 
        "(place depot2)", 
        "(place distributor0)", 
        "(place distributor1)", 
        "(place distributor2)", 
        "(clear pallet1)", 
        "(in crate0 truck0)", 
        "(available hoist1)", 
        "(clear pallet5)", 
        "(in crate1 truck1)", 
        "(available hoist0)", 
        "(at crate3 depot0)", 
        "(clear crate3)", 
        "(on crate3 pallet0)", 
        "(at truck1 distributor0)", 
        "(in crate5 truck1)", 
        "(available hoist3)", 
        "(at crate2 distributor0)", 
        "(clear crate2)", 
        "(on crate2 pallet3)", 
        "(clear pallet2)", 
        "(available hoist2)", 
        "(at truck0 distributor2)", 
        "(lifting hoist5 crate4)"
      ], 
      "delete_list": [
        "(in crate4 truck0)", 
        "(available hoist5)"
      ]
    }, 
    {
      "action": "(drop hoist5 crate4 pallet5 distributor2)", 
      "add_list": [
        "(available hoist5)", 
        "(at crate4 distributor2)", 
        "(clear crate4)", 
        "(on crate4 pallet5)"
      ], 
      "state": 22, 
      "literals": [
        "(pallet pallet0)", 
        "(surface pallet0)", 
        "(at pallet0 depot0)", 
        "(pallet pallet1)", 
        "(surface pallet1)", 
        "(at pallet1 depot1)", 
        "(pallet pallet2)", 
        "(surface pallet2)", 
        "(at pallet2 depot2)", 
        "(pallet pallet3)", 
        "(surface pallet3)", 
        "(at pallet3 distributor0)", 
        "(pallet pallet4)", 
        "(surface pallet4)", 
        "(at pallet4 distributor1)", 
        "(clear pallet4)", 
        "(pallet pallet5)", 
        "(surface pallet5)", 
        "(at pallet5 distributor2)", 
        "(truck truck0)", 
        "(truck truck1)", 
        "(hoist hoist0)", 
        "(at hoist0 depot0)", 
        "(hoist hoist1)", 
        "(at hoist1 depot1)", 
        "(hoist hoist2)", 
        "(at hoist2 depot2)", 
        "(hoist hoist3)", 
        "(at hoist3 distributor0)", 
        "(hoist hoist4)", 
        "(at hoist4 distributor1)", 
        "(available hoist4)", 
        "(hoist hoist5)", 
        "(at hoist5 distributor2)", 
        "(crate crate0)", 
        "(surface crate0)", 
        "(crate crate1)", 
        "(surface crate1)", 
        "(crate crate2)", 
        "(surface crate2)", 
        "(crate crate3)", 
        "(surface crate3)", 
        "(crate crate4)", 
        "(surface crate4)", 
        "(crate crate5)", 
        "(surface crate5)", 
        "(place depot0)", 
        "(place depot1)", 
        "(place depot2)", 
        "(place distributor0)", 
        "(place distributor1)", 
        "(place distributor2)", 
        "(clear pallet1)", 
        "(in crate0 truck0)", 
        "(available hoist1)", 
        "(in crate1 truck1)", 
        "(available hoist0)", 
        "(at crate3 depot0)", 
        "(clear crate3)", 
        "(on crate3 pallet0)", 
        "(at truck1 distributor0)", 
        "(in crate5 truck1)", 
        "(available hoist3)", 
        "(at crate2 distributor0)", 
        "(clear crate2)", 
        "(on crate2 pallet3)", 
        "(clear pallet2)", 
        "(available hoist2)", 
        "(at truck0 distributor2)", 
        "(available hoist5)", 
        "(at crate4 distributor2)", 
        "(clear crate4)", 
        "(on crate4 pallet5)"
      ], 
      "delete_list": [
        "(lifting hoist5 crate4)", 
        "(clear pallet5)"
      ]
    }, 
    {
      "action": "(unload hoist5 crate0 truck0 distributor2)", 
      "add_list": [
        "(lifting hoist5 crate0)"
      ], 
      "state": 23, 
      "literals": [
        "(pallet pallet0)", 
        "(surface pallet0)", 
        "(at pallet0 depot0)", 
        "(pallet pallet1)", 
        "(surface pallet1)", 
        "(at pallet1 depot1)", 
        "(pallet pallet2)", 
        "(surface pallet2)", 
        "(at pallet2 depot2)", 
        "(pallet pallet3)", 
        "(surface pallet3)", 
        "(at pallet3 distributor0)", 
        "(pallet pallet4)", 
        "(surface pallet4)", 
        "(at pallet4 distributor1)", 
        "(clear pallet4)", 
        "(pallet pallet5)", 
        "(surface pallet5)", 
        "(at pallet5 distributor2)", 
        "(truck truck0)", 
        "(truck truck1)", 
        "(hoist hoist0)", 
        "(at hoist0 depot0)", 
        "(hoist hoist1)", 
        "(at hoist1 depot1)", 
        "(hoist hoist2)", 
        "(at hoist2 depot2)", 
        "(hoist hoist3)", 
        "(at hoist3 distributor0)", 
        "(hoist hoist4)", 
        "(at hoist4 distributor1)", 
        "(available hoist4)", 
        "(hoist hoist5)", 
        "(at hoist5 distributor2)", 
        "(crate crate0)", 
        "(surface crate0)", 
        "(crate crate1)", 
        "(surface crate1)", 
        "(crate crate2)", 
        "(surface crate2)", 
        "(crate crate3)", 
        "(surface crate3)", 
        "(crate crate4)", 
        "(surface crate4)", 
        "(crate crate5)", 
        "(surface crate5)", 
        "(place depot0)", 
        "(place depot1)", 
        "(place depot2)", 
        "(place distributor0)", 
        "(place distributor1)", 
        "(place distributor2)", 
        "(clear pallet1)", 
        "(available hoist1)", 
        "(in crate1 truck1)", 
        "(available hoist0)", 
        "(at crate3 depot0)", 
        "(clear crate3)", 
        "(on crate3 pallet0)", 
        "(at truck1 distributor0)", 
        "(in crate5 truck1)", 
        "(available hoist3)", 
        "(at crate2 distributor0)", 
        "(clear crate2)", 
        "(on crate2 pallet3)", 
        "(clear pallet2)", 
        "(available hoist2)", 
        "(at truck0 distributor2)", 
        "(at crate4 distributor2)", 
        "(clear crate4)", 
        "(on crate4 pallet5)", 
        "(lifting hoist5 crate0)"
      ], 
      "delete_list": [
        "(in crate0 truck0)", 
        "(available hoist5)"
      ]
    }, 
    {
      "action": "(drop hoist5 crate0 crate4 distributor2)", 
      "add_list": [
        "(available hoist5)", 
        "(at crate0 distributor2)", 
        "(clear crate0)", 
        "(on crate0 crate4)"
      ], 
      "state": 24, 
      "literals": [
        "(pallet pallet0)", 
        "(surface pallet0)", 
        "(at pallet0 depot0)", 
        "(pallet pallet1)", 
        "(surface pallet1)", 
        "(at pallet1 depot1)", 
        "(pallet pallet2)", 
        "(surface pallet2)", 
        "(at pallet2 depot2)", 
        "(pallet pallet3)", 
        "(surface pallet3)", 
        "(at pallet3 distributor0)", 
        "(pallet pallet4)", 
        "(surface pallet4)", 
        "(at pallet4 distributor1)", 
        "(clear pallet4)", 
        "(pallet pallet5)", 
        "(surface pallet5)", 
        "(at pallet5 distributor2)", 
        "(truck truck0)", 
        "(truck truck1)", 
        "(hoist hoist0)", 
        "(at hoist0 depot0)", 
        "(hoist hoist1)", 
        "(at hoist1 depot1)", 
        "(hoist hoist2)", 
        "(at hoist2 depot2)", 
        "(hoist hoist3)", 
        "(at hoist3 distributor0)", 
        "(hoist hoist4)", 
        "(at hoist4 distributor1)", 
        "(available hoist4)", 
        "(hoist hoist5)", 
        "(at hoist5 distributor2)", 
        "(crate crate0)", 
        "(surface crate0)", 
        "(crate crate1)", 
        "(surface crate1)", 
        "(crate crate2)", 
        "(surface crate2)", 
        "(crate crate3)", 
        "(surface crate3)", 
        "(crate crate4)", 
        "(surface crate4)", 
        "(crate crate5)", 
        "(surface crate5)", 
        "(place depot0)", 
        "(place depot1)", 
        "(place depot2)", 
        "(place distributor0)", 
        "(place distributor1)", 
        "(place distributor2)", 
        "(clear pallet1)", 
        "(available hoist1)", 
        "(in crate1 truck1)", 
        "(available hoist0)", 
        "(at crate3 depot0)", 
        "(clear crate3)", 
        "(on crate3 pallet0)", 
        "(at truck1 distributor0)", 
        "(in crate5 truck1)", 
        "(available hoist3)", 
        "(at crate2 distributor0)", 
        "(clear crate2)", 
        "(on crate2 pallet3)", 
        "(clear pallet2)", 
        "(available hoist2)", 
        "(at truck0 distributor2)", 
        "(at crate4 distributor2)", 
        "(on crate4 pallet5)", 
        "(available hoist5)", 
        "(at crate0 distributor2)", 
        "(clear crate0)", 
        "(on crate0 crate4)"
      ], 
      "delete_list": [
        "(lifting hoist5 crate0)", 
        "(clear crate4)"
      ]
    }
  ], 
  "domain_id": 67
}