{
  "domain": "depot", 
  "inital_state": [
    "(pallet pallet0)", 
    "(surface pallet0)", 
    "(at pallet0 depot0)", 
    "(clear crate5)", 
    "(pallet pallet1)", 
    "(surface pallet1)", 
    "(at pallet1 depot1)", 
    "(clear crate3)", 
    "(pallet pallet2)", 
    "(surface pallet2)", 
    "(at pallet2 distributor0)", 
    "(clear crate4)", 
    "(pallet pallet3)", 
    "(surface pallet3)", 
    "(at pallet3 distributor1)", 
    "(clear pallet3)", 
    "(pallet pallet4)", 
    "(surface pallet4)", 
    "(at pallet4 depot1)", 
    "(clear crate0)", 
    "(pallet pallet5)", 
    "(surface pallet5)", 
    "(at pallet5 distributor1)", 
    "(clear pallet5)", 
    "(pallet pallet6)", 
    "(surface pallet6)", 
    "(at pallet6 depot1)", 
    "(clear pallet6)", 
    "(pallet pallet7)", 
    "(surface pallet7)", 
    "(at pallet7 distributor0)", 
    "(clear pallet7)", 
    "(truck truck0)", 
    "(at truck0 depot1)", 
    "(truck truck1)", 
    "(at truck1 depot1)", 
    "(truck truck2)", 
    "(at truck2 depot0)", 
    "(truck truck3)", 
    "(at truck3 distributor1)", 
    "(hoist hoist0)", 
    "(at hoist0 depot0)", 
    "(available hoist0)", 
    "(hoist hoist1)", 
    "(at hoist1 depot1)", 
    "(available hoist1)", 
    "(hoist hoist2)", 
    "(at hoist2 distributor0)", 
    "(available hoist2)", 
    "(hoist hoist3)", 
    "(at hoist3 distributor1)", 
    "(available hoist3)", 
    "(hoist hoist4)", 
    "(at hoist4 distributor1)", 
    "(available hoist4)", 
    "(hoist hoist5)", 
    "(at hoist5 depot1)", 
    "(available hoist5)", 
    "(hoist hoist6)", 
    "(at hoist6 depot1)", 
    "(available hoist6)", 
    "(hoist hoist7)", 
    "(at hoist7 distributor1)", 
    "(available hoist7)", 
    "(crate crate0)", 
    "(surface crate0)", 
    "(at crate0 depot1)", 
    "(on crate0 pallet4)", 
    "(crate crate1)", 
    "(surface crate1)", 
    "(at crate1 depot1)", 
    "(on crate1 pallet1)", 
    "(crate crate2)", 
    "(surface crate2)", 
    "(at crate2 depot0)", 
    "(on crate2 pallet0)", 
    "(crate crate3)", 
    "(surface crate3)", 
    "(at crate3 depot1)", 
    "(on crate3 crate1)", 
    "(crate crate4)", 
    "(surface crate4)", 
    "(at crate4 distributor0)", 
    "(on crate4 pallet2)", 
    "(crate crate5)", 
    "(surface crate5)", 
    "(at crate5 depot0)", 
    "(on crate5 crate2)", 
    "(place depot0)", 
    "(place depot1)", 
    "(place distributor0)", 
    "(place distributor1)"
  ], 
  "negative_goals": [], 
  "problem_id": 2343, 
  "positive_goals": [
    "(on crate0 pallet3)", 
    "(on crate2 pallet1)", 
    "(on crate3 pallet0)", 
    "(on crate4 crate3)", 
    "(on crate5 pallet2)"
  ], 
  "plan_length": 28, 
  "plan_literals": [
    {
      "action": "(lift hoist2 crate4 pallet2 distributor0)", 
      "add_list": [
        "(lifting hoist2 crate4)", 
        "(clear pallet2)"
      ], 
      "state": 0, 
      "literals": [
        "(pallet pallet0)", 
        "(surface pallet0)", 
        "(at pallet0 depot0)", 
        "(clear crate5)", 
        "(pallet pallet1)", 
        "(surface pallet1)", 
        "(at pallet1 depot1)", 
        "(clear crate3)", 
        "(pallet pallet2)", 
        "(surface pallet2)", 
        "(at pallet2 distributor0)", 
        "(pallet pallet3)", 
        "(surface pallet3)", 
        "(at pallet3 distributor1)", 
        "(clear pallet3)", 
        "(pallet pallet4)", 
        "(surface pallet4)", 
        "(at pallet4 depot1)", 
        "(clear crate0)", 
        "(pallet pallet5)", 
        "(surface pallet5)", 
        "(at pallet5 distributor1)", 
        "(clear pallet5)", 
        "(pallet pallet6)", 
        "(surface pallet6)", 
        "(at pallet6 depot1)", 
        "(clear pallet6)", 
        "(pallet pallet7)", 
        "(surface pallet7)", 
        "(at pallet7 distributor0)", 
        "(clear pallet7)", 
        "(truck truck0)", 
        "(at truck0 depot1)", 
        "(truck truck1)", 
        "(at truck1 depot1)", 
        "(truck truck2)", 
        "(at truck2 depot0)", 
        "(truck truck3)", 
        "(at truck3 distributor1)", 
        "(hoist hoist0)", 
        "(at hoist0 depot0)", 
        "(available hoist0)", 
        "(hoist hoist1)", 
        "(at hoist1 depot1)", 
        "(available hoist1)", 
        "(hoist hoist2)", 
        "(at hoist2 distributor0)", 
        "(hoist hoist3)", 
        "(at hoist3 distributor1)", 
        "(available hoist3)", 
        "(hoist hoist4)", 
        "(at hoist4 distributor1)", 
        "(available hoist4)", 
        "(hoist hoist5)", 
        "(at hoist5 depot1)", 
        "(available hoist5)", 
        "(hoist hoist6)", 
        "(at hoist6 depot1)", 
        "(available hoist6)", 
        "(hoist hoist7)", 
        "(at hoist7 distributor1)", 
        "(available hoist7)", 
        "(crate crate0)", 
        "(surface crate0)", 
        "(at crate0 depot1)", 
        "(on crate0 pallet4)", 
        "(crate crate1)", 
        "(surface crate1)", 
        "(at crate1 depot1)", 
        "(on crate1 pallet1)", 
        "(crate crate2)", 
        "(surface crate2)", 
        "(at crate2 depot0)", 
        "(on crate2 pallet0)", 
        "(crate crate3)", 
        "(surface crate3)", 
        "(at crate3 depot1)", 
        "(on crate3 crate1)", 
        "(crate crate4)", 
        "(surface crate4)", 
        "(crate crate5)", 
        "(surface crate5)", 
        "(at crate5 depot0)", 
        "(on crate5 crate2)", 
        "(place depot0)", 
        "(place depot1)", 
        "(place distributor0)", 
        "(place distributor1)", 
        "(lifting hoist2 crate4)", 
        "(clear pallet2)"
      ], 
      "delete_list": [
        "(at crate4 distributor0)", 
        "(clear crate4)", 
        "(available hoist2)", 
        "(on crate4 pallet2)"
      ]
    }, 
    {
      "action": "(lift hoist5 crate0 pallet4 depot1)", 
      "add_list": [
        "(lifting hoist5 crate0)", 
        "(clear pallet4)"
      ], 
      "state": 1, 
      "literals": [
        "(pallet pallet0)", 
        "(surface pallet0)", 
        "(at pallet0 depot0)", 
        "(clear crate5)", 
        "(pallet pallet1)", 
        "(surface pallet1)", 
        "(at pallet1 depot1)", 
        "(clear crate3)", 
        "(pallet pallet2)", 
        "(surface pallet2)", 
        "(at pallet2 distributor0)", 
        "(pallet pallet3)", 
        "(surface pallet3)", 
        "(at pallet3 distributor1)", 
        "(clear pallet3)", 
        "(pallet pallet4)", 
        "(surface pallet4)", 
        "(at pallet4 depot1)", 
        "(pallet pallet5)", 
        "(surface pallet5)", 
        "(at pallet5 distributor1)", 
        "(clear pallet5)", 
        "(pallet pallet6)", 
        "(surface pallet6)", 
        "(at pallet6 depot1)", 
        "(clear pallet6)", 
        "(pallet pallet7)", 
        "(surface pallet7)", 
        "(at pallet7 distributor0)", 
        "(clear pallet7)", 
        "(truck truck0)", 
        "(at truck0 depot1)", 
        "(truck truck1)", 
        "(at truck1 depot1)", 
        "(truck truck2)", 
        "(at truck2 depot0)", 
        "(truck truck3)", 
        "(at truck3 distributor1)", 
        "(hoist hoist0)", 
        "(at hoist0 depot0)", 
        "(available hoist0)", 
        "(hoist hoist1)", 
        "(at hoist1 depot1)", 
        "(available hoist1)", 
        "(hoist hoist2)", 
        "(at hoist2 distributor0)", 
        "(hoist hoist3)", 
        "(at hoist3 distributor1)", 
        "(available hoist3)", 
        "(hoist hoist4)", 
        "(at hoist4 distributor1)", 
        "(available hoist4)", 
        "(hoist hoist5)", 
        "(at hoist5 depot1)", 
        "(hoist hoist6)", 
        "(at hoist6 depot1)", 
        "(available hoist6)", 
        "(hoist hoist7)", 
        "(at hoist7 distributor1)", 
        "(available hoist7)", 
        "(crate crate0)", 
        "(surface crate0)", 
        "(crate crate1)", 
        "(surface crate1)", 
        "(at crate1 depot1)", 
        "(on crate1 pallet1)", 
        "(crate crate2)", 
        "(surface crate2)", 
        "(at crate2 depot0)", 
        "(on crate2 pallet0)", 
        "(crate crate3)", 
        "(surface crate3)", 
        "(at crate3 depot1)", 
        "(on crate3 crate1)", 
        "(crate crate4)", 
        "(surface crate4)", 
        "(crate crate5)", 
        "(surface crate5)", 
        "(at crate5 depot0)", 
        "(on crate5 crate2)", 
        "(place depot0)", 
        "(place depot1)", 
        "(place distributor0)", 
        "(place distributor1)", 
        "(lifting hoist2 crate4)", 
        "(clear pallet2)", 
        "(lifting hoist5 crate0)", 
        "(clear pallet4)"
      ], 
      "delete_list": [
        "(at crate0 depot1)", 
        "(clear crate0)", 
        "(available hoist5)", 
        "(on crate0 pallet4)"
      ]
    }, 
    {
      "action": "(load hoist5 crate0 truck1 depot1)", 
      "add_list": [
        "(in crate0 truck1)", 
        "(available hoist5)"
      ], 
      "state": 2, 
      "literals": [
        "(pallet pallet0)", 
        "(surface pallet0)", 
        "(at pallet0 depot0)", 
        "(clear crate5)", 
        "(pallet pallet1)", 
        "(surface pallet1)", 
        "(at pallet1 depot1)", 
        "(clear crate3)", 
        "(pallet pallet2)", 
        "(surface pallet2)", 
        "(at pallet2 distributor0)", 
        "(pallet pallet3)", 
        "(surface pallet3)", 
        "(at pallet3 distributor1)", 
        "(clear pallet3)", 
        "(pallet pallet4)", 
        "(surface pallet4)", 
        "(at pallet4 depot1)", 
        "(pallet pallet5)", 
        "(surface pallet5)", 
        "(at pallet5 distributor1)", 
        "(clear pallet5)", 
        "(pallet pallet6)", 
        "(surface pallet6)", 
        "(at pallet6 depot1)", 
        "(clear pallet6)", 
        "(pallet pallet7)", 
        "(surface pallet7)", 
        "(at pallet7 distributor0)", 
        "(clear pallet7)", 
        "(truck truck0)", 
        "(at truck0 depot1)", 
        "(truck truck1)", 
        "(at truck1 depot1)", 
        "(truck truck2)", 
        "(at truck2 depot0)", 
        "(truck truck3)", 
        "(at truck3 distributor1)", 
        "(hoist hoist0)", 
        "(at hoist0 depot0)", 
        "(available hoist0)", 
        "(hoist hoist1)", 
        "(at hoist1 depot1)", 
        "(available hoist1)", 
        "(hoist hoist2)", 
        "(at hoist2 distributor0)", 
        "(hoist hoist3)", 
        "(at hoist3 distributor1)", 
        "(available hoist3)", 
        "(hoist hoist4)", 
        "(at hoist4 distributor1)", 
        "(available hoist4)", 
        "(hoist hoist5)", 
        "(at hoist5 depot1)", 
        "(hoist hoist6)", 
        "(at hoist6 depot1)", 
        "(available hoist6)", 
        "(hoist hoist7)", 
        "(at hoist7 distributor1)", 
        "(available hoist7)", 
        "(crate crate0)", 
        "(surface crate0)", 
        "(crate crate1)", 
        "(surface crate1)", 
        "(at crate1 depot1)", 
        "(on crate1 pallet1)", 
        "(crate crate2)", 
        "(surface crate2)", 
        "(at crate2 depot0)", 
        "(on crate2 pallet0)", 
        "(crate crate3)", 
        "(surface crate3)", 
        "(at crate3 depot1)", 
        "(on crate3 crate1)", 
        "(crate crate4)", 
        "(surface crate4)", 
        "(crate crate5)", 
        "(surface crate5)", 
        "(at crate5 depot0)", 
        "(on crate5 crate2)", 
        "(place depot0)", 
        "(place depot1)", 
        "(place distributor0)", 
        "(place distributor1)", 
        "(lifting hoist2 crate4)", 
        "(clear pallet2)", 
        "(clear pallet4)", 
        "(in crate0 truck1)", 
        "(available hoist5)"
      ], 
      "delete_list": [
        "(lifting hoist5 crate0)"
      ]
    }, 
    {
      "action": "(drive truck1 depot1 distributor1)", 
      "add_list": [
        "(at truck1 distributor1)"
      ], 
      "state": 3, 
      "literals": [
        "(pallet pallet0)", 
        "(surface pallet0)", 
        "(at pallet0 depot0)", 
        "(clear crate5)", 
        "(pallet pallet1)", 
        "(surface pallet1)", 
        "(at pallet1 depot1)", 
        "(clear crate3)", 
        "(pallet pallet2)", 
        "(surface pallet2)", 
        "(at pallet2 distributor0)", 
        "(pallet pallet3)", 
        "(surface pallet3)", 
        "(at pallet3 distributor1)", 
        "(clear pallet3)", 
        "(pallet pallet4)", 
        "(surface pallet4)", 
        "(at pallet4 depot1)", 
        "(pallet pallet5)", 
        "(surface pallet5)", 
        "(at pallet5 distributor1)", 
        "(clear pallet5)", 
        "(pallet pallet6)", 
        "(surface pallet6)", 
        "(at pallet6 depot1)", 
        "(clear pallet6)", 
        "(pallet pallet7)", 
        "(surface pallet7)", 
        "(at pallet7 distributor0)", 
        "(clear pallet7)", 
        "(truck truck0)", 
        "(at truck0 depot1)", 
        "(truck truck1)", 
        "(truck truck2)", 
        "(at truck2 depot0)", 
        "(truck truck3)", 
        "(at truck3 distributor1)", 
        "(hoist hoist0)", 
        "(at hoist0 depot0)", 
        "(available hoist0)", 
        "(hoist hoist1)", 
        "(at hoist1 depot1)", 
        "(available hoist1)", 
        "(hoist hoist2)", 
        "(at hoist2 distributor0)", 
        "(hoist hoist3)", 
        "(at hoist3 distributor1)", 
        "(available hoist3)", 
        "(hoist hoist4)", 
        "(at hoist4 distributor1)", 
        "(available hoist4)", 
        "(hoist hoist5)", 
        "(at hoist5 depot1)", 
        "(hoist hoist6)", 
        "(at hoist6 depot1)", 
        "(available hoist6)", 
        "(hoist hoist7)", 
        "(at hoist7 distributor1)", 
        "(available hoist7)", 
        "(crate crate0)", 
        "(surface crate0)", 
        "(crate crate1)", 
        "(surface crate1)", 
        "(at crate1 depot1)", 
        "(on crate1 pallet1)", 
        "(crate crate2)", 
        "(surface crate2)", 
        "(at crate2 depot0)", 
        "(on crate2 pallet0)", 
        "(crate crate3)", 
        "(surface crate3)", 
        "(at crate3 depot1)", 
        "(on crate3 crate1)", 
        "(crate crate4)", 
        "(surface crate4)", 
        "(crate crate5)", 
        "(surface crate5)", 
        "(at crate5 depot0)", 
        "(on crate5 crate2)", 
        "(place depot0)", 
        "(place depot1)", 
        "(place distributor0)", 
        "(place distributor1)", 
        "(lifting hoist2 crate4)", 
        "(clear pallet2)", 
        "(clear pallet4)", 
        "(in crate0 truck1)", 
        "(available hoist5)", 
        "(at truck1 distributor1)"
      ], 
      "delete_list": [
        "(at truck1 depot1)"
      ]
    }, 
    {
      "action": "(unload hoist3 crate0 truck1 distributor1)", 
      "add_list": [
        "(lifting hoist3 crate0)"
      ], 
      "state": 4, 
      "literals": [
        "(pallet pallet0)", 
        "(surface pallet0)", 
        "(at pallet0 depot0)", 
        "(clear crate5)", 
        "(pallet pallet1)", 
        "(surface pallet1)", 
        "(at pallet1 depot1)", 
        "(clear crate3)", 
        "(pallet pallet2)", 
        "(surface pallet2)", 
        "(at pallet2 distributor0)", 
        "(pallet pallet3)", 
        "(surface pallet3)", 
        "(at pallet3 distributor1)", 
        "(clear pallet3)", 
        "(pallet pallet4)", 
        "(surface pallet4)", 
        "(at pallet4 depot1)", 
        "(pallet pallet5)", 
        "(surface pallet5)", 
        "(at pallet5 distributor1)", 
        "(clear pallet5)", 
        "(pallet pallet6)", 
        "(surface pallet6)", 
        "(at pallet6 depot1)", 
        "(clear pallet6)", 
        "(pallet pallet7)", 
        "(surface pallet7)", 
        "(at pallet7 distributor0)", 
        "(clear pallet7)", 
        "(truck truck0)", 
        "(at truck0 depot1)", 
        "(truck truck1)", 
        "(truck truck2)", 
        "(at truck2 depot0)", 
        "(truck truck3)", 
        "(at truck3 distributor1)", 
        "(hoist hoist0)", 
        "(at hoist0 depot0)", 
        "(available hoist0)", 
        "(hoist hoist1)", 
        "(at hoist1 depot1)", 
        "(available hoist1)", 
        "(hoist hoist2)", 
        "(at hoist2 distributor0)", 
        "(hoist hoist3)", 
        "(at hoist3 distributor1)", 
        "(hoist hoist4)", 
        "(at hoist4 distributor1)", 
        "(available hoist4)", 
        "(hoist hoist5)", 
        "(at hoist5 depot1)", 
        "(hoist hoist6)", 
        "(at hoist6 depot1)", 
        "(available hoist6)", 
        "(hoist hoist7)", 
        "(at hoist7 distributor1)", 
        "(available hoist7)", 
        "(crate crate0)", 
        "(surface crate0)", 
        "(crate crate1)", 
        "(surface crate1)", 
        "(at crate1 depot1)", 
        "(on crate1 pallet1)", 
        "(crate crate2)", 
        "(surface crate2)", 
        "(at crate2 depot0)", 
        "(on crate2 pallet0)", 
        "(crate crate3)", 
        "(surface crate3)", 
        "(at crate3 depot1)", 
        "(on crate3 crate1)", 
        "(crate crate4)", 
        "(surface crate4)", 
        "(crate crate5)", 
        "(surface crate5)", 
        "(at crate5 depot0)", 
        "(on crate5 crate2)", 
        "(place depot0)", 
        "(place depot1)", 
        "(place distributor0)", 
        "(place distributor1)", 
        "(lifting hoist2 crate4)", 
        "(clear pallet2)", 
        "(clear pallet4)", 
        "(available hoist5)", 
        "(at truck1 distributor1)", 
        "(lifting hoist3 crate0)"
      ], 
      "delete_list": [
        "(in crate0 truck1)", 
        "(available hoist3)"
      ]
    }, 
    {
      "action": "(drop hoist3 crate0 pallet3 distributor1)", 
      "add_list": [
        "(available hoist3)", 
        "(at crate0 distributor1)", 
        "(clear crate0)", 
        "(on crate0 pallet3)"
      ], 
      "state": 5, 
      "literals": [
        "(pallet pallet0)", 
        "(surface pallet0)", 
        "(at pallet0 depot0)", 
        "(clear crate5)", 
        "(pallet pallet1)", 
        "(surface pallet1)", 
        "(at pallet1 depot1)", 
        "(clear crate3)", 
        "(pallet pallet2)", 
        "(surface pallet2)", 
        "(at pallet2 distributor0)", 
        "(pallet pallet3)", 
        "(surface pallet3)", 
        "(at pallet3 distributor1)", 
        "(pallet pallet4)", 
        "(surface pallet4)", 
        "(at pallet4 depot1)", 
        "(pallet pallet5)", 
        "(surface pallet5)", 
        "(at pallet5 distributor1)", 
        "(clear pallet5)", 
        "(pallet pallet6)", 
        "(surface pallet6)", 
        "(at pallet6 depot1)", 
        "(clear pallet6)", 
        "(pallet pallet7)", 
        "(surface pallet7)", 
        "(at pallet7 distributor0)", 
        "(clear pallet7)", 
        "(truck truck0)", 
        "(at truck0 depot1)", 
        "(truck truck1)", 
        "(truck truck2)", 
        "(at truck2 depot0)", 
        "(truck truck3)", 
        "(at truck3 distributor1)", 
        "(hoist hoist0)", 
        "(at hoist0 depot0)", 
        "(available hoist0)", 
        "(hoist hoist1)", 
        "(at hoist1 depot1)", 
        "(available hoist1)", 
        "(hoist hoist2)", 
        "(at hoist2 distributor0)", 
        "(hoist hoist3)", 
        "(at hoist3 distributor1)", 
        "(hoist hoist4)", 
        "(at hoist4 distributor1)", 
        "(available hoist4)", 
        "(hoist hoist5)", 
        "(at hoist5 depot1)", 
        "(hoist hoist6)", 
        "(at hoist6 depot1)", 
        "(available hoist6)", 
        "(hoist hoist7)", 
        "(at hoist7 distributor1)", 
        "(available hoist7)", 
        "(crate crate0)", 
        "(surface crate0)", 
        "(crate crate1)", 
        "(surface crate1)", 
        "(at crate1 depot1)", 
        "(on crate1 pallet1)", 
        "(crate crate2)", 
        "(surface crate2)", 
        "(at crate2 depot0)", 
        "(on crate2 pallet0)", 
        "(crate crate3)", 
        "(surface crate3)", 
        "(at crate3 depot1)", 
        "(on crate3 crate1)", 
        "(crate crate4)", 
        "(surface crate4)", 
        "(crate crate5)", 
        "(surface crate5)", 
        "(at crate5 depot0)", 
        "(on crate5 crate2)", 
        "(place depot0)", 
        "(place depot1)", 
        "(place distributor0)", 
        "(place distributor1)", 
        "(lifting hoist2 crate4)", 
        "(clear pallet2)", 
        "(clear pallet4)", 
        "(available hoist5)", 
        "(at truck1 distributor1)", 
        "(available hoist3)", 
        "(at crate0 distributor1)", 
        "(clear crate0)", 
        "(on crate0 pallet3)"
      ], 
      "delete_list": [
        "(lifting hoist3 crate0)", 
        "(clear pallet3)"
      ]
    }, 
    {
      "action": "(lift hoist6 crate3 crate1 depot1)", 
      "add_list": [
        "(lifting hoist6 crate3)", 
        "(clear crate1)"
      ], 
      "state": 6, 
      "literals": [
        "(pallet pallet0)", 
        "(surface pallet0)", 
        "(at pallet0 depot0)", 
        "(clear crate5)", 
        "(pallet pallet1)", 
        "(surface pallet1)", 
        "(at pallet1 depot1)", 
        "(pallet pallet2)", 
        "(surface pallet2)", 
        "(at pallet2 distributor0)", 
        "(pallet pallet3)", 
        "(surface pallet3)", 
        "(at pallet3 distributor1)", 
        "(pallet pallet4)", 
        "(surface pallet4)", 
        "(at pallet4 depot1)", 
        "(pallet pallet5)", 
        "(surface pallet5)", 
        "(at pallet5 distributor1)", 
        "(clear pallet5)", 
        "(pallet pallet6)", 
        "(surface pallet6)", 
        "(at pallet6 depot1)", 
        "(clear pallet6)", 
        "(pallet pallet7)", 
        "(surface pallet7)", 
        "(at pallet7 distributor0)", 
        "(clear pallet7)", 
        "(truck truck0)", 
        "(at truck0 depot1)", 
        "(truck truck1)", 
        "(truck truck2)", 
        "(at truck2 depot0)", 
        "(truck truck3)", 
        "(at truck3 distributor1)", 
        "(hoist hoist0)", 
        "(at hoist0 depot0)", 
        "(available hoist0)", 
        "(hoist hoist1)", 
        "(at hoist1 depot1)", 
        "(available hoist1)", 
        "(hoist hoist2)", 
        "(at hoist2 distributor0)", 
        "(hoist hoist3)", 
        "(at hoist3 distributor1)", 
        "(hoist hoist4)", 
        "(at hoist4 distributor1)", 
        "(available hoist4)", 
        "(hoist hoist5)", 
        "(at hoist5 depot1)", 
        "(hoist hoist6)", 
        "(at hoist6 depot1)", 
        "(hoist hoist7)", 
        "(at hoist7 distributor1)", 
        "(available hoist7)", 
        "(crate crate0)", 
        "(surface crate0)", 
        "(crate crate1)", 
        "(surface crate1)", 
        "(at crate1 depot1)", 
        "(on crate1 pallet1)", 
        "(crate crate2)", 
        "(surface crate2)", 
        "(at crate2 depot0)", 
        "(on crate2 pallet0)", 
        "(crate crate3)", 
        "(surface crate3)", 
        "(crate crate4)", 
        "(surface crate4)", 
        "(crate crate5)", 
        "(surface crate5)", 
        "(at crate5 depot0)", 
        "(on crate5 crate2)", 
        "(place depot0)", 
        "(place depot1)", 
        "(place distributor0)", 
        "(place distributor1)", 
        "(lifting hoist2 crate4)", 
        "(clear pallet2)", 
        "(clear pallet4)", 
        "(available hoist5)", 
        "(at truck1 distributor1)", 
        "(available hoist3)", 
        "(at crate0 distributor1)", 
        "(clear crate0)", 
        "(on crate0 pallet3)", 
        "(lifting hoist6 crate3)", 
        "(clear crate1)"
      ], 
      "delete_list": [
        "(at crate3 depot1)", 
        "(clear crate3)", 
        "(available hoist6)", 
        "(on crate3 crate1)"
      ]
    }, 
    {
      "action": "(lift hoist5 crate1 pallet1 depot1)", 
      "add_list": [
        "(lifting hoist5 crate1)", 
        "(clear pallet1)"
      ], 
      "state": 7, 
      "literals": [
        "(pallet pallet0)", 
        "(surface pallet0)", 
        "(at pallet0 depot0)", 
        "(clear crate5)", 
        "(pallet pallet1)", 
        "(surface pallet1)", 
        "(at pallet1 depot1)", 
        "(pallet pallet2)", 
        "(surface pallet2)", 
        "(at pallet2 distributor0)", 
        "(pallet pallet3)", 
        "(surface pallet3)", 
        "(at pallet3 distributor1)", 
        "(pallet pallet4)", 
        "(surface pallet4)", 
        "(at pallet4 depot1)", 
        "(pallet pallet5)", 
        "(surface pallet5)", 
        "(at pallet5 distributor1)", 
        "(clear pallet5)", 
        "(pallet pallet6)", 
        "(surface pallet6)", 
        "(at pallet6 depot1)", 
        "(clear pallet6)", 
        "(pallet pallet7)", 
        "(surface pallet7)", 
        "(at pallet7 distributor0)", 
        "(clear pallet7)", 
        "(truck truck0)", 
        "(at truck0 depot1)", 
        "(truck truck1)", 
        "(truck truck2)", 
        "(at truck2 depot0)", 
        "(truck truck3)", 
        "(at truck3 distributor1)", 
        "(hoist hoist0)", 
        "(at hoist0 depot0)", 
        "(available hoist0)", 
        "(hoist hoist1)", 
        "(at hoist1 depot1)", 
        "(available hoist1)", 
        "(hoist hoist2)", 
        "(at hoist2 distributor0)", 
        "(hoist hoist3)", 
        "(at hoist3 distributor1)", 
        "(hoist hoist4)", 
        "(at hoist4 distributor1)", 
        "(available hoist4)", 
        "(hoist hoist5)", 
        "(at hoist5 depot1)", 
        "(hoist hoist6)", 
        "(at hoist6 depot1)", 
        "(hoist hoist7)", 
        "(at hoist7 distributor1)", 
        "(available hoist7)", 
        "(crate crate0)", 
        "(surface crate0)", 
        "(crate crate1)", 
        "(surface crate1)", 
        "(crate crate2)", 
        "(surface crate2)", 
        "(at crate2 depot0)", 
        "(on crate2 pallet0)", 
        "(crate crate3)", 
        "(surface crate3)", 
        "(crate crate4)", 
        "(surface crate4)", 
        "(crate crate5)", 
        "(surface crate5)", 
        "(at crate5 depot0)", 
        "(on crate5 crate2)", 
        "(place depot0)", 
        "(place depot1)", 
        "(place distributor0)", 
        "(place distributor1)", 
        "(lifting hoist2 crate4)", 
        "(clear pallet2)", 
        "(clear pallet4)", 
        "(at truck1 distributor1)", 
        "(available hoist3)", 
        "(at crate0 distributor1)", 
        "(clear crate0)", 
        "(on crate0 pallet3)", 
        "(lifting hoist6 crate3)", 
        "(lifting hoist5 crate1)", 
        "(clear pallet1)"
      ], 
      "delete_list": [
        "(at crate1 depot1)", 
        "(clear crate1)", 
        "(available hoist5)", 
        "(on crate1 pallet1)"
      ]
    }, 
    {
      "action": "(drop hoist6 crate3 pallet6 depot1)", 
      "add_list": [
        "(available hoist6)", 
        "(at crate3 depot1)", 
        "(clear crate3)", 
        "(on crate3 pallet6)"
      ], 
      "state": 8, 
      "literals": [
        "(pallet pallet0)", 
        "(surface pallet0)", 
        "(at pallet0 depot0)", 
        "(clear crate5)", 
        "(pallet pallet1)", 
        "(surface pallet1)", 
        "(at pallet1 depot1)", 
        "(pallet pallet2)", 
        "(surface pallet2)", 
        "(at pallet2 distributor0)", 
        "(pallet pallet3)", 
        "(surface pallet3)", 
        "(at pallet3 distributor1)", 
        "(pallet pallet4)", 
        "(surface pallet4)", 
        "(at pallet4 depot1)", 
        "(pallet pallet5)", 
        "(surface pallet5)", 
        "(at pallet5 distributor1)", 
        "(clear pallet5)", 
        "(pallet pallet6)", 
        "(surface pallet6)", 
        "(at pallet6 depot1)", 
        "(pallet pallet7)", 
        "(surface pallet7)", 
        "(at pallet7 distributor0)", 
        "(clear pallet7)", 
        "(truck truck0)", 
        "(at truck0 depot1)", 
        "(truck truck1)", 
        "(truck truck2)", 
        "(at truck2 depot0)", 
        "(truck truck3)", 
        "(at truck3 distributor1)", 
        "(hoist hoist0)", 
        "(at hoist0 depot0)", 
        "(available hoist0)", 
        "(hoist hoist1)", 
        "(at hoist1 depot1)", 
        "(available hoist1)", 
        "(hoist hoist2)", 
        "(at hoist2 distributor0)", 
        "(hoist hoist3)", 
        "(at hoist3 distributor1)", 
        "(hoist hoist4)", 
        "(at hoist4 distributor1)", 
        "(available hoist4)", 
        "(hoist hoist5)", 
        "(at hoist5 depot1)", 
        "(hoist hoist6)", 
        "(at hoist6 depot1)", 
        "(hoist hoist7)", 
        "(at hoist7 distributor1)", 
        "(available hoist7)", 
        "(crate crate0)", 
        "(surface crate0)", 
        "(crate crate1)", 
        "(surface crate1)", 
        "(crate crate2)", 
        "(surface crate2)", 
        "(at crate2 depot0)", 
        "(on crate2 pallet0)", 
        "(crate crate3)", 
        "(surface crate3)", 
        "(crate crate4)", 
        "(surface crate4)", 
        "(crate crate5)", 
        "(surface crate5)", 
        "(at crate5 depot0)", 
        "(on crate5 crate2)", 
        "(place depot0)", 
        "(place depot1)", 
        "(place distributor0)", 
        "(place distributor1)", 
        "(lifting hoist2 crate4)", 
        "(clear pallet2)", 
        "(clear pallet4)", 
        "(at truck1 distributor1)", 
        "(available hoist3)", 
        "(at crate0 distributor1)", 
        "(clear crate0)", 
        "(on crate0 pallet3)", 
        "(lifting hoist5 crate1)", 
        "(clear pallet1)", 
        "(available hoist6)", 
        "(at crate3 depot1)", 
        "(clear crate3)", 
        "(on crate3 pallet6)"
      ], 
      "delete_list": [
        "(lifting hoist6 crate3)", 
        "(clear pallet6)"
      ]
    }, 
    {
      "action": "(lift hoist0 crate5 crate2 depot0)", 
      "add_list": [
        "(lifting hoist0 crate5)", 
        "(clear crate2)"
      ], 
      "state": 9, 
      "literals": [
        "(pallet pallet0)", 
        "(surface pallet0)", 
        "(at pallet0 depot0)", 
        "(pallet pallet1)", 
        "(surface pallet1)", 
        "(at pallet1 depot1)", 
        "(pallet pallet2)", 
        "(surface pallet2)", 
        "(at pallet2 distributor0)", 
        "(pallet pallet3)", 
        "(surface pallet3)", 
        "(at pallet3 distributor1)", 
        "(pallet pallet4)", 
        "(surface pallet4)", 
        "(at pallet4 depot1)", 
        "(pallet pallet5)", 
        "(surface pallet5)", 
        "(at pallet5 distributor1)", 
        "(clear pallet5)", 
        "(pallet pallet6)", 
        "(surface pallet6)", 
        "(at pallet6 depot1)", 
        "(pallet pallet7)", 
        "(surface pallet7)", 
        "(at pallet7 distributor0)", 
        "(clear pallet7)", 
        "(truck truck0)", 
        "(at truck0 depot1)", 
        "(truck truck1)", 
        "(truck truck2)", 
        "(at truck2 depot0)", 
        "(truck truck3)", 
        "(at truck3 distributor1)", 
        "(hoist hoist0)", 
        "(at hoist0 depot0)", 
        "(hoist hoist1)", 
        "(at hoist1 depot1)", 
        "(available hoist1)", 
        "(hoist hoist2)", 
        "(at hoist2 distributor0)", 
        "(hoist hoist3)", 
        "(at hoist3 distributor1)", 
        "(hoist hoist4)", 
        "(at hoist4 distributor1)", 
        "(available hoist4)", 
        "(hoist hoist5)", 
        "(at hoist5 depot1)", 
        "(hoist hoist6)", 
        "(at hoist6 depot1)", 
        "(hoist hoist7)", 
        "(at hoist7 distributor1)", 
        "(available hoist7)", 
        "(crate crate0)", 
        "(surface crate0)", 
        "(crate crate1)", 
        "(surface crate1)", 
        "(crate crate2)", 
        "(surface crate2)", 
        "(at crate2 depot0)", 
        "(on crate2 pallet0)", 
        "(crate crate3)", 
        "(surface crate3)", 
        "(crate crate4)", 
        "(surface crate4)", 
        "(crate crate5)", 
        "(surface crate5)", 
        "(place depot0)", 
        "(place depot1)", 
        "(place distributor0)", 
        "(place distributor1)", 
        "(lifting hoist2 crate4)", 
        "(clear pallet2)", 
        "(clear pallet4)", 
        "(at truck1 distributor1)", 
        "(available hoist3)", 
        "(at crate0 distributor1)", 
        "(clear crate0)", 
        "(on crate0 pallet3)", 
        "(lifting hoist5 crate1)", 
        "(clear pallet1)", 
        "(available hoist6)", 
        "(at crate3 depot1)", 
        "(clear crate3)", 
        "(on crate3 pallet6)", 
        "(lifting hoist0 crate5)", 
        "(clear crate2)"
      ], 
      "delete_list": [
        "(at crate5 depot0)", 
        "(clear crate5)", 
        "(available hoist0)", 
        "(on crate5 crate2)"
      ]
    }, 
    {
      "action": "(load hoist0 crate5 truck2 depot0)", 
      "add_list": [
        "(in crate5 truck2)", 
        "(available hoist0)"
      ], 
      "state": 10, 
      "literals": [
        "(pallet pallet0)", 
        "(surface pallet0)", 
        "(at pallet0 depot0)", 
        "(pallet pallet1)", 
        "(surface pallet1)", 
        "(at pallet1 depot1)", 
        "(pallet pallet2)", 
        "(surface pallet2)", 
        "(at pallet2 distributor0)", 
        "(pallet pallet3)", 
        "(surface pallet3)", 
        "(at pallet3 distributor1)", 
        "(pallet pallet4)", 
        "(surface pallet4)", 
        "(at pallet4 depot1)", 
        "(pallet pallet5)", 
        "(surface pallet5)", 
        "(at pallet5 distributor1)", 
        "(clear pallet5)", 
        "(pallet pallet6)", 
        "(surface pallet6)", 
        "(at pallet6 depot1)", 
        "(pallet pallet7)", 
        "(surface pallet7)", 
        "(at pallet7 distributor0)", 
        "(clear pallet7)", 
        "(truck truck0)", 
        "(at truck0 depot1)", 
        "(truck truck1)", 
        "(truck truck2)", 
        "(at truck2 depot0)", 
        "(truck truck3)", 
        "(at truck3 distributor1)", 
        "(hoist hoist0)", 
        "(at hoist0 depot0)", 
        "(hoist hoist1)", 
        "(at hoist1 depot1)", 
        "(available hoist1)", 
        "(hoist hoist2)", 
        "(at hoist2 distributor0)", 
        "(hoist hoist3)", 
        "(at hoist3 distributor1)", 
        "(hoist hoist4)", 
        "(at hoist4 distributor1)", 
        "(available hoist4)", 
        "(hoist hoist5)", 
        "(at hoist5 depot1)", 
        "(hoist hoist6)", 
        "(at hoist6 depot1)", 
        "(hoist hoist7)", 
        "(at hoist7 distributor1)", 
        "(available hoist7)", 
        "(crate crate0)", 
        "(surface crate0)", 
        "(crate crate1)", 
        "(surface crate1)", 
        "(crate crate2)", 
        "(surface crate2)", 
        "(at crate2 depot0)", 
        "(on crate2 pallet0)", 
        "(crate crate3)", 
        "(surface crate3)", 
        "(crate crate4)", 
        "(surface crate4)", 
        "(crate crate5)", 
        "(surface crate5)", 
        "(place depot0)", 
        "(place depot1)", 
        "(place distributor0)", 
        "(place distributor1)", 
        "(lifting hoist2 crate4)", 
        "(clear pallet2)", 
        "(clear pallet4)", 
        "(at truck1 distributor1)", 
        "(available hoist3)", 
        "(at crate0 distributor1)", 
        "(clear crate0)", 
        "(on crate0 pallet3)", 
        "(lifting hoist5 crate1)", 
        "(clear pallet1)", 
        "(available hoist6)", 
        "(at crate3 depot1)", 
        "(clear crate3)", 
        "(on crate3 pallet6)", 
        "(clear crate2)", 
        "(in crate5 truck2)", 
        "(available hoist0)"
      ], 
      "delete_list": [
        "(lifting hoist0 crate5)"
      ]
    }, 
    {
      "action": "(lift hoist0 crate2 pallet0 depot0)", 
      "add_list": [
        "(lifting hoist0 crate2)", 
        "(clear pallet0)"
      ], 
      "state": 11, 
      "literals": [
        "(pallet pallet0)", 
        "(surface pallet0)", 
        "(at pallet0 depot0)", 
        "(pallet pallet1)", 
        "(surface pallet1)", 
        "(at pallet1 depot1)", 
        "(pallet pallet2)", 
        "(surface pallet2)", 
        "(at pallet2 distributor0)", 
        "(pallet pallet3)", 
        "(surface pallet3)", 
        "(at pallet3 distributor1)", 
        "(pallet pallet4)", 
        "(surface pallet4)", 
        "(at pallet4 depot1)", 
        "(pallet pallet5)", 
        "(surface pallet5)", 
        "(at pallet5 distributor1)", 
        "(clear pallet5)", 
        "(pallet pallet6)", 
        "(surface pallet6)", 
        "(at pallet6 depot1)", 
        "(pallet pallet7)", 
        "(surface pallet7)", 
        "(at pallet7 distributor0)", 
        "(clear pallet7)", 
        "(truck truck0)", 
        "(at truck0 depot1)", 
        "(truck truck1)", 
        "(truck truck2)", 
        "(at truck2 depot0)", 
        "(truck truck3)", 
        "(at truck3 distributor1)", 
        "(hoist hoist0)", 
        "(at hoist0 depot0)", 
        "(hoist hoist1)", 
        "(at hoist1 depot1)", 
        "(available hoist1)", 
        "(hoist hoist2)", 
        "(at hoist2 distributor0)", 
        "(hoist hoist3)", 
        "(at hoist3 distributor1)", 
        "(hoist hoist4)", 
        "(at hoist4 distributor1)", 
        "(available hoist4)", 
        "(hoist hoist5)", 
        "(at hoist5 depot1)", 
        "(hoist hoist6)", 
        "(at hoist6 depot1)", 
        "(hoist hoist7)", 
        "(at hoist7 distributor1)", 
        "(available hoist7)", 
        "(crate crate0)", 
        "(surface crate0)", 
        "(crate crate1)", 
        "(surface crate1)", 
        "(crate crate2)", 
        "(surface crate2)", 
        "(crate crate3)", 
        "(surface crate3)", 
        "(crate crate4)", 
        "(surface crate4)", 
        "(crate crate5)", 
        "(surface crate5)", 
        "(place depot0)", 
        "(place depot1)", 
        "(place distributor0)", 
        "(place distributor1)", 
        "(lifting hoist2 crate4)", 
        "(clear pallet2)", 
        "(clear pallet4)", 
        "(at truck1 distributor1)", 
        "(available hoist3)", 
        "(at crate0 distributor1)", 
        "(clear crate0)", 
        "(on crate0 pallet3)", 
        "(lifting hoist5 crate1)", 
        "(clear pallet1)", 
        "(available hoist6)", 
        "(at crate3 depot1)", 
        "(clear crate3)", 
        "(on crate3 pallet6)", 
        "(in crate5 truck2)", 
        "(lifting hoist0 crate2)", 
        "(clear pallet0)"
      ], 
      "delete_list": [
        "(at crate2 depot0)", 
        "(clear crate2)", 
        "(available hoist0)", 
        "(on crate2 pallet0)"
      ]
    }, 
    {
      "action": "(load hoist0 crate2 truck2 depot0)", 
      "add_list": [
        "(in crate2 truck2)", 
        "(available hoist0)"
      ], 
      "state": 12, 
      "literals": [
        "(pallet pallet0)", 
        "(surface pallet0)", 
        "(at pallet0 depot0)", 
        "(pallet pallet1)", 
        "(surface pallet1)", 
        "(at pallet1 depot1)", 
        "(pallet pallet2)", 
        "(surface pallet2)", 
        "(at pallet2 distributor0)", 
        "(pallet pallet3)", 
        "(surface pallet3)", 
        "(at pallet3 distributor1)", 
        "(pallet pallet4)", 
        "(surface pallet4)", 
        "(at pallet4 depot1)", 
        "(pallet pallet5)", 
        "(surface pallet5)", 
        "(at pallet5 distributor1)", 
        "(clear pallet5)", 
        "(pallet pallet6)", 
        "(surface pallet6)", 
        "(at pallet6 depot1)", 
        "(pallet pallet7)", 
        "(surface pallet7)", 
        "(at pallet7 distributor0)", 
        "(clear pallet7)", 
        "(truck truck0)", 
        "(at truck0 depot1)", 
        "(truck truck1)", 
        "(truck truck2)", 
        "(at truck2 depot0)", 
        "(truck truck3)", 
        "(at truck3 distributor1)", 
        "(hoist hoist0)", 
        "(at hoist0 depot0)", 
        "(hoist hoist1)", 
        "(at hoist1 depot1)", 
        "(available hoist1)", 
        "(hoist hoist2)", 
        "(at hoist2 distributor0)", 
        "(hoist hoist3)", 
        "(at hoist3 distributor1)", 
        "(hoist hoist4)", 
        "(at hoist4 distributor1)", 
        "(available hoist4)", 
        "(hoist hoist5)", 
        "(at hoist5 depot1)", 
        "(hoist hoist6)", 
        "(at hoist6 depot1)", 
        "(hoist hoist7)", 
        "(at hoist7 distributor1)", 
        "(available hoist7)", 
        "(crate crate0)", 
        "(surface crate0)", 
        "(crate crate1)", 
        "(surface crate1)", 
        "(crate crate2)", 
        "(surface crate2)", 
        "(crate crate3)", 
        "(surface crate3)", 
        "(crate crate4)", 
        "(surface crate4)", 
        "(crate crate5)", 
        "(surface crate5)", 
        "(place depot0)", 
        "(place depot1)", 
        "(place distributor0)", 
        "(place distributor1)", 
        "(lifting hoist2 crate4)", 
        "(clear pallet2)", 
        "(clear pallet4)", 
        "(at truck1 distributor1)", 
        "(available hoist3)", 
        "(at crate0 distributor1)", 
        "(clear crate0)", 
        "(on crate0 pallet3)", 
        "(lifting hoist5 crate1)", 
        "(clear pallet1)", 
        "(available hoist6)", 
        "(at crate3 depot1)", 
        "(clear crate3)", 
        "(on crate3 pallet6)", 
        "(in crate5 truck2)", 
        "(clear pallet0)", 
        "(in crate2 truck2)", 
        "(available hoist0)"
      ], 
      "delete_list": [
        "(lifting hoist0 crate2)"
      ]
    }, 
    {
      "action": "(drive truck2 depot0 depot1)", 
      "add_list": [
        "(at truck2 depot1)"
      ], 
      "state": 13, 
      "literals": [
        "(pallet pallet0)", 
        "(surface pallet0)", 
        "(at pallet0 depot0)", 
        "(pallet pallet1)", 
        "(surface pallet1)", 
        "(at pallet1 depot1)", 
        "(pallet pallet2)", 
        "(surface pallet2)", 
        "(at pallet2 distributor0)", 
        "(pallet pallet3)", 
        "(surface pallet3)", 
        "(at pallet3 distributor1)", 
        "(pallet pallet4)", 
        "(surface pallet4)", 
        "(at pallet4 depot1)", 
        "(pallet pallet5)", 
        "(surface pallet5)", 
        "(at pallet5 distributor1)", 
        "(clear pallet5)", 
        "(pallet pallet6)", 
        "(surface pallet6)", 
        "(at pallet6 depot1)", 
        "(pallet pallet7)", 
        "(surface pallet7)", 
        "(at pallet7 distributor0)", 
        "(clear pallet7)", 
        "(truck truck0)", 
        "(at truck0 depot1)", 
        "(truck truck1)", 
        "(truck truck2)", 
        "(truck truck3)", 
        "(at truck3 distributor1)", 
        "(hoist hoist0)", 
        "(at hoist0 depot0)", 
        "(hoist hoist1)", 
        "(at hoist1 depot1)", 
        "(available hoist1)", 
        "(hoist hoist2)", 
        "(at hoist2 distributor0)", 
        "(hoist hoist3)", 
        "(at hoist3 distributor1)", 
        "(hoist hoist4)", 
        "(at hoist4 distributor1)", 
        "(available hoist4)", 
        "(hoist hoist5)", 
        "(at hoist5 depot1)", 
        "(hoist hoist6)", 
        "(at hoist6 depot1)", 
        "(hoist hoist7)", 
        "(at hoist7 distributor1)", 
        "(available hoist7)", 
        "(crate crate0)", 
        "(surface crate0)", 
        "(crate crate1)", 
        "(surface crate1)", 
        "(crate crate2)", 
        "(surface crate2)", 
        "(crate crate3)", 
        "(surface crate3)", 
        "(crate crate4)", 
        "(surface crate4)", 
        "(crate crate5)", 
        "(surface crate5)", 
        "(place depot0)", 
        "(place depot1)", 
        "(place distributor0)", 
        "(place distributor1)", 
        "(lifting hoist2 crate4)", 
        "(clear pallet2)", 
        "(clear pallet4)", 
        "(at truck1 distributor1)", 
        "(available hoist3)", 
        "(at crate0 distributor1)", 
        "(clear crate0)", 
        "(on crate0 pallet3)", 
        "(lifting hoist5 crate1)", 
        "(clear pallet1)", 
        "(available hoist6)", 
        "(at crate3 depot1)", 
        "(clear crate3)", 
        "(on crate3 pallet6)", 
        "(in crate5 truck2)", 
        "(clear pallet0)", 
        "(in crate2 truck2)", 
        "(available hoist0)", 
        "(at truck2 depot1)"
      ], 
      "delete_list": [
        "(at truck2 depot0)"
      ]
    }, 
    {
      "action": "(unload hoist1 crate2 truck2 depot1)", 
      "add_list": [
        "(lifting hoist1 crate2)"
      ], 
      "state": 14, 
      "literals": [
        "(pallet pallet0)", 
        "(surface pallet0)", 
        "(at pallet0 depot0)", 
        "(pallet pallet1)", 
        "(surface pallet1)", 
        "(at pallet1 depot1)", 
        "(pallet pallet2)", 
        "(surface pallet2)", 
        "(at pallet2 distributor0)", 
        "(pallet pallet3)", 
        "(surface pallet3)", 
        "(at pallet3 distributor1)", 
        "(pallet pallet4)", 
        "(surface pallet4)", 
        "(at pallet4 depot1)", 
        "(pallet pallet5)", 
        "(surface pallet5)", 
        "(at pallet5 distributor1)", 
        "(clear pallet5)", 
        "(pallet pallet6)", 
        "(surface pallet6)", 
        "(at pallet6 depot1)", 
        "(pallet pallet7)", 
        "(surface pallet7)", 
        "(at pallet7 distributor0)", 
        "(clear pallet7)", 
        "(truck truck0)", 
        "(at truck0 depot1)", 
        "(truck truck1)", 
        "(truck truck2)", 
        "(truck truck3)", 
        "(at truck3 distributor1)", 
        "(hoist hoist0)", 
        "(at hoist0 depot0)", 
        "(hoist hoist1)", 
        "(at hoist1 depot1)", 
        "(hoist hoist2)", 
        "(at hoist2 distributor0)", 
        "(hoist hoist3)", 
        "(at hoist3 distributor1)", 
        "(hoist hoist4)", 
        "(at hoist4 distributor1)", 
        "(available hoist4)", 
        "(hoist hoist5)", 
        "(at hoist5 depot1)", 
        "(hoist hoist6)", 
        "(at hoist6 depot1)", 
        "(hoist hoist7)", 
        "(at hoist7 distributor1)", 
        "(available hoist7)", 
        "(crate crate0)", 
        "(surface crate0)", 
        "(crate crate1)", 
        "(surface crate1)", 
        "(crate crate2)", 
        "(surface crate2)", 
        "(crate crate3)", 
        "(surface crate3)", 
        "(crate crate4)", 
        "(surface crate4)", 
        "(crate crate5)", 
        "(surface crate5)", 
        "(place depot0)", 
        "(place depot1)", 
        "(place distributor0)", 
        "(place distributor1)", 
        "(lifting hoist2 crate4)", 
        "(clear pallet2)", 
        "(clear pallet4)", 
        "(at truck1 distributor1)", 
        "(available hoist3)", 
        "(at crate0 distributor1)", 
        "(clear crate0)", 
        "(on crate0 pallet3)", 
        "(lifting hoist5 crate1)", 
        "(clear pallet1)", 
        "(available hoist6)", 
        "(at crate3 depot1)", 
        "(clear crate3)", 
        "(on crate3 pallet6)", 
        "(in crate5 truck2)", 
        "(clear pallet0)", 
        "(available hoist0)", 
        "(at truck2 depot1)", 
        "(lifting hoist1 crate2)"
      ], 
      "delete_list": [
        "(in crate2 truck2)", 
        "(available hoist1)"
      ]
    }, 
    {
      "action": "(drop hoist1 crate2 pallet1 depot1)", 
      "add_list": [
        "(available hoist1)", 
        "(at crate2 depot1)", 
        "(clear crate2)", 
        "(on crate2 pallet1)"
      ], 
      "state": 15, 
      "literals": [
        "(pallet pallet0)", 
        "(surface pallet0)", 
        "(at pallet0 depot0)", 
        "(pallet pallet1)", 
        "(surface pallet1)", 
        "(at pallet1 depot1)", 
        "(pallet pallet2)", 
        "(surface pallet2)", 
        "(at pallet2 distributor0)", 
        "(pallet pallet3)", 
        "(surface pallet3)", 
        "(at pallet3 distributor1)", 
        "(pallet pallet4)", 
        "(surface pallet4)", 
        "(at pallet4 depot1)", 
        "(pallet pallet5)", 
        "(surface pallet5)", 
        "(at pallet5 distributor1)", 
        "(clear pallet5)", 
        "(pallet pallet6)", 
        "(surface pallet6)", 
        "(at pallet6 depot1)", 
        "(pallet pallet7)", 
        "(surface pallet7)", 
        "(at pallet7 distributor0)", 
        "(clear pallet7)", 
        "(truck truck0)", 
        "(at truck0 depot1)", 
        "(truck truck1)", 
        "(truck truck2)", 
        "(truck truck3)", 
        "(at truck3 distributor1)", 
        "(hoist hoist0)", 
        "(at hoist0 depot0)", 
        "(hoist hoist1)", 
        "(at hoist1 depot1)", 
        "(hoist hoist2)", 
        "(at hoist2 distributor0)", 
        "(hoist hoist3)", 
        "(at hoist3 distributor1)", 
        "(hoist hoist4)", 
        "(at hoist4 distributor1)", 
        "(available hoist4)", 
        "(hoist hoist5)", 
        "(at hoist5 depot1)", 
        "(hoist hoist6)", 
        "(at hoist6 depot1)", 
        "(hoist hoist7)", 
        "(at hoist7 distributor1)", 
        "(available hoist7)", 
        "(crate crate0)", 
        "(surface crate0)", 
        "(crate crate1)", 
        "(surface crate1)", 
        "(crate crate2)", 
        "(surface crate2)", 
        "(crate crate3)", 
        "(surface crate3)", 
        "(crate crate4)", 
        "(surface crate4)", 
        "(crate crate5)", 
        "(surface crate5)", 
        "(place depot0)", 
        "(place depot1)", 
        "(place distributor0)", 
        "(place distributor1)", 
        "(lifting hoist2 crate4)", 
        "(clear pallet2)", 
        "(clear pallet4)", 
        "(at truck1 distributor1)", 
        "(available hoist3)", 
        "(at crate0 distributor1)", 
        "(clear crate0)", 
        "(on crate0 pallet3)", 
        "(lifting hoist5 crate1)", 
        "(available hoist6)", 
        "(at crate3 depot1)", 
        "(clear crate3)", 
        "(on crate3 pallet6)", 
        "(in crate5 truck2)", 
        "(clear pallet0)", 
        "(available hoist0)", 
        "(at truck2 depot1)", 
        "(available hoist1)", 
        "(at crate2 depot1)", 
        "(clear crate2)", 
        "(on crate2 pallet1)"
      ], 
      "delete_list": [
        "(lifting hoist1 crate2)", 
        "(clear pallet1)"
      ]
    }, 
    {
      "action": "(drive truck2 depot1 distributor0)", 
      "add_list": [
        "(at truck2 distributor0)"
      ], 
      "state": 16, 
      "literals": [
        "(pallet pallet0)", 
        "(surface pallet0)", 
        "(at pallet0 depot0)", 
        "(pallet pallet1)", 
        "(surface pallet1)", 
        "(at pallet1 depot1)", 
        "(pallet pallet2)", 
        "(surface pallet2)", 
        "(at pallet2 distributor0)", 
        "(pallet pallet3)", 
        "(surface pallet3)", 
        "(at pallet3 distributor1)", 
        "(pallet pallet4)", 
        "(surface pallet4)", 
        "(at pallet4 depot1)", 
        "(pallet pallet5)", 
        "(surface pallet5)", 
        "(at pallet5 distributor1)", 
        "(clear pallet5)", 
        "(pallet pallet6)", 
        "(surface pallet6)", 
        "(at pallet6 depot1)", 
        "(pallet pallet7)", 
        "(surface pallet7)", 
        "(at pallet7 distributor0)", 
        "(clear pallet7)", 
        "(truck truck0)", 
        "(at truck0 depot1)", 
        "(truck truck1)", 
        "(truck truck2)", 
        "(truck truck3)", 
        "(at truck3 distributor1)", 
        "(hoist hoist0)", 
        "(at hoist0 depot0)", 
        "(hoist hoist1)", 
        "(at hoist1 depot1)", 
        "(hoist hoist2)", 
        "(at hoist2 distributor0)", 
        "(hoist hoist3)", 
        "(at hoist3 distributor1)", 
        "(hoist hoist4)", 
        "(at hoist4 distributor1)", 
        "(available hoist4)", 
        "(hoist hoist5)", 
        "(at hoist5 depot1)", 
        "(hoist hoist6)", 
        "(at hoist6 depot1)", 
        "(hoist hoist7)", 
        "(at hoist7 distributor1)", 
        "(available hoist7)", 
        "(crate crate0)", 
        "(surface crate0)", 
        "(crate crate1)", 
        "(surface crate1)", 
        "(crate crate2)", 
        "(surface crate2)", 
        "(crate crate3)", 
        "(surface crate3)", 
        "(crate crate4)", 
        "(surface crate4)", 
        "(crate crate5)", 
        "(surface crate5)", 
        "(place depot0)", 
        "(place depot1)", 
        "(place distributor0)", 
        "(place distributor1)", 
        "(lifting hoist2 crate4)", 
        "(clear pallet2)", 
        "(clear pallet4)", 
        "(at truck1 distributor1)", 
        "(available hoist3)", 
        "(at crate0 distributor1)", 
        "(clear crate0)", 
        "(on crate0 pallet3)", 
        "(lifting hoist5 crate1)", 
        "(available hoist6)", 
        "(at crate3 depot1)", 
        "(clear crate3)", 
        "(on crate3 pallet6)", 
        "(in crate5 truck2)", 
        "(clear pallet0)", 
        "(available hoist0)", 
        "(available hoist1)", 
        "(at crate2 depot1)", 
        "(clear crate2)", 
        "(on crate2 pallet1)", 
        "(at truck2 distributor0)"
      ], 
      "delete_list": [
        "(at truck2 depot1)"
      ]
    }, 
    {
      "action": "(load hoist2 crate4 truck2 distributor0)", 
      "add_list": [
        "(in crate4 truck2)", 
        "(available hoist2)"
      ], 
      "state": 17, 
      "literals": [
        "(pallet pallet0)", 
        "(surface pallet0)", 
        "(at pallet0 depot0)", 
        "(pallet pallet1)", 
        "(surface pallet1)", 
        "(at pallet1 depot1)", 
        "(pallet pallet2)", 
        "(surface pallet2)", 
        "(at pallet2 distributor0)", 
        "(pallet pallet3)", 
        "(surface pallet3)", 
        "(at pallet3 distributor1)", 
        "(pallet pallet4)", 
        "(surface pallet4)", 
        "(at pallet4 depot1)", 
        "(pallet pallet5)", 
        "(surface pallet5)", 
        "(at pallet5 distributor1)", 
        "(clear pallet5)", 
        "(pallet pallet6)", 
        "(surface pallet6)", 
        "(at pallet6 depot1)", 
        "(pallet pallet7)", 
        "(surface pallet7)", 
        "(at pallet7 distributor0)", 
        "(clear pallet7)", 
        "(truck truck0)", 
        "(at truck0 depot1)", 
        "(truck truck1)", 
        "(truck truck2)", 
        "(truck truck3)", 
        "(at truck3 distributor1)", 
        "(hoist hoist0)", 
        "(at hoist0 depot0)", 
        "(hoist hoist1)", 
        "(at hoist1 depot1)", 
        "(hoist hoist2)", 
        "(at hoist2 distributor0)", 
        "(hoist hoist3)", 
        "(at hoist3 distributor1)", 
        "(hoist hoist4)", 
        "(at hoist4 distributor1)", 
        "(available hoist4)", 
        "(hoist hoist5)", 
        "(at hoist5 depot1)", 
        "(hoist hoist6)", 
        "(at hoist6 depot1)", 
        "(hoist hoist7)", 
        "(at hoist7 distributor1)", 
        "(available hoist7)", 
        "(crate crate0)", 
        "(surface crate0)", 
        "(crate crate1)", 
        "(surface crate1)", 
        "(crate crate2)", 
        "(surface crate2)", 
        "(crate crate3)", 
        "(surface crate3)", 
        "(crate crate4)", 
        "(surface crate4)", 
        "(crate crate5)", 
        "(surface crate5)", 
        "(place depot0)", 
        "(place depot1)", 
        "(place distributor0)", 
        "(place distributor1)", 
        "(clear pallet2)", 
        "(clear pallet4)", 
        "(at truck1 distributor1)", 
        "(available hoist3)", 
        "(at crate0 distributor1)", 
        "(clear crate0)", 
        "(on crate0 pallet3)", 
        "(lifting hoist5 crate1)", 
        "(available hoist6)", 
        "(at crate3 depot1)", 
        "(clear crate3)", 
        "(on crate3 pallet6)", 
        "(in crate5 truck2)", 
        "(clear pallet0)", 
        "(available hoist0)", 
        "(available hoist1)", 
        "(at crate2 depot1)", 
        "(clear crate2)", 
        "(on crate2 pallet1)", 
        "(at truck2 distributor0)", 
        "(in crate4 truck2)", 
        "(available hoist2)"
      ], 
      "delete_list": [
        "(lifting hoist2 crate4)"
      ]
    }, 
    {
      "action": "(lift hoist1 crate3 pallet6 depot1)", 
      "add_list": [
        "(lifting hoist1 crate3)", 
        "(clear pallet6)"
      ], 
      "state": 18, 
      "literals": [
        "(pallet pallet0)", 
        "(surface pallet0)", 
        "(at pallet0 depot0)", 
        "(pallet pallet1)", 
        "(surface pallet1)", 
        "(at pallet1 depot1)", 
        "(pallet pallet2)", 
        "(surface pallet2)", 
        "(at pallet2 distributor0)", 
        "(pallet pallet3)", 
        "(surface pallet3)", 
        "(at pallet3 distributor1)", 
        "(pallet pallet4)", 
        "(surface pallet4)", 
        "(at pallet4 depot1)", 
        "(pallet pallet5)", 
        "(surface pallet5)", 
        "(at pallet5 distributor1)", 
        "(clear pallet5)", 
        "(pallet pallet6)", 
        "(surface pallet6)", 
        "(at pallet6 depot1)", 
        "(pallet pallet7)", 
        "(surface pallet7)", 
        "(at pallet7 distributor0)", 
        "(clear pallet7)", 
        "(truck truck0)", 
        "(at truck0 depot1)", 
        "(truck truck1)", 
        "(truck truck2)", 
        "(truck truck3)", 
        "(at truck3 distributor1)", 
        "(hoist hoist0)", 
        "(at hoist0 depot0)", 
        "(hoist hoist1)", 
        "(at hoist1 depot1)", 
        "(hoist hoist2)", 
        "(at hoist2 distributor0)", 
        "(hoist hoist3)", 
        "(at hoist3 distributor1)", 
        "(hoist hoist4)", 
        "(at hoist4 distributor1)", 
        "(available hoist4)", 
        "(hoist hoist5)", 
        "(at hoist5 depot1)", 
        "(hoist hoist6)", 
        "(at hoist6 depot1)", 
        "(hoist hoist7)", 
        "(at hoist7 distributor1)", 
        "(available hoist7)", 
        "(crate crate0)", 
        "(surface crate0)", 
        "(crate crate1)", 
        "(surface crate1)", 
        "(crate crate2)", 
        "(surface crate2)", 
        "(crate crate3)", 
        "(surface crate3)", 
        "(crate crate4)", 
        "(surface crate4)", 
        "(crate crate5)", 
        "(surface crate5)", 
        "(place depot0)", 
        "(place depot1)", 
        "(place distributor0)", 
        "(place distributor1)", 
        "(clear pallet2)", 
        "(clear pallet4)", 
        "(at truck1 distributor1)", 
        "(available hoist3)", 
        "(at crate0 distributor1)", 
        "(clear crate0)", 
        "(on crate0 pallet3)", 
        "(lifting hoist5 crate1)", 
        "(available hoist6)", 
        "(in crate5 truck2)", 
        "(clear pallet0)", 
        "(available hoist0)", 
        "(at crate2 depot1)", 
        "(clear crate2)", 
        "(on crate2 pallet1)", 
        "(at truck2 distributor0)", 
        "(in crate4 truck2)", 
        "(available hoist2)", 
        "(lifting hoist1 crate3)", 
        "(clear pallet6)"
      ], 
      "delete_list": [
        "(at crate3 depot1)", 
        "(clear crate3)", 
        "(available hoist1)", 
        "(on crate3 pallet6)"
      ]
    }, 
    {
      "action": "(load hoist1 crate3 truck0 depot1)", 
      "add_list": [
        "(in crate3 truck0)", 
        "(available hoist1)"
      ], 
      "state": 19, 
      "literals": [
        "(pallet pallet0)", 
        "(surface pallet0)", 
        "(at pallet0 depot0)", 
        "(pallet pallet1)", 
        "(surface pallet1)", 
        "(at pallet1 depot1)", 
        "(pallet pallet2)", 
        "(surface pallet2)", 
        "(at pallet2 distributor0)", 
        "(pallet pallet3)", 
        "(surface pallet3)", 
        "(at pallet3 distributor1)", 
        "(pallet pallet4)", 
        "(surface pallet4)", 
        "(at pallet4 depot1)", 
        "(pallet pallet5)", 
        "(surface pallet5)", 
        "(at pallet5 distributor1)", 
        "(clear pallet5)", 
        "(pallet pallet6)", 
        "(surface pallet6)", 
        "(at pallet6 depot1)", 
        "(pallet pallet7)", 
        "(surface pallet7)", 
        "(at pallet7 distributor0)", 
        "(clear pallet7)", 
        "(truck truck0)", 
        "(at truck0 depot1)", 
        "(truck truck1)", 
        "(truck truck2)", 
        "(truck truck3)", 
        "(at truck3 distributor1)", 
        "(hoist hoist0)", 
        "(at hoist0 depot0)", 
        "(hoist hoist1)", 
        "(at hoist1 depot1)", 
        "(hoist hoist2)", 
        "(at hoist2 distributor0)", 
        "(hoist hoist3)", 
        "(at hoist3 distributor1)", 
        "(hoist hoist4)", 
        "(at hoist4 distributor1)", 
        "(available hoist4)", 
        "(hoist hoist5)", 
        "(at hoist5 depot1)", 
        "(hoist hoist6)", 
        "(at hoist6 depot1)", 
        "(hoist hoist7)", 
        "(at hoist7 distributor1)", 
        "(available hoist7)", 
        "(crate crate0)", 
        "(surface crate0)", 
        "(crate crate1)", 
        "(surface crate1)", 
        "(crate crate2)", 
        "(surface crate2)", 
        "(crate crate3)", 
        "(surface crate3)", 
        "(crate crate4)", 
        "(surface crate4)", 
        "(crate crate5)", 
        "(surface crate5)", 
        "(place depot0)", 
        "(place depot1)", 
        "(place distributor0)", 
        "(place distributor1)", 
        "(clear pallet2)", 
        "(clear pallet4)", 
        "(at truck1 distributor1)", 
        "(available hoist3)", 
        "(at crate0 distributor1)", 
        "(clear crate0)", 
        "(on crate0 pallet3)", 
        "(lifting hoist5 crate1)", 
        "(available hoist6)", 
        "(in crate5 truck2)", 
        "(clear pallet0)", 
        "(available hoist0)", 
        "(at crate2 depot1)", 
        "(clear crate2)", 
        "(on crate2 pallet1)", 
        "(at truck2 distributor0)", 
        "(in crate4 truck2)", 
        "(available hoist2)", 
        "(clear pallet6)", 
        "(in crate3 truck0)", 
        "(available hoist1)"
      ], 
      "delete_list": [
        "(lifting hoist1 crate3)"
      ]
    }, 
    {
      "action": "(drive truck0 depot1 depot0)", 
      "add_list": [
        "(at truck0 depot0)"
      ], 
      "state": 20, 
      "literals": [
        "(pallet pallet0)", 
        "(surface pallet0)", 
        "(at pallet0 depot0)", 
        "(pallet pallet1)", 
        "(surface pallet1)", 
        "(at pallet1 depot1)", 
        "(pallet pallet2)", 
        "(surface pallet2)", 
        "(at pallet2 distributor0)", 
        "(pallet pallet3)", 
        "(surface pallet3)", 
        "(at pallet3 distributor1)", 
        "(pallet pallet4)", 
        "(surface pallet4)", 
        "(at pallet4 depot1)", 
        "(pallet pallet5)", 
        "(surface pallet5)", 
        "(at pallet5 distributor1)", 
        "(clear pallet5)", 
        "(pallet pallet6)", 
        "(surface pallet6)", 
        "(at pallet6 depot1)", 
        "(pallet pallet7)", 
        "(surface pallet7)", 
        "(at pallet7 distributor0)", 
        "(clear pallet7)", 
        "(truck truck0)", 
        "(truck truck1)", 
        "(truck truck2)", 
        "(truck truck3)", 
        "(at truck3 distributor1)", 
        "(hoist hoist0)", 
        "(at hoist0 depot0)", 
        "(hoist hoist1)", 
        "(at hoist1 depot1)", 
        "(hoist hoist2)", 
        "(at hoist2 distributor0)", 
        "(hoist hoist3)", 
        "(at hoist3 distributor1)", 
        "(hoist hoist4)", 
        "(at hoist4 distributor1)", 
        "(available hoist4)", 
        "(hoist hoist5)", 
        "(at hoist5 depot1)", 
        "(hoist hoist6)", 
        "(at hoist6 depot1)", 
        "(hoist hoist7)", 
        "(at hoist7 distributor1)", 
        "(available hoist7)", 
        "(crate crate0)", 
        "(surface crate0)", 
        "(crate crate1)", 
        "(surface crate1)", 
        "(crate crate2)", 
        "(surface crate2)", 
        "(crate crate3)", 
        "(surface crate3)", 
        "(crate crate4)", 
        "(surface crate4)", 
        "(crate crate5)", 
        "(surface crate5)", 
        "(place depot0)", 
        "(place depot1)", 
        "(place distributor0)", 
        "(place distributor1)", 
        "(clear pallet2)", 
        "(clear pallet4)", 
        "(at truck1 distributor1)", 
        "(available hoist3)", 
        "(at crate0 distributor1)", 
        "(clear crate0)", 
        "(on crate0 pallet3)", 
        "(lifting hoist5 crate1)", 
        "(available hoist6)", 
        "(in crate5 truck2)", 
        "(clear pallet0)", 
        "(available hoist0)", 
        "(at crate2 depot1)", 
        "(clear crate2)", 
        "(on crate2 pallet1)", 
        "(at truck2 distributor0)", 
        "(in crate4 truck2)", 
        "(available hoist2)", 
        "(clear pallet6)", 
        "(in crate3 truck0)", 
        "(available hoist1)", 
        "(at truck0 depot0)"
      ], 
      "delete_list": [
        "(at truck0 depot1)"
      ]
    }, 
    {
      "action": "(unload hoist0 crate3 truck0 depot0)", 
      "add_list": [
        "(lifting hoist0 crate3)"
      ], 
      "state": 21, 
      "literals": [
        "(pallet pallet0)", 
        "(surface pallet0)", 
        "(at pallet0 depot0)", 
        "(pallet pallet1)", 
        "(surface pallet1)", 
        "(at pallet1 depot1)", 
        "(pallet pallet2)", 
        "(surface pallet2)", 
        "(at pallet2 distributor0)", 
        "(pallet pallet3)", 
        "(surface pallet3)", 
        "(at pallet3 distributor1)", 
        "(pallet pallet4)", 
        "(surface pallet4)", 
        "(at pallet4 depot1)", 
        "(pallet pallet5)", 
        "(surface pallet5)", 
        "(at pallet5 distributor1)", 
        "(clear pallet5)", 
        "(pallet pallet6)", 
        "(surface pallet6)", 
        "(at pallet6 depot1)", 
        "(pallet pallet7)", 
        "(surface pallet7)", 
        "(at pallet7 distributor0)", 
        "(clear pallet7)", 
        "(truck truck0)", 
        "(truck truck1)", 
        "(truck truck2)", 
        "(truck truck3)", 
        "(at truck3 distributor1)", 
        "(hoist hoist0)", 
        "(at hoist0 depot0)", 
        "(hoist hoist1)", 
        "(at hoist1 depot1)", 
        "(hoist hoist2)", 
        "(at hoist2 distributor0)", 
        "(hoist hoist3)", 
        "(at hoist3 distributor1)", 
        "(hoist hoist4)", 
        "(at hoist4 distributor1)", 
        "(available hoist4)", 
        "(hoist hoist5)", 
        "(at hoist5 depot1)", 
        "(hoist hoist6)", 
        "(at hoist6 depot1)", 
        "(hoist hoist7)", 
        "(at hoist7 distributor1)", 
        "(available hoist7)", 
        "(crate crate0)", 
        "(surface crate0)", 
        "(crate crate1)", 
        "(surface crate1)", 
        "(crate crate2)", 
        "(surface crate2)", 
        "(crate crate3)", 
        "(surface crate3)", 
        "(crate crate4)", 
        "(surface crate4)", 
        "(crate crate5)", 
        "(surface crate5)", 
        "(place depot0)", 
        "(place depot1)", 
        "(place distributor0)", 
        "(place distributor1)", 
        "(clear pallet2)", 
        "(clear pallet4)", 
        "(at truck1 distributor1)", 
        "(available hoist3)", 
        "(at crate0 distributor1)", 
        "(clear crate0)", 
        "(on crate0 pallet3)", 
        "(lifting hoist5 crate1)", 
        "(available hoist6)", 
        "(in crate5 truck2)", 
        "(clear pallet0)", 
        "(at crate2 depot1)", 
        "(clear crate2)", 
        "(on crate2 pallet1)", 
        "(at truck2 distributor0)", 
        "(in crate4 truck2)", 
        "(available hoist2)", 
        "(clear pallet6)", 
        "(available hoist1)", 
        "(at truck0 depot0)", 
        "(lifting hoist0 crate3)"
      ], 
      "delete_list": [
        "(in crate3 truck0)", 
        "(available hoist0)"
      ]
    }, 
    {
      "action": "(drop hoist0 crate3 pallet0 depot0)", 
      "add_list": [
        "(available hoist0)", 
        "(at crate3 depot0)", 
        "(clear crate3)", 
        "(on crate3 pallet0)"
      ], 
      "state": 22, 
      "literals": [
        "(pallet pallet0)", 
        "(surface pallet0)", 
        "(at pallet0 depot0)", 
        "(pallet pallet1)", 
        "(surface pallet1)", 
        "(at pallet1 depot1)", 
        "(pallet pallet2)", 
        "(surface pallet2)", 
        "(at pallet2 distributor0)", 
        "(pallet pallet3)", 
        "(surface pallet3)", 
        "(at pallet3 distributor1)", 
        "(pallet pallet4)", 
        "(surface pallet4)", 
        "(at pallet4 depot1)", 
        "(pallet pallet5)", 
        "(surface pallet5)", 
        "(at pallet5 distributor1)", 
        "(clear pallet5)", 
        "(pallet pallet6)", 
        "(surface pallet6)", 
        "(at pallet6 depot1)", 
        "(pallet pallet7)", 
        "(surface pallet7)", 
        "(at pallet7 distributor0)", 
        "(clear pallet7)", 
        "(truck truck0)", 
        "(truck truck1)", 
        "(truck truck2)", 
        "(truck truck3)", 
        "(at truck3 distributor1)", 
        "(hoist hoist0)", 
        "(at hoist0 depot0)", 
        "(hoist hoist1)", 
        "(at hoist1 depot1)", 
        "(hoist hoist2)", 
        "(at hoist2 distributor0)", 
        "(hoist hoist3)", 
        "(at hoist3 distributor1)", 
        "(hoist hoist4)", 
        "(at hoist4 distributor1)", 
        "(available hoist4)", 
        "(hoist hoist5)", 
        "(at hoist5 depot1)", 
        "(hoist hoist6)", 
        "(at hoist6 depot1)", 
        "(hoist hoist7)", 
        "(at hoist7 distributor1)", 
        "(available hoist7)", 
        "(crate crate0)", 
        "(surface crate0)", 
        "(crate crate1)", 
        "(surface crate1)", 
        "(crate crate2)", 
        "(surface crate2)", 
        "(crate crate3)", 
        "(surface crate3)", 
        "(crate crate4)", 
        "(surface crate4)", 
        "(crate crate5)", 
        "(surface crate5)", 
        "(place depot0)", 
        "(place depot1)", 
        "(place distributor0)", 
        "(place distributor1)", 
        "(clear pallet2)", 
        "(clear pallet4)", 
        "(at truck1 distributor1)", 
        "(available hoist3)", 
        "(at crate0 distributor1)", 
        "(clear crate0)", 
        "(on crate0 pallet3)", 
        "(lifting hoist5 crate1)", 
        "(available hoist6)", 
        "(in crate5 truck2)", 
        "(at crate2 depot1)", 
        "(clear crate2)", 
        "(on crate2 pallet1)", 
        "(at truck2 distributor0)", 
        "(in crate4 truck2)", 
        "(available hoist2)", 
        "(clear pallet6)", 
        "(available hoist1)", 
        "(at truck0 depot0)", 
        "(available hoist0)", 
        "(at crate3 depot0)", 
        "(clear crate3)", 
        "(on crate3 pallet0)"
      ], 
      "delete_list": [
        "(lifting hoist0 crate3)", 
        "(clear pallet0)"
      ]
    }, 
    {
      "action": "(unload hoist2 crate5 truck2 distributor0)", 
      "add_list": [
        "(lifting hoist2 crate5)"
      ], 
      "state": 23, 
      "literals": [
        "(pallet pallet0)", 
        "(surface pallet0)", 
        "(at pallet0 depot0)", 
        "(pallet pallet1)", 
        "(surface pallet1)", 
        "(at pallet1 depot1)", 
        "(pallet pallet2)", 
        "(surface pallet2)", 
        "(at pallet2 distributor0)", 
        "(pallet pallet3)", 
        "(surface pallet3)", 
        "(at pallet3 distributor1)", 
        "(pallet pallet4)", 
        "(surface pallet4)", 
        "(at pallet4 depot1)", 
        "(pallet pallet5)", 
        "(surface pallet5)", 
        "(at pallet5 distributor1)", 
        "(clear pallet5)", 
        "(pallet pallet6)", 
        "(surface pallet6)", 
        "(at pallet6 depot1)", 
        "(pallet pallet7)", 
        "(surface pallet7)", 
        "(at pallet7 distributor0)", 
        "(clear pallet7)", 
        "(truck truck0)", 
        "(truck truck1)", 
        "(truck truck2)", 
        "(truck truck3)", 
        "(at truck3 distributor1)", 
        "(hoist hoist0)", 
        "(at hoist0 depot0)", 
        "(hoist hoist1)", 
        "(at hoist1 depot1)", 
        "(hoist hoist2)", 
        "(at hoist2 distributor0)", 
        "(hoist hoist3)", 
        "(at hoist3 distributor1)", 
        "(hoist hoist4)", 
        "(at hoist4 distributor1)", 
        "(available hoist4)", 
        "(hoist hoist5)", 
        "(at hoist5 depot1)", 
        "(hoist hoist6)", 
        "(at hoist6 depot1)", 
        "(hoist hoist7)", 
        "(at hoist7 distributor1)", 
        "(available hoist7)", 
        "(crate crate0)", 
        "(surface crate0)", 
        "(crate crate1)", 
        "(surface crate1)", 
        "(crate crate2)", 
        "(surface crate2)", 
        "(crate crate3)", 
        "(surface crate3)", 
        "(crate crate4)", 
        "(surface crate4)", 
        "(crate crate5)", 
        "(surface crate5)", 
        "(place depot0)", 
        "(place depot1)", 
        "(place distributor0)", 
        "(place distributor1)", 
        "(clear pallet2)", 
        "(clear pallet4)", 
        "(at truck1 distributor1)", 
        "(available hoist3)", 
        "(at crate0 distributor1)", 
        "(clear crate0)", 
        "(on crate0 pallet3)", 
        "(lifting hoist5 crate1)", 
        "(available hoist6)", 
        "(at crate2 depot1)", 
        "(clear crate2)", 
        "(on crate2 pallet1)", 
        "(at truck2 distributor0)", 
        "(in crate4 truck2)", 
        "(clear pallet6)", 
        "(available hoist1)", 
        "(at truck0 depot0)", 
        "(available hoist0)", 
        "(at crate3 depot0)", 
        "(clear crate3)", 
        "(on crate3 pallet0)", 
        "(lifting hoist2 crate5)"
      ], 
      "delete_list": [
        "(in crate5 truck2)", 
        "(available hoist2)"
      ]
    }, 
    {
      "action": "(drop hoist2 crate5 pallet2 distributor0)", 
      "add_list": [
        "(available hoist2)", 
        "(at crate5 distributor0)", 
        "(clear crate5)", 
        "(on crate5 pallet2)"
      ], 
      "state": 24, 
      "literals": [
        "(pallet pallet0)", 
        "(surface pallet0)", 
        "(at pallet0 depot0)", 
        "(pallet pallet1)", 
        "(surface pallet1)", 
        "(at pallet1 depot1)", 
        "(pallet pallet2)", 
        "(surface pallet2)", 
        "(at pallet2 distributor0)", 
        "(pallet pallet3)", 
        "(surface pallet3)", 
        "(at pallet3 distributor1)", 
        "(pallet pallet4)", 
        "(surface pallet4)", 
        "(at pallet4 depot1)", 
        "(pallet pallet5)", 
        "(surface pallet5)", 
        "(at pallet5 distributor1)", 
        "(clear pallet5)", 
        "(pallet pallet6)", 
        "(surface pallet6)", 
        "(at pallet6 depot1)", 
        "(pallet pallet7)", 
        "(surface pallet7)", 
        "(at pallet7 distributor0)", 
        "(clear pallet7)", 
        "(truck truck0)", 
        "(truck truck1)", 
        "(truck truck2)", 
        "(truck truck3)", 
        "(at truck3 distributor1)", 
        "(hoist hoist0)", 
        "(at hoist0 depot0)", 
        "(hoist hoist1)", 
        "(at hoist1 depot1)", 
        "(hoist hoist2)", 
        "(at hoist2 distributor0)", 
        "(hoist hoist3)", 
        "(at hoist3 distributor1)", 
        "(hoist hoist4)", 
        "(at hoist4 distributor1)", 
        "(available hoist4)", 
        "(hoist hoist5)", 
        "(at hoist5 depot1)", 
        "(hoist hoist6)", 
        "(at hoist6 depot1)", 
        "(hoist hoist7)", 
        "(at hoist7 distributor1)", 
        "(available hoist7)", 
        "(crate crate0)", 
        "(surface crate0)", 
        "(crate crate1)", 
        "(surface crate1)", 
        "(crate crate2)", 
        "(surface crate2)", 
        "(crate crate3)", 
        "(surface crate3)", 
        "(crate crate4)", 
        "(surface crate4)", 
        "(crate crate5)", 
        "(surface crate5)", 
        "(place depot0)", 
        "(place depot1)", 
        "(place distributor0)", 
        "(place distributor1)", 
        "(clear pallet4)", 
        "(at truck1 distributor1)", 
        "(available hoist3)", 
        "(at crate0 distributor1)", 
        "(clear crate0)", 
        "(on crate0 pallet3)", 
        "(lifting hoist5 crate1)", 
        "(available hoist6)", 
        "(at crate2 depot1)", 
        "(clear crate2)", 
        "(on crate2 pallet1)", 
        "(at truck2 distributor0)", 
        "(in crate4 truck2)", 
        "(clear pallet6)", 
        "(available hoist1)", 
        "(at truck0 depot0)", 
        "(available hoist0)", 
        "(at crate3 depot0)", 
        "(clear crate3)", 
        "(on crate3 pallet0)", 
        "(available hoist2)", 
        "(at crate5 distributor0)", 
        "(clear crate5)", 
        "(on crate5 pallet2)"
      ], 
      "delete_list": [
        "(lifting hoist2 crate5)", 
        "(clear pallet2)"
      ]
    }, 
    {
      "action": "(drive truck2 distributor0 depot0)", 
      "add_list": [
        "(at truck2 depot0)"
      ], 
      "state": 25, 
      "literals": [
        "(pallet pallet0)", 
        "(surface pallet0)", 
        "(at pallet0 depot0)", 
        "(pallet pallet1)", 
        "(surface pallet1)", 
        "(at pallet1 depot1)", 
        "(pallet pallet2)", 
        "(surface pallet2)", 
        "(at pallet2 distributor0)", 
        "(pallet pallet3)", 
        "(surface pallet3)", 
        "(at pallet3 distributor1)", 
        "(pallet pallet4)", 
        "(surface pallet4)", 
        "(at pallet4 depot1)", 
        "(pallet pallet5)", 
        "(surface pallet5)", 
        "(at pallet5 distributor1)", 
        "(clear pallet5)", 
        "(pallet pallet6)", 
        "(surface pallet6)", 
        "(at pallet6 depot1)", 
        "(pallet pallet7)", 
        "(surface pallet7)", 
        "(at pallet7 distributor0)", 
        "(clear pallet7)", 
        "(truck truck0)", 
        "(truck truck1)", 
        "(truck truck2)", 
        "(truck truck3)", 
        "(at truck3 distributor1)", 
        "(hoist hoist0)", 
        "(at hoist0 depot0)", 
        "(hoist hoist1)", 
        "(at hoist1 depot1)", 
        "(hoist hoist2)", 
        "(at hoist2 distributor0)", 
        "(hoist hoist3)", 
        "(at hoist3 distributor1)", 
        "(hoist hoist4)", 
        "(at hoist4 distributor1)", 
        "(available hoist4)", 
        "(hoist hoist5)", 
        "(at hoist5 depot1)", 
        "(hoist hoist6)", 
        "(at hoist6 depot1)", 
        "(hoist hoist7)", 
        "(at hoist7 distributor1)", 
        "(available hoist7)", 
        "(crate crate0)", 
        "(surface crate0)", 
        "(crate crate1)", 
        "(surface crate1)", 
        "(crate crate2)", 
        "(surface crate2)", 
        "(crate crate3)", 
        "(surface crate3)", 
        "(crate crate4)", 
        "(surface crate4)", 
        "(crate crate5)", 
        "(surface crate5)", 
        "(place depot0)", 
        "(place depot1)", 
        "(place distributor0)", 
        "(place distributor1)", 
        "(clear pallet4)", 
        "(at truck1 distributor1)", 
        "(available hoist3)", 
        "(at crate0 distributor1)", 
        "(clear crate0)", 
        "(on crate0 pallet3)", 
        "(lifting hoist5 crate1)", 
        "(available hoist6)", 
        "(at crate2 depot1)", 
        "(clear crate2)", 
        "(on crate2 pallet1)", 
        "(in crate4 truck2)", 
        "(clear pallet6)", 
        "(available hoist1)", 
        "(at truck0 depot0)", 
        "(available hoist0)", 
        "(at crate3 depot0)", 
        "(clear crate3)", 
        "(on crate3 pallet0)", 
        "(available hoist2)", 
        "(at crate5 distributor0)", 
        "(clear crate5)", 
        "(on crate5 pallet2)", 
        "(at truck2 depot0)"
      ], 
      "delete_list": [
        "(at truck2 distributor0)"
      ]
    }, 
    {
      "action": "(unload hoist0 crate4 truck2 depot0)", 
      "add_list": [
        "(lifting hoist0 crate4)"
      ], 
      "state": 26, 
      "literals": [
        "(pallet pallet0)", 
        "(surface pallet0)", 
        "(at pallet0 depot0)", 
        "(pallet pallet1)", 
        "(surface pallet1)", 
        "(at pallet1 depot1)", 
        "(pallet pallet2)", 
        "(surface pallet2)", 
        "(at pallet2 distributor0)", 
        "(pallet pallet3)", 
        "(surface pallet3)", 
        "(at pallet3 distributor1)", 
        "(pallet pallet4)", 
        "(surface pallet4)", 
        "(at pallet4 depot1)", 
        "(pallet pallet5)", 
        "(surface pallet5)", 
        "(at pallet5 distributor1)", 
        "(clear pallet5)", 
        "(pallet pallet6)", 
        "(surface pallet6)", 
        "(at pallet6 depot1)", 
        "(pallet pallet7)", 
        "(surface pallet7)", 
        "(at pallet7 distributor0)", 
        "(clear pallet7)", 
        "(truck truck0)", 
        "(truck truck1)", 
        "(truck truck2)", 
        "(truck truck3)", 
        "(at truck3 distributor1)", 
        "(hoist hoist0)", 
        "(at hoist0 depot0)", 
        "(hoist hoist1)", 
        "(at hoist1 depot1)", 
        "(hoist hoist2)", 
        "(at hoist2 distributor0)", 
        "(hoist hoist3)", 
        "(at hoist3 distributor1)", 
        "(hoist hoist4)", 
        "(at hoist4 distributor1)", 
        "(available hoist4)", 
        "(hoist hoist5)", 
        "(at hoist5 depot1)", 
        "(hoist hoist6)", 
        "(at hoist6 depot1)", 
        "(hoist hoist7)", 
        "(at hoist7 distributor1)", 
        "(available hoist7)", 
        "(crate crate0)", 
        "(surface crate0)", 
        "(crate crate1)", 
        "(surface crate1)", 
        "(crate crate2)", 
        "(surface crate2)", 
        "(crate crate3)", 
        "(surface crate3)", 
        "(crate crate4)", 
        "(surface crate4)", 
        "(crate crate5)", 
        "(surface crate5)", 
        "(place depot0)", 
        "(place depot1)", 
        "(place distributor0)", 
        "(place distributor1)", 
        "(clear pallet4)", 
        "(at truck1 distributor1)", 
        "(available hoist3)", 
        "(at crate0 distributor1)", 
        "(clear crate0)", 
        "(on crate0 pallet3)", 
        "(lifting hoist5 crate1)", 
        "(available hoist6)", 
        "(at crate2 depot1)", 
        "(clear crate2)", 
        "(on crate2 pallet1)", 
        "(clear pallet6)", 
        "(available hoist1)", 
        "(at truck0 depot0)", 
        "(at crate3 depot0)", 
        "(clear crate3)", 
        "(on crate3 pallet0)", 
        "(available hoist2)", 
        "(at crate5 distributor0)", 
        "(clear crate5)", 
        "(on crate5 pallet2)", 
        "(at truck2 depot0)", 
        "(lifting hoist0 crate4)"
      ], 
      "delete_list": [
        "(in crate4 truck2)", 
        "(available hoist0)"
      ]
    }, 
    {
      "action": "(drop hoist0 crate4 crate3 depot0)", 
      "add_list": [
        "(available hoist0)", 
        "(at crate4 depot0)", 
        "(clear crate4)", 
        "(on crate4 crate3)"
      ], 
      "state": 27, 
      "literals": [
        "(pallet pallet0)", 
        "(surface pallet0)", 
        "(at pallet0 depot0)", 
        "(pallet pallet1)", 
        "(surface pallet1)", 
        "(at pallet1 depot1)", 
        "(pallet pallet2)", 
        "(surface pallet2)", 
        "(at pallet2 distributor0)", 
        "(pallet pallet3)", 
        "(surface pallet3)", 
        "(at pallet3 distributor1)", 
        "(pallet pallet4)", 
        "(surface pallet4)", 
        "(at pallet4 depot1)", 
        "(pallet pallet5)", 
        "(surface pallet5)", 
        "(at pallet5 distributor1)", 
        "(clear pallet5)", 
        "(pallet pallet6)", 
        "(surface pallet6)", 
        "(at pallet6 depot1)", 
        "(pallet pallet7)", 
        "(surface pallet7)", 
        "(at pallet7 distributor0)", 
        "(clear pallet7)", 
        "(truck truck0)", 
        "(truck truck1)", 
        "(truck truck2)", 
        "(truck truck3)", 
        "(at truck3 distributor1)", 
        "(hoist hoist0)", 
        "(at hoist0 depot0)", 
        "(hoist hoist1)", 
        "(at hoist1 depot1)", 
        "(hoist hoist2)", 
        "(at hoist2 distributor0)", 
        "(hoist hoist3)", 
        "(at hoist3 distributor1)", 
        "(hoist hoist4)", 
        "(at hoist4 distributor1)", 
        "(available hoist4)", 
        "(hoist hoist5)", 
        "(at hoist5 depot1)", 
        "(hoist hoist6)", 
        "(at hoist6 depot1)", 
        "(hoist hoist7)", 
        "(at hoist7 distributor1)", 
        "(available hoist7)", 
        "(crate crate0)", 
        "(surface crate0)", 
        "(crate crate1)", 
        "(surface crate1)", 
        "(crate crate2)", 
        "(surface crate2)", 
        "(crate crate3)", 
        "(surface crate3)", 
        "(crate crate4)", 
        "(surface crate4)", 
        "(crate crate5)", 
        "(surface crate5)", 
        "(place depot0)", 
        "(place depot1)", 
        "(place distributor0)", 
        "(place distributor1)", 
        "(clear pallet4)", 
        "(at truck1 distributor1)", 
        "(available hoist3)", 
        "(at crate0 distributor1)", 
        "(clear crate0)", 
        "(on crate0 pallet3)", 
        "(lifting hoist5 crate1)", 
        "(available hoist6)", 
        "(at crate2 depot1)", 
        "(clear crate2)", 
        "(on crate2 pallet1)", 
        "(clear pallet6)", 
        "(available hoist1)", 
        "(at truck0 depot0)", 
        "(at crate3 depot0)", 
        "(on crate3 pallet0)", 
        "(available hoist2)", 
        "(at crate5 distributor0)", 
        "(clear crate5)", 
        "(on crate5 pallet2)", 
        "(at truck2 depot0)", 
        "(available hoist0)", 
        "(at crate4 depot0)", 
        "(clear crate4)", 
        "(on crate4 crate3)"
      ], 
      "delete_list": [
        "(lifting hoist0 crate4)", 
        "(clear crate3)"
      ]
    }
  ], 
  "domain_id": 67
}