{
  "domain": "depot", 
  "inital_state": [
    "(pallet pallet0)", 
    "(surface pallet0)", 
    "(at pallet0 depot0)", 
    "(clear crate5)", 
    "(pallet pallet1)", 
    "(surface pallet1)", 
    "(at pallet1 distributor0)", 
    "(clear pallet1)", 
    "(pallet pallet2)", 
    "(surface pallet2)", 
    "(at pallet2 distributor1)", 
    "(clear crate3)", 
    "(pallet pallet3)", 
    "(surface pallet3)", 
    "(at pallet3 distributor0)", 
    "(clear pallet3)", 
    "(pallet pallet4)", 
    "(surface pallet4)", 
    "(at pallet4 distributor0)", 
    "(clear crate4)", 
    "(pallet pallet5)", 
    "(surface pallet5)", 
    "(at pallet5 distributor1)", 
    "(clear crate1)", 
    "(truck truck0)", 
    "(at truck0 distributor1)", 
    "(truck truck1)", 
    "(at truck1 depot0)", 
    "(hoist hoist0)", 
    "(at hoist0 depot0)", 
    "(available hoist0)", 
    "(hoist hoist1)", 
    "(at hoist1 distributor0)", 
    "(available hoist1)", 
    "(hoist hoist2)", 
    "(at hoist2 distributor1)", 
    "(available hoist2)", 
    "(crate crate0)", 
    "(surface crate0)", 
    "(at crate0 distributor0)", 
    "(on crate0 pallet4)", 
    "(crate crate1)", 
    "(surface crate1)", 
    "(at crate1 distributor1)", 
    "(on crate1 pallet5)", 
    "(crate crate2)", 
    "(surface crate2)", 
    "(at crate2 distributor1)", 
    "(on crate2 pallet2)", 
    "(crate crate3)", 
    "(surface crate3)", 
    "(at crate3 distributor1)", 
    "(on crate3 crate2)", 
    "(crate crate4)", 
    "(surface crate4)", 
    "(at crate4 distributor0)", 
    "(on crate4 crate0)", 
    "(crate crate5)", 
    "(surface crate5)", 
    "(at crate5 depot0)", 
    "(on crate5 pallet0)", 
    "(place depot0)", 
    "(place distributor0)", 
    "(place distributor1)"
  ], 
  "negative_goals": [], 
  "problem_id": 2355, 
  "positive_goals": [
    "(on crate0 pallet3)", 
    "(on crate1 crate4)", 
    "(on crate3 pallet1)", 
    "(on crate4 pallet5)", 
    "(on crate5 crate1)"
  ], 
  "plan_length": 26, 
  "plan_literals": [
    {
      "action": "(lift hoist2 crate1 pallet5 distributor1)", 
      "add_list": [
        "(lifting hoist2 crate1)", 
        "(clear pallet5)"
      ], 
      "state": 0, 
      "literals": [
        "(pallet pallet0)", 
        "(surface pallet0)", 
        "(at pallet0 depot0)", 
        "(clear crate5)", 
        "(pallet pallet1)", 
        "(surface pallet1)", 
        "(at pallet1 distributor0)", 
        "(clear pallet1)", 
        "(pallet pallet2)", 
        "(surface pallet2)", 
        "(at pallet2 distributor1)", 
        "(clear crate3)", 
        "(pallet pallet3)", 
        "(surface pallet3)", 
        "(at pallet3 distributor0)", 
        "(clear pallet3)", 
        "(pallet pallet4)", 
        "(surface pallet4)", 
        "(at pallet4 distributor0)", 
        "(clear crate4)", 
        "(pallet pallet5)", 
        "(surface pallet5)", 
        "(at pallet5 distributor1)", 
        "(truck truck0)", 
        "(at truck0 distributor1)", 
        "(truck truck1)", 
        "(at truck1 depot0)", 
        "(hoist hoist0)", 
        "(at hoist0 depot0)", 
        "(available hoist0)", 
        "(hoist hoist1)", 
        "(at hoist1 distributor0)", 
        "(available hoist1)", 
        "(hoist hoist2)", 
        "(at hoist2 distributor1)", 
        "(crate crate0)", 
        "(surface crate0)", 
        "(at crate0 distributor0)", 
        "(on crate0 pallet4)", 
        "(crate crate1)", 
        "(surface crate1)", 
        "(crate crate2)", 
        "(surface crate2)", 
        "(at crate2 distributor1)", 
        "(on crate2 pallet2)", 
        "(crate crate3)", 
        "(surface crate3)", 
        "(at crate3 distributor1)", 
        "(on crate3 crate2)", 
        "(crate crate4)", 
        "(surface crate4)", 
        "(at crate4 distributor0)", 
        "(on crate4 crate0)", 
        "(crate crate5)", 
        "(surface crate5)", 
        "(at crate5 depot0)", 
        "(on crate5 pallet0)", 
        "(place depot0)", 
        "(place distributor0)", 
        "(place distributor1)", 
        "(lifting hoist2 crate1)", 
        "(clear pallet5)"
      ], 
      "delete_list": [
        "(at crate1 distributor1)", 
        "(clear crate1)", 
        "(available hoist2)", 
        "(on crate1 pallet5)"
      ]
    }, 
    {
      "action": "(load hoist2 crate1 truck0 distributor1)", 
      "add_list": [
        "(in crate1 truck0)", 
        "(available hoist2)"
      ], 
      "state": 1, 
      "literals": [
        "(pallet pallet0)", 
        "(surface pallet0)", 
        "(at pallet0 depot0)", 
        "(clear crate5)", 
        "(pallet pallet1)", 
        "(surface pallet1)", 
        "(at pallet1 distributor0)", 
        "(clear pallet1)", 
        "(pallet pallet2)", 
        "(surface pallet2)", 
        "(at pallet2 distributor1)", 
        "(clear crate3)", 
        "(pallet pallet3)", 
        "(surface pallet3)", 
        "(at pallet3 distributor0)", 
        "(clear pallet3)", 
        "(pallet pallet4)", 
        "(surface pallet4)", 
        "(at pallet4 distributor0)", 
        "(clear crate4)", 
        "(pallet pallet5)", 
        "(surface pallet5)", 
        "(at pallet5 distributor1)", 
        "(truck truck0)", 
        "(at truck0 distributor1)", 
        "(truck truck1)", 
        "(at truck1 depot0)", 
        "(hoist hoist0)", 
        "(at hoist0 depot0)", 
        "(available hoist0)", 
        "(hoist hoist1)", 
        "(at hoist1 distributor0)", 
        "(available hoist1)", 
        "(hoist hoist2)", 
        "(at hoist2 distributor1)", 
        "(crate crate0)", 
        "(surface crate0)", 
        "(at crate0 distributor0)", 
        "(on crate0 pallet4)", 
        "(crate crate1)", 
        "(surface crate1)", 
        "(crate crate2)", 
        "(surface crate2)", 
        "(at crate2 distributor1)", 
        "(on crate2 pallet2)", 
        "(crate crate3)", 
        "(surface crate3)", 
        "(at crate3 distributor1)", 
        "(on crate3 crate2)", 
        "(crate crate4)", 
        "(surface crate4)", 
        "(at crate4 distributor0)", 
        "(on crate4 crate0)", 
        "(crate crate5)", 
        "(surface crate5)", 
        "(at crate5 depot0)", 
        "(on crate5 pallet0)", 
        "(place depot0)", 
        "(place distributor0)", 
        "(place distributor1)", 
        "(clear pallet5)", 
        "(in crate1 truck0)", 
        "(available hoist2)"
      ], 
      "delete_list": [
        "(lifting hoist2 crate1)"
      ]
    }, 
    {
      "action": "(lift hoist2 crate3 crate2 distributor1)", 
      "add_list": [
        "(lifting hoist2 crate3)", 
        "(clear crate2)"
      ], 
      "state": 2, 
      "literals": [
        "(pallet pallet0)", 
        "(surface pallet0)", 
        "(at pallet0 depot0)", 
        "(clear crate5)", 
        "(pallet pallet1)", 
        "(surface pallet1)", 
        "(at pallet1 distributor0)", 
        "(clear pallet1)", 
        "(pallet pallet2)", 
        "(surface pallet2)", 
        "(at pallet2 distributor1)", 
        "(pallet pallet3)", 
        "(surface pallet3)", 
        "(at pallet3 distributor0)", 
        "(clear pallet3)", 
        "(pallet pallet4)", 
        "(surface pallet4)", 
        "(at pallet4 distributor0)", 
        "(clear crate4)", 
        "(pallet pallet5)", 
        "(surface pallet5)", 
        "(at pallet5 distributor1)", 
        "(truck truck0)", 
        "(at truck0 distributor1)", 
        "(truck truck1)", 
        "(at truck1 depot0)", 
        "(hoist hoist0)", 
        "(at hoist0 depot0)", 
        "(available hoist0)", 
        "(hoist hoist1)", 
        "(at hoist1 distributor0)", 
        "(available hoist1)", 
        "(hoist hoist2)", 
        "(at hoist2 distributor1)", 
        "(crate crate0)", 
        "(surface crate0)", 
        "(at crate0 distributor0)", 
        "(on crate0 pallet4)", 
        "(crate crate1)", 
        "(surface crate1)", 
        "(crate crate2)", 
        "(surface crate2)", 
        "(at crate2 distributor1)", 
        "(on crate2 pallet2)", 
        "(crate crate3)", 
        "(surface crate3)", 
        "(crate crate4)", 
        "(surface crate4)", 
        "(at crate4 distributor0)", 
        "(on crate4 crate0)", 
        "(crate crate5)", 
        "(surface crate5)", 
        "(at crate5 depot0)", 
        "(on crate5 pallet0)", 
        "(place depot0)", 
        "(place distributor0)", 
        "(place distributor1)", 
        "(clear pallet5)", 
        "(in crate1 truck0)", 
        "(lifting hoist2 crate3)", 
        "(clear crate2)"
      ], 
      "delete_list": [
        "(at crate3 distributor1)", 
        "(clear crate3)", 
        "(available hoist2)", 
        "(on crate3 crate2)"
      ]
    }, 
    {
      "action": "(load hoist2 crate3 truck0 distributor1)", 
      "add_list": [
        "(in crate3 truck0)", 
        "(available hoist2)"
      ], 
      "state": 3, 
      "literals": [
        "(pallet pallet0)", 
        "(surface pallet0)", 
        "(at pallet0 depot0)", 
        "(clear crate5)", 
        "(pallet pallet1)", 
        "(surface pallet1)", 
        "(at pallet1 distributor0)", 
        "(clear pallet1)", 
        "(pallet pallet2)", 
        "(surface pallet2)", 
        "(at pallet2 distributor1)", 
        "(pallet pallet3)", 
        "(surface pallet3)", 
        "(at pallet3 distributor0)", 
        "(clear pallet3)", 
        "(pallet pallet4)", 
        "(surface pallet4)", 
        "(at pallet4 distributor0)", 
        "(clear crate4)", 
        "(pallet pallet5)", 
        "(surface pallet5)", 
        "(at pallet5 distributor1)", 
        "(truck truck0)", 
        "(at truck0 distributor1)", 
        "(truck truck1)", 
        "(at truck1 depot0)", 
        "(hoist hoist0)", 
        "(at hoist0 depot0)", 
        "(available hoist0)", 
        "(hoist hoist1)", 
        "(at hoist1 distributor0)", 
        "(available hoist1)", 
        "(hoist hoist2)", 
        "(at hoist2 distributor1)", 
        "(crate crate0)", 
        "(surface crate0)", 
        "(at crate0 distributor0)", 
        "(on crate0 pallet4)", 
        "(crate crate1)", 
        "(surface crate1)", 
        "(crate crate2)", 
        "(surface crate2)", 
        "(at crate2 distributor1)", 
        "(on crate2 pallet2)", 
        "(crate crate3)", 
        "(surface crate3)", 
        "(crate crate4)", 
        "(surface crate4)", 
        "(at crate4 distributor0)", 
        "(on crate4 crate0)", 
        "(crate crate5)", 
        "(surface crate5)", 
        "(at crate5 depot0)", 
        "(on crate5 pallet0)", 
        "(place depot0)", 
        "(place distributor0)", 
        "(place distributor1)", 
        "(clear pallet5)", 
        "(in crate1 truck0)", 
        "(clear crate2)", 
        "(in crate3 truck0)", 
        "(available hoist2)"
      ], 
      "delete_list": [
        "(lifting hoist2 crate3)"
      ]
    }, 
    {
      "action": "(drive truck0 distributor1 depot0)", 
      "add_list": [
        "(at truck0 depot0)"
      ], 
      "state": 4, 
      "literals": [
        "(pallet pallet0)", 
        "(surface pallet0)", 
        "(at pallet0 depot0)", 
        "(clear crate5)", 
        "(pallet pallet1)", 
        "(surface pallet1)", 
        "(at pallet1 distributor0)", 
        "(clear pallet1)", 
        "(pallet pallet2)", 
        "(surface pallet2)", 
        "(at pallet2 distributor1)", 
        "(pallet pallet3)", 
        "(surface pallet3)", 
        "(at pallet3 distributor0)", 
        "(clear pallet3)", 
        "(pallet pallet4)", 
        "(surface pallet4)", 
        "(at pallet4 distributor0)", 
        "(clear crate4)", 
        "(pallet pallet5)", 
        "(surface pallet5)", 
        "(at pallet5 distributor1)", 
        "(truck truck0)", 
        "(truck truck1)", 
        "(at truck1 depot0)", 
        "(hoist hoist0)", 
        "(at hoist0 depot0)", 
        "(available hoist0)", 
        "(hoist hoist1)", 
        "(at hoist1 distributor0)", 
        "(available hoist1)", 
        "(hoist hoist2)", 
        "(at hoist2 distributor1)", 
        "(crate crate0)", 
        "(surface crate0)", 
        "(at crate0 distributor0)", 
        "(on crate0 pallet4)", 
        "(crate crate1)", 
        "(surface crate1)", 
        "(crate crate2)", 
        "(surface crate2)", 
        "(at crate2 distributor1)", 
        "(on crate2 pallet2)", 
        "(crate crate3)", 
        "(surface crate3)", 
        "(crate crate4)", 
        "(surface crate4)", 
        "(at crate4 distributor0)", 
        "(on crate4 crate0)", 
        "(crate crate5)", 
        "(surface crate5)", 
        "(at crate5 depot0)", 
        "(on crate5 pallet0)", 
        "(place depot0)", 
        "(place distributor0)", 
        "(place distributor1)", 
        "(clear pallet5)", 
        "(in crate1 truck0)", 
        "(clear crate2)", 
        "(in crate3 truck0)", 
        "(available hoist2)", 
        "(at truck0 depot0)"
      ], 
      "delete_list": [
        "(at truck0 distributor1)"
      ]
    }, 
    {
      "action": "(unload hoist0 crate1 truck0 depot0)", 
      "add_list": [
        "(lifting hoist0 crate1)"
      ], 
      "state": 5, 
      "literals": [
        "(pallet pallet0)", 
        "(surface pallet0)", 
        "(at pallet0 depot0)", 
        "(clear crate5)", 
        "(pallet pallet1)", 
        "(surface pallet1)", 
        "(at pallet1 distributor0)", 
        "(clear pallet1)", 
        "(pallet pallet2)", 
        "(surface pallet2)", 
        "(at pallet2 distributor1)", 
        "(pallet pallet3)", 
        "(surface pallet3)", 
        "(at pallet3 distributor0)", 
        "(clear pallet3)", 
        "(pallet pallet4)", 
        "(surface pallet4)", 
        "(at pallet4 distributor0)", 
        "(clear crate4)", 
        "(pallet pallet5)", 
        "(surface pallet5)", 
        "(at pallet5 distributor1)", 
        "(truck truck0)", 
        "(truck truck1)", 
        "(at truck1 depot0)", 
        "(hoist hoist0)", 
        "(at hoist0 depot0)", 
        "(hoist hoist1)", 
        "(at hoist1 distributor0)", 
        "(available hoist1)", 
        "(hoist hoist2)", 
        "(at hoist2 distributor1)", 
        "(crate crate0)", 
        "(surface crate0)", 
        "(at crate0 distributor0)", 
        "(on crate0 pallet4)", 
        "(crate crate1)", 
        "(surface crate1)", 
        "(crate crate2)", 
        "(surface crate2)", 
        "(at crate2 distributor1)", 
        "(on crate2 pallet2)", 
        "(crate crate3)", 
        "(surface crate3)", 
        "(crate crate4)", 
        "(surface crate4)", 
        "(at crate4 distributor0)", 
        "(on crate4 crate0)", 
        "(crate crate5)", 
        "(surface crate5)", 
        "(at crate5 depot0)", 
        "(on crate5 pallet0)", 
        "(place depot0)", 
        "(place distributor0)", 
        "(place distributor1)", 
        "(clear pallet5)", 
        "(clear crate2)", 
        "(in crate3 truck0)", 
        "(available hoist2)", 
        "(at truck0 depot0)", 
        "(lifting hoist0 crate1)"
      ], 
      "delete_list": [
        "(in crate1 truck0)", 
        "(available hoist0)"
      ]
    }, 
    {
      "action": "(drive truck0 depot0 distributor0)", 
      "add_list": [
        "(at truck0 distributor0)"
      ], 
      "state": 6, 
      "literals": [
        "(pallet pallet0)", 
        "(surface pallet0)", 
        "(at pallet0 depot0)", 
        "(clear crate5)", 
        "(pallet pallet1)", 
        "(surface pallet1)", 
        "(at pallet1 distributor0)", 
        "(clear pallet1)", 
        "(pallet pallet2)", 
        "(surface pallet2)", 
        "(at pallet2 distributor1)", 
        "(pallet pallet3)", 
        "(surface pallet3)", 
        "(at pallet3 distributor0)", 
        "(clear pallet3)", 
        "(pallet pallet4)", 
        "(surface pallet4)", 
        "(at pallet4 distributor0)", 
        "(clear crate4)", 
        "(pallet pallet5)", 
        "(surface pallet5)", 
        "(at pallet5 distributor1)", 
        "(truck truck0)", 
        "(truck truck1)", 
        "(at truck1 depot0)", 
        "(hoist hoist0)", 
        "(at hoist0 depot0)", 
        "(hoist hoist1)", 
        "(at hoist1 distributor0)", 
        "(available hoist1)", 
        "(hoist hoist2)", 
        "(at hoist2 distributor1)", 
        "(crate crate0)", 
        "(surface crate0)", 
        "(at crate0 distributor0)", 
        "(on crate0 pallet4)", 
        "(crate crate1)", 
        "(surface crate1)", 
        "(crate crate2)", 
        "(surface crate2)", 
        "(at crate2 distributor1)", 
        "(on crate2 pallet2)", 
        "(crate crate3)", 
        "(surface crate3)", 
        "(crate crate4)", 
        "(surface crate4)", 
        "(at crate4 distributor0)", 
        "(on crate4 crate0)", 
        "(crate crate5)", 
        "(surface crate5)", 
        "(at crate5 depot0)", 
        "(on crate5 pallet0)", 
        "(place depot0)", 
        "(place distributor0)", 
        "(place distributor1)", 
        "(clear pallet5)", 
        "(clear crate2)", 
        "(in crate3 truck0)", 
        "(available hoist2)", 
        "(lifting hoist0 crate1)", 
        "(at truck0 distributor0)"
      ], 
      "delete_list": [
        "(at truck0 depot0)"
      ]
    }, 
    {
      "action": "(drop hoist0 crate1 crate5 depot0)", 
      "add_list": [
        "(available hoist0)", 
        "(at crate1 depot0)", 
        "(clear crate1)", 
        "(on crate1 crate5)"
      ], 
      "state": 7, 
      "literals": [
        "(pallet pallet0)", 
        "(surface pallet0)", 
        "(at pallet0 depot0)", 
        "(pallet pallet1)", 
        "(surface pallet1)", 
        "(at pallet1 distributor0)", 
        "(clear pallet1)", 
        "(pallet pallet2)", 
        "(surface pallet2)", 
        "(at pallet2 distributor1)", 
        "(pallet pallet3)", 
        "(surface pallet3)", 
        "(at pallet3 distributor0)", 
        "(clear pallet3)", 
        "(pallet pallet4)", 
        "(surface pallet4)", 
        "(at pallet4 distributor0)", 
        "(clear crate4)", 
        "(pallet pallet5)", 
        "(surface pallet5)", 
        "(at pallet5 distributor1)", 
        "(truck truck0)", 
        "(truck truck1)", 
        "(at truck1 depot0)", 
        "(hoist hoist0)", 
        "(at hoist0 depot0)", 
        "(hoist hoist1)", 
        "(at hoist1 distributor0)", 
        "(available hoist1)", 
        "(hoist hoist2)", 
        "(at hoist2 distributor1)", 
        "(crate crate0)", 
        "(surface crate0)", 
        "(at crate0 distributor0)", 
        "(on crate0 pallet4)", 
        "(crate crate1)", 
        "(surface crate1)", 
        "(crate crate2)", 
        "(surface crate2)", 
        "(at crate2 distributor1)", 
        "(on crate2 pallet2)", 
        "(crate crate3)", 
        "(surface crate3)", 
        "(crate crate4)", 
        "(surface crate4)", 
        "(at crate4 distributor0)", 
        "(on crate4 crate0)", 
        "(crate crate5)", 
        "(surface crate5)", 
        "(at crate5 depot0)", 
        "(on crate5 pallet0)", 
        "(place depot0)", 
        "(place distributor0)", 
        "(place distributor1)", 
        "(clear pallet5)", 
        "(clear crate2)", 
        "(in crate3 truck0)", 
        "(available hoist2)", 
        "(at truck0 distributor0)", 
        "(available hoist0)", 
        "(at crate1 depot0)", 
        "(clear crate1)", 
        "(on crate1 crate5)"
      ], 
      "delete_list": [
        "(lifting hoist0 crate1)", 
        "(clear crate5)"
      ]
    }, 
    {
      "action": "(lift hoist1 crate4 crate0 distributor0)", 
      "add_list": [
        "(lifting hoist1 crate4)", 
        "(clear crate0)"
      ], 
      "state": 8, 
      "literals": [
        "(pallet pallet0)", 
        "(surface pallet0)", 
        "(at pallet0 depot0)", 
        "(pallet pallet1)", 
        "(surface pallet1)", 
        "(at pallet1 distributor0)", 
        "(clear pallet1)", 
        "(pallet pallet2)", 
        "(surface pallet2)", 
        "(at pallet2 distributor1)", 
        "(pallet pallet3)", 
        "(surface pallet3)", 
        "(at pallet3 distributor0)", 
        "(clear pallet3)", 
        "(pallet pallet4)", 
        "(surface pallet4)", 
        "(at pallet4 distributor0)", 
        "(pallet pallet5)", 
        "(surface pallet5)", 
        "(at pallet5 distributor1)", 
        "(truck truck0)", 
        "(truck truck1)", 
        "(at truck1 depot0)", 
        "(hoist hoist0)", 
        "(at hoist0 depot0)", 
        "(hoist hoist1)", 
        "(at hoist1 distributor0)", 
        "(hoist hoist2)", 
        "(at hoist2 distributor1)", 
        "(crate crate0)", 
        "(surface crate0)", 
        "(at crate0 distributor0)", 
        "(on crate0 pallet4)", 
        "(crate crate1)", 
        "(surface crate1)", 
        "(crate crate2)", 
        "(surface crate2)", 
        "(at crate2 distributor1)", 
        "(on crate2 pallet2)", 
        "(crate crate3)", 
        "(surface crate3)", 
        "(crate crate4)", 
        "(surface crate4)", 
        "(crate crate5)", 
        "(surface crate5)", 
        "(at crate5 depot0)", 
        "(on crate5 pallet0)", 
        "(place depot0)", 
        "(place distributor0)", 
        "(place distributor1)", 
        "(clear pallet5)", 
        "(clear crate2)", 
        "(in crate3 truck0)", 
        "(available hoist2)", 
        "(at truck0 distributor0)", 
        "(available hoist0)", 
        "(at crate1 depot0)", 
        "(clear crate1)", 
        "(on crate1 crate5)", 
        "(lifting hoist1 crate4)", 
        "(clear crate0)"
      ], 
      "delete_list": [
        "(at crate4 distributor0)", 
        "(clear crate4)", 
        "(available hoist1)", 
        "(on crate4 crate0)"
      ]
    }, 
    {
      "action": "(load hoist1 crate4 truck0 distributor0)", 
      "add_list": [
        "(in crate4 truck0)", 
        "(available hoist1)"
      ], 
      "state": 9, 
      "literals": [
        "(pallet pallet0)", 
        "(surface pallet0)", 
        "(at pallet0 depot0)", 
        "(pallet pallet1)", 
        "(surface pallet1)", 
        "(at pallet1 distributor0)", 
        "(clear pallet1)", 
        "(pallet pallet2)", 
        "(surface pallet2)", 
        "(at pallet2 distributor1)", 
        "(pallet pallet3)", 
        "(surface pallet3)", 
        "(at pallet3 distributor0)", 
        "(clear pallet3)", 
        "(pallet pallet4)", 
        "(surface pallet4)", 
        "(at pallet4 distributor0)", 
        "(pallet pallet5)", 
        "(surface pallet5)", 
        "(at pallet5 distributor1)", 
        "(truck truck0)", 
        "(truck truck1)", 
        "(at truck1 depot0)", 
        "(hoist hoist0)", 
        "(at hoist0 depot0)", 
        "(hoist hoist1)", 
        "(at hoist1 distributor0)", 
        "(hoist hoist2)", 
        "(at hoist2 distributor1)", 
        "(crate crate0)", 
        "(surface crate0)", 
        "(at crate0 distributor0)", 
        "(on crate0 pallet4)", 
        "(crate crate1)", 
        "(surface crate1)", 
        "(crate crate2)", 
        "(surface crate2)", 
        "(at crate2 distributor1)", 
        "(on crate2 pallet2)", 
        "(crate crate3)", 
        "(surface crate3)", 
        "(crate crate4)", 
        "(surface crate4)", 
        "(crate crate5)", 
        "(surface crate5)", 
        "(at crate5 depot0)", 
        "(on crate5 pallet0)", 
        "(place depot0)", 
        "(place distributor0)", 
        "(place distributor1)", 
        "(clear pallet5)", 
        "(clear crate2)", 
        "(in crate3 truck0)", 
        "(available hoist2)", 
        "(at truck0 distributor0)", 
        "(available hoist0)", 
        "(at crate1 depot0)", 
        "(clear crate1)", 
        "(on crate1 crate5)", 
        "(clear crate0)", 
        "(in crate4 truck0)", 
        "(available hoist1)"
      ], 
      "delete_list": [
        "(lifting hoist1 crate4)"
      ]
    }, 
    {
      "action": "(lift hoist1 crate0 pallet4 distributor0)", 
      "add_list": [
        "(lifting hoist1 crate0)", 
        "(clear pallet4)"
      ], 
      "state": 10, 
      "literals": [
        "(pallet pallet0)", 
        "(surface pallet0)", 
        "(at pallet0 depot0)", 
        "(pallet pallet1)", 
        "(surface pallet1)", 
        "(at pallet1 distributor0)", 
        "(clear pallet1)", 
        "(pallet pallet2)", 
        "(surface pallet2)", 
        "(at pallet2 distributor1)", 
        "(pallet pallet3)", 
        "(surface pallet3)", 
        "(at pallet3 distributor0)", 
        "(clear pallet3)", 
        "(pallet pallet4)", 
        "(surface pallet4)", 
        "(at pallet4 distributor0)", 
        "(pallet pallet5)", 
        "(surface pallet5)", 
        "(at pallet5 distributor1)", 
        "(truck truck0)", 
        "(truck truck1)", 
        "(at truck1 depot0)", 
        "(hoist hoist0)", 
        "(at hoist0 depot0)", 
        "(hoist hoist1)", 
        "(at hoist1 distributor0)", 
        "(hoist hoist2)", 
        "(at hoist2 distributor1)", 
        "(crate crate0)", 
        "(surface crate0)", 
        "(crate crate1)", 
        "(surface crate1)", 
        "(crate crate2)", 
        "(surface crate2)", 
        "(at crate2 distributor1)", 
        "(on crate2 pallet2)", 
        "(crate crate3)", 
        "(surface crate3)", 
        "(crate crate4)", 
        "(surface crate4)", 
        "(crate crate5)", 
        "(surface crate5)", 
        "(at crate5 depot0)", 
        "(on crate5 pallet0)", 
        "(place depot0)", 
        "(place distributor0)", 
        "(place distributor1)", 
        "(clear pallet5)", 
        "(clear crate2)", 
        "(in crate3 truck0)", 
        "(available hoist2)", 
        "(at truck0 distributor0)", 
        "(available hoist0)", 
        "(at crate1 depot0)", 
        "(clear crate1)", 
        "(on crate1 crate5)", 
        "(in crate4 truck0)", 
        "(lifting hoist1 crate0)", 
        "(clear pallet4)"
      ], 
      "delete_list": [
        "(at crate0 distributor0)", 
        "(clear crate0)", 
        "(available hoist1)", 
        "(on crate0 pallet4)"
      ]
    }, 
    {
      "action": "(drop hoist1 crate0 pallet3 distributor0)", 
      "add_list": [
        "(available hoist1)", 
        "(at crate0 distributor0)", 
        "(clear crate0)", 
        "(on crate0 pallet3)"
      ], 
      "state": 11, 
      "literals": [
        "(pallet pallet0)", 
        "(surface pallet0)", 
        "(at pallet0 depot0)", 
        "(pallet pallet1)", 
        "(surface pallet1)", 
        "(at pallet1 distributor0)", 
        "(clear pallet1)", 
        "(pallet pallet2)", 
        "(surface pallet2)", 
        "(at pallet2 distributor1)", 
        "(pallet pallet3)", 
        "(surface pallet3)", 
        "(at pallet3 distributor0)", 
        "(pallet pallet4)", 
        "(surface pallet4)", 
        "(at pallet4 distributor0)", 
        "(pallet pallet5)", 
        "(surface pallet5)", 
        "(at pallet5 distributor1)", 
        "(truck truck0)", 
        "(truck truck1)", 
        "(at truck1 depot0)", 
        "(hoist hoist0)", 
        "(at hoist0 depot0)", 
        "(hoist hoist1)", 
        "(at hoist1 distributor0)", 
        "(hoist hoist2)", 
        "(at hoist2 distributor1)", 
        "(crate crate0)", 
        "(surface crate0)", 
        "(crate crate1)", 
        "(surface crate1)", 
        "(crate crate2)", 
        "(surface crate2)", 
        "(at crate2 distributor1)", 
        "(on crate2 pallet2)", 
        "(crate crate3)", 
        "(surface crate3)", 
        "(crate crate4)", 
        "(surface crate4)", 
        "(crate crate5)", 
        "(surface crate5)", 
        "(at crate5 depot0)", 
        "(on crate5 pallet0)", 
        "(place depot0)", 
        "(place distributor0)", 
        "(place distributor1)", 
        "(clear pallet5)", 
        "(clear crate2)", 
        "(in crate3 truck0)", 
        "(available hoist2)", 
        "(at truck0 distributor0)", 
        "(available hoist0)", 
        "(at crate1 depot0)", 
        "(clear crate1)", 
        "(on crate1 crate5)", 
        "(in crate4 truck0)", 
        "(clear pallet4)", 
        "(available hoist1)", 
        "(at crate0 distributor0)", 
        "(clear crate0)", 
        "(on crate0 pallet3)"
      ], 
      "delete_list": [
        "(lifting hoist1 crate0)", 
        "(clear pallet3)"
      ]
    }, 
    {
      "action": "(unload hoist1 crate3 truck0 distributor0)", 
      "add_list": [
        "(lifting hoist1 crate3)"
      ], 
      "state": 12, 
      "literals": [
        "(pallet pallet0)", 
        "(surface pallet0)", 
        "(at pallet0 depot0)", 
        "(pallet pallet1)", 
        "(surface pallet1)", 
        "(at pallet1 distributor0)", 
        "(clear pallet1)", 
        "(pallet pallet2)", 
        "(surface pallet2)", 
        "(at pallet2 distributor1)", 
        "(pallet pallet3)", 
        "(surface pallet3)", 
        "(at pallet3 distributor0)", 
        "(pallet pallet4)", 
        "(surface pallet4)", 
        "(at pallet4 distributor0)", 
        "(pallet pallet5)", 
        "(surface pallet5)", 
        "(at pallet5 distributor1)", 
        "(truck truck0)", 
        "(truck truck1)", 
        "(at truck1 depot0)", 
        "(hoist hoist0)", 
        "(at hoist0 depot0)", 
        "(hoist hoist1)", 
        "(at hoist1 distributor0)", 
        "(hoist hoist2)", 
        "(at hoist2 distributor1)", 
        "(crate crate0)", 
        "(surface crate0)", 
        "(crate crate1)", 
        "(surface crate1)", 
        "(crate crate2)", 
        "(surface crate2)", 
        "(at crate2 distributor1)", 
        "(on crate2 pallet2)", 
        "(crate crate3)", 
        "(surface crate3)", 
        "(crate crate4)", 
        "(surface crate4)", 
        "(crate crate5)", 
        "(surface crate5)", 
        "(at crate5 depot0)", 
        "(on crate5 pallet0)", 
        "(place depot0)", 
        "(place distributor0)", 
        "(place distributor1)", 
        "(clear pallet5)", 
        "(clear crate2)", 
        "(available hoist2)", 
        "(at truck0 distributor0)", 
        "(available hoist0)", 
        "(at crate1 depot0)", 
        "(clear crate1)", 
        "(on crate1 crate5)", 
        "(in crate4 truck0)", 
        "(clear pallet4)", 
        "(at crate0 distributor0)", 
        "(clear crate0)", 
        "(on crate0 pallet3)", 
        "(lifting hoist1 crate3)"
      ], 
      "delete_list": [
        "(in crate3 truck0)", 
        "(available hoist1)"
      ]
    }, 
    {
      "action": "(drop hoist1 crate3 pallet1 distributor0)", 
      "add_list": [
        "(available hoist1)", 
        "(at crate3 distributor0)", 
        "(clear crate3)", 
        "(on crate3 pallet1)"
      ], 
      "state": 13, 
      "literals": [
        "(pallet pallet0)", 
        "(surface pallet0)", 
        "(at pallet0 depot0)", 
        "(pallet pallet1)", 
        "(surface pallet1)", 
        "(at pallet1 distributor0)", 
        "(pallet pallet2)", 
        "(surface pallet2)", 
        "(at pallet2 distributor1)", 
        "(pallet pallet3)", 
        "(surface pallet3)", 
        "(at pallet3 distributor0)", 
        "(pallet pallet4)", 
        "(surface pallet4)", 
        "(at pallet4 distributor0)", 
        "(pallet pallet5)", 
        "(surface pallet5)", 
        "(at pallet5 distributor1)", 
        "(truck truck0)", 
        "(truck truck1)", 
        "(at truck1 depot0)", 
        "(hoist hoist0)", 
        "(at hoist0 depot0)", 
        "(hoist hoist1)", 
        "(at hoist1 distributor0)", 
        "(hoist hoist2)", 
        "(at hoist2 distributor1)", 
        "(crate crate0)", 
        "(surface crate0)", 
        "(crate crate1)", 
        "(surface crate1)", 
        "(crate crate2)", 
        "(surface crate2)", 
        "(at crate2 distributor1)", 
        "(on crate2 pallet2)", 
        "(crate crate3)", 
        "(surface crate3)", 
        "(crate crate4)", 
        "(surface crate4)", 
        "(crate crate5)", 
        "(surface crate5)", 
        "(at crate5 depot0)", 
        "(on crate5 pallet0)", 
        "(place depot0)", 
        "(place distributor0)", 
        "(place distributor1)", 
        "(clear pallet5)", 
        "(clear crate2)", 
        "(available hoist2)", 
        "(at truck0 distributor0)", 
        "(available hoist0)", 
        "(at crate1 depot0)", 
        "(clear crate1)", 
        "(on crate1 crate5)", 
        "(in crate4 truck0)", 
        "(clear pallet4)", 
        "(at crate0 distributor0)", 
        "(clear crate0)", 
        "(on crate0 pallet3)", 
        "(available hoist1)", 
        "(at crate3 distributor0)", 
        "(clear crate3)", 
        "(on crate3 pallet1)"
      ], 
      "delete_list": [
        "(lifting hoist1 crate3)", 
        "(clear pallet1)"
      ]
    }, 
    {
      "action": "(drive truck0 distributor0 distributor1)", 
      "add_list": [
        "(at truck0 distributor1)"
      ], 
      "state": 14, 
      "literals": [
        "(pallet pallet0)", 
        "(surface pallet0)", 
        "(at pallet0 depot0)", 
        "(pallet pallet1)", 
        "(surface pallet1)", 
        "(at pallet1 distributor0)", 
        "(pallet pallet2)", 
        "(surface pallet2)", 
        "(at pallet2 distributor1)", 
        "(pallet pallet3)", 
        "(surface pallet3)", 
        "(at pallet3 distributor0)", 
        "(pallet pallet4)", 
        "(surface pallet4)", 
        "(at pallet4 distributor0)", 
        "(pallet pallet5)", 
        "(surface pallet5)", 
        "(at pallet5 distributor1)", 
        "(truck truck0)", 
        "(truck truck1)", 
        "(at truck1 depot0)", 
        "(hoist hoist0)", 
        "(at hoist0 depot0)", 
        "(hoist hoist1)", 
        "(at hoist1 distributor0)", 
        "(hoist hoist2)", 
        "(at hoist2 distributor1)", 
        "(crate crate0)", 
        "(surface crate0)", 
        "(crate crate1)", 
        "(surface crate1)", 
        "(crate crate2)", 
        "(surface crate2)", 
        "(at crate2 distributor1)", 
        "(on crate2 pallet2)", 
        "(crate crate3)", 
        "(surface crate3)", 
        "(crate crate4)", 
        "(surface crate4)", 
        "(crate crate5)", 
        "(surface crate5)", 
        "(at crate5 depot0)", 
        "(on crate5 pallet0)", 
        "(place depot0)", 
        "(place distributor0)", 
        "(place distributor1)", 
        "(clear pallet5)", 
        "(clear crate2)", 
        "(available hoist2)", 
        "(available hoist0)", 
        "(at crate1 depot0)", 
        "(clear crate1)", 
        "(on crate1 crate5)", 
        "(in crate4 truck0)", 
        "(clear pallet4)", 
        "(at crate0 distributor0)", 
        "(clear crate0)", 
        "(on crate0 pallet3)", 
        "(available hoist1)", 
        "(at crate3 distributor0)", 
        "(clear crate3)", 
        "(on crate3 pallet1)", 
        "(at truck0 distributor1)"
      ], 
      "delete_list": [
        "(at truck0 distributor0)"
      ]
    }, 
    {
      "action": "(unload hoist2 crate4 truck0 distributor1)", 
      "add_list": [
        "(lifting hoist2 crate4)"
      ], 
      "state": 15, 
      "literals": [
        "(pallet pallet0)", 
        "(surface pallet0)", 
        "(at pallet0 depot0)", 
        "(pallet pallet1)", 
        "(surface pallet1)", 
        "(at pallet1 distributor0)", 
        "(pallet pallet2)", 
        "(surface pallet2)", 
        "(at pallet2 distributor1)", 
        "(pallet pallet3)", 
        "(surface pallet3)", 
        "(at pallet3 distributor0)", 
        "(pallet pallet4)", 
        "(surface pallet4)", 
        "(at pallet4 distributor0)", 
        "(pallet pallet5)", 
        "(surface pallet5)", 
        "(at pallet5 distributor1)", 
        "(truck truck0)", 
        "(truck truck1)", 
        "(at truck1 depot0)", 
        "(hoist hoist0)", 
        "(at hoist0 depot0)", 
        "(hoist hoist1)", 
        "(at hoist1 distributor0)", 
        "(hoist hoist2)", 
        "(at hoist2 distributor1)", 
        "(crate crate0)", 
        "(surface crate0)", 
        "(crate crate1)", 
        "(surface crate1)", 
        "(crate crate2)", 
        "(surface crate2)", 
        "(at crate2 distributor1)", 
        "(on crate2 pallet2)", 
        "(crate crate3)", 
        "(surface crate3)", 
        "(crate crate4)", 
        "(surface crate4)", 
        "(crate crate5)", 
        "(surface crate5)", 
        "(at crate5 depot0)", 
        "(on crate5 pallet0)", 
        "(place depot0)", 
        "(place distributor0)", 
        "(place distributor1)", 
        "(clear pallet5)", 
        "(clear crate2)", 
        "(available hoist0)", 
        "(at crate1 depot0)", 
        "(clear crate1)", 
        "(on crate1 crate5)", 
        "(clear pallet4)", 
        "(at crate0 distributor0)", 
        "(clear crate0)", 
        "(on crate0 pallet3)", 
        "(available hoist1)", 
        "(at crate3 distributor0)", 
        "(clear crate3)", 
        "(on crate3 pallet1)", 
        "(at truck0 distributor1)", 
        "(lifting hoist2 crate4)"
      ], 
      "delete_list": [
        "(in crate4 truck0)", 
        "(available hoist2)"
      ]
    }, 
    {
      "action": "(drop hoist2 crate4 pallet5 distributor1)", 
      "add_list": [
        "(available hoist2)", 
        "(at crate4 distributor1)", 
        "(clear crate4)", 
        "(on crate4 pallet5)"
      ], 
      "state": 16, 
      "literals": [
        "(pallet pallet0)", 
        "(surface pallet0)", 
        "(at pallet0 depot0)", 
        "(pallet pallet1)", 
        "(surface pallet1)", 
        "(at pallet1 distributor0)", 
        "(pallet pallet2)", 
        "(surface pallet2)", 
        "(at pallet2 distributor1)", 
        "(pallet pallet3)", 
        "(surface pallet3)", 
        "(at pallet3 distributor0)", 
        "(pallet pallet4)", 
        "(surface pallet4)", 
        "(at pallet4 distributor0)", 
        "(pallet pallet5)", 
        "(surface pallet5)", 
        "(at pallet5 distributor1)", 
        "(truck truck0)", 
        "(truck truck1)", 
        "(at truck1 depot0)", 
        "(hoist hoist0)", 
        "(at hoist0 depot0)", 
        "(hoist hoist1)", 
        "(at hoist1 distributor0)", 
        "(hoist hoist2)", 
        "(at hoist2 distributor1)", 
        "(crate crate0)", 
        "(surface crate0)", 
        "(crate crate1)", 
        "(surface crate1)", 
        "(crate crate2)", 
        "(surface crate2)", 
        "(at crate2 distributor1)", 
        "(on crate2 pallet2)", 
        "(crate crate3)", 
        "(surface crate3)", 
        "(crate crate4)", 
        "(surface crate4)", 
        "(crate crate5)", 
        "(surface crate5)", 
        "(at crate5 depot0)", 
        "(on crate5 pallet0)", 
        "(place depot0)", 
        "(place distributor0)", 
        "(place distributor1)", 
        "(clear crate2)", 
        "(available hoist0)", 
        "(at crate1 depot0)", 
        "(clear crate1)", 
        "(on crate1 crate5)", 
        "(clear pallet4)", 
        "(at crate0 distributor0)", 
        "(clear crate0)", 
        "(on crate0 pallet3)", 
        "(available hoist1)", 
        "(at crate3 distributor0)", 
        "(clear crate3)", 
        "(on crate3 pallet1)", 
        "(at truck0 distributor1)", 
        "(available hoist2)", 
        "(at crate4 distributor1)", 
        "(clear crate4)", 
        "(on crate4 pallet5)"
      ], 
      "delete_list": [
        "(lifting hoist2 crate4)", 
        "(clear pallet5)"
      ]
    }, 
    {
      "action": "(lift hoist0 crate1 crate5 depot0)", 
      "add_list": [
        "(lifting hoist0 crate1)", 
        "(clear crate5)"
      ], 
      "state": 17, 
      "literals": [
        "(pallet pallet0)", 
        "(surface pallet0)", 
        "(at pallet0 depot0)", 
        "(pallet pallet1)", 
        "(surface pallet1)", 
        "(at pallet1 distributor0)", 
        "(pallet pallet2)", 
        "(surface pallet2)", 
        "(at pallet2 distributor1)", 
        "(pallet pallet3)", 
        "(surface pallet3)", 
        "(at pallet3 distributor0)", 
        "(pallet pallet4)", 
        "(surface pallet4)", 
        "(at pallet4 distributor0)", 
        "(pallet pallet5)", 
        "(surface pallet5)", 
        "(at pallet5 distributor1)", 
        "(truck truck0)", 
        "(truck truck1)", 
        "(at truck1 depot0)", 
        "(hoist hoist0)", 
        "(at hoist0 depot0)", 
        "(hoist hoist1)", 
        "(at hoist1 distributor0)", 
        "(hoist hoist2)", 
        "(at hoist2 distributor1)", 
        "(crate crate0)", 
        "(surface crate0)", 
        "(crate crate1)", 
        "(surface crate1)", 
        "(crate crate2)", 
        "(surface crate2)", 
        "(at crate2 distributor1)", 
        "(on crate2 pallet2)", 
        "(crate crate3)", 
        "(surface crate3)", 
        "(crate crate4)", 
        "(surface crate4)", 
        "(crate crate5)", 
        "(surface crate5)", 
        "(at crate5 depot0)", 
        "(on crate5 pallet0)", 
        "(place depot0)", 
        "(place distributor0)", 
        "(place distributor1)", 
        "(clear crate2)", 
        "(clear pallet4)", 
        "(at crate0 distributor0)", 
        "(clear crate0)", 
        "(on crate0 pallet3)", 
        "(available hoist1)", 
        "(at crate3 distributor0)", 
        "(clear crate3)", 
        "(on crate3 pallet1)", 
        "(at truck0 distributor1)", 
        "(available hoist2)", 
        "(at crate4 distributor1)", 
        "(clear crate4)", 
        "(on crate4 pallet5)", 
        "(lifting hoist0 crate1)", 
        "(clear crate5)"
      ], 
      "delete_list": [
        "(at crate1 depot0)", 
        "(clear crate1)", 
        "(available hoist0)", 
        "(on crate1 crate5)"
      ]
    }, 
    {
      "action": "(load hoist0 crate1 truck1 depot0)", 
      "add_list": [
        "(in crate1 truck1)", 
        "(available hoist0)"
      ], 
      "state": 18, 
      "literals": [
        "(pallet pallet0)", 
        "(surface pallet0)", 
        "(at pallet0 depot0)", 
        "(pallet pallet1)", 
        "(surface pallet1)", 
        "(at pallet1 distributor0)", 
        "(pallet pallet2)", 
        "(surface pallet2)", 
        "(at pallet2 distributor1)", 
        "(pallet pallet3)", 
        "(surface pallet3)", 
        "(at pallet3 distributor0)", 
        "(pallet pallet4)", 
        "(surface pallet4)", 
        "(at pallet4 distributor0)", 
        "(pallet pallet5)", 
        "(surface pallet5)", 
        "(at pallet5 distributor1)", 
        "(truck truck0)", 
        "(truck truck1)", 
        "(at truck1 depot0)", 
        "(hoist hoist0)", 
        "(at hoist0 depot0)", 
        "(hoist hoist1)", 
        "(at hoist1 distributor0)", 
        "(hoist hoist2)", 
        "(at hoist2 distributor1)", 
        "(crate crate0)", 
        "(surface crate0)", 
        "(crate crate1)", 
        "(surface crate1)", 
        "(crate crate2)", 
        "(surface crate2)", 
        "(at crate2 distributor1)", 
        "(on crate2 pallet2)", 
        "(crate crate3)", 
        "(surface crate3)", 
        "(crate crate4)", 
        "(surface crate4)", 
        "(crate crate5)", 
        "(surface crate5)", 
        "(at crate5 depot0)", 
        "(on crate5 pallet0)", 
        "(place depot0)", 
        "(place distributor0)", 
        "(place distributor1)", 
        "(clear crate2)", 
        "(clear pallet4)", 
        "(at crate0 distributor0)", 
        "(clear crate0)", 
        "(on crate0 pallet3)", 
        "(available hoist1)", 
        "(at crate3 distributor0)", 
        "(clear crate3)", 
        "(on crate3 pallet1)", 
        "(at truck0 distributor1)", 
        "(available hoist2)", 
        "(at crate4 distributor1)", 
        "(clear crate4)", 
        "(on crate4 pallet5)", 
        "(clear crate5)", 
        "(in crate1 truck1)", 
        "(available hoist0)"
      ], 
      "delete_list": [
        "(lifting hoist0 crate1)"
      ]
    }, 
    {
      "action": "(lift hoist0 crate5 pallet0 depot0)", 
      "add_list": [
        "(lifting hoist0 crate5)", 
        "(clear pallet0)"
      ], 
      "state": 19, 
      "literals": [
        "(pallet pallet0)", 
        "(surface pallet0)", 
        "(at pallet0 depot0)", 
        "(pallet pallet1)", 
        "(surface pallet1)", 
        "(at pallet1 distributor0)", 
        "(pallet pallet2)", 
        "(surface pallet2)", 
        "(at pallet2 distributor1)", 
        "(pallet pallet3)", 
        "(surface pallet3)", 
        "(at pallet3 distributor0)", 
        "(pallet pallet4)", 
        "(surface pallet4)", 
        "(at pallet4 distributor0)", 
        "(pallet pallet5)", 
        "(surface pallet5)", 
        "(at pallet5 distributor1)", 
        "(truck truck0)", 
        "(truck truck1)", 
        "(at truck1 depot0)", 
        "(hoist hoist0)", 
        "(at hoist0 depot0)", 
        "(hoist hoist1)", 
        "(at hoist1 distributor0)", 
        "(hoist hoist2)", 
        "(at hoist2 distributor1)", 
        "(crate crate0)", 
        "(surface crate0)", 
        "(crate crate1)", 
        "(surface crate1)", 
        "(crate crate2)", 
        "(surface crate2)", 
        "(at crate2 distributor1)", 
        "(on crate2 pallet2)", 
        "(crate crate3)", 
        "(surface crate3)", 
        "(crate crate4)", 
        "(surface crate4)", 
        "(crate crate5)", 
        "(surface crate5)", 
        "(place depot0)", 
        "(place distributor0)", 
        "(place distributor1)", 
        "(clear crate2)", 
        "(clear pallet4)", 
        "(at crate0 distributor0)", 
        "(clear crate0)", 
        "(on crate0 pallet3)", 
        "(available hoist1)", 
        "(at crate3 distributor0)", 
        "(clear crate3)", 
        "(on crate3 pallet1)", 
        "(at truck0 distributor1)", 
        "(available hoist2)", 
        "(at crate4 distributor1)", 
        "(clear crate4)", 
        "(on crate4 pallet5)", 
        "(in crate1 truck1)", 
        "(lifting hoist0 crate5)", 
        "(clear pallet0)"
      ], 
      "delete_list": [
        "(at crate5 depot0)", 
        "(clear crate5)", 
        "(available hoist0)", 
        "(on crate5 pallet0)"
      ]
    }, 
    {
      "action": "(load hoist0 crate5 truck1 depot0)", 
      "add_list": [
        "(in crate5 truck1)", 
        "(available hoist0)"
      ], 
      "state": 20, 
      "literals": [
        "(pallet pallet0)", 
        "(surface pallet0)", 
        "(at pallet0 depot0)", 
        "(pallet pallet1)", 
        "(surface pallet1)", 
        "(at pallet1 distributor0)", 
        "(pallet pallet2)", 
        "(surface pallet2)", 
        "(at pallet2 distributor1)", 
        "(pallet pallet3)", 
        "(surface pallet3)", 
        "(at pallet3 distributor0)", 
        "(pallet pallet4)", 
        "(surface pallet4)", 
        "(at pallet4 distributor0)", 
        "(pallet pallet5)", 
        "(surface pallet5)", 
        "(at pallet5 distributor1)", 
        "(truck truck0)", 
        "(truck truck1)", 
        "(at truck1 depot0)", 
        "(hoist hoist0)", 
        "(at hoist0 depot0)", 
        "(hoist hoist1)", 
        "(at hoist1 distributor0)", 
        "(hoist hoist2)", 
        "(at hoist2 distributor1)", 
        "(crate crate0)", 
        "(surface crate0)", 
        "(crate crate1)", 
        "(surface crate1)", 
        "(crate crate2)", 
        "(surface crate2)", 
        "(at crate2 distributor1)", 
        "(on crate2 pallet2)", 
        "(crate crate3)", 
        "(surface crate3)", 
        "(crate crate4)", 
        "(surface crate4)", 
        "(crate crate5)", 
        "(surface crate5)", 
        "(place depot0)", 
        "(place distributor0)", 
        "(place distributor1)", 
        "(clear crate2)", 
        "(clear pallet4)", 
        "(at crate0 distributor0)", 
        "(clear crate0)", 
        "(on crate0 pallet3)", 
        "(available hoist1)", 
        "(at crate3 distributor0)", 
        "(clear crate3)", 
        "(on crate3 pallet1)", 
        "(at truck0 distributor1)", 
        "(available hoist2)", 
        "(at crate4 distributor1)", 
        "(clear crate4)", 
        "(on crate4 pallet5)", 
        "(in crate1 truck1)", 
        "(clear pallet0)", 
        "(in crate5 truck1)", 
        "(available hoist0)"
      ], 
      "delete_list": [
        "(lifting hoist0 crate5)"
      ]
    }, 
    {
      "action": "(drive truck1 depot0 distributor1)", 
      "add_list": [
        "(at truck1 distributor1)"
      ], 
      "state": 21, 
      "literals": [
        "(pallet pallet0)", 
        "(surface pallet0)", 
        "(at pallet0 depot0)", 
        "(pallet pallet1)", 
        "(surface pallet1)", 
        "(at pallet1 distributor0)", 
        "(pallet pallet2)", 
        "(surface pallet2)", 
        "(at pallet2 distributor1)", 
        "(pallet pallet3)", 
        "(surface pallet3)", 
        "(at pallet3 distributor0)", 
        "(pallet pallet4)", 
        "(surface pallet4)", 
        "(at pallet4 distributor0)", 
        "(pallet pallet5)", 
        "(surface pallet5)", 
        "(at pallet5 distributor1)", 
        "(truck truck0)", 
        "(truck truck1)", 
        "(hoist hoist0)", 
        "(at hoist0 depot0)", 
        "(hoist hoist1)", 
        "(at hoist1 distributor0)", 
        "(hoist hoist2)", 
        "(at hoist2 distributor1)", 
        "(crate crate0)", 
        "(surface crate0)", 
        "(crate crate1)", 
        "(surface crate1)", 
        "(crate crate2)", 
        "(surface crate2)", 
        "(at crate2 distributor1)", 
        "(on crate2 pallet2)", 
        "(crate crate3)", 
        "(surface crate3)", 
        "(crate crate4)", 
        "(surface crate4)", 
        "(crate crate5)", 
        "(surface crate5)", 
        "(place depot0)", 
        "(place distributor0)", 
        "(place distributor1)", 
        "(clear crate2)", 
        "(clear pallet4)", 
        "(at crate0 distributor0)", 
        "(clear crate0)", 
        "(on crate0 pallet3)", 
        "(available hoist1)", 
        "(at crate3 distributor0)", 
        "(clear crate3)", 
        "(on crate3 pallet1)", 
        "(at truck0 distributor1)", 
        "(available hoist2)", 
        "(at crate4 distributor1)", 
        "(clear crate4)", 
        "(on crate4 pallet5)", 
        "(in crate1 truck1)", 
        "(clear pallet0)", 
        "(in crate5 truck1)", 
        "(available hoist0)", 
        "(at truck1 distributor1)"
      ], 
      "delete_list": [
        "(at truck1 depot0)"
      ]
    }, 
    {
      "action": "(unload hoist2 crate1 truck1 distributor1)", 
      "add_list": [
        "(lifting hoist2 crate1)"
      ], 
      "state": 22, 
      "literals": [
        "(pallet pallet0)", 
        "(surface pallet0)", 
        "(at pallet0 depot0)", 
        "(pallet pallet1)", 
        "(surface pallet1)", 
        "(at pallet1 distributor0)", 
        "(pallet pallet2)", 
        "(surface pallet2)", 
        "(at pallet2 distributor1)", 
        "(pallet pallet3)", 
        "(surface pallet3)", 
        "(at pallet3 distributor0)", 
        "(pallet pallet4)", 
        "(surface pallet4)", 
        "(at pallet4 distributor0)", 
        "(pallet pallet5)", 
        "(surface pallet5)", 
        "(at pallet5 distributor1)", 
        "(truck truck0)", 
        "(truck truck1)", 
        "(hoist hoist0)", 
        "(at hoist0 depot0)", 
        "(hoist hoist1)", 
        "(at hoist1 distributor0)", 
        "(hoist hoist2)", 
        "(at hoist2 distributor1)", 
        "(crate crate0)", 
        "(surface crate0)", 
        "(crate crate1)", 
        "(surface crate1)", 
        "(crate crate2)", 
        "(surface crate2)", 
        "(at crate2 distributor1)", 
        "(on crate2 pallet2)", 
        "(crate crate3)", 
        "(surface crate3)", 
        "(crate crate4)", 
        "(surface crate4)", 
        "(crate crate5)", 
        "(surface crate5)", 
        "(place depot0)", 
        "(place distributor0)", 
        "(place distributor1)", 
        "(clear crate2)", 
        "(clear pallet4)", 
        "(at crate0 distributor0)", 
        "(clear crate0)", 
        "(on crate0 pallet3)", 
        "(available hoist1)", 
        "(at crate3 distributor0)", 
        "(clear crate3)", 
        "(on crate3 pallet1)", 
        "(at truck0 distributor1)", 
        "(at crate4 distributor1)", 
        "(clear crate4)", 
        "(on crate4 pallet5)", 
        "(clear pallet0)", 
        "(in crate5 truck1)", 
        "(available hoist0)", 
        "(at truck1 distributor1)", 
        "(lifting hoist2 crate1)"
      ], 
      "delete_list": [
        "(in crate1 truck1)", 
        "(available hoist2)"
      ]
    }, 
    {
      "action": "(drop hoist2 crate1 crate4 distributor1)", 
      "add_list": [
        "(available hoist2)", 
        "(at crate1 distributor1)", 
        "(clear crate1)", 
        "(on crate1 crate4)"
      ], 
      "state": 23, 
      "literals": [
        "(pallet pallet0)", 
        "(surface pallet0)", 
        "(at pallet0 depot0)", 
        "(pallet pallet1)", 
        "(surface pallet1)", 
        "(at pallet1 distributor0)", 
        "(pallet pallet2)", 
        "(surface pallet2)", 
        "(at pallet2 distributor1)", 
        "(pallet pallet3)", 
        "(surface pallet3)", 
        "(at pallet3 distributor0)", 
        "(pallet pallet4)", 
        "(surface pallet4)", 
        "(at pallet4 distributor0)", 
        "(pallet pallet5)", 
        "(surface pallet5)", 
        "(at pallet5 distributor1)", 
        "(truck truck0)", 
        "(truck truck1)", 
        "(hoist hoist0)", 
        "(at hoist0 depot0)", 
        "(hoist hoist1)", 
        "(at hoist1 distributor0)", 
        "(hoist hoist2)", 
        "(at hoist2 distributor1)", 
        "(crate crate0)", 
        "(surface crate0)", 
        "(crate crate1)", 
        "(surface crate1)", 
        "(crate crate2)", 
        "(surface crate2)", 
        "(at crate2 distributor1)", 
        "(on crate2 pallet2)", 
        "(crate crate3)", 
        "(surface crate3)", 
        "(crate crate4)", 
        "(surface crate4)", 
        "(crate crate5)", 
        "(surface crate5)", 
        "(place depot0)", 
        "(place distributor0)", 
        "(place distributor1)", 
        "(clear crate2)", 
        "(clear pallet4)", 
        "(at crate0 distributor0)", 
        "(clear crate0)", 
        "(on crate0 pallet3)", 
        "(available hoist1)", 
        "(at crate3 distributor0)", 
        "(clear crate3)", 
        "(on crate3 pallet1)", 
        "(at truck0 distributor1)", 
        "(at crate4 distributor1)", 
        "(on crate4 pallet5)", 
        "(clear pallet0)", 
        "(in crate5 truck1)", 
        "(available hoist0)", 
        "(at truck1 distributor1)", 
        "(available hoist2)", 
        "(at crate1 distributor1)", 
        "(clear crate1)", 
        "(on crate1 crate4)"
      ], 
      "delete_list": [
        "(lifting hoist2 crate1)", 
        "(clear crate4)"
      ]
    }, 
    {
      "action": "(unload hoist2 crate5 truck1 distributor1)", 
      "add_list": [
        "(lifting hoist2 crate5)"
      ], 
      "state": 24, 
      "literals": [
        "(pallet pallet0)", 
        "(surface pallet0)", 
        "(at pallet0 depot0)", 
        "(pallet pallet1)", 
        "(surface pallet1)", 
        "(at pallet1 distributor0)", 
        "(pallet pallet2)", 
        "(surface pallet2)", 
        "(at pallet2 distributor1)", 
        "(pallet pallet3)", 
        "(surface pallet3)", 
        "(at pallet3 distributor0)", 
        "(pallet pallet4)", 
        "(surface pallet4)", 
        "(at pallet4 distributor0)", 
        "(pallet pallet5)", 
        "(surface pallet5)", 
        "(at pallet5 distributor1)", 
        "(truck truck0)", 
        "(truck truck1)", 
        "(hoist hoist0)", 
        "(at hoist0 depot0)", 
        "(hoist hoist1)", 
        "(at hoist1 distributor0)", 
        "(hoist hoist2)", 
        "(at hoist2 distributor1)", 
        "(crate crate0)", 
        "(surface crate0)", 
        "(crate crate1)", 
        "(surface crate1)", 
        "(crate crate2)", 
        "(surface crate2)", 
        "(at crate2 distributor1)", 
        "(on crate2 pallet2)", 
        "(crate crate3)", 
        "(surface crate3)", 
        "(crate crate4)", 
        "(surface crate4)", 
        "(crate crate5)", 
        "(surface crate5)", 
        "(place depot0)", 
        "(place distributor0)", 
        "(place distributor1)", 
        "(clear crate2)", 
        "(clear pallet4)", 
        "(at crate0 distributor0)", 
        "(clear crate0)", 
        "(on crate0 pallet3)", 
        "(available hoist1)", 
        "(at crate3 distributor0)", 
        "(clear crate3)", 
        "(on crate3 pallet1)", 
        "(at truck0 distributor1)", 
        "(at crate4 distributor1)", 
        "(on crate4 pallet5)", 
        "(clear pallet0)", 
        "(available hoist0)", 
        "(at truck1 distributor1)", 
        "(at crate1 distributor1)", 
        "(clear crate1)", 
        "(on crate1 crate4)", 
        "(lifting hoist2 crate5)"
      ], 
      "delete_list": [
        "(in crate5 truck1)", 
        "(available hoist2)"
      ]
    }, 
    {
      "action": "(drop hoist2 crate5 crate1 distributor1)", 
      "add_list": [
        "(available hoist2)", 
        "(at crate5 distributor1)", 
        "(clear crate5)", 
        "(on crate5 crate1)"
      ], 
      "state": 25, 
      "literals": [
        "(pallet pallet0)", 
        "(surface pallet0)", 
        "(at pallet0 depot0)", 
        "(pallet pallet1)", 
        "(surface pallet1)", 
        "(at pallet1 distributor0)", 
        "(pallet pallet2)", 
        "(surface pallet2)", 
        "(at pallet2 distributor1)", 
        "(pallet pallet3)", 
        "(surface pallet3)", 
        "(at pallet3 distributor0)", 
        "(pallet pallet4)", 
        "(surface pallet4)", 
        "(at pallet4 distributor0)", 
        "(pallet pallet5)", 
        "(surface pallet5)", 
        "(at pallet5 distributor1)", 
        "(truck truck0)", 
        "(truck truck1)", 
        "(hoist hoist0)", 
        "(at hoist0 depot0)", 
        "(hoist hoist1)", 
        "(at hoist1 distributor0)", 
        "(hoist hoist2)", 
        "(at hoist2 distributor1)", 
        "(crate crate0)", 
        "(surface crate0)", 
        "(crate crate1)", 
        "(surface crate1)", 
        "(crate crate2)", 
        "(surface crate2)", 
        "(at crate2 distributor1)", 
        "(on crate2 pallet2)", 
        "(crate crate3)", 
        "(surface crate3)", 
        "(crate crate4)", 
        "(surface crate4)", 
        "(crate crate5)", 
        "(surface crate5)", 
        "(place depot0)", 
        "(place distributor0)", 
        "(place distributor1)", 
        "(clear crate2)", 
        "(clear pallet4)", 
        "(at crate0 distributor0)", 
        "(clear crate0)", 
        "(on crate0 pallet3)", 
        "(available hoist1)", 
        "(at crate3 distributor0)", 
        "(clear crate3)", 
        "(on crate3 pallet1)", 
        "(at truck0 distributor1)", 
        "(at crate4 distributor1)", 
        "(on crate4 pallet5)", 
        "(clear pallet0)", 
        "(available hoist0)", 
        "(at truck1 distributor1)", 
        "(at crate1 distributor1)", 
        "(on crate1 crate4)", 
        "(available hoist2)", 
        "(at crate5 distributor1)", 
        "(clear crate5)", 
        "(on crate5 crate1)"
      ], 
      "delete_list": [
        "(lifting hoist2 crate5)", 
        "(clear crate1)"
      ]
    }
  ], 
  "domain_id": 67
}