{
  "domain": "childsnack", 
  "inital_state": [
    "(at tray1 kitchen)", 
    "(at tray2 kitchen)", 
    "(at_kitchen_bread bread1)", 
    "(at_kitchen_bread bread2)", 
    "(at_kitchen_bread bread3)", 
    "(at_kitchen_bread bread4)", 
    "(at_kitchen_bread bread5)", 
    "(at_kitchen_bread bread6)", 
    "(at_kitchen_content content1)", 
    "(at_kitchen_content content2)", 
    "(at_kitchen_content content3)", 
    "(at_kitchen_content content4)", 
    "(at_kitchen_content content5)", 
    "(at_kitchen_content content6)", 
    "(no_gluten_bread bread4)", 
    "(no_gluten_bread bread1)", 
    "(no_gluten_content content6)", 
    "(no_gluten_content content5)", 
    "(allergic_gluten child3)", 
    "(allergic_gluten child4)", 
    "(not_allergic_gluten child1)", 
    "(not_allergic_gluten child2)", 
    "(not_allergic_gluten child5)", 
    "(not_allergic_gluten child6)", 
    "(waiting child1 table1)", 
    "(waiting child2 table1)", 
    "(waiting child3 table1)", 
    "(waiting child4 table3)", 
    "(waiting child5 table1)", 
    "(waiting child6 table3)", 
    "(notexist sandw1)", 
    "(notexist sandw2)", 
    "(notexist sandw3)", 
    "(notexist sandw4)", 
    "(notexist sandw5)", 
    "(notexist sandw6)", 
    "(notexist sandw7)", 
    "(notexist sandw8)"
  ], 
  "negative_goals": [], 
  "problem_id": 4075, 
  "positive_goals": [
    "(served child1)", 
    "(served child2)", 
    "(served child3)", 
    "(served child4)", 
    "(served child5)", 
    "(served child6)"
  ], 
  "plan_length": 28, 
  "plan_literals": [
    {
      "action": "(make_sandwich_no_gluten sandw6 bread4 content6)", 
      "add_list": [
        "(at_kitchen_sandwich sandw6)", 
        "(no_gluten_sandwich sandw6)"
      ], 
      "state": 0, 
      "literals": [
        "(at tray1 kitchen)", 
        "(at tray2 kitchen)", 
        "(at_kitchen_bread bread1)", 
        "(at_kitchen_bread bread2)", 
        "(at_kitchen_bread bread3)", 
        "(at_kitchen_bread bread5)", 
        "(at_kitchen_bread bread6)", 
        "(at_kitchen_content content1)", 
        "(at_kitchen_content content2)", 
        "(at_kitchen_content content3)", 
        "(at_kitchen_content content4)", 
        "(at_kitchen_content content5)", 
        "(no_gluten_bread bread4)", 
        "(no_gluten_bread bread1)", 
        "(no_gluten_content content6)", 
        "(no_gluten_content content5)", 
        "(allergic_gluten child3)", 
        "(allergic_gluten child4)", 
        "(not_allergic_gluten child1)", 
        "(not_allergic_gluten child2)", 
        "(not_allergic_gluten child5)", 
        "(not_allergic_gluten child6)", 
        "(waiting child1 table1)", 
        "(waiting child2 table1)", 
        "(waiting child3 table1)", 
        "(waiting child4 table3)", 
        "(waiting child5 table1)", 
        "(waiting child6 table3)", 
        "(notexist sandw1)", 
        "(notexist sandw2)", 
        "(notexist sandw3)", 
        "(notexist sandw4)", 
        "(notexist sandw5)", 
        "(notexist sandw7)", 
        "(notexist sandw8)", 
        "(at_kitchen_sandwich sandw6)", 
        "(no_gluten_sandwich sandw6)"
      ], 
      "delete_list": [
        "(at_kitchen_bread bread4)", 
        "(at_kitchen_content content6)", 
        "(notexist sandw6)"
      ]
    }, 
    {
      "action": "(put_on_tray sandw6 tray1)", 
      "add_list": [
        "(ontray sandw6 tray1)"
      ], 
      "state": 1, 
      "literals": [
        "(at tray1 kitchen)", 
        "(at tray2 kitchen)", 
        "(at_kitchen_bread bread1)", 
        "(at_kitchen_bread bread2)", 
        "(at_kitchen_bread bread3)", 
        "(at_kitchen_bread bread5)", 
        "(at_kitchen_bread bread6)", 
        "(at_kitchen_content content1)", 
        "(at_kitchen_content content2)", 
        "(at_kitchen_content content3)", 
        "(at_kitchen_content content4)", 
        "(at_kitchen_content content5)", 
        "(no_gluten_bread bread4)", 
        "(no_gluten_bread bread1)", 
        "(no_gluten_content content6)", 
        "(no_gluten_content content5)", 
        "(allergic_gluten child3)", 
        "(allergic_gluten child4)", 
        "(not_allergic_gluten child1)", 
        "(not_allergic_gluten child2)", 
        "(not_allergic_gluten child5)", 
        "(not_allergic_gluten child6)", 
        "(waiting child1 table1)", 
        "(waiting child2 table1)", 
        "(waiting child3 table1)", 
        "(waiting child4 table3)", 
        "(waiting child5 table1)", 
        "(waiting child6 table3)", 
        "(notexist sandw1)", 
        "(notexist sandw2)", 
        "(notexist sandw3)", 
        "(notexist sandw4)", 
        "(notexist sandw5)", 
        "(notexist sandw7)", 
        "(notexist sandw8)", 
        "(no_gluten_sandwich sandw6)", 
        "(ontray sandw6 tray1)"
      ], 
      "delete_list": [
        "(at_kitchen_sandwich sandw6)"
      ]
    }, 
    {
      "action": "(move_tray tray1 kitchen table1)", 
      "add_list": [
        "(at tray1 table1)"
      ], 
      "state": 2, 
      "literals": [
        "(at tray2 kitchen)", 
        "(at_kitchen_bread bread1)", 
        "(at_kitchen_bread bread2)", 
        "(at_kitchen_bread bread3)", 
        "(at_kitchen_bread bread5)", 
        "(at_kitchen_bread bread6)", 
        "(at_kitchen_content content1)", 
        "(at_kitchen_content content2)", 
        "(at_kitchen_content content3)", 
        "(at_kitchen_content content4)", 
        "(at_kitchen_content content5)", 
        "(no_gluten_bread bread4)", 
        "(no_gluten_bread bread1)", 
        "(no_gluten_content content6)", 
        "(no_gluten_content content5)", 
        "(allergic_gluten child3)", 
        "(allergic_gluten child4)", 
        "(not_allergic_gluten child1)", 
        "(not_allergic_gluten child2)", 
        "(not_allergic_gluten child5)", 
        "(not_allergic_gluten child6)", 
        "(waiting child1 table1)", 
        "(waiting child2 table1)", 
        "(waiting child3 table1)", 
        "(waiting child4 table3)", 
        "(waiting child5 table1)", 
        "(waiting child6 table3)", 
        "(notexist sandw1)", 
        "(notexist sandw2)", 
        "(notexist sandw3)", 
        "(notexist sandw4)", 
        "(notexist sandw5)", 
        "(notexist sandw7)", 
        "(notexist sandw8)", 
        "(no_gluten_sandwich sandw6)", 
        "(ontray sandw6 tray1)", 
        "(at tray1 table1)"
      ], 
      "delete_list": [
        "(at tray1 kitchen)"
      ]
    }, 
    {
      "action": "(serve_sandwich_no_gluten sandw6 child3 tray1 table1)", 
      "add_list": [
        "(served child3)"
      ], 
      "state": 3, 
      "literals": [
        "(at tray2 kitchen)", 
        "(at_kitchen_bread bread1)", 
        "(at_kitchen_bread bread2)", 
        "(at_kitchen_bread bread3)", 
        "(at_kitchen_bread bread5)", 
        "(at_kitchen_bread bread6)", 
        "(at_kitchen_content content1)", 
        "(at_kitchen_content content2)", 
        "(at_kitchen_content content3)", 
        "(at_kitchen_content content4)", 
        "(at_kitchen_content content5)", 
        "(no_gluten_bread bread4)", 
        "(no_gluten_bread bread1)", 
        "(no_gluten_content content6)", 
        "(no_gluten_content content5)", 
        "(allergic_gluten child3)", 
        "(allergic_gluten child4)", 
        "(not_allergic_gluten child1)", 
        "(not_allergic_gluten child2)", 
        "(not_allergic_gluten child5)", 
        "(not_allergic_gluten child6)", 
        "(waiting child1 table1)", 
        "(waiting child2 table1)", 
        "(waiting child3 table1)", 
        "(waiting child4 table3)", 
        "(waiting child5 table1)", 
        "(waiting child6 table3)", 
        "(notexist sandw1)", 
        "(notexist sandw2)", 
        "(notexist sandw3)", 
        "(notexist sandw4)", 
        "(notexist sandw5)", 
        "(notexist sandw7)", 
        "(notexist sandw8)", 
        "(no_gluten_sandwich sandw6)", 
        "(at tray1 table1)", 
        "(served child3)"
      ], 
      "delete_list": [
        "(ontray sandw6 tray1)"
      ]
    }, 
    {
      "action": "(make_sandwich_no_gluten sandw8 bread1 content5)", 
      "add_list": [
        "(at_kitchen_sandwich sandw8)", 
        "(no_gluten_sandwich sandw8)"
      ], 
      "state": 4, 
      "literals": [
        "(at tray2 kitchen)", 
        "(at_kitchen_bread bread2)", 
        "(at_kitchen_bread bread3)", 
        "(at_kitchen_bread bread5)", 
        "(at_kitchen_bread bread6)", 
        "(at_kitchen_content content1)", 
        "(at_kitchen_content content2)", 
        "(at_kitchen_content content3)", 
        "(at_kitchen_content content4)", 
        "(no_gluten_bread bread4)", 
        "(no_gluten_bread bread1)", 
        "(no_gluten_content content6)", 
        "(no_gluten_content content5)", 
        "(allergic_gluten child3)", 
        "(allergic_gluten child4)", 
        "(not_allergic_gluten child1)", 
        "(not_allergic_gluten child2)", 
        "(not_allergic_gluten child5)", 
        "(not_allergic_gluten child6)", 
        "(waiting child1 table1)", 
        "(waiting child2 table1)", 
        "(waiting child3 table1)", 
        "(waiting child4 table3)", 
        "(waiting child5 table1)", 
        "(waiting child6 table3)", 
        "(notexist sandw1)", 
        "(notexist sandw2)", 
        "(notexist sandw3)", 
        "(notexist sandw4)", 
        "(notexist sandw5)", 
        "(notexist sandw7)", 
        "(no_gluten_sandwich sandw6)", 
        "(at tray1 table1)", 
        "(served child3)", 
        "(at_kitchen_sandwich sandw8)", 
        "(no_gluten_sandwich sandw8)"
      ], 
      "delete_list": [
        "(at_kitchen_bread bread1)", 
        "(at_kitchen_content content5)", 
        "(notexist sandw8)"
      ]
    }, 
    {
      "action": "(put_on_tray sandw8 tray2)", 
      "add_list": [
        "(ontray sandw8 tray2)"
      ], 
      "state": 5, 
      "literals": [
        "(at tray2 kitchen)", 
        "(at_kitchen_bread bread2)", 
        "(at_kitchen_bread bread3)", 
        "(at_kitchen_bread bread5)", 
        "(at_kitchen_bread bread6)", 
        "(at_kitchen_content content1)", 
        "(at_kitchen_content content2)", 
        "(at_kitchen_content content3)", 
        "(at_kitchen_content content4)", 
        "(no_gluten_bread bread4)", 
        "(no_gluten_bread bread1)", 
        "(no_gluten_content content6)", 
        "(no_gluten_content content5)", 
        "(allergic_gluten child3)", 
        "(allergic_gluten child4)", 
        "(not_allergic_gluten child1)", 
        "(not_allergic_gluten child2)", 
        "(not_allergic_gluten child5)", 
        "(not_allergic_gluten child6)", 
        "(waiting child1 table1)", 
        "(waiting child2 table1)", 
        "(waiting child3 table1)", 
        "(waiting child4 table3)", 
        "(waiting child5 table1)", 
        "(waiting child6 table3)", 
        "(notexist sandw1)", 
        "(notexist sandw2)", 
        "(notexist sandw3)", 
        "(notexist sandw4)", 
        "(notexist sandw5)", 
        "(notexist sandw7)", 
        "(no_gluten_sandwich sandw6)", 
        "(at tray1 table1)", 
        "(served child3)", 
        "(no_gluten_sandwich sandw8)", 
        "(ontray sandw8 tray2)"
      ], 
      "delete_list": [
        "(at_kitchen_sandwich sandw8)"
      ]
    }, 
    {
      "action": "(move_tray tray2 kitchen table3)", 
      "add_list": [
        "(at tray2 table3)"
      ], 
      "state": 6, 
      "literals": [
        "(at_kitchen_bread bread2)", 
        "(at_kitchen_bread bread3)", 
        "(at_kitchen_bread bread5)", 
        "(at_kitchen_bread bread6)", 
        "(at_kitchen_content content1)", 
        "(at_kitchen_content content2)", 
        "(at_kitchen_content content3)", 
        "(at_kitchen_content content4)", 
        "(no_gluten_bread bread4)", 
        "(no_gluten_bread bread1)", 
        "(no_gluten_content content6)", 
        "(no_gluten_content content5)", 
        "(allergic_gluten child3)", 
        "(allergic_gluten child4)", 
        "(not_allergic_gluten child1)", 
        "(not_allergic_gluten child2)", 
        "(not_allergic_gluten child5)", 
        "(not_allergic_gluten child6)", 
        "(waiting child1 table1)", 
        "(waiting child2 table1)", 
        "(waiting child3 table1)", 
        "(waiting child4 table3)", 
        "(waiting child5 table1)", 
        "(waiting child6 table3)", 
        "(notexist sandw1)", 
        "(notexist sandw2)", 
        "(notexist sandw3)", 
        "(notexist sandw4)", 
        "(notexist sandw5)", 
        "(notexist sandw7)", 
        "(no_gluten_sandwich sandw6)", 
        "(at tray1 table1)", 
        "(served child3)", 
        "(no_gluten_sandwich sandw8)", 
        "(ontray sandw8 tray2)", 
        "(at tray2 table3)"
      ], 
      "delete_list": [
        "(at tray2 kitchen)"
      ]
    }, 
    {
      "action": "(serve_sandwich_no_gluten sandw8 child4 tray2 table3)", 
      "add_list": [
        "(served child4)"
      ], 
      "state": 7, 
      "literals": [
        "(at_kitchen_bread bread2)", 
        "(at_kitchen_bread bread3)", 
        "(at_kitchen_bread bread5)", 
        "(at_kitchen_bread bread6)", 
        "(at_kitchen_content content1)", 
        "(at_kitchen_content content2)", 
        "(at_kitchen_content content3)", 
        "(at_kitchen_content content4)", 
        "(no_gluten_bread bread4)", 
        "(no_gluten_bread bread1)", 
        "(no_gluten_content content6)", 
        "(no_gluten_content content5)", 
        "(allergic_gluten child3)", 
        "(allergic_gluten child4)", 
        "(not_allergic_gluten child1)", 
        "(not_allergic_gluten child2)", 
        "(not_allergic_gluten child5)", 
        "(not_allergic_gluten child6)", 
        "(waiting child1 table1)", 
        "(waiting child2 table1)", 
        "(waiting child3 table1)", 
        "(waiting child4 table3)", 
        "(waiting child5 table1)", 
        "(waiting child6 table3)", 
        "(notexist sandw1)", 
        "(notexist sandw2)", 
        "(notexist sandw3)", 
        "(notexist sandw4)", 
        "(notexist sandw5)", 
        "(notexist sandw7)", 
        "(no_gluten_sandwich sandw6)", 
        "(at tray1 table1)", 
        "(served child3)", 
        "(no_gluten_sandwich sandw8)", 
        "(at tray2 table3)", 
        "(served child4)"
      ], 
      "delete_list": [
        "(ontray sandw8 tray2)"
      ]
    }, 
    {
      "action": "(make_sandwich sandw1 bread6 content4)", 
      "add_list": [
        "(at_kitchen_sandwich sandw1)"
      ], 
      "state": 8, 
      "literals": [
        "(at_kitchen_bread bread2)", 
        "(at_kitchen_bread bread3)", 
        "(at_kitchen_bread bread5)", 
        "(at_kitchen_content content1)", 
        "(at_kitchen_content content2)", 
        "(at_kitchen_content content3)", 
        "(no_gluten_bread bread4)", 
        "(no_gluten_bread bread1)", 
        "(no_gluten_content content6)", 
        "(no_gluten_content content5)", 
        "(allergic_gluten child3)", 
        "(allergic_gluten child4)", 
        "(not_allergic_gluten child1)", 
        "(not_allergic_gluten child2)", 
        "(not_allergic_gluten child5)", 
        "(not_allergic_gluten child6)", 
        "(waiting child1 table1)", 
        "(waiting child2 table1)", 
        "(waiting child3 table1)", 
        "(waiting child4 table3)", 
        "(waiting child5 table1)", 
        "(waiting child6 table3)", 
        "(notexist sandw2)", 
        "(notexist sandw3)", 
        "(notexist sandw4)", 
        "(notexist sandw5)", 
        "(notexist sandw7)", 
        "(no_gluten_sandwich sandw6)", 
        "(at tray1 table1)", 
        "(served child3)", 
        "(no_gluten_sandwich sandw8)", 
        "(at tray2 table3)", 
        "(served child4)", 
        "(at_kitchen_sandwich sandw1)"
      ], 
      "delete_list": [
        "(at_kitchen_bread bread6)", 
        "(at_kitchen_content content4)", 
        "(notexist sandw1)"
      ]
    }, 
    {
      "action": "(move_tray tray1 table1 kitchen)", 
      "add_list": [
        "(at tray1 kitchen)"
      ], 
      "state": 9, 
      "literals": [
        "(at_kitchen_bread bread2)", 
        "(at_kitchen_bread bread3)", 
        "(at_kitchen_bread bread5)", 
        "(at_kitchen_content content1)", 
        "(at_kitchen_content content2)", 
        "(at_kitchen_content content3)", 
        "(no_gluten_bread bread4)", 
        "(no_gluten_bread bread1)", 
        "(no_gluten_content content6)", 
        "(no_gluten_content content5)", 
        "(allergic_gluten child3)", 
        "(allergic_gluten child4)", 
        "(not_allergic_gluten child1)", 
        "(not_allergic_gluten child2)", 
        "(not_allergic_gluten child5)", 
        "(not_allergic_gluten child6)", 
        "(waiting child1 table1)", 
        "(waiting child2 table1)", 
        "(waiting child3 table1)", 
        "(waiting child4 table3)", 
        "(waiting child5 table1)", 
        "(waiting child6 table3)", 
        "(notexist sandw2)", 
        "(notexist sandw3)", 
        "(notexist sandw4)", 
        "(notexist sandw5)", 
        "(notexist sandw7)", 
        "(no_gluten_sandwich sandw6)", 
        "(served child3)", 
        "(no_gluten_sandwich sandw8)", 
        "(at tray2 table3)", 
        "(served child4)", 
        "(at_kitchen_sandwich sandw1)", 
        "(at tray1 kitchen)"
      ], 
      "delete_list": [
        "(at tray1 table1)"
      ]
    }, 
    {
      "action": "(put_on_tray sandw1 tray1)", 
      "add_list": [
        "(ontray sandw1 tray1)"
      ], 
      "state": 10, 
      "literals": [
        "(at_kitchen_bread bread2)", 
        "(at_kitchen_bread bread3)", 
        "(at_kitchen_bread bread5)", 
        "(at_kitchen_content content1)", 
        "(at_kitchen_content content2)", 
        "(at_kitchen_content content3)", 
        "(no_gluten_bread bread4)", 
        "(no_gluten_bread bread1)", 
        "(no_gluten_content content6)", 
        "(no_gluten_content content5)", 
        "(allergic_gluten child3)", 
        "(allergic_gluten child4)", 
        "(not_allergic_gluten child1)", 
        "(not_allergic_gluten child2)", 
        "(not_allergic_gluten child5)", 
        "(not_allergic_gluten child6)", 
        "(waiting child1 table1)", 
        "(waiting child2 table1)", 
        "(waiting child3 table1)", 
        "(waiting child4 table3)", 
        "(waiting child5 table1)", 
        "(waiting child6 table3)", 
        "(notexist sandw2)", 
        "(notexist sandw3)", 
        "(notexist sandw4)", 
        "(notexist sandw5)", 
        "(notexist sandw7)", 
        "(no_gluten_sandwich sandw6)", 
        "(served child3)", 
        "(no_gluten_sandwich sandw8)", 
        "(at tray2 table3)", 
        "(served child4)", 
        "(at tray1 kitchen)", 
        "(ontray sandw1 tray1)"
      ], 
      "delete_list": [
        "(at_kitchen_sandwich sandw1)"
      ]
    }, 
    {
      "action": "(move_tray tray1 kitchen table1)", 
      "add_list": [
        "(at tray1 table1)"
      ], 
      "state": 11, 
      "literals": [
        "(at_kitchen_bread bread2)", 
        "(at_kitchen_bread bread3)", 
        "(at_kitchen_bread bread5)", 
        "(at_kitchen_content content1)", 
        "(at_kitchen_content content2)", 
        "(at_kitchen_content content3)", 
        "(no_gluten_bread bread4)", 
        "(no_gluten_bread bread1)", 
        "(no_gluten_content content6)", 
        "(no_gluten_content content5)", 
        "(allergic_gluten child3)", 
        "(allergic_gluten child4)", 
        "(not_allergic_gluten child1)", 
        "(not_allergic_gluten child2)", 
        "(not_allergic_gluten child5)", 
        "(not_allergic_gluten child6)", 
        "(waiting child1 table1)", 
        "(waiting child2 table1)", 
        "(waiting child3 table1)", 
        "(waiting child4 table3)", 
        "(waiting child5 table1)", 
        "(waiting child6 table3)", 
        "(notexist sandw2)", 
        "(notexist sandw3)", 
        "(notexist sandw4)", 
        "(notexist sandw5)", 
        "(notexist sandw7)", 
        "(no_gluten_sandwich sandw6)", 
        "(served child3)", 
        "(no_gluten_sandwich sandw8)", 
        "(at tray2 table3)", 
        "(served child4)", 
        "(ontray sandw1 tray1)", 
        "(at tray1 table1)"
      ], 
      "delete_list": [
        "(at tray1 kitchen)"
      ]
    }, 
    {
      "action": "(serve_sandwich sandw1 child2 tray1 table1)", 
      "add_list": [
        "(served child2)"
      ], 
      "state": 12, 
      "literals": [
        "(at_kitchen_bread bread2)", 
        "(at_kitchen_bread bread3)", 
        "(at_kitchen_bread bread5)", 
        "(at_kitchen_content content1)", 
        "(at_kitchen_content content2)", 
        "(at_kitchen_content content3)", 
        "(no_gluten_bread bread4)", 
        "(no_gluten_bread bread1)", 
        "(no_gluten_content content6)", 
        "(no_gluten_content content5)", 
        "(allergic_gluten child3)", 
        "(allergic_gluten child4)", 
        "(not_allergic_gluten child1)", 
        "(not_allergic_gluten child2)", 
        "(not_allergic_gluten child5)", 
        "(not_allergic_gluten child6)", 
        "(waiting child1 table1)", 
        "(waiting child2 table1)", 
        "(waiting child3 table1)", 
        "(waiting child4 table3)", 
        "(waiting child5 table1)", 
        "(waiting child6 table3)", 
        "(notexist sandw2)", 
        "(notexist sandw3)", 
        "(notexist sandw4)", 
        "(notexist sandw5)", 
        "(notexist sandw7)", 
        "(no_gluten_sandwich sandw6)", 
        "(served child3)", 
        "(no_gluten_sandwich sandw8)", 
        "(at tray2 table3)", 
        "(served child4)", 
        "(at tray1 table1)", 
        "(served child2)"
      ], 
      "delete_list": [
        "(ontray sandw1 tray1)"
      ]
    }, 
    {
      "action": "(make_sandwich sandw5 bread5 content3)", 
      "add_list": [
        "(at_kitchen_sandwich sandw5)"
      ], 
      "state": 13, 
      "literals": [
        "(at_kitchen_bread bread2)", 
        "(at_kitchen_bread bread3)", 
        "(at_kitchen_content content1)", 
        "(at_kitchen_content content2)", 
        "(no_gluten_bread bread4)", 
        "(no_gluten_bread bread1)", 
        "(no_gluten_content content6)", 
        "(no_gluten_content content5)", 
        "(allergic_gluten child3)", 
        "(allergic_gluten child4)", 
        "(not_allergic_gluten child1)", 
        "(not_allergic_gluten child2)", 
        "(not_allergic_gluten child5)", 
        "(not_allergic_gluten child6)", 
        "(waiting child1 table1)", 
        "(waiting child2 table1)", 
        "(waiting child3 table1)", 
        "(waiting child4 table3)", 
        "(waiting child5 table1)", 
        "(waiting child6 table3)", 
        "(notexist sandw2)", 
        "(notexist sandw3)", 
        "(notexist sandw4)", 
        "(notexist sandw7)", 
        "(no_gluten_sandwich sandw6)", 
        "(served child3)", 
        "(no_gluten_sandwich sandw8)", 
        "(at tray2 table3)", 
        "(served child4)", 
        "(at tray1 table1)", 
        "(served child2)", 
        "(at_kitchen_sandwich sandw5)"
      ], 
      "delete_list": [
        "(at_kitchen_bread bread5)", 
        "(at_kitchen_content content3)", 
        "(notexist sandw5)"
      ]
    }, 
    {
      "action": "(move_tray tray1 table1 kitchen)", 
      "add_list": [
        "(at tray1 kitchen)"
      ], 
      "state": 14, 
      "literals": [
        "(at_kitchen_bread bread2)", 
        "(at_kitchen_bread bread3)", 
        "(at_kitchen_content content1)", 
        "(at_kitchen_content content2)", 
        "(no_gluten_bread bread4)", 
        "(no_gluten_bread bread1)", 
        "(no_gluten_content content6)", 
        "(no_gluten_content content5)", 
        "(allergic_gluten child3)", 
        "(allergic_gluten child4)", 
        "(not_allergic_gluten child1)", 
        "(not_allergic_gluten child2)", 
        "(not_allergic_gluten child5)", 
        "(not_allergic_gluten child6)", 
        "(waiting child1 table1)", 
        "(waiting child2 table1)", 
        "(waiting child3 table1)", 
        "(waiting child4 table3)", 
        "(waiting child5 table1)", 
        "(waiting child6 table3)", 
        "(notexist sandw2)", 
        "(notexist sandw3)", 
        "(notexist sandw4)", 
        "(notexist sandw7)", 
        "(no_gluten_sandwich sandw6)", 
        "(served child3)", 
        "(no_gluten_sandwich sandw8)", 
        "(at tray2 table3)", 
        "(served child4)", 
        "(served child2)", 
        "(at_kitchen_sandwich sandw5)", 
        "(at tray1 kitchen)"
      ], 
      "delete_list": [
        "(at tray1 table1)"
      ]
    }, 
    {
      "action": "(put_on_tray sandw5 tray1)", 
      "add_list": [
        "(ontray sandw5 tray1)"
      ], 
      "state": 15, 
      "literals": [
        "(at_kitchen_bread bread2)", 
        "(at_kitchen_bread bread3)", 
        "(at_kitchen_content content1)", 
        "(at_kitchen_content content2)", 
        "(no_gluten_bread bread4)", 
        "(no_gluten_bread bread1)", 
        "(no_gluten_content content6)", 
        "(no_gluten_content content5)", 
        "(allergic_gluten child3)", 
        "(allergic_gluten child4)", 
        "(not_allergic_gluten child1)", 
        "(not_allergic_gluten child2)", 
        "(not_allergic_gluten child5)", 
        "(not_allergic_gluten child6)", 
        "(waiting child1 table1)", 
        "(waiting child2 table1)", 
        "(waiting child3 table1)", 
        "(waiting child4 table3)", 
        "(waiting child5 table1)", 
        "(waiting child6 table3)", 
        "(notexist sandw2)", 
        "(notexist sandw3)", 
        "(notexist sandw4)", 
        "(notexist sandw7)", 
        "(no_gluten_sandwich sandw6)", 
        "(served child3)", 
        "(no_gluten_sandwich sandw8)", 
        "(at tray2 table3)", 
        "(served child4)", 
        "(served child2)", 
        "(at tray1 kitchen)", 
        "(ontray sandw5 tray1)"
      ], 
      "delete_list": [
        "(at_kitchen_sandwich sandw5)"
      ]
    }, 
    {
      "action": "(move_tray tray1 kitchen table1)", 
      "add_list": [
        "(at tray1 table1)"
      ], 
      "state": 16, 
      "literals": [
        "(at_kitchen_bread bread2)", 
        "(at_kitchen_bread bread3)", 
        "(at_kitchen_content content1)", 
        "(at_kitchen_content content2)", 
        "(no_gluten_bread bread4)", 
        "(no_gluten_bread bread1)", 
        "(no_gluten_content content6)", 
        "(no_gluten_content content5)", 
        "(allergic_gluten child3)", 
        "(allergic_gluten child4)", 
        "(not_allergic_gluten child1)", 
        "(not_allergic_gluten child2)", 
        "(not_allergic_gluten child5)", 
        "(not_allergic_gluten child6)", 
        "(waiting child1 table1)", 
        "(waiting child2 table1)", 
        "(waiting child3 table1)", 
        "(waiting child4 table3)", 
        "(waiting child5 table1)", 
        "(waiting child6 table3)", 
        "(notexist sandw2)", 
        "(notexist sandw3)", 
        "(notexist sandw4)", 
        "(notexist sandw7)", 
        "(no_gluten_sandwich sandw6)", 
        "(served child3)", 
        "(no_gluten_sandwich sandw8)", 
        "(at tray2 table3)", 
        "(served child4)", 
        "(served child2)", 
        "(ontray sandw5 tray1)", 
        "(at tray1 table1)"
      ], 
      "delete_list": [
        "(at tray1 kitchen)"
      ]
    }, 
    {
      "action": "(serve_sandwich sandw5 child5 tray1 table1)", 
      "add_list": [
        "(served child5)"
      ], 
      "state": 17, 
      "literals": [
        "(at_kitchen_bread bread2)", 
        "(at_kitchen_bread bread3)", 
        "(at_kitchen_content content1)", 
        "(at_kitchen_content content2)", 
        "(no_gluten_bread bread4)", 
        "(no_gluten_bread bread1)", 
        "(no_gluten_content content6)", 
        "(no_gluten_content content5)", 
        "(allergic_gluten child3)", 
        "(allergic_gluten child4)", 
        "(not_allergic_gluten child1)", 
        "(not_allergic_gluten child2)", 
        "(not_allergic_gluten child5)", 
        "(not_allergic_gluten child6)", 
        "(waiting child1 table1)", 
        "(waiting child2 table1)", 
        "(waiting child3 table1)", 
        "(waiting child4 table3)", 
        "(waiting child5 table1)", 
        "(waiting child6 table3)", 
        "(notexist sandw2)", 
        "(notexist sandw3)", 
        "(notexist sandw4)", 
        "(notexist sandw7)", 
        "(no_gluten_sandwich sandw6)", 
        "(served child3)", 
        "(no_gluten_sandwich sandw8)", 
        "(at tray2 table3)", 
        "(served child4)", 
        "(served child2)", 
        "(at tray1 table1)", 
        "(served child5)"
      ], 
      "delete_list": [
        "(ontray sandw5 tray1)"
      ]
    }, 
    {
      "action": "(make_sandwich sandw7 bread3 content2)", 
      "add_list": [
        "(at_kitchen_sandwich sandw7)"
      ], 
      "state": 18, 
      "literals": [
        "(at_kitchen_bread bread2)", 
        "(at_kitchen_content content1)", 
        "(no_gluten_bread bread4)", 
        "(no_gluten_bread bread1)", 
        "(no_gluten_content content6)", 
        "(no_gluten_content content5)", 
        "(allergic_gluten child3)", 
        "(allergic_gluten child4)", 
        "(not_allergic_gluten child1)", 
        "(not_allergic_gluten child2)", 
        "(not_allergic_gluten child5)", 
        "(not_allergic_gluten child6)", 
        "(waiting child1 table1)", 
        "(waiting child2 table1)", 
        "(waiting child3 table1)", 
        "(waiting child4 table3)", 
        "(waiting child5 table1)", 
        "(waiting child6 table3)", 
        "(notexist sandw2)", 
        "(notexist sandw3)", 
        "(notexist sandw4)", 
        "(no_gluten_sandwich sandw6)", 
        "(served child3)", 
        "(no_gluten_sandwich sandw8)", 
        "(at tray2 table3)", 
        "(served child4)", 
        "(served child2)", 
        "(at tray1 table1)", 
        "(served child5)", 
        "(at_kitchen_sandwich sandw7)"
      ], 
      "delete_list": [
        "(at_kitchen_bread bread3)", 
        "(at_kitchen_content content2)", 
        "(notexist sandw7)"
      ]
    }, 
    {
      "action": "(move_tray tray1 table1 kitchen)", 
      "add_list": [
        "(at tray1 kitchen)"
      ], 
      "state": 19, 
      "literals": [
        "(at_kitchen_bread bread2)", 
        "(at_kitchen_content content1)", 
        "(no_gluten_bread bread4)", 
        "(no_gluten_bread bread1)", 
        "(no_gluten_content content6)", 
        "(no_gluten_content content5)", 
        "(allergic_gluten child3)", 
        "(allergic_gluten child4)", 
        "(not_allergic_gluten child1)", 
        "(not_allergic_gluten child2)", 
        "(not_allergic_gluten child5)", 
        "(not_allergic_gluten child6)", 
        "(waiting child1 table1)", 
        "(waiting child2 table1)", 
        "(waiting child3 table1)", 
        "(waiting child4 table3)", 
        "(waiting child5 table1)", 
        "(waiting child6 table3)", 
        "(notexist sandw2)", 
        "(notexist sandw3)", 
        "(notexist sandw4)", 
        "(no_gluten_sandwich sandw6)", 
        "(served child3)", 
        "(no_gluten_sandwich sandw8)", 
        "(at tray2 table3)", 
        "(served child4)", 
        "(served child2)", 
        "(served child5)", 
        "(at_kitchen_sandwich sandw7)", 
        "(at tray1 kitchen)"
      ], 
      "delete_list": [
        "(at tray1 table1)"
      ]
    }, 
    {
      "action": "(put_on_tray sandw7 tray1)", 
      "add_list": [
        "(ontray sandw7 tray1)"
      ], 
      "state": 20, 
      "literals": [
        "(at_kitchen_bread bread2)", 
        "(at_kitchen_content content1)", 
        "(no_gluten_bread bread4)", 
        "(no_gluten_bread bread1)", 
        "(no_gluten_content content6)", 
        "(no_gluten_content content5)", 
        "(allergic_gluten child3)", 
        "(allergic_gluten child4)", 
        "(not_allergic_gluten child1)", 
        "(not_allergic_gluten child2)", 
        "(not_allergic_gluten child5)", 
        "(not_allergic_gluten child6)", 
        "(waiting child1 table1)", 
        "(waiting child2 table1)", 
        "(waiting child3 table1)", 
        "(waiting child4 table3)", 
        "(waiting child5 table1)", 
        "(waiting child6 table3)", 
        "(notexist sandw2)", 
        "(notexist sandw3)", 
        "(notexist sandw4)", 
        "(no_gluten_sandwich sandw6)", 
        "(served child3)", 
        "(no_gluten_sandwich sandw8)", 
        "(at tray2 table3)", 
        "(served child4)", 
        "(served child2)", 
        "(served child5)", 
        "(at tray1 kitchen)", 
        "(ontray sandw7 tray1)"
      ], 
      "delete_list": [
        "(at_kitchen_sandwich sandw7)"
      ]
    }, 
    {
      "action": "(move_tray tray1 kitchen table1)", 
      "add_list": [
        "(at tray1 table1)"
      ], 
      "state": 21, 
      "literals": [
        "(at_kitchen_bread bread2)", 
        "(at_kitchen_content content1)", 
        "(no_gluten_bread bread4)", 
        "(no_gluten_bread bread1)", 
        "(no_gluten_content content6)", 
        "(no_gluten_content content5)", 
        "(allergic_gluten child3)", 
        "(allergic_gluten child4)", 
        "(not_allergic_gluten child1)", 
        "(not_allergic_gluten child2)", 
        "(not_allergic_gluten child5)", 
        "(not_allergic_gluten child6)", 
        "(waiting child1 table1)", 
        "(waiting child2 table1)", 
        "(waiting child3 table1)", 
        "(waiting child4 table3)", 
        "(waiting child5 table1)", 
        "(waiting child6 table3)", 
        "(notexist sandw2)", 
        "(notexist sandw3)", 
        "(notexist sandw4)", 
        "(no_gluten_sandwich sandw6)", 
        "(served child3)", 
        "(no_gluten_sandwich sandw8)", 
        "(at tray2 table3)", 
        "(served child4)", 
        "(served child2)", 
        "(served child5)", 
        "(ontray sandw7 tray1)", 
        "(at tray1 table1)"
      ], 
      "delete_list": [
        "(at tray1 kitchen)"
      ]
    }, 
    {
      "action": "(serve_sandwich sandw7 child1 tray1 table1)", 
      "add_list": [
        "(served child1)"
      ], 
      "state": 22, 
      "literals": [
        "(at_kitchen_bread bread2)", 
        "(at_kitchen_content content1)", 
        "(no_gluten_bread bread4)", 
        "(no_gluten_bread bread1)", 
        "(no_gluten_content content6)", 
        "(no_gluten_content content5)", 
        "(allergic_gluten child3)", 
        "(allergic_gluten child4)", 
        "(not_allergic_gluten child1)", 
        "(not_allergic_gluten child2)", 
        "(not_allergic_gluten child5)", 
        "(not_allergic_gluten child6)", 
        "(waiting child1 table1)", 
        "(waiting child2 table1)", 
        "(waiting child3 table1)", 
        "(waiting child4 table3)", 
        "(waiting child5 table1)", 
        "(waiting child6 table3)", 
        "(notexist sandw2)", 
        "(notexist sandw3)", 
        "(notexist sandw4)", 
        "(no_gluten_sandwich sandw6)", 
        "(served child3)", 
        "(no_gluten_sandwich sandw8)", 
        "(at tray2 table3)", 
        "(served child4)", 
        "(served child2)", 
        "(served child5)", 
        "(at tray1 table1)", 
        "(served child1)"
      ], 
      "delete_list": [
        "(ontray sandw7 tray1)"
      ]
    }, 
    {
      "action": "(make_sandwich sandw2 bread2 content1)", 
      "add_list": [
        "(at_kitchen_sandwich sandw2)"
      ], 
      "state": 23, 
      "literals": [
        "(no_gluten_bread bread4)", 
        "(no_gluten_bread bread1)", 
        "(no_gluten_content content6)", 
        "(no_gluten_content content5)", 
        "(allergic_gluten child3)", 
        "(allergic_gluten child4)", 
        "(not_allergic_gluten child1)", 
        "(not_allergic_gluten child2)", 
        "(not_allergic_gluten child5)", 
        "(not_allergic_gluten child6)", 
        "(waiting child1 table1)", 
        "(waiting child2 table1)", 
        "(waiting child3 table1)", 
        "(waiting child4 table3)", 
        "(waiting child5 table1)", 
        "(waiting child6 table3)", 
        "(notexist sandw3)", 
        "(notexist sandw4)", 
        "(no_gluten_sandwich sandw6)", 
        "(served child3)", 
        "(no_gluten_sandwich sandw8)", 
        "(at tray2 table3)", 
        "(served child4)", 
        "(served child2)", 
        "(served child5)", 
        "(at tray1 table1)", 
        "(served child1)", 
        "(at_kitchen_sandwich sandw2)"
      ], 
      "delete_list": [
        "(at_kitchen_bread bread2)", 
        "(at_kitchen_content content1)", 
        "(notexist sandw2)"
      ]
    }, 
    {
      "action": "(move_tray tray2 table3 kitchen)", 
      "add_list": [
        "(at tray2 kitchen)"
      ], 
      "state": 24, 
      "literals": [
        "(no_gluten_bread bread4)", 
        "(no_gluten_bread bread1)", 
        "(no_gluten_content content6)", 
        "(no_gluten_content content5)", 
        "(allergic_gluten child3)", 
        "(allergic_gluten child4)", 
        "(not_allergic_gluten child1)", 
        "(not_allergic_gluten child2)", 
        "(not_allergic_gluten child5)", 
        "(not_allergic_gluten child6)", 
        "(waiting child1 table1)", 
        "(waiting child2 table1)", 
        "(waiting child3 table1)", 
        "(waiting child4 table3)", 
        "(waiting child5 table1)", 
        "(waiting child6 table3)", 
        "(notexist sandw3)", 
        "(notexist sandw4)", 
        "(no_gluten_sandwich sandw6)", 
        "(served child3)", 
        "(no_gluten_sandwich sandw8)", 
        "(served child4)", 
        "(served child2)", 
        "(served child5)", 
        "(at tray1 table1)", 
        "(served child1)", 
        "(at_kitchen_sandwich sandw2)", 
        "(at tray2 kitchen)"
      ], 
      "delete_list": [
        "(at tray2 table3)"
      ]
    }, 
    {
      "action": "(put_on_tray sandw2 tray2)", 
      "add_list": [
        "(ontray sandw2 tray2)"
      ], 
      "state": 25, 
      "literals": [
        "(no_gluten_bread bread4)", 
        "(no_gluten_bread bread1)", 
        "(no_gluten_content content6)", 
        "(no_gluten_content content5)", 
        "(allergic_gluten child3)", 
        "(allergic_gluten child4)", 
        "(not_allergic_gluten child1)", 
        "(not_allergic_gluten child2)", 
        "(not_allergic_gluten child5)", 
        "(not_allergic_gluten child6)", 
        "(waiting child1 table1)", 
        "(waiting child2 table1)", 
        "(waiting child3 table1)", 
        "(waiting child4 table3)", 
        "(waiting child5 table1)", 
        "(waiting child6 table3)", 
        "(notexist sandw3)", 
        "(notexist sandw4)", 
        "(no_gluten_sandwich sandw6)", 
        "(served child3)", 
        "(no_gluten_sandwich sandw8)", 
        "(served child4)", 
        "(served child2)", 
        "(served child5)", 
        "(at tray1 table1)", 
        "(served child1)", 
        "(at tray2 kitchen)", 
        "(ontray sandw2 tray2)"
      ], 
      "delete_list": [
        "(at_kitchen_sandwich sandw2)"
      ]
    }, 
    {
      "action": "(move_tray tray2 kitchen table3)", 
      "add_list": [
        "(at tray2 table3)"
      ], 
      "state": 26, 
      "literals": [
        "(no_gluten_bread bread4)", 
        "(no_gluten_bread bread1)", 
        "(no_gluten_content content6)", 
        "(no_gluten_content content5)", 
        "(allergic_gluten child3)", 
        "(allergic_gluten child4)", 
        "(not_allergic_gluten child1)", 
        "(not_allergic_gluten child2)", 
        "(not_allergic_gluten child5)", 
        "(not_allergic_gluten child6)", 
        "(waiting child1 table1)", 
        "(waiting child2 table1)", 
        "(waiting child3 table1)", 
        "(waiting child4 table3)", 
        "(waiting child5 table1)", 
        "(waiting child6 table3)", 
        "(notexist sandw3)", 
        "(notexist sandw4)", 
        "(no_gluten_sandwich sandw6)", 
        "(served child3)", 
        "(no_gluten_sandwich sandw8)", 
        "(served child4)", 
        "(served child2)", 
        "(served child5)", 
        "(at tray1 table1)", 
        "(served child1)", 
        "(ontray sandw2 tray2)", 
        "(at tray2 table3)"
      ], 
      "delete_list": [
        "(at tray2 kitchen)"
      ]
    }, 
    {
      "action": "(serve_sandwich sandw2 child6 tray2 table3)", 
      "add_list": [
        "(served child6)"
      ], 
      "state": 27, 
      "literals": [
        "(no_gluten_bread bread4)", 
        "(no_gluten_bread bread1)", 
        "(no_gluten_content content6)", 
        "(no_gluten_content content5)", 
        "(allergic_gluten child3)", 
        "(allergic_gluten child4)", 
        "(not_allergic_gluten child1)", 
        "(not_allergic_gluten child2)", 
        "(not_allergic_gluten child5)", 
        "(not_allergic_gluten child6)", 
        "(waiting child1 table1)", 
        "(waiting child2 table1)", 
        "(waiting child3 table1)", 
        "(waiting child4 table3)", 
        "(waiting child5 table1)", 
        "(waiting child6 table3)", 
        "(notexist sandw3)", 
        "(notexist sandw4)", 
        "(no_gluten_sandwich sandw6)", 
        "(served child3)", 
        "(no_gluten_sandwich sandw8)", 
        "(served child4)", 
        "(served child2)", 
        "(served child5)", 
        "(at tray1 table1)", 
        "(served child1)", 
        "(at tray2 table3)", 
        "(served child6)"
      ], 
      "delete_list": [
        "(ontray sandw2 tray2)"
      ]
    }
  ], 
  "domain_id": 116
}