{
  "domain": "childsnack", 
  "inital_state": [
    "(at tray1 kitchen)", 
    "(at tray2 kitchen)", 
    "(at tray3 kitchen)", 
    "(at_kitchen_bread bread1)", 
    "(at_kitchen_bread bread2)", 
    "(at_kitchen_bread bread3)", 
    "(at_kitchen_bread bread4)", 
    "(at_kitchen_bread bread5)", 
    "(at_kitchen_bread bread6)", 
    "(at_kitchen_bread bread7)", 
    "(at_kitchen_bread bread8)", 
    "(at_kitchen_bread bread9)", 
    "(at_kitchen_content content1)", 
    "(at_kitchen_content content2)", 
    "(at_kitchen_content content3)", 
    "(at_kitchen_content content4)", 
    "(at_kitchen_content content5)", 
    "(at_kitchen_content content6)", 
    "(at_kitchen_content content7)", 
    "(at_kitchen_content content8)", 
    "(at_kitchen_content content9)", 
    "(no_gluten_bread bread6)", 
    "(no_gluten_bread bread2)", 
    "(no_gluten_bread bread7)", 
    "(no_gluten_content content9)", 
    "(no_gluten_content content4)", 
    "(no_gluten_content content5)", 
    "(allergic_gluten child9)", 
    "(allergic_gluten child2)", 
    "(allergic_gluten child3)", 
    "(not_allergic_gluten child1)", 
    "(not_allergic_gluten child4)", 
    "(not_allergic_gluten child5)", 
    "(not_allergic_gluten child6)", 
    "(not_allergic_gluten child7)", 
    "(not_allergic_gluten child8)", 
    "(waiting child1 table3)", 
    "(waiting child2 table1)", 
    "(waiting child3 table3)", 
    "(waiting child4 table1)", 
    "(waiting child5 table1)", 
    "(waiting child6 table1)", 
    "(waiting child7 table3)", 
    "(waiting child8 table2)", 
    "(waiting child9 table2)", 
    "(notexist sandw1)", 
    "(notexist sandw2)", 
    "(notexist sandw3)", 
    "(notexist sandw4)", 
    "(notexist sandw5)", 
    "(notexist sandw6)", 
    "(notexist sandw7)", 
    "(notexist sandw8)", 
    "(notexist sandw9)", 
    "(notexist sandw10)", 
    "(notexist sandw11)", 
    "(notexist sandw12)"
  ], 
  "negative_goals": [], 
  "problem_id": 4081, 
  "positive_goals": [
    "(served child1)", 
    "(served child2)", 
    "(served child3)", 
    "(served child4)", 
    "(served child5)", 
    "(served child6)", 
    "(served child7)", 
    "(served child8)", 
    "(served child9)"
  ], 
  "plan_length": 42, 
  "plan_literals": [
    {
      "action": "(make_sandwich_no_gluten sandw4 bread7 content9)", 
      "add_list": [
        "(at_kitchen_sandwich sandw4)", 
        "(no_gluten_sandwich sandw4)"
      ], 
      "state": 0, 
      "literals": [
        "(at tray1 kitchen)", 
        "(at tray2 kitchen)", 
        "(at tray3 kitchen)", 
        "(at_kitchen_bread bread1)", 
        "(at_kitchen_bread bread2)", 
        "(at_kitchen_bread bread3)", 
        "(at_kitchen_bread bread4)", 
        "(at_kitchen_bread bread5)", 
        "(at_kitchen_bread bread6)", 
        "(at_kitchen_bread bread8)", 
        "(at_kitchen_bread bread9)", 
        "(at_kitchen_content content1)", 
        "(at_kitchen_content content2)", 
        "(at_kitchen_content content3)", 
        "(at_kitchen_content content4)", 
        "(at_kitchen_content content5)", 
        "(at_kitchen_content content6)", 
        "(at_kitchen_content content7)", 
        "(at_kitchen_content content8)", 
        "(no_gluten_bread bread6)", 
        "(no_gluten_bread bread2)", 
        "(no_gluten_bread bread7)", 
        "(no_gluten_content content9)", 
        "(no_gluten_content content4)", 
        "(no_gluten_content content5)", 
        "(allergic_gluten child9)", 
        "(allergic_gluten child2)", 
        "(allergic_gluten child3)", 
        "(not_allergic_gluten child1)", 
        "(not_allergic_gluten child4)", 
        "(not_allergic_gluten child5)", 
        "(not_allergic_gluten child6)", 
        "(not_allergic_gluten child7)", 
        "(not_allergic_gluten child8)", 
        "(waiting child1 table3)", 
        "(waiting child2 table1)", 
        "(waiting child3 table3)", 
        "(waiting child4 table1)", 
        "(waiting child5 table1)", 
        "(waiting child6 table1)", 
        "(waiting child7 table3)", 
        "(waiting child8 table2)", 
        "(waiting child9 table2)", 
        "(notexist sandw1)", 
        "(notexist sandw2)", 
        "(notexist sandw3)", 
        "(notexist sandw5)", 
        "(notexist sandw6)", 
        "(notexist sandw7)", 
        "(notexist sandw8)", 
        "(notexist sandw9)", 
        "(notexist sandw10)", 
        "(notexist sandw11)", 
        "(notexist sandw12)", 
        "(at_kitchen_sandwich sandw4)", 
        "(no_gluten_sandwich sandw4)"
      ], 
      "delete_list": [
        "(at_kitchen_bread bread7)", 
        "(at_kitchen_content content9)", 
        "(notexist sandw4)"
      ]
    }, 
    {
      "action": "(put_on_tray sandw4 tray3)", 
      "add_list": [
        "(ontray sandw4 tray3)"
      ], 
      "state": 1, 
      "literals": [
        "(at tray1 kitchen)", 
        "(at tray2 kitchen)", 
        "(at tray3 kitchen)", 
        "(at_kitchen_bread bread1)", 
        "(at_kitchen_bread bread2)", 
        "(at_kitchen_bread bread3)", 
        "(at_kitchen_bread bread4)", 
        "(at_kitchen_bread bread5)", 
        "(at_kitchen_bread bread6)", 
        "(at_kitchen_bread bread8)", 
        "(at_kitchen_bread bread9)", 
        "(at_kitchen_content content1)", 
        "(at_kitchen_content content2)", 
        "(at_kitchen_content content3)", 
        "(at_kitchen_content content4)", 
        "(at_kitchen_content content5)", 
        "(at_kitchen_content content6)", 
        "(at_kitchen_content content7)", 
        "(at_kitchen_content content8)", 
        "(no_gluten_bread bread6)", 
        "(no_gluten_bread bread2)", 
        "(no_gluten_bread bread7)", 
        "(no_gluten_content content9)", 
        "(no_gluten_content content4)", 
        "(no_gluten_content content5)", 
        "(allergic_gluten child9)", 
        "(allergic_gluten child2)", 
        "(allergic_gluten child3)", 
        "(not_allergic_gluten child1)", 
        "(not_allergic_gluten child4)", 
        "(not_allergic_gluten child5)", 
        "(not_allergic_gluten child6)", 
        "(not_allergic_gluten child7)", 
        "(not_allergic_gluten child8)", 
        "(waiting child1 table3)", 
        "(waiting child2 table1)", 
        "(waiting child3 table3)", 
        "(waiting child4 table1)", 
        "(waiting child5 table1)", 
        "(waiting child6 table1)", 
        "(waiting child7 table3)", 
        "(waiting child8 table2)", 
        "(waiting child9 table2)", 
        "(notexist sandw1)", 
        "(notexist sandw2)", 
        "(notexist sandw3)", 
        "(notexist sandw5)", 
        "(notexist sandw6)", 
        "(notexist sandw7)", 
        "(notexist sandw8)", 
        "(notexist sandw9)", 
        "(notexist sandw10)", 
        "(notexist sandw11)", 
        "(notexist sandw12)", 
        "(no_gluten_sandwich sandw4)", 
        "(ontray sandw4 tray3)"
      ], 
      "delete_list": [
        "(at_kitchen_sandwich sandw4)"
      ]
    }, 
    {
      "action": "(move_tray tray3 kitchen table1)", 
      "add_list": [
        "(at tray3 table1)"
      ], 
      "state": 2, 
      "literals": [
        "(at tray1 kitchen)", 
        "(at tray2 kitchen)", 
        "(at_kitchen_bread bread1)", 
        "(at_kitchen_bread bread2)", 
        "(at_kitchen_bread bread3)", 
        "(at_kitchen_bread bread4)", 
        "(at_kitchen_bread bread5)", 
        "(at_kitchen_bread bread6)", 
        "(at_kitchen_bread bread8)", 
        "(at_kitchen_bread bread9)", 
        "(at_kitchen_content content1)", 
        "(at_kitchen_content content2)", 
        "(at_kitchen_content content3)", 
        "(at_kitchen_content content4)", 
        "(at_kitchen_content content5)", 
        "(at_kitchen_content content6)", 
        "(at_kitchen_content content7)", 
        "(at_kitchen_content content8)", 
        "(no_gluten_bread bread6)", 
        "(no_gluten_bread bread2)", 
        "(no_gluten_bread bread7)", 
        "(no_gluten_content content9)", 
        "(no_gluten_content content4)", 
        "(no_gluten_content content5)", 
        "(allergic_gluten child9)", 
        "(allergic_gluten child2)", 
        "(allergic_gluten child3)", 
        "(not_allergic_gluten child1)", 
        "(not_allergic_gluten child4)", 
        "(not_allergic_gluten child5)", 
        "(not_allergic_gluten child6)", 
        "(not_allergic_gluten child7)", 
        "(not_allergic_gluten child8)", 
        "(waiting child1 table3)", 
        "(waiting child2 table1)", 
        "(waiting child3 table3)", 
        "(waiting child4 table1)", 
        "(waiting child5 table1)", 
        "(waiting child6 table1)", 
        "(waiting child7 table3)", 
        "(waiting child8 table2)", 
        "(waiting child9 table2)", 
        "(notexist sandw1)", 
        "(notexist sandw2)", 
        "(notexist sandw3)", 
        "(notexist sandw5)", 
        "(notexist sandw6)", 
        "(notexist sandw7)", 
        "(notexist sandw8)", 
        "(notexist sandw9)", 
        "(notexist sandw10)", 
        "(notexist sandw11)", 
        "(notexist sandw12)", 
        "(no_gluten_sandwich sandw4)", 
        "(ontray sandw4 tray3)", 
        "(at tray3 table1)"
      ], 
      "delete_list": [
        "(at tray3 kitchen)"
      ]
    }, 
    {
      "action": "(serve_sandwich_no_gluten sandw4 child2 tray3 table1)", 
      "add_list": [
        "(served child2)"
      ], 
      "state": 3, 
      "literals": [
        "(at tray1 kitchen)", 
        "(at tray2 kitchen)", 
        "(at_kitchen_bread bread1)", 
        "(at_kitchen_bread bread2)", 
        "(at_kitchen_bread bread3)", 
        "(at_kitchen_bread bread4)", 
        "(at_kitchen_bread bread5)", 
        "(at_kitchen_bread bread6)", 
        "(at_kitchen_bread bread8)", 
        "(at_kitchen_bread bread9)", 
        "(at_kitchen_content content1)", 
        "(at_kitchen_content content2)", 
        "(at_kitchen_content content3)", 
        "(at_kitchen_content content4)", 
        "(at_kitchen_content content5)", 
        "(at_kitchen_content content6)", 
        "(at_kitchen_content content7)", 
        "(at_kitchen_content content8)", 
        "(no_gluten_bread bread6)", 
        "(no_gluten_bread bread2)", 
        "(no_gluten_bread bread7)", 
        "(no_gluten_content content9)", 
        "(no_gluten_content content4)", 
        "(no_gluten_content content5)", 
        "(allergic_gluten child9)", 
        "(allergic_gluten child2)", 
        "(allergic_gluten child3)", 
        "(not_allergic_gluten child1)", 
        "(not_allergic_gluten child4)", 
        "(not_allergic_gluten child5)", 
        "(not_allergic_gluten child6)", 
        "(not_allergic_gluten child7)", 
        "(not_allergic_gluten child8)", 
        "(waiting child1 table3)", 
        "(waiting child2 table1)", 
        "(waiting child3 table3)", 
        "(waiting child4 table1)", 
        "(waiting child5 table1)", 
        "(waiting child6 table1)", 
        "(waiting child7 table3)", 
        "(waiting child8 table2)", 
        "(waiting child9 table2)", 
        "(notexist sandw1)", 
        "(notexist sandw2)", 
        "(notexist sandw3)", 
        "(notexist sandw5)", 
        "(notexist sandw6)", 
        "(notexist sandw7)", 
        "(notexist sandw8)", 
        "(notexist sandw9)", 
        "(notexist sandw10)", 
        "(notexist sandw11)", 
        "(notexist sandw12)", 
        "(no_gluten_sandwich sandw4)", 
        "(at tray3 table1)", 
        "(served child2)"
      ], 
      "delete_list": [
        "(ontray sandw4 tray3)"
      ]
    }, 
    {
      "action": "(make_sandwich_no_gluten sandw7 bread6 content5)", 
      "add_list": [
        "(at_kitchen_sandwich sandw7)", 
        "(no_gluten_sandwich sandw7)"
      ], 
      "state": 4, 
      "literals": [
        "(at tray1 kitchen)", 
        "(at tray2 kitchen)", 
        "(at_kitchen_bread bread1)", 
        "(at_kitchen_bread bread2)", 
        "(at_kitchen_bread bread3)", 
        "(at_kitchen_bread bread4)", 
        "(at_kitchen_bread bread5)", 
        "(at_kitchen_bread bread8)", 
        "(at_kitchen_bread bread9)", 
        "(at_kitchen_content content1)", 
        "(at_kitchen_content content2)", 
        "(at_kitchen_content content3)", 
        "(at_kitchen_content content4)", 
        "(at_kitchen_content content6)", 
        "(at_kitchen_content content7)", 
        "(at_kitchen_content content8)", 
        "(no_gluten_bread bread6)", 
        "(no_gluten_bread bread2)", 
        "(no_gluten_bread bread7)", 
        "(no_gluten_content content9)", 
        "(no_gluten_content content4)", 
        "(no_gluten_content content5)", 
        "(allergic_gluten child9)", 
        "(allergic_gluten child2)", 
        "(allergic_gluten child3)", 
        "(not_allergic_gluten child1)", 
        "(not_allergic_gluten child4)", 
        "(not_allergic_gluten child5)", 
        "(not_allergic_gluten child6)", 
        "(not_allergic_gluten child7)", 
        "(not_allergic_gluten child8)", 
        "(waiting child1 table3)", 
        "(waiting child2 table1)", 
        "(waiting child3 table3)", 
        "(waiting child4 table1)", 
        "(waiting child5 table1)", 
        "(waiting child6 table1)", 
        "(waiting child7 table3)", 
        "(waiting child8 table2)", 
        "(waiting child9 table2)", 
        "(notexist sandw1)", 
        "(notexist sandw2)", 
        "(notexist sandw3)", 
        "(notexist sandw5)", 
        "(notexist sandw6)", 
        "(notexist sandw8)", 
        "(notexist sandw9)", 
        "(notexist sandw10)", 
        "(notexist sandw11)", 
        "(notexist sandw12)", 
        "(no_gluten_sandwich sandw4)", 
        "(at tray3 table1)", 
        "(served child2)", 
        "(at_kitchen_sandwich sandw7)", 
        "(no_gluten_sandwich sandw7)"
      ], 
      "delete_list": [
        "(at_kitchen_bread bread6)", 
        "(at_kitchen_content content5)", 
        "(notexist sandw7)"
      ]
    }, 
    {
      "action": "(put_on_tray sandw7 tray2)", 
      "add_list": [
        "(ontray sandw7 tray2)"
      ], 
      "state": 5, 
      "literals": [
        "(at tray1 kitchen)", 
        "(at tray2 kitchen)", 
        "(at_kitchen_bread bread1)", 
        "(at_kitchen_bread bread2)", 
        "(at_kitchen_bread bread3)", 
        "(at_kitchen_bread bread4)", 
        "(at_kitchen_bread bread5)", 
        "(at_kitchen_bread bread8)", 
        "(at_kitchen_bread bread9)", 
        "(at_kitchen_content content1)", 
        "(at_kitchen_content content2)", 
        "(at_kitchen_content content3)", 
        "(at_kitchen_content content4)", 
        "(at_kitchen_content content6)", 
        "(at_kitchen_content content7)", 
        "(at_kitchen_content content8)", 
        "(no_gluten_bread bread6)", 
        "(no_gluten_bread bread2)", 
        "(no_gluten_bread bread7)", 
        "(no_gluten_content content9)", 
        "(no_gluten_content content4)", 
        "(no_gluten_content content5)", 
        "(allergic_gluten child9)", 
        "(allergic_gluten child2)", 
        "(allergic_gluten child3)", 
        "(not_allergic_gluten child1)", 
        "(not_allergic_gluten child4)", 
        "(not_allergic_gluten child5)", 
        "(not_allergic_gluten child6)", 
        "(not_allergic_gluten child7)", 
        "(not_allergic_gluten child8)", 
        "(waiting child1 table3)", 
        "(waiting child2 table1)", 
        "(waiting child3 table3)", 
        "(waiting child4 table1)", 
        "(waiting child5 table1)", 
        "(waiting child6 table1)", 
        "(waiting child7 table3)", 
        "(waiting child8 table2)", 
        "(waiting child9 table2)", 
        "(notexist sandw1)", 
        "(notexist sandw2)", 
        "(notexist sandw3)", 
        "(notexist sandw5)", 
        "(notexist sandw6)", 
        "(notexist sandw8)", 
        "(notexist sandw9)", 
        "(notexist sandw10)", 
        "(notexist sandw11)", 
        "(notexist sandw12)", 
        "(no_gluten_sandwich sandw4)", 
        "(at tray3 table1)", 
        "(served child2)", 
        "(no_gluten_sandwich sandw7)", 
        "(ontray sandw7 tray2)"
      ], 
      "delete_list": [
        "(at_kitchen_sandwich sandw7)"
      ]
    }, 
    {
      "action": "(move_tray tray2 kitchen table3)", 
      "add_list": [
        "(at tray2 table3)"
      ], 
      "state": 6, 
      "literals": [
        "(at tray1 kitchen)", 
        "(at_kitchen_bread bread1)", 
        "(at_kitchen_bread bread2)", 
        "(at_kitchen_bread bread3)", 
        "(at_kitchen_bread bread4)", 
        "(at_kitchen_bread bread5)", 
        "(at_kitchen_bread bread8)", 
        "(at_kitchen_bread bread9)", 
        "(at_kitchen_content content1)", 
        "(at_kitchen_content content2)", 
        "(at_kitchen_content content3)", 
        "(at_kitchen_content content4)", 
        "(at_kitchen_content content6)", 
        "(at_kitchen_content content7)", 
        "(at_kitchen_content content8)", 
        "(no_gluten_bread bread6)", 
        "(no_gluten_bread bread2)", 
        "(no_gluten_bread bread7)", 
        "(no_gluten_content content9)", 
        "(no_gluten_content content4)", 
        "(no_gluten_content content5)", 
        "(allergic_gluten child9)", 
        "(allergic_gluten child2)", 
        "(allergic_gluten child3)", 
        "(not_allergic_gluten child1)", 
        "(not_allergic_gluten child4)", 
        "(not_allergic_gluten child5)", 
        "(not_allergic_gluten child6)", 
        "(not_allergic_gluten child7)", 
        "(not_allergic_gluten child8)", 
        "(waiting child1 table3)", 
        "(waiting child2 table1)", 
        "(waiting child3 table3)", 
        "(waiting child4 table1)", 
        "(waiting child5 table1)", 
        "(waiting child6 table1)", 
        "(waiting child7 table3)", 
        "(waiting child8 table2)", 
        "(waiting child9 table2)", 
        "(notexist sandw1)", 
        "(notexist sandw2)", 
        "(notexist sandw3)", 
        "(notexist sandw5)", 
        "(notexist sandw6)", 
        "(notexist sandw8)", 
        "(notexist sandw9)", 
        "(notexist sandw10)", 
        "(notexist sandw11)", 
        "(notexist sandw12)", 
        "(no_gluten_sandwich sandw4)", 
        "(at tray3 table1)", 
        "(served child2)", 
        "(no_gluten_sandwich sandw7)", 
        "(ontray sandw7 tray2)", 
        "(at tray2 table3)"
      ], 
      "delete_list": [
        "(at tray2 kitchen)"
      ]
    }, 
    {
      "action": "(serve_sandwich_no_gluten sandw7 child3 tray2 table3)", 
      "add_list": [
        "(served child3)"
      ], 
      "state": 7, 
      "literals": [
        "(at tray1 kitchen)", 
        "(at_kitchen_bread bread1)", 
        "(at_kitchen_bread bread2)", 
        "(at_kitchen_bread bread3)", 
        "(at_kitchen_bread bread4)", 
        "(at_kitchen_bread bread5)", 
        "(at_kitchen_bread bread8)", 
        "(at_kitchen_bread bread9)", 
        "(at_kitchen_content content1)", 
        "(at_kitchen_content content2)", 
        "(at_kitchen_content content3)", 
        "(at_kitchen_content content4)", 
        "(at_kitchen_content content6)", 
        "(at_kitchen_content content7)", 
        "(at_kitchen_content content8)", 
        "(no_gluten_bread bread6)", 
        "(no_gluten_bread bread2)", 
        "(no_gluten_bread bread7)", 
        "(no_gluten_content content9)", 
        "(no_gluten_content content4)", 
        "(no_gluten_content content5)", 
        "(allergic_gluten child9)", 
        "(allergic_gluten child2)", 
        "(allergic_gluten child3)", 
        "(not_allergic_gluten child1)", 
        "(not_allergic_gluten child4)", 
        "(not_allergic_gluten child5)", 
        "(not_allergic_gluten child6)", 
        "(not_allergic_gluten child7)", 
        "(not_allergic_gluten child8)", 
        "(waiting child1 table3)", 
        "(waiting child2 table1)", 
        "(waiting child3 table3)", 
        "(waiting child4 table1)", 
        "(waiting child5 table1)", 
        "(waiting child6 table1)", 
        "(waiting child7 table3)", 
        "(waiting child8 table2)", 
        "(waiting child9 table2)", 
        "(notexist sandw1)", 
        "(notexist sandw2)", 
        "(notexist sandw3)", 
        "(notexist sandw5)", 
        "(notexist sandw6)", 
        "(notexist sandw8)", 
        "(notexist sandw9)", 
        "(notexist sandw10)", 
        "(notexist sandw11)", 
        "(notexist sandw12)", 
        "(no_gluten_sandwich sandw4)", 
        "(at tray3 table1)", 
        "(served child2)", 
        "(no_gluten_sandwich sandw7)", 
        "(at tray2 table3)", 
        "(served child3)"
      ], 
      "delete_list": [
        "(ontray sandw7 tray2)"
      ]
    }, 
    {
      "action": "(make_sandwich_no_gluten sandw2 bread2 content4)", 
      "add_list": [
        "(at_kitchen_sandwich sandw2)", 
        "(no_gluten_sandwich sandw2)"
      ], 
      "state": 8, 
      "literals": [
        "(at tray1 kitchen)", 
        "(at_kitchen_bread bread1)", 
        "(at_kitchen_bread bread3)", 
        "(at_kitchen_bread bread4)", 
        "(at_kitchen_bread bread5)", 
        "(at_kitchen_bread bread8)", 
        "(at_kitchen_bread bread9)", 
        "(at_kitchen_content content1)", 
        "(at_kitchen_content content2)", 
        "(at_kitchen_content content3)", 
        "(at_kitchen_content content6)", 
        "(at_kitchen_content content7)", 
        "(at_kitchen_content content8)", 
        "(no_gluten_bread bread6)", 
        "(no_gluten_bread bread2)", 
        "(no_gluten_bread bread7)", 
        "(no_gluten_content content9)", 
        "(no_gluten_content content4)", 
        "(no_gluten_content content5)", 
        "(allergic_gluten child9)", 
        "(allergic_gluten child2)", 
        "(allergic_gluten child3)", 
        "(not_allergic_gluten child1)", 
        "(not_allergic_gluten child4)", 
        "(not_allergic_gluten child5)", 
        "(not_allergic_gluten child6)", 
        "(not_allergic_gluten child7)", 
        "(not_allergic_gluten child8)", 
        "(waiting child1 table3)", 
        "(waiting child2 table1)", 
        "(waiting child3 table3)", 
        "(waiting child4 table1)", 
        "(waiting child5 table1)", 
        "(waiting child6 table1)", 
        "(waiting child7 table3)", 
        "(waiting child8 table2)", 
        "(waiting child9 table2)", 
        "(notexist sandw1)", 
        "(notexist sandw3)", 
        "(notexist sandw5)", 
        "(notexist sandw6)", 
        "(notexist sandw8)", 
        "(notexist sandw9)", 
        "(notexist sandw10)", 
        "(notexist sandw11)", 
        "(notexist sandw12)", 
        "(no_gluten_sandwich sandw4)", 
        "(at tray3 table1)", 
        "(served child2)", 
        "(no_gluten_sandwich sandw7)", 
        "(at tray2 table3)", 
        "(served child3)", 
        "(at_kitchen_sandwich sandw2)", 
        "(no_gluten_sandwich sandw2)"
      ], 
      "delete_list": [
        "(at_kitchen_bread bread2)", 
        "(at_kitchen_content content4)", 
        "(notexist sandw2)"
      ]
    }, 
    {
      "action": "(put_on_tray sandw2 tray1)", 
      "add_list": [
        "(ontray sandw2 tray1)"
      ], 
      "state": 9, 
      "literals": [
        "(at tray1 kitchen)", 
        "(at_kitchen_bread bread1)", 
        "(at_kitchen_bread bread3)", 
        "(at_kitchen_bread bread4)", 
        "(at_kitchen_bread bread5)", 
        "(at_kitchen_bread bread8)", 
        "(at_kitchen_bread bread9)", 
        "(at_kitchen_content content1)", 
        "(at_kitchen_content content2)", 
        "(at_kitchen_content content3)", 
        "(at_kitchen_content content6)", 
        "(at_kitchen_content content7)", 
        "(at_kitchen_content content8)", 
        "(no_gluten_bread bread6)", 
        "(no_gluten_bread bread2)", 
        "(no_gluten_bread bread7)", 
        "(no_gluten_content content9)", 
        "(no_gluten_content content4)", 
        "(no_gluten_content content5)", 
        "(allergic_gluten child9)", 
        "(allergic_gluten child2)", 
        "(allergic_gluten child3)", 
        "(not_allergic_gluten child1)", 
        "(not_allergic_gluten child4)", 
        "(not_allergic_gluten child5)", 
        "(not_allergic_gluten child6)", 
        "(not_allergic_gluten child7)", 
        "(not_allergic_gluten child8)", 
        "(waiting child1 table3)", 
        "(waiting child2 table1)", 
        "(waiting child3 table3)", 
        "(waiting child4 table1)", 
        "(waiting child5 table1)", 
        "(waiting child6 table1)", 
        "(waiting child7 table3)", 
        "(waiting child8 table2)", 
        "(waiting child9 table2)", 
        "(notexist sandw1)", 
        "(notexist sandw3)", 
        "(notexist sandw5)", 
        "(notexist sandw6)", 
        "(notexist sandw8)", 
        "(notexist sandw9)", 
        "(notexist sandw10)", 
        "(notexist sandw11)", 
        "(notexist sandw12)", 
        "(no_gluten_sandwich sandw4)", 
        "(at tray3 table1)", 
        "(served child2)", 
        "(no_gluten_sandwich sandw7)", 
        "(at tray2 table3)", 
        "(served child3)", 
        "(no_gluten_sandwich sandw2)", 
        "(ontray sandw2 tray1)"
      ], 
      "delete_list": [
        "(at_kitchen_sandwich sandw2)"
      ]
    }, 
    {
      "action": "(move_tray tray1 kitchen table2)", 
      "add_list": [
        "(at tray1 table2)"
      ], 
      "state": 10, 
      "literals": [
        "(at_kitchen_bread bread1)", 
        "(at_kitchen_bread bread3)", 
        "(at_kitchen_bread bread4)", 
        "(at_kitchen_bread bread5)", 
        "(at_kitchen_bread bread8)", 
        "(at_kitchen_bread bread9)", 
        "(at_kitchen_content content1)", 
        "(at_kitchen_content content2)", 
        "(at_kitchen_content content3)", 
        "(at_kitchen_content content6)", 
        "(at_kitchen_content content7)", 
        "(at_kitchen_content content8)", 
        "(no_gluten_bread bread6)", 
        "(no_gluten_bread bread2)", 
        "(no_gluten_bread bread7)", 
        "(no_gluten_content content9)", 
        "(no_gluten_content content4)", 
        "(no_gluten_content content5)", 
        "(allergic_gluten child9)", 
        "(allergic_gluten child2)", 
        "(allergic_gluten child3)", 
        "(not_allergic_gluten child1)", 
        "(not_allergic_gluten child4)", 
        "(not_allergic_gluten child5)", 
        "(not_allergic_gluten child6)", 
        "(not_allergic_gluten child7)", 
        "(not_allergic_gluten child8)", 
        "(waiting child1 table3)", 
        "(waiting child2 table1)", 
        "(waiting child3 table3)", 
        "(waiting child4 table1)", 
        "(waiting child5 table1)", 
        "(waiting child6 table1)", 
        "(waiting child7 table3)", 
        "(waiting child8 table2)", 
        "(waiting child9 table2)", 
        "(notexist sandw1)", 
        "(notexist sandw3)", 
        "(notexist sandw5)", 
        "(notexist sandw6)", 
        "(notexist sandw8)", 
        "(notexist sandw9)", 
        "(notexist sandw10)", 
        "(notexist sandw11)", 
        "(notexist sandw12)", 
        "(no_gluten_sandwich sandw4)", 
        "(at tray3 table1)", 
        "(served child2)", 
        "(no_gluten_sandwich sandw7)", 
        "(at tray2 table3)", 
        "(served child3)", 
        "(no_gluten_sandwich sandw2)", 
        "(ontray sandw2 tray1)", 
        "(at tray1 table2)"
      ], 
      "delete_list": [
        "(at tray1 kitchen)"
      ]
    }, 
    {
      "action": "(serve_sandwich_no_gluten sandw2 child9 tray1 table2)", 
      "add_list": [
        "(served child9)"
      ], 
      "state": 11, 
      "literals": [
        "(at_kitchen_bread bread1)", 
        "(at_kitchen_bread bread3)", 
        "(at_kitchen_bread bread4)", 
        "(at_kitchen_bread bread5)", 
        "(at_kitchen_bread bread8)", 
        "(at_kitchen_bread bread9)", 
        "(at_kitchen_content content1)", 
        "(at_kitchen_content content2)", 
        "(at_kitchen_content content3)", 
        "(at_kitchen_content content6)", 
        "(at_kitchen_content content7)", 
        "(at_kitchen_content content8)", 
        "(no_gluten_bread bread6)", 
        "(no_gluten_bread bread2)", 
        "(no_gluten_bread bread7)", 
        "(no_gluten_content content9)", 
        "(no_gluten_content content4)", 
        "(no_gluten_content content5)", 
        "(allergic_gluten child9)", 
        "(allergic_gluten child2)", 
        "(allergic_gluten child3)", 
        "(not_allergic_gluten child1)", 
        "(not_allergic_gluten child4)", 
        "(not_allergic_gluten child5)", 
        "(not_allergic_gluten child6)", 
        "(not_allergic_gluten child7)", 
        "(not_allergic_gluten child8)", 
        "(waiting child1 table3)", 
        "(waiting child2 table1)", 
        "(waiting child3 table3)", 
        "(waiting child4 table1)", 
        "(waiting child5 table1)", 
        "(waiting child6 table1)", 
        "(waiting child7 table3)", 
        "(waiting child8 table2)", 
        "(waiting child9 table2)", 
        "(notexist sandw1)", 
        "(notexist sandw3)", 
        "(notexist sandw5)", 
        "(notexist sandw6)", 
        "(notexist sandw8)", 
        "(notexist sandw9)", 
        "(notexist sandw10)", 
        "(notexist sandw11)", 
        "(notexist sandw12)", 
        "(no_gluten_sandwich sandw4)", 
        "(at tray3 table1)", 
        "(served child2)", 
        "(no_gluten_sandwich sandw7)", 
        "(at tray2 table3)", 
        "(served child3)", 
        "(no_gluten_sandwich sandw2)", 
        "(at tray1 table2)", 
        "(served child9)"
      ], 
      "delete_list": [
        "(ontray sandw2 tray1)"
      ]
    }, 
    {
      "action": "(make_sandwich sandw9 bread9 content8)", 
      "add_list": [
        "(at_kitchen_sandwich sandw9)"
      ], 
      "state": 12, 
      "literals": [
        "(at_kitchen_bread bread1)", 
        "(at_kitchen_bread bread3)", 
        "(at_kitchen_bread bread4)", 
        "(at_kitchen_bread bread5)", 
        "(at_kitchen_bread bread8)", 
        "(at_kitchen_content content1)", 
        "(at_kitchen_content content2)", 
        "(at_kitchen_content content3)", 
        "(at_kitchen_content content6)", 
        "(at_kitchen_content content7)", 
        "(no_gluten_bread bread6)", 
        "(no_gluten_bread bread2)", 
        "(no_gluten_bread bread7)", 
        "(no_gluten_content content9)", 
        "(no_gluten_content content4)", 
        "(no_gluten_content content5)", 
        "(allergic_gluten child9)", 
        "(allergic_gluten child2)", 
        "(allergic_gluten child3)", 
        "(not_allergic_gluten child1)", 
        "(not_allergic_gluten child4)", 
        "(not_allergic_gluten child5)", 
        "(not_allergic_gluten child6)", 
        "(not_allergic_gluten child7)", 
        "(not_allergic_gluten child8)", 
        "(waiting child1 table3)", 
        "(waiting child2 table1)", 
        "(waiting child3 table3)", 
        "(waiting child4 table1)", 
        "(waiting child5 table1)", 
        "(waiting child6 table1)", 
        "(waiting child7 table3)", 
        "(waiting child8 table2)", 
        "(waiting child9 table2)", 
        "(notexist sandw1)", 
        "(notexist sandw3)", 
        "(notexist sandw5)", 
        "(notexist sandw6)", 
        "(notexist sandw8)", 
        "(notexist sandw10)", 
        "(notexist sandw11)", 
        "(notexist sandw12)", 
        "(no_gluten_sandwich sandw4)", 
        "(at tray3 table1)", 
        "(served child2)", 
        "(no_gluten_sandwich sandw7)", 
        "(at tray2 table3)", 
        "(served child3)", 
        "(no_gluten_sandwich sandw2)", 
        "(at tray1 table2)", 
        "(served child9)", 
        "(at_kitchen_sandwich sandw9)"
      ], 
      "delete_list": [
        "(at_kitchen_bread bread9)", 
        "(at_kitchen_content content8)", 
        "(notexist sandw9)"
      ]
    }, 
    {
      "action": "(move_tray tray3 table1 kitchen)", 
      "add_list": [
        "(at tray3 kitchen)"
      ], 
      "state": 13, 
      "literals": [
        "(at_kitchen_bread bread1)", 
        "(at_kitchen_bread bread3)", 
        "(at_kitchen_bread bread4)", 
        "(at_kitchen_bread bread5)", 
        "(at_kitchen_bread bread8)", 
        "(at_kitchen_content content1)", 
        "(at_kitchen_content content2)", 
        "(at_kitchen_content content3)", 
        "(at_kitchen_content content6)", 
        "(at_kitchen_content content7)", 
        "(no_gluten_bread bread6)", 
        "(no_gluten_bread bread2)", 
        "(no_gluten_bread bread7)", 
        "(no_gluten_content content9)", 
        "(no_gluten_content content4)", 
        "(no_gluten_content content5)", 
        "(allergic_gluten child9)", 
        "(allergic_gluten child2)", 
        "(allergic_gluten child3)", 
        "(not_allergic_gluten child1)", 
        "(not_allergic_gluten child4)", 
        "(not_allergic_gluten child5)", 
        "(not_allergic_gluten child6)", 
        "(not_allergic_gluten child7)", 
        "(not_allergic_gluten child8)", 
        "(waiting child1 table3)", 
        "(waiting child2 table1)", 
        "(waiting child3 table3)", 
        "(waiting child4 table1)", 
        "(waiting child5 table1)", 
        "(waiting child6 table1)", 
        "(waiting child7 table3)", 
        "(waiting child8 table2)", 
        "(waiting child9 table2)", 
        "(notexist sandw1)", 
        "(notexist sandw3)", 
        "(notexist sandw5)", 
        "(notexist sandw6)", 
        "(notexist sandw8)", 
        "(notexist sandw10)", 
        "(notexist sandw11)", 
        "(notexist sandw12)", 
        "(no_gluten_sandwich sandw4)", 
        "(served child2)", 
        "(no_gluten_sandwich sandw7)", 
        "(at tray2 table3)", 
        "(served child3)", 
        "(no_gluten_sandwich sandw2)", 
        "(at tray1 table2)", 
        "(served child9)", 
        "(at_kitchen_sandwich sandw9)", 
        "(at tray3 kitchen)"
      ], 
      "delete_list": [
        "(at tray3 table1)"
      ]
    }, 
    {
      "action": "(put_on_tray sandw9 tray3)", 
      "add_list": [
        "(ontray sandw9 tray3)"
      ], 
      "state": 14, 
      "literals": [
        "(at_kitchen_bread bread1)", 
        "(at_kitchen_bread bread3)", 
        "(at_kitchen_bread bread4)", 
        "(at_kitchen_bread bread5)", 
        "(at_kitchen_bread bread8)", 
        "(at_kitchen_content content1)", 
        "(at_kitchen_content content2)", 
        "(at_kitchen_content content3)", 
        "(at_kitchen_content content6)", 
        "(at_kitchen_content content7)", 
        "(no_gluten_bread bread6)", 
        "(no_gluten_bread bread2)", 
        "(no_gluten_bread bread7)", 
        "(no_gluten_content content9)", 
        "(no_gluten_content content4)", 
        "(no_gluten_content content5)", 
        "(allergic_gluten child9)", 
        "(allergic_gluten child2)", 
        "(allergic_gluten child3)", 
        "(not_allergic_gluten child1)", 
        "(not_allergic_gluten child4)", 
        "(not_allergic_gluten child5)", 
        "(not_allergic_gluten child6)", 
        "(not_allergic_gluten child7)", 
        "(not_allergic_gluten child8)", 
        "(waiting child1 table3)", 
        "(waiting child2 table1)", 
        "(waiting child3 table3)", 
        "(waiting child4 table1)", 
        "(waiting child5 table1)", 
        "(waiting child6 table1)", 
        "(waiting child7 table3)", 
        "(waiting child8 table2)", 
        "(waiting child9 table2)", 
        "(notexist sandw1)", 
        "(notexist sandw3)", 
        "(notexist sandw5)", 
        "(notexist sandw6)", 
        "(notexist sandw8)", 
        "(notexist sandw10)", 
        "(notexist sandw11)", 
        "(notexist sandw12)", 
        "(no_gluten_sandwich sandw4)", 
        "(served child2)", 
        "(no_gluten_sandwich sandw7)", 
        "(at tray2 table3)", 
        "(served child3)", 
        "(no_gluten_sandwich sandw2)", 
        "(at tray1 table2)", 
        "(served child9)", 
        "(at tray3 kitchen)", 
        "(ontray sandw9 tray3)"
      ], 
      "delete_list": [
        "(at_kitchen_sandwich sandw9)"
      ]
    }, 
    {
      "action": "(move_tray tray3 kitchen table1)", 
      "add_list": [
        "(at tray3 table1)"
      ], 
      "state": 15, 
      "literals": [
        "(at_kitchen_bread bread1)", 
        "(at_kitchen_bread bread3)", 
        "(at_kitchen_bread bread4)", 
        "(at_kitchen_bread bread5)", 
        "(at_kitchen_bread bread8)", 
        "(at_kitchen_content content1)", 
        "(at_kitchen_content content2)", 
        "(at_kitchen_content content3)", 
        "(at_kitchen_content content6)", 
        "(at_kitchen_content content7)", 
        "(no_gluten_bread bread6)", 
        "(no_gluten_bread bread2)", 
        "(no_gluten_bread bread7)", 
        "(no_gluten_content content9)", 
        "(no_gluten_content content4)", 
        "(no_gluten_content content5)", 
        "(allergic_gluten child9)", 
        "(allergic_gluten child2)", 
        "(allergic_gluten child3)", 
        "(not_allergic_gluten child1)", 
        "(not_allergic_gluten child4)", 
        "(not_allergic_gluten child5)", 
        "(not_allergic_gluten child6)", 
        "(not_allergic_gluten child7)", 
        "(not_allergic_gluten child8)", 
        "(waiting child1 table3)", 
        "(waiting child2 table1)", 
        "(waiting child3 table3)", 
        "(waiting child4 table1)", 
        "(waiting child5 table1)", 
        "(waiting child6 table1)", 
        "(waiting child7 table3)", 
        "(waiting child8 table2)", 
        "(waiting child9 table2)", 
        "(notexist sandw1)", 
        "(notexist sandw3)", 
        "(notexist sandw5)", 
        "(notexist sandw6)", 
        "(notexist sandw8)", 
        "(notexist sandw10)", 
        "(notexist sandw11)", 
        "(notexist sandw12)", 
        "(no_gluten_sandwich sandw4)", 
        "(served child2)", 
        "(no_gluten_sandwich sandw7)", 
        "(at tray2 table3)", 
        "(served child3)", 
        "(no_gluten_sandwich sandw2)", 
        "(at tray1 table2)", 
        "(served child9)", 
        "(ontray sandw9 tray3)", 
        "(at tray3 table1)"
      ], 
      "delete_list": [
        "(at tray3 kitchen)"
      ]
    }, 
    {
      "action": "(serve_sandwich sandw9 child5 tray3 table1)", 
      "add_list": [
        "(served child5)"
      ], 
      "state": 16, 
      "literals": [
        "(at_kitchen_bread bread1)", 
        "(at_kitchen_bread bread3)", 
        "(at_kitchen_bread bread4)", 
        "(at_kitchen_bread bread5)", 
        "(at_kitchen_bread bread8)", 
        "(at_kitchen_content content1)", 
        "(at_kitchen_content content2)", 
        "(at_kitchen_content content3)", 
        "(at_kitchen_content content6)", 
        "(at_kitchen_content content7)", 
        "(no_gluten_bread bread6)", 
        "(no_gluten_bread bread2)", 
        "(no_gluten_bread bread7)", 
        "(no_gluten_content content9)", 
        "(no_gluten_content content4)", 
        "(no_gluten_content content5)", 
        "(allergic_gluten child9)", 
        "(allergic_gluten child2)", 
        "(allergic_gluten child3)", 
        "(not_allergic_gluten child1)", 
        "(not_allergic_gluten child4)", 
        "(not_allergic_gluten child5)", 
        "(not_allergic_gluten child6)", 
        "(not_allergic_gluten child7)", 
        "(not_allergic_gluten child8)", 
        "(waiting child1 table3)", 
        "(waiting child2 table1)", 
        "(waiting child3 table3)", 
        "(waiting child4 table1)", 
        "(waiting child5 table1)", 
        "(waiting child6 table1)", 
        "(waiting child7 table3)", 
        "(waiting child8 table2)", 
        "(waiting child9 table2)", 
        "(notexist sandw1)", 
        "(notexist sandw3)", 
        "(notexist sandw5)", 
        "(notexist sandw6)", 
        "(notexist sandw8)", 
        "(notexist sandw10)", 
        "(notexist sandw11)", 
        "(notexist sandw12)", 
        "(no_gluten_sandwich sandw4)", 
        "(served child2)", 
        "(no_gluten_sandwich sandw7)", 
        "(at tray2 table3)", 
        "(served child3)", 
        "(no_gluten_sandwich sandw2)", 
        "(at tray1 table2)", 
        "(served child9)", 
        "(at tray3 table1)", 
        "(served child5)"
      ], 
      "delete_list": [
        "(ontray sandw9 tray3)"
      ]
    }, 
    {
      "action": "(make_sandwich sandw8 bread8 content7)", 
      "add_list": [
        "(at_kitchen_sandwich sandw8)"
      ], 
      "state": 17, 
      "literals": [
        "(at_kitchen_bread bread1)", 
        "(at_kitchen_bread bread3)", 
        "(at_kitchen_bread bread4)", 
        "(at_kitchen_bread bread5)", 
        "(at_kitchen_content content1)", 
        "(at_kitchen_content content2)", 
        "(at_kitchen_content content3)", 
        "(at_kitchen_content content6)", 
        "(no_gluten_bread bread6)", 
        "(no_gluten_bread bread2)", 
        "(no_gluten_bread bread7)", 
        "(no_gluten_content content9)", 
        "(no_gluten_content content4)", 
        "(no_gluten_content content5)", 
        "(allergic_gluten child9)", 
        "(allergic_gluten child2)", 
        "(allergic_gluten child3)", 
        "(not_allergic_gluten child1)", 
        "(not_allergic_gluten child4)", 
        "(not_allergic_gluten child5)", 
        "(not_allergic_gluten child6)", 
        "(not_allergic_gluten child7)", 
        "(not_allergic_gluten child8)", 
        "(waiting child1 table3)", 
        "(waiting child2 table1)", 
        "(waiting child3 table3)", 
        "(waiting child4 table1)", 
        "(waiting child5 table1)", 
        "(waiting child6 table1)", 
        "(waiting child7 table3)", 
        "(waiting child8 table2)", 
        "(waiting child9 table2)", 
        "(notexist sandw1)", 
        "(notexist sandw3)", 
        "(notexist sandw5)", 
        "(notexist sandw6)", 
        "(notexist sandw10)", 
        "(notexist sandw11)", 
        "(notexist sandw12)", 
        "(no_gluten_sandwich sandw4)", 
        "(served child2)", 
        "(no_gluten_sandwich sandw7)", 
        "(at tray2 table3)", 
        "(served child3)", 
        "(no_gluten_sandwich sandw2)", 
        "(at tray1 table2)", 
        "(served child9)", 
        "(at tray3 table1)", 
        "(served child5)", 
        "(at_kitchen_sandwich sandw8)"
      ], 
      "delete_list": [
        "(at_kitchen_bread bread8)", 
        "(at_kitchen_content content7)", 
        "(notexist sandw8)"
      ]
    }, 
    {
      "action": "(move_tray tray3 table1 kitchen)", 
      "add_list": [
        "(at tray3 kitchen)"
      ], 
      "state": 18, 
      "literals": [
        "(at_kitchen_bread bread1)", 
        "(at_kitchen_bread bread3)", 
        "(at_kitchen_bread bread4)", 
        "(at_kitchen_bread bread5)", 
        "(at_kitchen_content content1)", 
        "(at_kitchen_content content2)", 
        "(at_kitchen_content content3)", 
        "(at_kitchen_content content6)", 
        "(no_gluten_bread bread6)", 
        "(no_gluten_bread bread2)", 
        "(no_gluten_bread bread7)", 
        "(no_gluten_content content9)", 
        "(no_gluten_content content4)", 
        "(no_gluten_content content5)", 
        "(allergic_gluten child9)", 
        "(allergic_gluten child2)", 
        "(allergic_gluten child3)", 
        "(not_allergic_gluten child1)", 
        "(not_allergic_gluten child4)", 
        "(not_allergic_gluten child5)", 
        "(not_allergic_gluten child6)", 
        "(not_allergic_gluten child7)", 
        "(not_allergic_gluten child8)", 
        "(waiting child1 table3)", 
        "(waiting child2 table1)", 
        "(waiting child3 table3)", 
        "(waiting child4 table1)", 
        "(waiting child5 table1)", 
        "(waiting child6 table1)", 
        "(waiting child7 table3)", 
        "(waiting child8 table2)", 
        "(waiting child9 table2)", 
        "(notexist sandw1)", 
        "(notexist sandw3)", 
        "(notexist sandw5)", 
        "(notexist sandw6)", 
        "(notexist sandw10)", 
        "(notexist sandw11)", 
        "(notexist sandw12)", 
        "(no_gluten_sandwich sandw4)", 
        "(served child2)", 
        "(no_gluten_sandwich sandw7)", 
        "(at tray2 table3)", 
        "(served child3)", 
        "(no_gluten_sandwich sandw2)", 
        "(at tray1 table2)", 
        "(served child9)", 
        "(served child5)", 
        "(at_kitchen_sandwich sandw8)", 
        "(at tray3 kitchen)"
      ], 
      "delete_list": [
        "(at tray3 table1)"
      ]
    }, 
    {
      "action": "(put_on_tray sandw8 tray3)", 
      "add_list": [
        "(ontray sandw8 tray3)"
      ], 
      "state": 19, 
      "literals": [
        "(at_kitchen_bread bread1)", 
        "(at_kitchen_bread bread3)", 
        "(at_kitchen_bread bread4)", 
        "(at_kitchen_bread bread5)", 
        "(at_kitchen_content content1)", 
        "(at_kitchen_content content2)", 
        "(at_kitchen_content content3)", 
        "(at_kitchen_content content6)", 
        "(no_gluten_bread bread6)", 
        "(no_gluten_bread bread2)", 
        "(no_gluten_bread bread7)", 
        "(no_gluten_content content9)", 
        "(no_gluten_content content4)", 
        "(no_gluten_content content5)", 
        "(allergic_gluten child9)", 
        "(allergic_gluten child2)", 
        "(allergic_gluten child3)", 
        "(not_allergic_gluten child1)", 
        "(not_allergic_gluten child4)", 
        "(not_allergic_gluten child5)", 
        "(not_allergic_gluten child6)", 
        "(not_allergic_gluten child7)", 
        "(not_allergic_gluten child8)", 
        "(waiting child1 table3)", 
        "(waiting child2 table1)", 
        "(waiting child3 table3)", 
        "(waiting child4 table1)", 
        "(waiting child5 table1)", 
        "(waiting child6 table1)", 
        "(waiting child7 table3)", 
        "(waiting child8 table2)", 
        "(waiting child9 table2)", 
        "(notexist sandw1)", 
        "(notexist sandw3)", 
        "(notexist sandw5)", 
        "(notexist sandw6)", 
        "(notexist sandw10)", 
        "(notexist sandw11)", 
        "(notexist sandw12)", 
        "(no_gluten_sandwich sandw4)", 
        "(served child2)", 
        "(no_gluten_sandwich sandw7)", 
        "(at tray2 table3)", 
        "(served child3)", 
        "(no_gluten_sandwich sandw2)", 
        "(at tray1 table2)", 
        "(served child9)", 
        "(served child5)", 
        "(at tray3 kitchen)", 
        "(ontray sandw8 tray3)"
      ], 
      "delete_list": [
        "(at_kitchen_sandwich sandw8)"
      ]
    }, 
    {
      "action": "(move_tray tray3 kitchen table3)", 
      "add_list": [
        "(at tray3 table3)"
      ], 
      "state": 20, 
      "literals": [
        "(at_kitchen_bread bread1)", 
        "(at_kitchen_bread bread3)", 
        "(at_kitchen_bread bread4)", 
        "(at_kitchen_bread bread5)", 
        "(at_kitchen_content content1)", 
        "(at_kitchen_content content2)", 
        "(at_kitchen_content content3)", 
        "(at_kitchen_content content6)", 
        "(no_gluten_bread bread6)", 
        "(no_gluten_bread bread2)", 
        "(no_gluten_bread bread7)", 
        "(no_gluten_content content9)", 
        "(no_gluten_content content4)", 
        "(no_gluten_content content5)", 
        "(allergic_gluten child9)", 
        "(allergic_gluten child2)", 
        "(allergic_gluten child3)", 
        "(not_allergic_gluten child1)", 
        "(not_allergic_gluten child4)", 
        "(not_allergic_gluten child5)", 
        "(not_allergic_gluten child6)", 
        "(not_allergic_gluten child7)", 
        "(not_allergic_gluten child8)", 
        "(waiting child1 table3)", 
        "(waiting child2 table1)", 
        "(waiting child3 table3)", 
        "(waiting child4 table1)", 
        "(waiting child5 table1)", 
        "(waiting child6 table1)", 
        "(waiting child7 table3)", 
        "(waiting child8 table2)", 
        "(waiting child9 table2)", 
        "(notexist sandw1)", 
        "(notexist sandw3)", 
        "(notexist sandw5)", 
        "(notexist sandw6)", 
        "(notexist sandw10)", 
        "(notexist sandw11)", 
        "(notexist sandw12)", 
        "(no_gluten_sandwich sandw4)", 
        "(served child2)", 
        "(no_gluten_sandwich sandw7)", 
        "(at tray2 table3)", 
        "(served child3)", 
        "(no_gluten_sandwich sandw2)", 
        "(at tray1 table2)", 
        "(served child9)", 
        "(served child5)", 
        "(ontray sandw8 tray3)", 
        "(at tray3 table3)"
      ], 
      "delete_list": [
        "(at tray3 kitchen)"
      ]
    }, 
    {
      "action": "(serve_sandwich sandw8 child1 tray3 table3)", 
      "add_list": [
        "(served child1)"
      ], 
      "state": 21, 
      "literals": [
        "(at_kitchen_bread bread1)", 
        "(at_kitchen_bread bread3)", 
        "(at_kitchen_bread bread4)", 
        "(at_kitchen_bread bread5)", 
        "(at_kitchen_content content1)", 
        "(at_kitchen_content content2)", 
        "(at_kitchen_content content3)", 
        "(at_kitchen_content content6)", 
        "(no_gluten_bread bread6)", 
        "(no_gluten_bread bread2)", 
        "(no_gluten_bread bread7)", 
        "(no_gluten_content content9)", 
        "(no_gluten_content content4)", 
        "(no_gluten_content content5)", 
        "(allergic_gluten child9)", 
        "(allergic_gluten child2)", 
        "(allergic_gluten child3)", 
        "(not_allergic_gluten child1)", 
        "(not_allergic_gluten child4)", 
        "(not_allergic_gluten child5)", 
        "(not_allergic_gluten child6)", 
        "(not_allergic_gluten child7)", 
        "(not_allergic_gluten child8)", 
        "(waiting child1 table3)", 
        "(waiting child2 table1)", 
        "(waiting child3 table3)", 
        "(waiting child4 table1)", 
        "(waiting child5 table1)", 
        "(waiting child6 table1)", 
        "(waiting child7 table3)", 
        "(waiting child8 table2)", 
        "(waiting child9 table2)", 
        "(notexist sandw1)", 
        "(notexist sandw3)", 
        "(notexist sandw5)", 
        "(notexist sandw6)", 
        "(notexist sandw10)", 
        "(notexist sandw11)", 
        "(notexist sandw12)", 
        "(no_gluten_sandwich sandw4)", 
        "(served child2)", 
        "(no_gluten_sandwich sandw7)", 
        "(at tray2 table3)", 
        "(served child3)", 
        "(no_gluten_sandwich sandw2)", 
        "(at tray1 table2)", 
        "(served child9)", 
        "(served child5)", 
        "(at tray3 table3)", 
        "(served child1)"
      ], 
      "delete_list": [
        "(ontray sandw8 tray3)"
      ]
    }, 
    {
      "action": "(make_sandwich sandw3 bread5 content6)", 
      "add_list": [
        "(at_kitchen_sandwich sandw3)"
      ], 
      "state": 22, 
      "literals": [
        "(at_kitchen_bread bread1)", 
        "(at_kitchen_bread bread3)", 
        "(at_kitchen_bread bread4)", 
        "(at_kitchen_content content1)", 
        "(at_kitchen_content content2)", 
        "(at_kitchen_content content3)", 
        "(no_gluten_bread bread6)", 
        "(no_gluten_bread bread2)", 
        "(no_gluten_bread bread7)", 
        "(no_gluten_content content9)", 
        "(no_gluten_content content4)", 
        "(no_gluten_content content5)", 
        "(allergic_gluten child9)", 
        "(allergic_gluten child2)", 
        "(allergic_gluten child3)", 
        "(not_allergic_gluten child1)", 
        "(not_allergic_gluten child4)", 
        "(not_allergic_gluten child5)", 
        "(not_allergic_gluten child6)", 
        "(not_allergic_gluten child7)", 
        "(not_allergic_gluten child8)", 
        "(waiting child1 table3)", 
        "(waiting child2 table1)", 
        "(waiting child3 table3)", 
        "(waiting child4 table1)", 
        "(waiting child5 table1)", 
        "(waiting child6 table1)", 
        "(waiting child7 table3)", 
        "(waiting child8 table2)", 
        "(waiting child9 table2)", 
        "(notexist sandw1)", 
        "(notexist sandw5)", 
        "(notexist sandw6)", 
        "(notexist sandw10)", 
        "(notexist sandw11)", 
        "(notexist sandw12)", 
        "(no_gluten_sandwich sandw4)", 
        "(served child2)", 
        "(no_gluten_sandwich sandw7)", 
        "(at tray2 table3)", 
        "(served child3)", 
        "(no_gluten_sandwich sandw2)", 
        "(at tray1 table2)", 
        "(served child9)", 
        "(served child5)", 
        "(at tray3 table3)", 
        "(served child1)", 
        "(at_kitchen_sandwich sandw3)"
      ], 
      "delete_list": [
        "(at_kitchen_bread bread5)", 
        "(at_kitchen_content content6)", 
        "(notexist sandw3)"
      ]
    }, 
    {
      "action": "(move_tray tray3 table3 kitchen)", 
      "add_list": [
        "(at tray3 kitchen)"
      ], 
      "state": 23, 
      "literals": [
        "(at_kitchen_bread bread1)", 
        "(at_kitchen_bread bread3)", 
        "(at_kitchen_bread bread4)", 
        "(at_kitchen_content content1)", 
        "(at_kitchen_content content2)", 
        "(at_kitchen_content content3)", 
        "(no_gluten_bread bread6)", 
        "(no_gluten_bread bread2)", 
        "(no_gluten_bread bread7)", 
        "(no_gluten_content content9)", 
        "(no_gluten_content content4)", 
        "(no_gluten_content content5)", 
        "(allergic_gluten child9)", 
        "(allergic_gluten child2)", 
        "(allergic_gluten child3)", 
        "(not_allergic_gluten child1)", 
        "(not_allergic_gluten child4)", 
        "(not_allergic_gluten child5)", 
        "(not_allergic_gluten child6)", 
        "(not_allergic_gluten child7)", 
        "(not_allergic_gluten child8)", 
        "(waiting child1 table3)", 
        "(waiting child2 table1)", 
        "(waiting child3 table3)", 
        "(waiting child4 table1)", 
        "(waiting child5 table1)", 
        "(waiting child6 table1)", 
        "(waiting child7 table3)", 
        "(waiting child8 table2)", 
        "(waiting child9 table2)", 
        "(notexist sandw1)", 
        "(notexist sandw5)", 
        "(notexist sandw6)", 
        "(notexist sandw10)", 
        "(notexist sandw11)", 
        "(notexist sandw12)", 
        "(no_gluten_sandwich sandw4)", 
        "(served child2)", 
        "(no_gluten_sandwich sandw7)", 
        "(at tray2 table3)", 
        "(served child3)", 
        "(no_gluten_sandwich sandw2)", 
        "(at tray1 table2)", 
        "(served child9)", 
        "(served child5)", 
        "(served child1)", 
        "(at_kitchen_sandwich sandw3)", 
        "(at tray3 kitchen)"
      ], 
      "delete_list": [
        "(at tray3 table3)"
      ]
    }, 
    {
      "action": "(put_on_tray sandw3 tray3)", 
      "add_list": [
        "(ontray sandw3 tray3)"
      ], 
      "state": 24, 
      "literals": [
        "(at_kitchen_bread bread1)", 
        "(at_kitchen_bread bread3)", 
        "(at_kitchen_bread bread4)", 
        "(at_kitchen_content content1)", 
        "(at_kitchen_content content2)", 
        "(at_kitchen_content content3)", 
        "(no_gluten_bread bread6)", 
        "(no_gluten_bread bread2)", 
        "(no_gluten_bread bread7)", 
        "(no_gluten_content content9)", 
        "(no_gluten_content content4)", 
        "(no_gluten_content content5)", 
        "(allergic_gluten child9)", 
        "(allergic_gluten child2)", 
        "(allergic_gluten child3)", 
        "(not_allergic_gluten child1)", 
        "(not_allergic_gluten child4)", 
        "(not_allergic_gluten child5)", 
        "(not_allergic_gluten child6)", 
        "(not_allergic_gluten child7)", 
        "(not_allergic_gluten child8)", 
        "(waiting child1 table3)", 
        "(waiting child2 table1)", 
        "(waiting child3 table3)", 
        "(waiting child4 table1)", 
        "(waiting child5 table1)", 
        "(waiting child6 table1)", 
        "(waiting child7 table3)", 
        "(waiting child8 table2)", 
        "(waiting child9 table2)", 
        "(notexist sandw1)", 
        "(notexist sandw5)", 
        "(notexist sandw6)", 
        "(notexist sandw10)", 
        "(notexist sandw11)", 
        "(notexist sandw12)", 
        "(no_gluten_sandwich sandw4)", 
        "(served child2)", 
        "(no_gluten_sandwich sandw7)", 
        "(at tray2 table3)", 
        "(served child3)", 
        "(no_gluten_sandwich sandw2)", 
        "(at tray1 table2)", 
        "(served child9)", 
        "(served child5)", 
        "(served child1)", 
        "(at tray3 kitchen)", 
        "(ontray sandw3 tray3)"
      ], 
      "delete_list": [
        "(at_kitchen_sandwich sandw3)"
      ]
    }, 
    {
      "action": "(move_tray tray3 kitchen table1)", 
      "add_list": [
        "(at tray3 table1)"
      ], 
      "state": 25, 
      "literals": [
        "(at_kitchen_bread bread1)", 
        "(at_kitchen_bread bread3)", 
        "(at_kitchen_bread bread4)", 
        "(at_kitchen_content content1)", 
        "(at_kitchen_content content2)", 
        "(at_kitchen_content content3)", 
        "(no_gluten_bread bread6)", 
        "(no_gluten_bread bread2)", 
        "(no_gluten_bread bread7)", 
        "(no_gluten_content content9)", 
        "(no_gluten_content content4)", 
        "(no_gluten_content content5)", 
        "(allergic_gluten child9)", 
        "(allergic_gluten child2)", 
        "(allergic_gluten child3)", 
        "(not_allergic_gluten child1)", 
        "(not_allergic_gluten child4)", 
        "(not_allergic_gluten child5)", 
        "(not_allergic_gluten child6)", 
        "(not_allergic_gluten child7)", 
        "(not_allergic_gluten child8)", 
        "(waiting child1 table3)", 
        "(waiting child2 table1)", 
        "(waiting child3 table3)", 
        "(waiting child4 table1)", 
        "(waiting child5 table1)", 
        "(waiting child6 table1)", 
        "(waiting child7 table3)", 
        "(waiting child8 table2)", 
        "(waiting child9 table2)", 
        "(notexist sandw1)", 
        "(notexist sandw5)", 
        "(notexist sandw6)", 
        "(notexist sandw10)", 
        "(notexist sandw11)", 
        "(notexist sandw12)", 
        "(no_gluten_sandwich sandw4)", 
        "(served child2)", 
        "(no_gluten_sandwich sandw7)", 
        "(at tray2 table3)", 
        "(served child3)", 
        "(no_gluten_sandwich sandw2)", 
        "(at tray1 table2)", 
        "(served child9)", 
        "(served child5)", 
        "(served child1)", 
        "(ontray sandw3 tray3)", 
        "(at tray3 table1)"
      ], 
      "delete_list": [
        "(at tray3 kitchen)"
      ]
    }, 
    {
      "action": "(serve_sandwich sandw3 child6 tray3 table1)", 
      "add_list": [
        "(served child6)"
      ], 
      "state": 26, 
      "literals": [
        "(at_kitchen_bread bread1)", 
        "(at_kitchen_bread bread3)", 
        "(at_kitchen_bread bread4)", 
        "(at_kitchen_content content1)", 
        "(at_kitchen_content content2)", 
        "(at_kitchen_content content3)", 
        "(no_gluten_bread bread6)", 
        "(no_gluten_bread bread2)", 
        "(no_gluten_bread bread7)", 
        "(no_gluten_content content9)", 
        "(no_gluten_content content4)", 
        "(no_gluten_content content5)", 
        "(allergic_gluten child9)", 
        "(allergic_gluten child2)", 
        "(allergic_gluten child3)", 
        "(not_allergic_gluten child1)", 
        "(not_allergic_gluten child4)", 
        "(not_allergic_gluten child5)", 
        "(not_allergic_gluten child6)", 
        "(not_allergic_gluten child7)", 
        "(not_allergic_gluten child8)", 
        "(waiting child1 table3)", 
        "(waiting child2 table1)", 
        "(waiting child3 table3)", 
        "(waiting child4 table1)", 
        "(waiting child5 table1)", 
        "(waiting child6 table1)", 
        "(waiting child7 table3)", 
        "(waiting child8 table2)", 
        "(waiting child9 table2)", 
        "(notexist sandw1)", 
        "(notexist sandw5)", 
        "(notexist sandw6)", 
        "(notexist sandw10)", 
        "(notexist sandw11)", 
        "(notexist sandw12)", 
        "(no_gluten_sandwich sandw4)", 
        "(served child2)", 
        "(no_gluten_sandwich sandw7)", 
        "(at tray2 table3)", 
        "(served child3)", 
        "(no_gluten_sandwich sandw2)", 
        "(at tray1 table2)", 
        "(served child9)", 
        "(served child5)", 
        "(served child1)", 
        "(at tray3 table1)", 
        "(served child6)"
      ], 
      "delete_list": [
        "(ontray sandw3 tray3)"
      ]
    }, 
    {
      "action": "(make_sandwich sandw6 bread4 content3)", 
      "add_list": [
        "(at_kitchen_sandwich sandw6)"
      ], 
      "state": 27, 
      "literals": [
        "(at_kitchen_bread bread1)", 
        "(at_kitchen_bread bread3)", 
        "(at_kitchen_content content1)", 
        "(at_kitchen_content content2)", 
        "(no_gluten_bread bread6)", 
        "(no_gluten_bread bread2)", 
        "(no_gluten_bread bread7)", 
        "(no_gluten_content content9)", 
        "(no_gluten_content content4)", 
        "(no_gluten_content content5)", 
        "(allergic_gluten child9)", 
        "(allergic_gluten child2)", 
        "(allergic_gluten child3)", 
        "(not_allergic_gluten child1)", 
        "(not_allergic_gluten child4)", 
        "(not_allergic_gluten child5)", 
        "(not_allergic_gluten child6)", 
        "(not_allergic_gluten child7)", 
        "(not_allergic_gluten child8)", 
        "(waiting child1 table3)", 
        "(waiting child2 table1)", 
        "(waiting child3 table3)", 
        "(waiting child4 table1)", 
        "(waiting child5 table1)", 
        "(waiting child6 table1)", 
        "(waiting child7 table3)", 
        "(waiting child8 table2)", 
        "(waiting child9 table2)", 
        "(notexist sandw1)", 
        "(notexist sandw5)", 
        "(notexist sandw10)", 
        "(notexist sandw11)", 
        "(notexist sandw12)", 
        "(no_gluten_sandwich sandw4)", 
        "(served child2)", 
        "(no_gluten_sandwich sandw7)", 
        "(at tray2 table3)", 
        "(served child3)", 
        "(no_gluten_sandwich sandw2)", 
        "(at tray1 table2)", 
        "(served child9)", 
        "(served child5)", 
        "(served child1)", 
        "(at tray3 table1)", 
        "(served child6)", 
        "(at_kitchen_sandwich sandw6)"
      ], 
      "delete_list": [
        "(at_kitchen_bread bread4)", 
        "(at_kitchen_content content3)", 
        "(notexist sandw6)"
      ]
    }, 
    {
      "action": "(move_tray tray3 table1 kitchen)", 
      "add_list": [
        "(at tray3 kitchen)"
      ], 
      "state": 28, 
      "literals": [
        "(at_kitchen_bread bread1)", 
        "(at_kitchen_bread bread3)", 
        "(at_kitchen_content content1)", 
        "(at_kitchen_content content2)", 
        "(no_gluten_bread bread6)", 
        "(no_gluten_bread bread2)", 
        "(no_gluten_bread bread7)", 
        "(no_gluten_content content9)", 
        "(no_gluten_content content4)", 
        "(no_gluten_content content5)", 
        "(allergic_gluten child9)", 
        "(allergic_gluten child2)", 
        "(allergic_gluten child3)", 
        "(not_allergic_gluten child1)", 
        "(not_allergic_gluten child4)", 
        "(not_allergic_gluten child5)", 
        "(not_allergic_gluten child6)", 
        "(not_allergic_gluten child7)", 
        "(not_allergic_gluten child8)", 
        "(waiting child1 table3)", 
        "(waiting child2 table1)", 
        "(waiting child3 table3)", 
        "(waiting child4 table1)", 
        "(waiting child5 table1)", 
        "(waiting child6 table1)", 
        "(waiting child7 table3)", 
        "(waiting child8 table2)", 
        "(waiting child9 table2)", 
        "(notexist sandw1)", 
        "(notexist sandw5)", 
        "(notexist sandw10)", 
        "(notexist sandw11)", 
        "(notexist sandw12)", 
        "(no_gluten_sandwich sandw4)", 
        "(served child2)", 
        "(no_gluten_sandwich sandw7)", 
        "(at tray2 table3)", 
        "(served child3)", 
        "(no_gluten_sandwich sandw2)", 
        "(at tray1 table2)", 
        "(served child9)", 
        "(served child5)", 
        "(served child1)", 
        "(served child6)", 
        "(at_kitchen_sandwich sandw6)", 
        "(at tray3 kitchen)"
      ], 
      "delete_list": [
        "(at tray3 table1)"
      ]
    }, 
    {
      "action": "(put_on_tray sandw6 tray3)", 
      "add_list": [
        "(ontray sandw6 tray3)"
      ], 
      "state": 29, 
      "literals": [
        "(at_kitchen_bread bread1)", 
        "(at_kitchen_bread bread3)", 
        "(at_kitchen_content content1)", 
        "(at_kitchen_content content2)", 
        "(no_gluten_bread bread6)", 
        "(no_gluten_bread bread2)", 
        "(no_gluten_bread bread7)", 
        "(no_gluten_content content9)", 
        "(no_gluten_content content4)", 
        "(no_gluten_content content5)", 
        "(allergic_gluten child9)", 
        "(allergic_gluten child2)", 
        "(allergic_gluten child3)", 
        "(not_allergic_gluten child1)", 
        "(not_allergic_gluten child4)", 
        "(not_allergic_gluten child5)", 
        "(not_allergic_gluten child6)", 
        "(not_allergic_gluten child7)", 
        "(not_allergic_gluten child8)", 
        "(waiting child1 table3)", 
        "(waiting child2 table1)", 
        "(waiting child3 table3)", 
        "(waiting child4 table1)", 
        "(waiting child5 table1)", 
        "(waiting child6 table1)", 
        "(waiting child7 table3)", 
        "(waiting child8 table2)", 
        "(waiting child9 table2)", 
        "(notexist sandw1)", 
        "(notexist sandw5)", 
        "(notexist sandw10)", 
        "(notexist sandw11)", 
        "(notexist sandw12)", 
        "(no_gluten_sandwich sandw4)", 
        "(served child2)", 
        "(no_gluten_sandwich sandw7)", 
        "(at tray2 table3)", 
        "(served child3)", 
        "(no_gluten_sandwich sandw2)", 
        "(at tray1 table2)", 
        "(served child9)", 
        "(served child5)", 
        "(served child1)", 
        "(served child6)", 
        "(at tray3 kitchen)", 
        "(ontray sandw6 tray3)"
      ], 
      "delete_list": [
        "(at_kitchen_sandwich sandw6)"
      ]
    }, 
    {
      "action": "(move_tray tray3 kitchen table3)", 
      "add_list": [
        "(at tray3 table3)"
      ], 
      "state": 30, 
      "literals": [
        "(at_kitchen_bread bread1)", 
        "(at_kitchen_bread bread3)", 
        "(at_kitchen_content content1)", 
        "(at_kitchen_content content2)", 
        "(no_gluten_bread bread6)", 
        "(no_gluten_bread bread2)", 
        "(no_gluten_bread bread7)", 
        "(no_gluten_content content9)", 
        "(no_gluten_content content4)", 
        "(no_gluten_content content5)", 
        "(allergic_gluten child9)", 
        "(allergic_gluten child2)", 
        "(allergic_gluten child3)", 
        "(not_allergic_gluten child1)", 
        "(not_allergic_gluten child4)", 
        "(not_allergic_gluten child5)", 
        "(not_allergic_gluten child6)", 
        "(not_allergic_gluten child7)", 
        "(not_allergic_gluten child8)", 
        "(waiting child1 table3)", 
        "(waiting child2 table1)", 
        "(waiting child3 table3)", 
        "(waiting child4 table1)", 
        "(waiting child5 table1)", 
        "(waiting child6 table1)", 
        "(waiting child7 table3)", 
        "(waiting child8 table2)", 
        "(waiting child9 table2)", 
        "(notexist sandw1)", 
        "(notexist sandw5)", 
        "(notexist sandw10)", 
        "(notexist sandw11)", 
        "(notexist sandw12)", 
        "(no_gluten_sandwich sandw4)", 
        "(served child2)", 
        "(no_gluten_sandwich sandw7)", 
        "(at tray2 table3)", 
        "(served child3)", 
        "(no_gluten_sandwich sandw2)", 
        "(at tray1 table2)", 
        "(served child9)", 
        "(served child5)", 
        "(served child1)", 
        "(served child6)", 
        "(ontray sandw6 tray3)", 
        "(at tray3 table3)"
      ], 
      "delete_list": [
        "(at tray3 kitchen)"
      ]
    }, 
    {
      "action": "(serve_sandwich sandw6 child7 tray3 table3)", 
      "add_list": [
        "(served child7)"
      ], 
      "state": 31, 
      "literals": [
        "(at_kitchen_bread bread1)", 
        "(at_kitchen_bread bread3)", 
        "(at_kitchen_content content1)", 
        "(at_kitchen_content content2)", 
        "(no_gluten_bread bread6)", 
        "(no_gluten_bread bread2)", 
        "(no_gluten_bread bread7)", 
        "(no_gluten_content content9)", 
        "(no_gluten_content content4)", 
        "(no_gluten_content content5)", 
        "(allergic_gluten child9)", 
        "(allergic_gluten child2)", 
        "(allergic_gluten child3)", 
        "(not_allergic_gluten child1)", 
        "(not_allergic_gluten child4)", 
        "(not_allergic_gluten child5)", 
        "(not_allergic_gluten child6)", 
        "(not_allergic_gluten child7)", 
        "(not_allergic_gluten child8)", 
        "(waiting child1 table3)", 
        "(waiting child2 table1)", 
        "(waiting child3 table3)", 
        "(waiting child4 table1)", 
        "(waiting child5 table1)", 
        "(waiting child6 table1)", 
        "(waiting child7 table3)", 
        "(waiting child8 table2)", 
        "(waiting child9 table2)", 
        "(notexist sandw1)", 
        "(notexist sandw5)", 
        "(notexist sandw10)", 
        "(notexist sandw11)", 
        "(notexist sandw12)", 
        "(no_gluten_sandwich sandw4)", 
        "(served child2)", 
        "(no_gluten_sandwich sandw7)", 
        "(at tray2 table3)", 
        "(served child3)", 
        "(no_gluten_sandwich sandw2)", 
        "(at tray1 table2)", 
        "(served child9)", 
        "(served child5)", 
        "(served child1)", 
        "(served child6)", 
        "(at tray3 table3)", 
        "(served child7)"
      ], 
      "delete_list": [
        "(ontray sandw6 tray3)"
      ]
    }, 
    {
      "action": "(make_sandwich sandw5 bread3 content2)", 
      "add_list": [
        "(at_kitchen_sandwich sandw5)"
      ], 
      "state": 32, 
      "literals": [
        "(at_kitchen_bread bread1)", 
        "(at_kitchen_content content1)", 
        "(no_gluten_bread bread6)", 
        "(no_gluten_bread bread2)", 
        "(no_gluten_bread bread7)", 
        "(no_gluten_content content9)", 
        "(no_gluten_content content4)", 
        "(no_gluten_content content5)", 
        "(allergic_gluten child9)", 
        "(allergic_gluten child2)", 
        "(allergic_gluten child3)", 
        "(not_allergic_gluten child1)", 
        "(not_allergic_gluten child4)", 
        "(not_allergic_gluten child5)", 
        "(not_allergic_gluten child6)", 
        "(not_allergic_gluten child7)", 
        "(not_allergic_gluten child8)", 
        "(waiting child1 table3)", 
        "(waiting child2 table1)", 
        "(waiting child3 table3)", 
        "(waiting child4 table1)", 
        "(waiting child5 table1)", 
        "(waiting child6 table1)", 
        "(waiting child7 table3)", 
        "(waiting child8 table2)", 
        "(waiting child9 table2)", 
        "(notexist sandw1)", 
        "(notexist sandw10)", 
        "(notexist sandw11)", 
        "(notexist sandw12)", 
        "(no_gluten_sandwich sandw4)", 
        "(served child2)", 
        "(no_gluten_sandwich sandw7)", 
        "(at tray2 table3)", 
        "(served child3)", 
        "(no_gluten_sandwich sandw2)", 
        "(at tray1 table2)", 
        "(served child9)", 
        "(served child5)", 
        "(served child1)", 
        "(served child6)", 
        "(at tray3 table3)", 
        "(served child7)", 
        "(at_kitchen_sandwich sandw5)"
      ], 
      "delete_list": [
        "(at_kitchen_bread bread3)", 
        "(at_kitchen_content content2)", 
        "(notexist sandw5)"
      ]
    }, 
    {
      "action": "(move_tray tray2 table3 kitchen)", 
      "add_list": [
        "(at tray2 kitchen)"
      ], 
      "state": 33, 
      "literals": [
        "(at_kitchen_bread bread1)", 
        "(at_kitchen_content content1)", 
        "(no_gluten_bread bread6)", 
        "(no_gluten_bread bread2)", 
        "(no_gluten_bread bread7)", 
        "(no_gluten_content content9)", 
        "(no_gluten_content content4)", 
        "(no_gluten_content content5)", 
        "(allergic_gluten child9)", 
        "(allergic_gluten child2)", 
        "(allergic_gluten child3)", 
        "(not_allergic_gluten child1)", 
        "(not_allergic_gluten child4)", 
        "(not_allergic_gluten child5)", 
        "(not_allergic_gluten child6)", 
        "(not_allergic_gluten child7)", 
        "(not_allergic_gluten child8)", 
        "(waiting child1 table3)", 
        "(waiting child2 table1)", 
        "(waiting child3 table3)", 
        "(waiting child4 table1)", 
        "(waiting child5 table1)", 
        "(waiting child6 table1)", 
        "(waiting child7 table3)", 
        "(waiting child8 table2)", 
        "(waiting child9 table2)", 
        "(notexist sandw1)", 
        "(notexist sandw10)", 
        "(notexist sandw11)", 
        "(notexist sandw12)", 
        "(no_gluten_sandwich sandw4)", 
        "(served child2)", 
        "(no_gluten_sandwich sandw7)", 
        "(served child3)", 
        "(no_gluten_sandwich sandw2)", 
        "(at tray1 table2)", 
        "(served child9)", 
        "(served child5)", 
        "(served child1)", 
        "(served child6)", 
        "(at tray3 table3)", 
        "(served child7)", 
        "(at_kitchen_sandwich sandw5)", 
        "(at tray2 kitchen)"
      ], 
      "delete_list": [
        "(at tray2 table3)"
      ]
    }, 
    {
      "action": "(put_on_tray sandw5 tray2)", 
      "add_list": [
        "(ontray sandw5 tray2)"
      ], 
      "state": 34, 
      "literals": [
        "(at_kitchen_bread bread1)", 
        "(at_kitchen_content content1)", 
        "(no_gluten_bread bread6)", 
        "(no_gluten_bread bread2)", 
        "(no_gluten_bread bread7)", 
        "(no_gluten_content content9)", 
        "(no_gluten_content content4)", 
        "(no_gluten_content content5)", 
        "(allergic_gluten child9)", 
        "(allergic_gluten child2)", 
        "(allergic_gluten child3)", 
        "(not_allergic_gluten child1)", 
        "(not_allergic_gluten child4)", 
        "(not_allergic_gluten child5)", 
        "(not_allergic_gluten child6)", 
        "(not_allergic_gluten child7)", 
        "(not_allergic_gluten child8)", 
        "(waiting child1 table3)", 
        "(waiting child2 table1)", 
        "(waiting child3 table3)", 
        "(waiting child4 table1)", 
        "(waiting child5 table1)", 
        "(waiting child6 table1)", 
        "(waiting child7 table3)", 
        "(waiting child8 table2)", 
        "(waiting child9 table2)", 
        "(notexist sandw1)", 
        "(notexist sandw10)", 
        "(notexist sandw11)", 
        "(notexist sandw12)", 
        "(no_gluten_sandwich sandw4)", 
        "(served child2)", 
        "(no_gluten_sandwich sandw7)", 
        "(served child3)", 
        "(no_gluten_sandwich sandw2)", 
        "(at tray1 table2)", 
        "(served child9)", 
        "(served child5)", 
        "(served child1)", 
        "(served child6)", 
        "(at tray3 table3)", 
        "(served child7)", 
        "(at tray2 kitchen)", 
        "(ontray sandw5 tray2)"
      ], 
      "delete_list": [
        "(at_kitchen_sandwich sandw5)"
      ]
    }, 
    {
      "action": "(move_tray tray2 kitchen table1)", 
      "add_list": [
        "(at tray2 table1)"
      ], 
      "state": 35, 
      "literals": [
        "(at_kitchen_bread bread1)", 
        "(at_kitchen_content content1)", 
        "(no_gluten_bread bread6)", 
        "(no_gluten_bread bread2)", 
        "(no_gluten_bread bread7)", 
        "(no_gluten_content content9)", 
        "(no_gluten_content content4)", 
        "(no_gluten_content content5)", 
        "(allergic_gluten child9)", 
        "(allergic_gluten child2)", 
        "(allergic_gluten child3)", 
        "(not_allergic_gluten child1)", 
        "(not_allergic_gluten child4)", 
        "(not_allergic_gluten child5)", 
        "(not_allergic_gluten child6)", 
        "(not_allergic_gluten child7)", 
        "(not_allergic_gluten child8)", 
        "(waiting child1 table3)", 
        "(waiting child2 table1)", 
        "(waiting child3 table3)", 
        "(waiting child4 table1)", 
        "(waiting child5 table1)", 
        "(waiting child6 table1)", 
        "(waiting child7 table3)", 
        "(waiting child8 table2)", 
        "(waiting child9 table2)", 
        "(notexist sandw1)", 
        "(notexist sandw10)", 
        "(notexist sandw11)", 
        "(notexist sandw12)", 
        "(no_gluten_sandwich sandw4)", 
        "(served child2)", 
        "(no_gluten_sandwich sandw7)", 
        "(served child3)", 
        "(no_gluten_sandwich sandw2)", 
        "(at tray1 table2)", 
        "(served child9)", 
        "(served child5)", 
        "(served child1)", 
        "(served child6)", 
        "(at tray3 table3)", 
        "(served child7)", 
        "(ontray sandw5 tray2)", 
        "(at tray2 table1)"
      ], 
      "delete_list": [
        "(at tray2 kitchen)"
      ]
    }, 
    {
      "action": "(serve_sandwich sandw5 child4 tray2 table1)", 
      "add_list": [
        "(served child4)"
      ], 
      "state": 36, 
      "literals": [
        "(at_kitchen_bread bread1)", 
        "(at_kitchen_content content1)", 
        "(no_gluten_bread bread6)", 
        "(no_gluten_bread bread2)", 
        "(no_gluten_bread bread7)", 
        "(no_gluten_content content9)", 
        "(no_gluten_content content4)", 
        "(no_gluten_content content5)", 
        "(allergic_gluten child9)", 
        "(allergic_gluten child2)", 
        "(allergic_gluten child3)", 
        "(not_allergic_gluten child1)", 
        "(not_allergic_gluten child4)", 
        "(not_allergic_gluten child5)", 
        "(not_allergic_gluten child6)", 
        "(not_allergic_gluten child7)", 
        "(not_allergic_gluten child8)", 
        "(waiting child1 table3)", 
        "(waiting child2 table1)", 
        "(waiting child3 table3)", 
        "(waiting child4 table1)", 
        "(waiting child5 table1)", 
        "(waiting child6 table1)", 
        "(waiting child7 table3)", 
        "(waiting child8 table2)", 
        "(waiting child9 table2)", 
        "(notexist sandw1)", 
        "(notexist sandw10)", 
        "(notexist sandw11)", 
        "(notexist sandw12)", 
        "(no_gluten_sandwich sandw4)", 
        "(served child2)", 
        "(no_gluten_sandwich sandw7)", 
        "(served child3)", 
        "(no_gluten_sandwich sandw2)", 
        "(at tray1 table2)", 
        "(served child9)", 
        "(served child5)", 
        "(served child1)", 
        "(served child6)", 
        "(at tray3 table3)", 
        "(served child7)", 
        "(at tray2 table1)", 
        "(served child4)"
      ], 
      "delete_list": [
        "(ontray sandw5 tray2)"
      ]
    }, 
    {
      "action": "(make_sandwich sandw1 bread1 content1)", 
      "add_list": [
        "(at_kitchen_sandwich sandw1)"
      ], 
      "state": 37, 
      "literals": [
        "(no_gluten_bread bread6)", 
        "(no_gluten_bread bread2)", 
        "(no_gluten_bread bread7)", 
        "(no_gluten_content content9)", 
        "(no_gluten_content content4)", 
        "(no_gluten_content content5)", 
        "(allergic_gluten child9)", 
        "(allergic_gluten child2)", 
        "(allergic_gluten child3)", 
        "(not_allergic_gluten child1)", 
        "(not_allergic_gluten child4)", 
        "(not_allergic_gluten child5)", 
        "(not_allergic_gluten child6)", 
        "(not_allergic_gluten child7)", 
        "(not_allergic_gluten child8)", 
        "(waiting child1 table3)", 
        "(waiting child2 table1)", 
        "(waiting child3 table3)", 
        "(waiting child4 table1)", 
        "(waiting child5 table1)", 
        "(waiting child6 table1)", 
        "(waiting child7 table3)", 
        "(waiting child8 table2)", 
        "(waiting child9 table2)", 
        "(notexist sandw10)", 
        "(notexist sandw11)", 
        "(notexist sandw12)", 
        "(no_gluten_sandwich sandw4)", 
        "(served child2)", 
        "(no_gluten_sandwich sandw7)", 
        "(served child3)", 
        "(no_gluten_sandwich sandw2)", 
        "(at tray1 table2)", 
        "(served child9)", 
        "(served child5)", 
        "(served child1)", 
        "(served child6)", 
        "(at tray3 table3)", 
        "(served child7)", 
        "(at tray2 table1)", 
        "(served child4)", 
        "(at_kitchen_sandwich sandw1)"
      ], 
      "delete_list": [
        "(at_kitchen_bread bread1)", 
        "(at_kitchen_content content1)", 
        "(notexist sandw1)"
      ]
    }, 
    {
      "action": "(move_tray tray1 table2 kitchen)", 
      "add_list": [
        "(at tray1 kitchen)"
      ], 
      "state": 38, 
      "literals": [
        "(no_gluten_bread bread6)", 
        "(no_gluten_bread bread2)", 
        "(no_gluten_bread bread7)", 
        "(no_gluten_content content9)", 
        "(no_gluten_content content4)", 
        "(no_gluten_content content5)", 
        "(allergic_gluten child9)", 
        "(allergic_gluten child2)", 
        "(allergic_gluten child3)", 
        "(not_allergic_gluten child1)", 
        "(not_allergic_gluten child4)", 
        "(not_allergic_gluten child5)", 
        "(not_allergic_gluten child6)", 
        "(not_allergic_gluten child7)", 
        "(not_allergic_gluten child8)", 
        "(waiting child1 table3)", 
        "(waiting child2 table1)", 
        "(waiting child3 table3)", 
        "(waiting child4 table1)", 
        "(waiting child5 table1)", 
        "(waiting child6 table1)", 
        "(waiting child7 table3)", 
        "(waiting child8 table2)", 
        "(waiting child9 table2)", 
        "(notexist sandw10)", 
        "(notexist sandw11)", 
        "(notexist sandw12)", 
        "(no_gluten_sandwich sandw4)", 
        "(served child2)", 
        "(no_gluten_sandwich sandw7)", 
        "(served child3)", 
        "(no_gluten_sandwich sandw2)", 
        "(served child9)", 
        "(served child5)", 
        "(served child1)", 
        "(served child6)", 
        "(at tray3 table3)", 
        "(served child7)", 
        "(at tray2 table1)", 
        "(served child4)", 
        "(at_kitchen_sandwich sandw1)", 
        "(at tray1 kitchen)"
      ], 
      "delete_list": [
        "(at tray1 table2)"
      ]
    }, 
    {
      "action": "(put_on_tray sandw1 tray1)", 
      "add_list": [
        "(ontray sandw1 tray1)"
      ], 
      "state": 39, 
      "literals": [
        "(no_gluten_bread bread6)", 
        "(no_gluten_bread bread2)", 
        "(no_gluten_bread bread7)", 
        "(no_gluten_content content9)", 
        "(no_gluten_content content4)", 
        "(no_gluten_content content5)", 
        "(allergic_gluten child9)", 
        "(allergic_gluten child2)", 
        "(allergic_gluten child3)", 
        "(not_allergic_gluten child1)", 
        "(not_allergic_gluten child4)", 
        "(not_allergic_gluten child5)", 
        "(not_allergic_gluten child6)", 
        "(not_allergic_gluten child7)", 
        "(not_allergic_gluten child8)", 
        "(waiting child1 table3)", 
        "(waiting child2 table1)", 
        "(waiting child3 table3)", 
        "(waiting child4 table1)", 
        "(waiting child5 table1)", 
        "(waiting child6 table1)", 
        "(waiting child7 table3)", 
        "(waiting child8 table2)", 
        "(waiting child9 table2)", 
        "(notexist sandw10)", 
        "(notexist sandw11)", 
        "(notexist sandw12)", 
        "(no_gluten_sandwich sandw4)", 
        "(served child2)", 
        "(no_gluten_sandwich sandw7)", 
        "(served child3)", 
        "(no_gluten_sandwich sandw2)", 
        "(served child9)", 
        "(served child5)", 
        "(served child1)", 
        "(served child6)", 
        "(at tray3 table3)", 
        "(served child7)", 
        "(at tray2 table1)", 
        "(served child4)", 
        "(at tray1 kitchen)", 
        "(ontray sandw1 tray1)"
      ], 
      "delete_list": [
        "(at_kitchen_sandwich sandw1)"
      ]
    }, 
    {
      "action": "(move_tray tray1 kitchen table2)", 
      "add_list": [
        "(at tray1 table2)"
      ], 
      "state": 40, 
      "literals": [
        "(no_gluten_bread bread6)", 
        "(no_gluten_bread bread2)", 
        "(no_gluten_bread bread7)", 
        "(no_gluten_content content9)", 
        "(no_gluten_content content4)", 
        "(no_gluten_content content5)", 
        "(allergic_gluten child9)", 
        "(allergic_gluten child2)", 
        "(allergic_gluten child3)", 
        "(not_allergic_gluten child1)", 
        "(not_allergic_gluten child4)", 
        "(not_allergic_gluten child5)", 
        "(not_allergic_gluten child6)", 
        "(not_allergic_gluten child7)", 
        "(not_allergic_gluten child8)", 
        "(waiting child1 table3)", 
        "(waiting child2 table1)", 
        "(waiting child3 table3)", 
        "(waiting child4 table1)", 
        "(waiting child5 table1)", 
        "(waiting child6 table1)", 
        "(waiting child7 table3)", 
        "(waiting child8 table2)", 
        "(waiting child9 table2)", 
        "(notexist sandw10)", 
        "(notexist sandw11)", 
        "(notexist sandw12)", 
        "(no_gluten_sandwich sandw4)", 
        "(served child2)", 
        "(no_gluten_sandwich sandw7)", 
        "(served child3)", 
        "(no_gluten_sandwich sandw2)", 
        "(served child9)", 
        "(served child5)", 
        "(served child1)", 
        "(served child6)", 
        "(at tray3 table3)", 
        "(served child7)", 
        "(at tray2 table1)", 
        "(served child4)", 
        "(ontray sandw1 tray1)", 
        "(at tray1 table2)"
      ], 
      "delete_list": [
        "(at tray1 kitchen)"
      ]
    }, 
    {
      "action": "(serve_sandwich sandw1 child8 tray1 table2)", 
      "add_list": [
        "(served child8)"
      ], 
      "state": 41, 
      "literals": [
        "(no_gluten_bread bread6)", 
        "(no_gluten_bread bread2)", 
        "(no_gluten_bread bread7)", 
        "(no_gluten_content content9)", 
        "(no_gluten_content content4)", 
        "(no_gluten_content content5)", 
        "(allergic_gluten child9)", 
        "(allergic_gluten child2)", 
        "(allergic_gluten child3)", 
        "(not_allergic_gluten child1)", 
        "(not_allergic_gluten child4)", 
        "(not_allergic_gluten child5)", 
        "(not_allergic_gluten child6)", 
        "(not_allergic_gluten child7)", 
        "(not_allergic_gluten child8)", 
        "(waiting child1 table3)", 
        "(waiting child2 table1)", 
        "(waiting child3 table3)", 
        "(waiting child4 table1)", 
        "(waiting child5 table1)", 
        "(waiting child6 table1)", 
        "(waiting child7 table3)", 
        "(waiting child8 table2)", 
        "(waiting child9 table2)", 
        "(notexist sandw10)", 
        "(notexist sandw11)", 
        "(notexist sandw12)", 
        "(no_gluten_sandwich sandw4)", 
        "(served child2)", 
        "(no_gluten_sandwich sandw7)", 
        "(served child3)", 
        "(no_gluten_sandwich sandw2)", 
        "(served child9)", 
        "(served child5)", 
        "(served child1)", 
        "(served child6)", 
        "(at tray3 table3)", 
        "(served child7)", 
        "(at tray2 table1)", 
        "(served child4)", 
        "(at tray1 table2)", 
        "(served child8)"
      ], 
      "delete_list": [
        "(ontray sandw1 tray1)"
      ]
    }
  ], 
  "domain_id": 116
}