{
  "domain": "blocks", 
  "inital_state": [
    "(clear c)", 
    "(clear f)", 
    "(ontable i)", 
    "(ontable f)", 
    "(on c e)", 
    "(on e j)", 
    "(on j b)", 
    "(on b g)", 
    "(on g h)", 
    "(on h a)", 
    "(on a d)", 
    "(on d i)", 
    "(handempty)"
  ], 
  "negative_goals": [], 
  "problem_id": 3935, 
  "positive_goals": [
    "(on d c)", 
    "(on c f)", 
    "(on f j)", 
    "(on j e)", 
    "(on e h)", 
    "(on h b)", 
    "(on b a)", 
    "(on a g)", 
    "(on g i)"
  ], 
  "plan_length": 48, 
  "plan_literals": [
    {
      "action": "(unstack c e)", 
      "add_list": [
        "(holding c)", 
        "(clear e)"
      ], 
      "state": 0, 
      "literals": [
        "(clear f)", 
        "(ontable i)", 
        "(ontable f)", 
        "(on e j)", 
        "(on j b)", 
        "(on b g)", 
        "(on g h)", 
        "(on h a)", 
        "(on a d)", 
        "(on d i)", 
        "(holding c)", 
        "(clear e)"
      ], 
      "delete_list": [
        "(clear c)", 
        "(handempty)", 
        "(on c e)"
      ]
    }, 
    {
      "action": "(stack c f)", 
      "add_list": [
        "(clear c)", 
        "(handempty)", 
        "(on c f)"
      ], 
      "state": 1, 
      "literals": [
        "(ontable i)", 
        "(ontable f)", 
        "(on e j)", 
        "(on j b)", 
        "(on b g)", 
        "(on g h)", 
        "(on h a)", 
        "(on a d)", 
        "(on d i)", 
        "(clear e)", 
        "(clear c)", 
        "(handempty)", 
        "(on c f)"
      ], 
      "delete_list": [
        "(holding c)", 
        "(clear f)"
      ]
    }, 
    {
      "action": "(unstack e j)", 
      "add_list": [
        "(holding e)", 
        "(clear j)"
      ], 
      "state": 2, 
      "literals": [
        "(ontable i)", 
        "(ontable f)", 
        "(on j b)", 
        "(on b g)", 
        "(on g h)", 
        "(on h a)", 
        "(on a d)", 
        "(on d i)", 
        "(clear c)", 
        "(on c f)", 
        "(holding e)", 
        "(clear j)"
      ], 
      "delete_list": [
        "(clear e)", 
        "(handempty)", 
        "(on e j)"
      ]
    }, 
    {
      "action": "(put-down e)", 
      "add_list": [
        "(clear e)", 
        "(handempty)", 
        "(ontable e)"
      ], 
      "state": 3, 
      "literals": [
        "(ontable i)", 
        "(ontable f)", 
        "(on j b)", 
        "(on b g)", 
        "(on g h)", 
        "(on h a)", 
        "(on a d)", 
        "(on d i)", 
        "(clear c)", 
        "(on c f)", 
        "(clear j)", 
        "(clear e)", 
        "(handempty)", 
        "(ontable e)"
      ], 
      "delete_list": [
        "(holding e)"
      ]
    }, 
    {
      "action": "(unstack j b)", 
      "add_list": [
        "(holding j)", 
        "(clear b)"
      ], 
      "state": 4, 
      "literals": [
        "(ontable i)", 
        "(ontable f)", 
        "(on b g)", 
        "(on g h)", 
        "(on h a)", 
        "(on a d)", 
        "(on d i)", 
        "(clear c)", 
        "(on c f)", 
        "(clear e)", 
        "(ontable e)", 
        "(holding j)", 
        "(clear b)"
      ], 
      "delete_list": [
        "(clear j)", 
        "(handempty)", 
        "(on j b)"
      ]
    }, 
    {
      "action": "(stack j e)", 
      "add_list": [
        "(clear j)", 
        "(handempty)", 
        "(on j e)"
      ], 
      "state": 5, 
      "literals": [
        "(ontable i)", 
        "(ontable f)", 
        "(on b g)", 
        "(on g h)", 
        "(on h a)", 
        "(on a d)", 
        "(on d i)", 
        "(clear c)", 
        "(on c f)", 
        "(ontable e)", 
        "(clear b)", 
        "(clear j)", 
        "(handempty)", 
        "(on j e)"
      ], 
      "delete_list": [
        "(holding j)", 
        "(clear e)"
      ]
    }, 
    {
      "action": "(unstack b g)", 
      "add_list": [
        "(holding b)", 
        "(clear g)"
      ], 
      "state": 6, 
      "literals": [
        "(ontable i)", 
        "(ontable f)", 
        "(on g h)", 
        "(on h a)", 
        "(on a d)", 
        "(on d i)", 
        "(clear c)", 
        "(on c f)", 
        "(ontable e)", 
        "(clear j)", 
        "(on j e)", 
        "(holding b)", 
        "(clear g)"
      ], 
      "delete_list": [
        "(clear b)", 
        "(handempty)", 
        "(on b g)"
      ]
    }, 
    {
      "action": "(put-down b)", 
      "add_list": [
        "(clear b)", 
        "(handempty)", 
        "(ontable b)"
      ], 
      "state": 7, 
      "literals": [
        "(ontable i)", 
        "(ontable f)", 
        "(on g h)", 
        "(on h a)", 
        "(on a d)", 
        "(on d i)", 
        "(clear c)", 
        "(on c f)", 
        "(ontable e)", 
        "(clear j)", 
        "(on j e)", 
        "(clear g)", 
        "(clear b)", 
        "(handempty)", 
        "(ontable b)"
      ], 
      "delete_list": [
        "(holding b)"
      ]
    }, 
    {
      "action": "(unstack g h)", 
      "add_list": [
        "(holding g)", 
        "(clear h)"
      ], 
      "state": 8, 
      "literals": [
        "(ontable i)", 
        "(ontable f)", 
        "(on h a)", 
        "(on a d)", 
        "(on d i)", 
        "(clear c)", 
        "(on c f)", 
        "(ontable e)", 
        "(clear j)", 
        "(on j e)", 
        "(clear b)", 
        "(ontable b)", 
        "(holding g)", 
        "(clear h)"
      ], 
      "delete_list": [
        "(clear g)", 
        "(handempty)", 
        "(on g h)"
      ]
    }, 
    {
      "action": "(put-down g)", 
      "add_list": [
        "(clear g)", 
        "(handempty)", 
        "(ontable g)"
      ], 
      "state": 9, 
      "literals": [
        "(ontable i)", 
        "(ontable f)", 
        "(on h a)", 
        "(on a d)", 
        "(on d i)", 
        "(clear c)", 
        "(on c f)", 
        "(ontable e)", 
        "(clear j)", 
        "(on j e)", 
        "(clear b)", 
        "(ontable b)", 
        "(clear h)", 
        "(clear g)", 
        "(handempty)", 
        "(ontable g)"
      ], 
      "delete_list": [
        "(holding g)"
      ]
    }, 
    {
      "action": "(unstack h a)", 
      "add_list": [
        "(holding h)", 
        "(clear a)"
      ], 
      "state": 10, 
      "literals": [
        "(ontable i)", 
        "(ontable f)", 
        "(on a d)", 
        "(on d i)", 
        "(clear c)", 
        "(on c f)", 
        "(ontable e)", 
        "(clear j)", 
        "(on j e)", 
        "(clear b)", 
        "(ontable b)", 
        "(clear g)", 
        "(ontable g)", 
        "(holding h)", 
        "(clear a)"
      ], 
      "delete_list": [
        "(clear h)", 
        "(handempty)", 
        "(on h a)"
      ]
    }, 
    {
      "action": "(stack h b)", 
      "add_list": [
        "(clear h)", 
        "(handempty)", 
        "(on h b)"
      ], 
      "state": 11, 
      "literals": [
        "(ontable i)", 
        "(ontable f)", 
        "(on a d)", 
        "(on d i)", 
        "(clear c)", 
        "(on c f)", 
        "(ontable e)", 
        "(clear j)", 
        "(on j e)", 
        "(ontable b)", 
        "(clear g)", 
        "(ontable g)", 
        "(clear a)", 
        "(clear h)", 
        "(handempty)", 
        "(on h b)"
      ], 
      "delete_list": [
        "(holding h)", 
        "(clear b)"
      ]
    }, 
    {
      "action": "(unstack a d)", 
      "add_list": [
        "(holding a)", 
        "(clear d)"
      ], 
      "state": 12, 
      "literals": [
        "(ontable i)", 
        "(ontable f)", 
        "(on d i)", 
        "(clear c)", 
        "(on c f)", 
        "(ontable e)", 
        "(clear j)", 
        "(on j e)", 
        "(ontable b)", 
        "(clear g)", 
        "(ontable g)", 
        "(clear h)", 
        "(on h b)", 
        "(holding a)", 
        "(clear d)"
      ], 
      "delete_list": [
        "(clear a)", 
        "(handempty)", 
        "(on a d)"
      ]
    }, 
    {
      "action": "(stack a g)", 
      "add_list": [
        "(clear a)", 
        "(handempty)", 
        "(on a g)"
      ], 
      "state": 13, 
      "literals": [
        "(ontable i)", 
        "(ontable f)", 
        "(on d i)", 
        "(clear c)", 
        "(on c f)", 
        "(ontable e)", 
        "(clear j)", 
        "(on j e)", 
        "(ontable b)", 
        "(ontable g)", 
        "(clear h)", 
        "(on h b)", 
        "(clear d)", 
        "(clear a)", 
        "(handempty)", 
        "(on a g)"
      ], 
      "delete_list": [
        "(holding a)", 
        "(clear g)"
      ]
    }, 
    {
      "action": "(unstack d i)", 
      "add_list": [
        "(holding d)", 
        "(clear i)"
      ], 
      "state": 14, 
      "literals": [
        "(ontable i)", 
        "(ontable f)", 
        "(clear c)", 
        "(on c f)", 
        "(ontable e)", 
        "(clear j)", 
        "(on j e)", 
        "(ontable b)", 
        "(ontable g)", 
        "(clear h)", 
        "(on h b)", 
        "(clear a)", 
        "(on a g)", 
        "(holding d)", 
        "(clear i)"
      ], 
      "delete_list": [
        "(clear d)", 
        "(handempty)", 
        "(on d i)"
      ]
    }, 
    {
      "action": "(stack d c)", 
      "add_list": [
        "(clear d)", 
        "(handempty)", 
        "(on d c)"
      ], 
      "state": 15, 
      "literals": [
        "(ontable i)", 
        "(ontable f)", 
        "(on c f)", 
        "(ontable e)", 
        "(clear j)", 
        "(on j e)", 
        "(ontable b)", 
        "(ontable g)", 
        "(clear h)", 
        "(on h b)", 
        "(clear a)", 
        "(on a g)", 
        "(clear i)", 
        "(clear d)", 
        "(handempty)", 
        "(on d c)"
      ], 
      "delete_list": [
        "(holding d)", 
        "(clear c)"
      ]
    }, 
    {
      "action": "(unstack a g)", 
      "add_list": [
        "(holding a)", 
        "(clear g)"
      ], 
      "state": 16, 
      "literals": [
        "(ontable i)", 
        "(ontable f)", 
        "(on c f)", 
        "(ontable e)", 
        "(clear j)", 
        "(on j e)", 
        "(ontable b)", 
        "(ontable g)", 
        "(clear h)", 
        "(on h b)", 
        "(clear i)", 
        "(clear d)", 
        "(on d c)", 
        "(holding a)", 
        "(clear g)"
      ], 
      "delete_list": [
        "(clear a)", 
        "(handempty)", 
        "(on a g)"
      ]
    }, 
    {
      "action": "(put-down a)", 
      "add_list": [
        "(clear a)", 
        "(handempty)", 
        "(ontable a)"
      ], 
      "state": 17, 
      "literals": [
        "(ontable i)", 
        "(ontable f)", 
        "(on c f)", 
        "(ontable e)", 
        "(clear j)", 
        "(on j e)", 
        "(ontable b)", 
        "(ontable g)", 
        "(clear h)", 
        "(on h b)", 
        "(clear i)", 
        "(clear d)", 
        "(on d c)", 
        "(clear g)", 
        "(clear a)", 
        "(handempty)", 
        "(ontable a)"
      ], 
      "delete_list": [
        "(holding a)"
      ]
    }, 
    {
      "action": "(pick-up g)", 
      "add_list": [
        "(holding g)"
      ], 
      "state": 18, 
      "literals": [
        "(ontable i)", 
        "(ontable f)", 
        "(on c f)", 
        "(ontable e)", 
        "(clear j)", 
        "(on j e)", 
        "(ontable b)", 
        "(clear h)", 
        "(on h b)", 
        "(clear i)", 
        "(clear d)", 
        "(on d c)", 
        "(clear a)", 
        "(ontable a)", 
        "(holding g)"
      ], 
      "delete_list": [
        "(ontable g)", 
        "(clear g)", 
        "(handempty)"
      ]
    }, 
    {
      "action": "(stack g i)", 
      "add_list": [
        "(clear g)", 
        "(handempty)", 
        "(on g i)"
      ], 
      "state": 19, 
      "literals": [
        "(ontable i)", 
        "(ontable f)", 
        "(on c f)", 
        "(ontable e)", 
        "(clear j)", 
        "(on j e)", 
        "(ontable b)", 
        "(clear h)", 
        "(on h b)", 
        "(clear d)", 
        "(on d c)", 
        "(clear a)", 
        "(ontable a)", 
        "(clear g)", 
        "(handempty)", 
        "(on g i)"
      ], 
      "delete_list": [
        "(holding g)", 
        "(clear i)"
      ]
    }, 
    {
      "action": "(pick-up a)", 
      "add_list": [
        "(holding a)"
      ], 
      "state": 20, 
      "literals": [
        "(ontable i)", 
        "(ontable f)", 
        "(on c f)", 
        "(ontable e)", 
        "(clear j)", 
        "(on j e)", 
        "(ontable b)", 
        "(clear h)", 
        "(on h b)", 
        "(clear d)", 
        "(on d c)", 
        "(clear g)", 
        "(on g i)", 
        "(holding a)"
      ], 
      "delete_list": [
        "(ontable a)", 
        "(clear a)", 
        "(handempty)"
      ]
    }, 
    {
      "action": "(stack a g)", 
      "add_list": [
        "(clear a)", 
        "(handempty)", 
        "(on a g)"
      ], 
      "state": 21, 
      "literals": [
        "(ontable i)", 
        "(ontable f)", 
        "(on c f)", 
        "(ontable e)", 
        "(clear j)", 
        "(on j e)", 
        "(ontable b)", 
        "(clear h)", 
        "(on h b)", 
        "(clear d)", 
        "(on d c)", 
        "(on g i)", 
        "(clear a)", 
        "(handempty)", 
        "(on a g)"
      ], 
      "delete_list": [
        "(holding a)", 
        "(clear g)"
      ]
    }, 
    {
      "action": "(unstack h b)", 
      "add_list": [
        "(holding h)", 
        "(clear b)"
      ], 
      "state": 22, 
      "literals": [
        "(ontable i)", 
        "(ontable f)", 
        "(on c f)", 
        "(ontable e)", 
        "(clear j)", 
        "(on j e)", 
        "(ontable b)", 
        "(clear d)", 
        "(on d c)", 
        "(on g i)", 
        "(clear a)", 
        "(on a g)", 
        "(holding h)", 
        "(clear b)"
      ], 
      "delete_list": [
        "(clear h)", 
        "(handempty)", 
        "(on h b)"
      ]
    }, 
    {
      "action": "(put-down h)", 
      "add_list": [
        "(clear h)", 
        "(handempty)", 
        "(ontable h)"
      ], 
      "state": 23, 
      "literals": [
        "(ontable i)", 
        "(ontable f)", 
        "(on c f)", 
        "(ontable e)", 
        "(clear j)", 
        "(on j e)", 
        "(ontable b)", 
        "(clear d)", 
        "(on d c)", 
        "(on g i)", 
        "(clear a)", 
        "(on a g)", 
        "(clear b)", 
        "(clear h)", 
        "(handempty)", 
        "(ontable h)"
      ], 
      "delete_list": [
        "(holding h)"
      ]
    }, 
    {
      "action": "(pick-up b)", 
      "add_list": [
        "(holding b)"
      ], 
      "state": 24, 
      "literals": [
        "(ontable i)", 
        "(ontable f)", 
        "(on c f)", 
        "(ontable e)", 
        "(clear j)", 
        "(on j e)", 
        "(clear d)", 
        "(on d c)", 
        "(on g i)", 
        "(clear a)", 
        "(on a g)", 
        "(clear h)", 
        "(ontable h)", 
        "(holding b)"
      ], 
      "delete_list": [
        "(ontable b)", 
        "(clear b)", 
        "(handempty)"
      ]
    }, 
    {
      "action": "(stack b a)", 
      "add_list": [
        "(clear b)", 
        "(handempty)", 
        "(on b a)"
      ], 
      "state": 25, 
      "literals": [
        "(ontable i)", 
        "(ontable f)", 
        "(on c f)", 
        "(ontable e)", 
        "(clear j)", 
        "(on j e)", 
        "(clear d)", 
        "(on d c)", 
        "(on g i)", 
        "(on a g)", 
        "(clear h)", 
        "(ontable h)", 
        "(clear b)", 
        "(handempty)", 
        "(on b a)"
      ], 
      "delete_list": [
        "(holding b)", 
        "(clear a)"
      ]
    }, 
    {
      "action": "(pick-up h)", 
      "add_list": [
        "(holding h)"
      ], 
      "state": 26, 
      "literals": [
        "(ontable i)", 
        "(ontable f)", 
        "(on c f)", 
        "(ontable e)", 
        "(clear j)", 
        "(on j e)", 
        "(clear d)", 
        "(on d c)", 
        "(on g i)", 
        "(on a g)", 
        "(clear b)", 
        "(on b a)", 
        "(holding h)"
      ], 
      "delete_list": [
        "(ontable h)", 
        "(clear h)", 
        "(handempty)"
      ]
    }, 
    {
      "action": "(stack h b)", 
      "add_list": [
        "(clear h)", 
        "(handempty)", 
        "(on h b)"
      ], 
      "state": 27, 
      "literals": [
        "(ontable i)", 
        "(ontable f)", 
        "(on c f)", 
        "(ontable e)", 
        "(clear j)", 
        "(on j e)", 
        "(clear d)", 
        "(on d c)", 
        "(on g i)", 
        "(on a g)", 
        "(on b a)", 
        "(clear h)", 
        "(handempty)", 
        "(on h b)"
      ], 
      "delete_list": [
        "(holding h)", 
        "(clear b)"
      ]
    }, 
    {
      "action": "(unstack j e)", 
      "add_list": [
        "(holding j)", 
        "(clear e)"
      ], 
      "state": 28, 
      "literals": [
        "(ontable i)", 
        "(ontable f)", 
        "(on c f)", 
        "(ontable e)", 
        "(clear d)", 
        "(on d c)", 
        "(on g i)", 
        "(on a g)", 
        "(on b a)", 
        "(clear h)", 
        "(on h b)", 
        "(holding j)", 
        "(clear e)"
      ], 
      "delete_list": [
        "(clear j)", 
        "(handempty)", 
        "(on j e)"
      ]
    }, 
    {
      "action": "(put-down j)", 
      "add_list": [
        "(clear j)", 
        "(handempty)", 
        "(ontable j)"
      ], 
      "state": 29, 
      "literals": [
        "(ontable i)", 
        "(ontable f)", 
        "(on c f)", 
        "(ontable e)", 
        "(clear d)", 
        "(on d c)", 
        "(on g i)", 
        "(on a g)", 
        "(on b a)", 
        "(clear h)", 
        "(on h b)", 
        "(clear e)", 
        "(clear j)", 
        "(handempty)", 
        "(ontable j)"
      ], 
      "delete_list": [
        "(holding j)"
      ]
    }, 
    {
      "action": "(pick-up e)", 
      "add_list": [
        "(holding e)"
      ], 
      "state": 30, 
      "literals": [
        "(ontable i)", 
        "(ontable f)", 
        "(on c f)", 
        "(clear d)", 
        "(on d c)", 
        "(on g i)", 
        "(on a g)", 
        "(on b a)", 
        "(clear h)", 
        "(on h b)", 
        "(clear j)", 
        "(ontable j)", 
        "(holding e)"
      ], 
      "delete_list": [
        "(ontable e)", 
        "(clear e)", 
        "(handempty)"
      ]
    }, 
    {
      "action": "(stack e h)", 
      "add_list": [
        "(clear e)", 
        "(handempty)", 
        "(on e h)"
      ], 
      "state": 31, 
      "literals": [
        "(ontable i)", 
        "(ontable f)", 
        "(on c f)", 
        "(clear d)", 
        "(on d c)", 
        "(on g i)", 
        "(on a g)", 
        "(on b a)", 
        "(on h b)", 
        "(clear j)", 
        "(ontable j)", 
        "(clear e)", 
        "(handempty)", 
        "(on e h)"
      ], 
      "delete_list": [
        "(holding e)", 
        "(clear h)"
      ]
    }, 
    {
      "action": "(pick-up j)", 
      "add_list": [
        "(holding j)"
      ], 
      "state": 32, 
      "literals": [
        "(ontable i)", 
        "(ontable f)", 
        "(on c f)", 
        "(clear d)", 
        "(on d c)", 
        "(on g i)", 
        "(on a g)", 
        "(on b a)", 
        "(on h b)", 
        "(clear e)", 
        "(on e h)", 
        "(holding j)"
      ], 
      "delete_list": [
        "(ontable j)", 
        "(clear j)", 
        "(handempty)"
      ]
    }, 
    {
      "action": "(stack j e)", 
      "add_list": [
        "(clear j)", 
        "(handempty)", 
        "(on j e)"
      ], 
      "state": 33, 
      "literals": [
        "(ontable i)", 
        "(ontable f)", 
        "(on c f)", 
        "(clear d)", 
        "(on d c)", 
        "(on g i)", 
        "(on a g)", 
        "(on b a)", 
        "(on h b)", 
        "(on e h)", 
        "(clear j)", 
        "(handempty)", 
        "(on j e)"
      ], 
      "delete_list": [
        "(holding j)", 
        "(clear e)"
      ]
    }, 
    {
      "action": "(unstack d c)", 
      "add_list": [
        "(holding d)", 
        "(clear c)"
      ], 
      "state": 34, 
      "literals": [
        "(ontable i)", 
        "(ontable f)", 
        "(on c f)", 
        "(on g i)", 
        "(on a g)", 
        "(on b a)", 
        "(on h b)", 
        "(on e h)", 
        "(clear j)", 
        "(on j e)", 
        "(holding d)", 
        "(clear c)"
      ], 
      "delete_list": [
        "(clear d)", 
        "(handempty)", 
        "(on d c)"
      ]
    }, 
    {
      "action": "(put-down d)", 
      "add_list": [
        "(clear d)", 
        "(handempty)", 
        "(ontable d)"
      ], 
      "state": 35, 
      "literals": [
        "(ontable i)", 
        "(ontable f)", 
        "(on c f)", 
        "(on g i)", 
        "(on a g)", 
        "(on b a)", 
        "(on h b)", 
        "(on e h)", 
        "(clear j)", 
        "(on j e)", 
        "(clear c)", 
        "(clear d)", 
        "(handempty)", 
        "(ontable d)"
      ], 
      "delete_list": [
        "(holding d)"
      ]
    }, 
    {
      "action": "(unstack c f)", 
      "add_list": [
        "(holding c)", 
        "(clear f)"
      ], 
      "state": 36, 
      "literals": [
        "(ontable i)", 
        "(ontable f)", 
        "(on g i)", 
        "(on a g)", 
        "(on b a)", 
        "(on h b)", 
        "(on e h)", 
        "(clear j)", 
        "(on j e)", 
        "(clear d)", 
        "(ontable d)", 
        "(holding c)", 
        "(clear f)"
      ], 
      "delete_list": [
        "(clear c)", 
        "(handempty)", 
        "(on c f)"
      ]
    }, 
    {
      "action": "(put-down c)", 
      "add_list": [
        "(clear c)", 
        "(handempty)", 
        "(ontable c)"
      ], 
      "state": 37, 
      "literals": [
        "(ontable i)", 
        "(ontable f)", 
        "(on g i)", 
        "(on a g)", 
        "(on b a)", 
        "(on h b)", 
        "(on e h)", 
        "(clear j)", 
        "(on j e)", 
        "(clear d)", 
        "(ontable d)", 
        "(clear f)", 
        "(clear c)", 
        "(handempty)", 
        "(ontable c)"
      ], 
      "delete_list": [
        "(holding c)"
      ]
    }, 
    {
      "action": "(pick-up d)", 
      "add_list": [
        "(holding d)"
      ], 
      "state": 38, 
      "literals": [
        "(ontable i)", 
        "(ontable f)", 
        "(on g i)", 
        "(on a g)", 
        "(on b a)", 
        "(on h b)", 
        "(on e h)", 
        "(clear j)", 
        "(on j e)", 
        "(clear f)", 
        "(clear c)", 
        "(ontable c)", 
        "(holding d)"
      ], 
      "delete_list": [
        "(ontable d)", 
        "(clear d)", 
        "(handempty)"
      ]
    }, 
    {
      "action": "(stack d c)", 
      "add_list": [
        "(clear d)", 
        "(handempty)", 
        "(on d c)"
      ], 
      "state": 39, 
      "literals": [
        "(ontable i)", 
        "(ontable f)", 
        "(on g i)", 
        "(on a g)", 
        "(on b a)", 
        "(on h b)", 
        "(on e h)", 
        "(clear j)", 
        "(on j e)", 
        "(clear f)", 
        "(ontable c)", 
        "(clear d)", 
        "(handempty)", 
        "(on d c)"
      ], 
      "delete_list": [
        "(holding d)", 
        "(clear c)"
      ]
    }, 
    {
      "action": "(pick-up f)", 
      "add_list": [
        "(holding f)"
      ], 
      "state": 40, 
      "literals": [
        "(ontable i)", 
        "(on g i)", 
        "(on a g)", 
        "(on b a)", 
        "(on h b)", 
        "(on e h)", 
        "(clear j)", 
        "(on j e)", 
        "(ontable c)", 
        "(clear d)", 
        "(on d c)", 
        "(holding f)"
      ], 
      "delete_list": [
        "(ontable f)", 
        "(clear f)", 
        "(handempty)"
      ]
    }, 
    {
      "action": "(stack f j)", 
      "add_list": [
        "(clear f)", 
        "(handempty)", 
        "(on f j)"
      ], 
      "state": 41, 
      "literals": [
        "(ontable i)", 
        "(on g i)", 
        "(on a g)", 
        "(on b a)", 
        "(on h b)", 
        "(on e h)", 
        "(on j e)", 
        "(ontable c)", 
        "(clear d)", 
        "(on d c)", 
        "(clear f)", 
        "(handempty)", 
        "(on f j)"
      ], 
      "delete_list": [
        "(holding f)", 
        "(clear j)"
      ]
    }, 
    {
      "action": "(unstack d c)", 
      "add_list": [
        "(holding d)", 
        "(clear c)"
      ], 
      "state": 42, 
      "literals": [
        "(ontable i)", 
        "(on g i)", 
        "(on a g)", 
        "(on b a)", 
        "(on h b)", 
        "(on e h)", 
        "(on j e)", 
        "(ontable c)", 
        "(clear f)", 
        "(on f j)", 
        "(holding d)", 
        "(clear c)"
      ], 
      "delete_list": [
        "(clear d)", 
        "(handempty)", 
        "(on d c)"
      ]
    }, 
    {
      "action": "(put-down d)", 
      "add_list": [
        "(clear d)", 
        "(handempty)", 
        "(ontable d)"
      ], 
      "state": 43, 
      "literals": [
        "(ontable i)", 
        "(on g i)", 
        "(on a g)", 
        "(on b a)", 
        "(on h b)", 
        "(on e h)", 
        "(on j e)", 
        "(ontable c)", 
        "(clear f)", 
        "(on f j)", 
        "(clear c)", 
        "(clear d)", 
        "(handempty)", 
        "(ontable d)"
      ], 
      "delete_list": [
        "(holding d)"
      ]
    }, 
    {
      "action": "(pick-up c)", 
      "add_list": [
        "(holding c)"
      ], 
      "state": 44, 
      "literals": [
        "(ontable i)", 
        "(on g i)", 
        "(on a g)", 
        "(on b a)", 
        "(on h b)", 
        "(on e h)", 
        "(on j e)", 
        "(clear f)", 
        "(on f j)", 
        "(clear d)", 
        "(ontable d)", 
        "(holding c)"
      ], 
      "delete_list": [
        "(ontable c)", 
        "(clear c)", 
        "(handempty)"
      ]
    }, 
    {
      "action": "(stack c f)", 
      "add_list": [
        "(clear c)", 
        "(handempty)", 
        "(on c f)"
      ], 
      "state": 45, 
      "literals": [
        "(ontable i)", 
        "(on g i)", 
        "(on a g)", 
        "(on b a)", 
        "(on h b)", 
        "(on e h)", 
        "(on j e)", 
        "(on f j)", 
        "(clear d)", 
        "(ontable d)", 
        "(clear c)", 
        "(handempty)", 
        "(on c f)"
      ], 
      "delete_list": [
        "(holding c)", 
        "(clear f)"
      ]
    }, 
    {
      "action": "(pick-up d)", 
      "add_list": [
        "(holding d)"
      ], 
      "state": 46, 
      "literals": [
        "(ontable i)", 
        "(on g i)", 
        "(on a g)", 
        "(on b a)", 
        "(on h b)", 
        "(on e h)", 
        "(on j e)", 
        "(on f j)", 
        "(clear c)", 
        "(on c f)", 
        "(holding d)"
      ], 
      "delete_list": [
        "(ontable d)", 
        "(clear d)", 
        "(handempty)"
      ]
    }, 
    {
      "action": "(stack d c)", 
      "add_list": [
        "(clear d)", 
        "(handempty)", 
        "(on d c)"
      ], 
      "state": 47, 
      "literals": [
        "(ontable i)", 
        "(on g i)", 
        "(on a g)", 
        "(on b a)", 
        "(on h b)", 
        "(on e h)", 
        "(on j e)", 
        "(on f j)", 
        "(on c f)", 
        "(clear d)", 
        "(handempty)", 
        "(on d c)"
      ], 
      "delete_list": [
        "(holding d)", 
        "(clear c)"
      ]
    }
  ], 
  "domain_id": 112
}