{
  "domain": "blocks", 
  "inital_state": [
    "(clear q)", 
    "(clear l)", 
    "(clear g)", 
    "(clear h)", 
    "(clear p)", 
    "(ontable m)", 
    "(ontable k)", 
    "(ontable o)", 
    "(ontable n)", 
    "(ontable p)", 
    "(on q a)", 
    "(on a j)", 
    "(on j i)", 
    "(on i b)", 
    "(on b m)", 
    "(on l f)", 
    "(on f e)", 
    "(on e k)", 
    "(on g d)", 
    "(on d c)", 
    "(on c o)", 
    "(on h n)", 
    "(handempty)"
  ], 
  "negative_goals": [], 
  "problem_id": 3950, 
  "positive_goals": [
    "(on q n)", 
    "(on n l)", 
    "(on l o)", 
    "(on o j)", 
    "(on j h)", 
    "(on h c)", 
    "(on c e)", 
    "(on e m)", 
    "(on m p)", 
    "(on p a)", 
    "(on a g)", 
    "(on g b)", 
    "(on b i)", 
    "(on i k)", 
    "(on k f)", 
    "(on f d)"
  ], 
  "plan_length": 124, 
  "plan_literals": [
    {
      "action": "(unstack q a)", 
      "add_list": [
        "(holding q)", 
        "(clear a)"
      ], 
      "state": 0, 
      "literals": [
        "(clear l)", 
        "(clear g)", 
        "(clear h)", 
        "(clear p)", 
        "(ontable m)", 
        "(ontable k)", 
        "(ontable o)", 
        "(ontable n)", 
        "(ontable p)", 
        "(on a j)", 
        "(on j i)", 
        "(on i b)", 
        "(on b m)", 
        "(on l f)", 
        "(on f e)", 
        "(on e k)", 
        "(on g d)", 
        "(on d c)", 
        "(on c o)", 
        "(on h n)", 
        "(holding q)", 
        "(clear a)"
      ], 
      "delete_list": [
        "(clear q)", 
        "(handempty)", 
        "(on q a)"
      ]
    }, 
    {
      "action": "(put-down q)", 
      "add_list": [
        "(clear q)", 
        "(handempty)", 
        "(ontable q)"
      ], 
      "state": 1, 
      "literals": [
        "(clear l)", 
        "(clear g)", 
        "(clear h)", 
        "(clear p)", 
        "(ontable m)", 
        "(ontable k)", 
        "(ontable o)", 
        "(ontable n)", 
        "(ontable p)", 
        "(on a j)", 
        "(on j i)", 
        "(on i b)", 
        "(on b m)", 
        "(on l f)", 
        "(on f e)", 
        "(on e k)", 
        "(on g d)", 
        "(on d c)", 
        "(on c o)", 
        "(on h n)", 
        "(clear a)", 
        "(clear q)", 
        "(handempty)", 
        "(ontable q)"
      ], 
      "delete_list": [
        "(holding q)"
      ]
    }, 
    {
      "action": "(unstack a j)", 
      "add_list": [
        "(holding a)", 
        "(clear j)"
      ], 
      "state": 2, 
      "literals": [
        "(clear l)", 
        "(clear g)", 
        "(clear h)", 
        "(clear p)", 
        "(ontable m)", 
        "(ontable k)", 
        "(ontable o)", 
        "(ontable n)", 
        "(ontable p)", 
        "(on j i)", 
        "(on i b)", 
        "(on b m)", 
        "(on l f)", 
        "(on f e)", 
        "(on e k)", 
        "(on g d)", 
        "(on d c)", 
        "(on c o)", 
        "(on h n)", 
        "(clear q)", 
        "(ontable q)", 
        "(holding a)", 
        "(clear j)"
      ], 
      "delete_list": [
        "(clear a)", 
        "(handempty)", 
        "(on a j)"
      ]
    }, 
    {
      "action": "(stack a g)", 
      "add_list": [
        "(clear a)", 
        "(handempty)", 
        "(on a g)"
      ], 
      "state": 3, 
      "literals": [
        "(clear l)", 
        "(clear h)", 
        "(clear p)", 
        "(ontable m)", 
        "(ontable k)", 
        "(ontable o)", 
        "(ontable n)", 
        "(ontable p)", 
        "(on j i)", 
        "(on i b)", 
        "(on b m)", 
        "(on l f)", 
        "(on f e)", 
        "(on e k)", 
        "(on g d)", 
        "(on d c)", 
        "(on c o)", 
        "(on h n)", 
        "(clear q)", 
        "(ontable q)", 
        "(clear j)", 
        "(clear a)", 
        "(handempty)", 
        "(on a g)"
      ], 
      "delete_list": [
        "(holding a)", 
        "(clear g)"
      ]
    }, 
    {
      "action": "(unstack j i)", 
      "add_list": [
        "(holding j)", 
        "(clear i)"
      ], 
      "state": 4, 
      "literals": [
        "(clear l)", 
        "(clear h)", 
        "(clear p)", 
        "(ontable m)", 
        "(ontable k)", 
        "(ontable o)", 
        "(ontable n)", 
        "(ontable p)", 
        "(on i b)", 
        "(on b m)", 
        "(on l f)", 
        "(on f e)", 
        "(on e k)", 
        "(on g d)", 
        "(on d c)", 
        "(on c o)", 
        "(on h n)", 
        "(clear q)", 
        "(ontable q)", 
        "(clear a)", 
        "(on a g)", 
        "(holding j)", 
        "(clear i)"
      ], 
      "delete_list": [
        "(clear j)", 
        "(handempty)", 
        "(on j i)"
      ]
    }, 
    {
      "action": "(stack j h)", 
      "add_list": [
        "(clear j)", 
        "(handempty)", 
        "(on j h)"
      ], 
      "state": 5, 
      "literals": [
        "(clear l)", 
        "(clear p)", 
        "(ontable m)", 
        "(ontable k)", 
        "(ontable o)", 
        "(ontable n)", 
        "(ontable p)", 
        "(on i b)", 
        "(on b m)", 
        "(on l f)", 
        "(on f e)", 
        "(on e k)", 
        "(on g d)", 
        "(on d c)", 
        "(on c o)", 
        "(on h n)", 
        "(clear q)", 
        "(ontable q)", 
        "(clear a)", 
        "(on a g)", 
        "(clear i)", 
        "(clear j)", 
        "(handempty)", 
        "(on j h)"
      ], 
      "delete_list": [
        "(holding j)", 
        "(clear h)"
      ]
    }, 
    {
      "action": "(unstack i b)", 
      "add_list": [
        "(holding i)", 
        "(clear b)"
      ], 
      "state": 6, 
      "literals": [
        "(clear l)", 
        "(clear p)", 
        "(ontable m)", 
        "(ontable k)", 
        "(ontable o)", 
        "(ontable n)", 
        "(ontable p)", 
        "(on b m)", 
        "(on l f)", 
        "(on f e)", 
        "(on e k)", 
        "(on g d)", 
        "(on d c)", 
        "(on c o)", 
        "(on h n)", 
        "(clear q)", 
        "(ontable q)", 
        "(clear a)", 
        "(on a g)", 
        "(clear j)", 
        "(on j h)", 
        "(holding i)", 
        "(clear b)"
      ], 
      "delete_list": [
        "(clear i)", 
        "(handempty)", 
        "(on i b)"
      ]
    }, 
    {
      "action": "(put-down i)", 
      "add_list": [
        "(clear i)", 
        "(handempty)", 
        "(ontable i)"
      ], 
      "state": 7, 
      "literals": [
        "(clear l)", 
        "(clear p)", 
        "(ontable m)", 
        "(ontable k)", 
        "(ontable o)", 
        "(ontable n)", 
        "(ontable p)", 
        "(on b m)", 
        "(on l f)", 
        "(on f e)", 
        "(on e k)", 
        "(on g d)", 
        "(on d c)", 
        "(on c o)", 
        "(on h n)", 
        "(clear q)", 
        "(ontable q)", 
        "(clear a)", 
        "(on a g)", 
        "(clear j)", 
        "(on j h)", 
        "(clear b)", 
        "(clear i)", 
        "(handempty)", 
        "(ontable i)"
      ], 
      "delete_list": [
        "(holding i)"
      ]
    }, 
    {
      "action": "(unstack b m)", 
      "add_list": [
        "(holding b)", 
        "(clear m)"
      ], 
      "state": 8, 
      "literals": [
        "(clear l)", 
        "(clear p)", 
        "(ontable m)", 
        "(ontable k)", 
        "(ontable o)", 
        "(ontable n)", 
        "(ontable p)", 
        "(on l f)", 
        "(on f e)", 
        "(on e k)", 
        "(on g d)", 
        "(on d c)", 
        "(on c o)", 
        "(on h n)", 
        "(clear q)", 
        "(ontable q)", 
        "(clear a)", 
        "(on a g)", 
        "(clear j)", 
        "(on j h)", 
        "(clear i)", 
        "(ontable i)", 
        "(holding b)", 
        "(clear m)"
      ], 
      "delete_list": [
        "(clear b)", 
        "(handempty)", 
        "(on b m)"
      ]
    }, 
    {
      "action": "(stack b i)", 
      "add_list": [
        "(clear b)", 
        "(handempty)", 
        "(on b i)"
      ], 
      "state": 9, 
      "literals": [
        "(clear l)", 
        "(clear p)", 
        "(ontable m)", 
        "(ontable k)", 
        "(ontable o)", 
        "(ontable n)", 
        "(ontable p)", 
        "(on l f)", 
        "(on f e)", 
        "(on e k)", 
        "(on g d)", 
        "(on d c)", 
        "(on c o)", 
        "(on h n)", 
        "(clear q)", 
        "(ontable q)", 
        "(clear a)", 
        "(on a g)", 
        "(clear j)", 
        "(on j h)", 
        "(ontable i)", 
        "(clear m)", 
        "(clear b)", 
        "(handempty)", 
        "(on b i)"
      ], 
      "delete_list": [
        "(holding b)", 
        "(clear i)"
      ]
    }, 
    {
      "action": "(unstack l f)", 
      "add_list": [
        "(holding l)", 
        "(clear f)"
      ], 
      "state": 10, 
      "literals": [
        "(clear p)", 
        "(ontable m)", 
        "(ontable k)", 
        "(ontable o)", 
        "(ontable n)", 
        "(ontable p)", 
        "(on f e)", 
        "(on e k)", 
        "(on g d)", 
        "(on d c)", 
        "(on c o)", 
        "(on h n)", 
        "(clear q)", 
        "(ontable q)", 
        "(clear a)", 
        "(on a g)", 
        "(clear j)", 
        "(on j h)", 
        "(ontable i)", 
        "(clear m)", 
        "(clear b)", 
        "(on b i)", 
        "(holding l)", 
        "(clear f)"
      ], 
      "delete_list": [
        "(clear l)", 
        "(handempty)", 
        "(on l f)"
      ]
    }, 
    {
      "action": "(put-down l)", 
      "add_list": [
        "(clear l)", 
        "(handempty)", 
        "(ontable l)"
      ], 
      "state": 11, 
      "literals": [
        "(clear p)", 
        "(ontable m)", 
        "(ontable k)", 
        "(ontable o)", 
        "(ontable n)", 
        "(ontable p)", 
        "(on f e)", 
        "(on e k)", 
        "(on g d)", 
        "(on d c)", 
        "(on c o)", 
        "(on h n)", 
        "(clear q)", 
        "(ontable q)", 
        "(clear a)", 
        "(on a g)", 
        "(clear j)", 
        "(on j h)", 
        "(ontable i)", 
        "(clear m)", 
        "(clear b)", 
        "(on b i)", 
        "(clear f)", 
        "(clear l)", 
        "(handempty)", 
        "(ontable l)"
      ], 
      "delete_list": [
        "(holding l)"
      ]
    }, 
    {
      "action": "(unstack f e)", 
      "add_list": [
        "(holding f)", 
        "(clear e)"
      ], 
      "state": 12, 
      "literals": [
        "(clear p)", 
        "(ontable m)", 
        "(ontable k)", 
        "(ontable o)", 
        "(ontable n)", 
        "(ontable p)", 
        "(on e k)", 
        "(on g d)", 
        "(on d c)", 
        "(on c o)", 
        "(on h n)", 
        "(clear q)", 
        "(ontable q)", 
        "(clear a)", 
        "(on a g)", 
        "(clear j)", 
        "(on j h)", 
        "(ontable i)", 
        "(clear m)", 
        "(clear b)", 
        "(on b i)", 
        "(clear l)", 
        "(ontable l)", 
        "(holding f)", 
        "(clear e)"
      ], 
      "delete_list": [
        "(clear f)", 
        "(handempty)", 
        "(on f e)"
      ]
    }, 
    {
      "action": "(put-down f)", 
      "add_list": [
        "(clear f)", 
        "(handempty)", 
        "(ontable f)"
      ], 
      "state": 13, 
      "literals": [
        "(clear p)", 
        "(ontable m)", 
        "(ontable k)", 
        "(ontable o)", 
        "(ontable n)", 
        "(ontable p)", 
        "(on e k)", 
        "(on g d)", 
        "(on d c)", 
        "(on c o)", 
        "(on h n)", 
        "(clear q)", 
        "(ontable q)", 
        "(clear a)", 
        "(on a g)", 
        "(clear j)", 
        "(on j h)", 
        "(ontable i)", 
        "(clear m)", 
        "(clear b)", 
        "(on b i)", 
        "(clear l)", 
        "(ontable l)", 
        "(clear e)", 
        "(clear f)", 
        "(handempty)", 
        "(ontable f)"
      ], 
      "delete_list": [
        "(holding f)"
      ]
    }, 
    {
      "action": "(unstack e k)", 
      "add_list": [
        "(holding e)", 
        "(clear k)"
      ], 
      "state": 14, 
      "literals": [
        "(clear p)", 
        "(ontable m)", 
        "(ontable k)", 
        "(ontable o)", 
        "(ontable n)", 
        "(ontable p)", 
        "(on g d)", 
        "(on d c)", 
        "(on c o)", 
        "(on h n)", 
        "(clear q)", 
        "(ontable q)", 
        "(clear a)", 
        "(on a g)", 
        "(clear j)", 
        "(on j h)", 
        "(ontable i)", 
        "(clear m)", 
        "(clear b)", 
        "(on b i)", 
        "(clear l)", 
        "(ontable l)", 
        "(clear f)", 
        "(ontable f)", 
        "(holding e)", 
        "(clear k)"
      ], 
      "delete_list": [
        "(clear e)", 
        "(handempty)", 
        "(on e k)"
      ]
    }, 
    {
      "action": "(stack e m)", 
      "add_list": [
        "(clear e)", 
        "(handempty)", 
        "(on e m)"
      ], 
      "state": 15, 
      "literals": [
        "(clear p)", 
        "(ontable m)", 
        "(ontable k)", 
        "(ontable o)", 
        "(ontable n)", 
        "(ontable p)", 
        "(on g d)", 
        "(on d c)", 
        "(on c o)", 
        "(on h n)", 
        "(clear q)", 
        "(ontable q)", 
        "(clear a)", 
        "(on a g)", 
        "(clear j)", 
        "(on j h)", 
        "(ontable i)", 
        "(clear b)", 
        "(on b i)", 
        "(clear l)", 
        "(ontable l)", 
        "(clear f)", 
        "(ontable f)", 
        "(clear k)", 
        "(clear e)", 
        "(handempty)", 
        "(on e m)"
      ], 
      "delete_list": [
        "(holding e)", 
        "(clear m)"
      ]
    }, 
    {
      "action": "(pick-up p)", 
      "add_list": [
        "(holding p)"
      ], 
      "state": 16, 
      "literals": [
        "(ontable m)", 
        "(ontable k)", 
        "(ontable o)", 
        "(ontable n)", 
        "(on g d)", 
        "(on d c)", 
        "(on c o)", 
        "(on h n)", 
        "(clear q)", 
        "(ontable q)", 
        "(clear a)", 
        "(on a g)", 
        "(clear j)", 
        "(on j h)", 
        "(ontable i)", 
        "(clear b)", 
        "(on b i)", 
        "(clear l)", 
        "(ontable l)", 
        "(clear f)", 
        "(ontable f)", 
        "(clear k)", 
        "(clear e)", 
        "(on e m)", 
        "(holding p)"
      ], 
      "delete_list": [
        "(ontable p)", 
        "(clear p)", 
        "(handempty)"
      ]
    }, 
    {
      "action": "(stack p a)", 
      "add_list": [
        "(clear p)", 
        "(handempty)", 
        "(on p a)"
      ], 
      "state": 17, 
      "literals": [
        "(ontable m)", 
        "(ontable k)", 
        "(ontable o)", 
        "(ontable n)", 
        "(on g d)", 
        "(on d c)", 
        "(on c o)", 
        "(on h n)", 
        "(clear q)", 
        "(ontable q)", 
        "(on a g)", 
        "(clear j)", 
        "(on j h)", 
        "(ontable i)", 
        "(clear b)", 
        "(on b i)", 
        "(clear l)", 
        "(ontable l)", 
        "(clear f)", 
        "(ontable f)", 
        "(clear k)", 
        "(clear e)", 
        "(on e m)", 
        "(clear p)", 
        "(handempty)", 
        "(on p a)"
      ], 
      "delete_list": [
        "(holding p)", 
        "(clear a)"
      ]
    }, 
    {
      "action": "(pick-up k)", 
      "add_list": [
        "(holding k)"
      ], 
      "state": 18, 
      "literals": [
        "(ontable m)", 
        "(ontable o)", 
        "(ontable n)", 
        "(on g d)", 
        "(on d c)", 
        "(on c o)", 
        "(on h n)", 
        "(clear q)", 
        "(ontable q)", 
        "(on a g)", 
        "(clear j)", 
        "(on j h)", 
        "(ontable i)", 
        "(clear b)", 
        "(on b i)", 
        "(clear l)", 
        "(ontable l)", 
        "(clear f)", 
        "(ontable f)", 
        "(clear e)", 
        "(on e m)", 
        "(clear p)", 
        "(on p a)", 
        "(holding k)"
      ], 
      "delete_list": [
        "(ontable k)", 
        "(clear k)", 
        "(handempty)"
      ]
    }, 
    {
      "action": "(stack k f)", 
      "add_list": [
        "(clear k)", 
        "(handempty)", 
        "(on k f)"
      ], 
      "state": 19, 
      "literals": [
        "(ontable m)", 
        "(ontable o)", 
        "(ontable n)", 
        "(on g d)", 
        "(on d c)", 
        "(on c o)", 
        "(on h n)", 
        "(clear q)", 
        "(ontable q)", 
        "(on a g)", 
        "(clear j)", 
        "(on j h)", 
        "(ontable i)", 
        "(clear b)", 
        "(on b i)", 
        "(clear l)", 
        "(ontable l)", 
        "(ontable f)", 
        "(clear e)", 
        "(on e m)", 
        "(clear p)", 
        "(on p a)", 
        "(clear k)", 
        "(handempty)", 
        "(on k f)"
      ], 
      "delete_list": [
        "(holding k)", 
        "(clear f)"
      ]
    }, 
    {
      "action": "(unstack j h)", 
      "add_list": [
        "(holding j)", 
        "(clear h)"
      ], 
      "state": 20, 
      "literals": [
        "(ontable m)", 
        "(ontable o)", 
        "(ontable n)", 
        "(on g d)", 
        "(on d c)", 
        "(on c o)", 
        "(on h n)", 
        "(clear q)", 
        "(ontable q)", 
        "(on a g)", 
        "(ontable i)", 
        "(clear b)", 
        "(on b i)", 
        "(clear l)", 
        "(ontable l)", 
        "(ontable f)", 
        "(clear e)", 
        "(on e m)", 
        "(clear p)", 
        "(on p a)", 
        "(clear k)", 
        "(on k f)", 
        "(holding j)", 
        "(clear h)"
      ], 
      "delete_list": [
        "(clear j)", 
        "(handempty)", 
        "(on j h)"
      ]
    }, 
    {
      "action": "(put-down j)", 
      "add_list": [
        "(clear j)", 
        "(handempty)", 
        "(ontable j)"
      ], 
      "state": 21, 
      "literals": [
        "(ontable m)", 
        "(ontable o)", 
        "(ontable n)", 
        "(on g d)", 
        "(on d c)", 
        "(on c o)", 
        "(on h n)", 
        "(clear q)", 
        "(ontable q)", 
        "(on a g)", 
        "(ontable i)", 
        "(clear b)", 
        "(on b i)", 
        "(clear l)", 
        "(ontable l)", 
        "(ontable f)", 
        "(clear e)", 
        "(on e m)", 
        "(clear p)", 
        "(on p a)", 
        "(clear k)", 
        "(on k f)", 
        "(clear h)", 
        "(clear j)", 
        "(handempty)", 
        "(ontable j)"
      ], 
      "delete_list": [
        "(holding j)"
      ]
    }, 
    {
      "action": "(unstack h n)", 
      "add_list": [
        "(holding h)", 
        "(clear n)"
      ], 
      "state": 22, 
      "literals": [
        "(ontable m)", 
        "(ontable o)", 
        "(ontable n)", 
        "(on g d)", 
        "(on d c)", 
        "(on c o)", 
        "(clear q)", 
        "(ontable q)", 
        "(on a g)", 
        "(ontable i)", 
        "(clear b)", 
        "(on b i)", 
        "(clear l)", 
        "(ontable l)", 
        "(ontable f)", 
        "(clear e)", 
        "(on e m)", 
        "(clear p)", 
        "(on p a)", 
        "(clear k)", 
        "(on k f)", 
        "(clear j)", 
        "(ontable j)", 
        "(holding h)", 
        "(clear n)"
      ], 
      "delete_list": [
        "(clear h)", 
        "(handempty)", 
        "(on h n)"
      ]
    }, 
    {
      "action": "(put-down h)", 
      "add_list": [
        "(clear h)", 
        "(handempty)", 
        "(ontable h)"
      ], 
      "state": 23, 
      "literals": [
        "(ontable m)", 
        "(ontable o)", 
        "(ontable n)", 
        "(on g d)", 
        "(on d c)", 
        "(on c o)", 
        "(clear q)", 
        "(ontable q)", 
        "(on a g)", 
        "(ontable i)", 
        "(clear b)", 
        "(on b i)", 
        "(clear l)", 
        "(ontable l)", 
        "(ontable f)", 
        "(clear e)", 
        "(on e m)", 
        "(clear p)", 
        "(on p a)", 
        "(clear k)", 
        "(on k f)", 
        "(clear j)", 
        "(ontable j)", 
        "(clear n)", 
        "(clear h)", 
        "(handempty)", 
        "(ontable h)"
      ], 
      "delete_list": [
        "(holding h)"
      ]
    }, 
    {
      "action": "(pick-up q)", 
      "add_list": [
        "(holding q)"
      ], 
      "state": 24, 
      "literals": [
        "(ontable m)", 
        "(ontable o)", 
        "(ontable n)", 
        "(on g d)", 
        "(on d c)", 
        "(on c o)", 
        "(on a g)", 
        "(ontable i)", 
        "(clear b)", 
        "(on b i)", 
        "(clear l)", 
        "(ontable l)", 
        "(ontable f)", 
        "(clear e)", 
        "(on e m)", 
        "(clear p)", 
        "(on p a)", 
        "(clear k)", 
        "(on k f)", 
        "(clear j)", 
        "(ontable j)", 
        "(clear n)", 
        "(clear h)", 
        "(ontable h)", 
        "(holding q)"
      ], 
      "delete_list": [
        "(ontable q)", 
        "(clear q)", 
        "(handempty)"
      ]
    }, 
    {
      "action": "(stack q n)", 
      "add_list": [
        "(clear q)", 
        "(handempty)", 
        "(on q n)"
      ], 
      "state": 25, 
      "literals": [
        "(ontable m)", 
        "(ontable o)", 
        "(ontable n)", 
        "(on g d)", 
        "(on d c)", 
        "(on c o)", 
        "(on a g)", 
        "(ontable i)", 
        "(clear b)", 
        "(on b i)", 
        "(clear l)", 
        "(ontable l)", 
        "(ontable f)", 
        "(clear e)", 
        "(on e m)", 
        "(clear p)", 
        "(on p a)", 
        "(clear k)", 
        "(on k f)", 
        "(clear j)", 
        "(ontable j)", 
        "(clear h)", 
        "(ontable h)", 
        "(clear q)", 
        "(handempty)", 
        "(on q n)"
      ], 
      "delete_list": [
        "(holding q)", 
        "(clear n)"
      ]
    }, 
    {
      "action": "(pick-up j)", 
      "add_list": [
        "(holding j)"
      ], 
      "state": 26, 
      "literals": [
        "(ontable m)", 
        "(ontable o)", 
        "(ontable n)", 
        "(on g d)", 
        "(on d c)", 
        "(on c o)", 
        "(on a g)", 
        "(ontable i)", 
        "(clear b)", 
        "(on b i)", 
        "(clear l)", 
        "(ontable l)", 
        "(ontable f)", 
        "(clear e)", 
        "(on e m)", 
        "(clear p)", 
        "(on p a)", 
        "(clear k)", 
        "(on k f)", 
        "(clear h)", 
        "(ontable h)", 
        "(clear q)", 
        "(on q n)", 
        "(holding j)"
      ], 
      "delete_list": [
        "(ontable j)", 
        "(clear j)", 
        "(handempty)"
      ]
    }, 
    {
      "action": "(stack j h)", 
      "add_list": [
        "(clear j)", 
        "(handempty)", 
        "(on j h)"
      ], 
      "state": 27, 
      "literals": [
        "(ontable m)", 
        "(ontable o)", 
        "(ontable n)", 
        "(on g d)", 
        "(on d c)", 
        "(on c o)", 
        "(on a g)", 
        "(ontable i)", 
        "(clear b)", 
        "(on b i)", 
        "(clear l)", 
        "(ontable l)", 
        "(ontable f)", 
        "(clear e)", 
        "(on e m)", 
        "(clear p)", 
        "(on p a)", 
        "(clear k)", 
        "(on k f)", 
        "(ontable h)", 
        "(clear q)", 
        "(on q n)", 
        "(clear j)", 
        "(handempty)", 
        "(on j h)"
      ], 
      "delete_list": [
        "(holding j)", 
        "(clear h)"
      ]
    }, 
    {
      "action": "(unstack q n)", 
      "add_list": [
        "(holding q)", 
        "(clear n)"
      ], 
      "state": 28, 
      "literals": [
        "(ontable m)", 
        "(ontable o)", 
        "(ontable n)", 
        "(on g d)", 
        "(on d c)", 
        "(on c o)", 
        "(on a g)", 
        "(ontable i)", 
        "(clear b)", 
        "(on b i)", 
        "(clear l)", 
        "(ontable l)", 
        "(ontable f)", 
        "(clear e)", 
        "(on e m)", 
        "(clear p)", 
        "(on p a)", 
        "(clear k)", 
        "(on k f)", 
        "(ontable h)", 
        "(clear j)", 
        "(on j h)", 
        "(holding q)", 
        "(clear n)"
      ], 
      "delete_list": [
        "(clear q)", 
        "(handempty)", 
        "(on q n)"
      ]
    }, 
    {
      "action": "(put-down q)", 
      "add_list": [
        "(clear q)", 
        "(handempty)", 
        "(ontable q)"
      ], 
      "state": 29, 
      "literals": [
        "(ontable m)", 
        "(ontable o)", 
        "(ontable n)", 
        "(on g d)", 
        "(on d c)", 
        "(on c o)", 
        "(on a g)", 
        "(ontable i)", 
        "(clear b)", 
        "(on b i)", 
        "(clear l)", 
        "(ontable l)", 
        "(ontable f)", 
        "(clear e)", 
        "(on e m)", 
        "(clear p)", 
        "(on p a)", 
        "(clear k)", 
        "(on k f)", 
        "(ontable h)", 
        "(clear j)", 
        "(on j h)", 
        "(clear n)", 
        "(clear q)", 
        "(handempty)", 
        "(ontable q)"
      ], 
      "delete_list": [
        "(holding q)"
      ]
    }, 
    {
      "action": "(pick-up n)", 
      "add_list": [
        "(holding n)"
      ], 
      "state": 30, 
      "literals": [
        "(ontable m)", 
        "(ontable o)", 
        "(on g d)", 
        "(on d c)", 
        "(on c o)", 
        "(on a g)", 
        "(ontable i)", 
        "(clear b)", 
        "(on b i)", 
        "(clear l)", 
        "(ontable l)", 
        "(ontable f)", 
        "(clear e)", 
        "(on e m)", 
        "(clear p)", 
        "(on p a)", 
        "(clear k)", 
        "(on k f)", 
        "(ontable h)", 
        "(clear j)", 
        "(on j h)", 
        "(clear q)", 
        "(ontable q)", 
        "(holding n)"
      ], 
      "delete_list": [
        "(ontable n)", 
        "(clear n)", 
        "(handempty)"
      ]
    }, 
    {
      "action": "(stack n l)", 
      "add_list": [
        "(clear n)", 
        "(handempty)", 
        "(on n l)"
      ], 
      "state": 31, 
      "literals": [
        "(ontable m)", 
        "(ontable o)", 
        "(on g d)", 
        "(on d c)", 
        "(on c o)", 
        "(on a g)", 
        "(ontable i)", 
        "(clear b)", 
        "(on b i)", 
        "(ontable l)", 
        "(ontable f)", 
        "(clear e)", 
        "(on e m)", 
        "(clear p)", 
        "(on p a)", 
        "(clear k)", 
        "(on k f)", 
        "(ontable h)", 
        "(clear j)", 
        "(on j h)", 
        "(clear q)", 
        "(ontable q)", 
        "(clear n)", 
        "(handempty)", 
        "(on n l)"
      ], 
      "delete_list": [
        "(holding n)", 
        "(clear l)"
      ]
    }, 
    {
      "action": "(pick-up q)", 
      "add_list": [
        "(holding q)"
      ], 
      "state": 32, 
      "literals": [
        "(ontable m)", 
        "(ontable o)", 
        "(on g d)", 
        "(on d c)", 
        "(on c o)", 
        "(on a g)", 
        "(ontable i)", 
        "(clear b)", 
        "(on b i)", 
        "(ontable l)", 
        "(ontable f)", 
        "(clear e)", 
        "(on e m)", 
        "(clear p)", 
        "(on p a)", 
        "(clear k)", 
        "(on k f)", 
        "(ontable h)", 
        "(clear j)", 
        "(on j h)", 
        "(clear n)", 
        "(on n l)", 
        "(holding q)"
      ], 
      "delete_list": [
        "(ontable q)", 
        "(clear q)", 
        "(handempty)"
      ]
    }, 
    {
      "action": "(stack q n)", 
      "add_list": [
        "(clear q)", 
        "(handempty)", 
        "(on q n)"
      ], 
      "state": 33, 
      "literals": [
        "(ontable m)", 
        "(ontable o)", 
        "(on g d)", 
        "(on d c)", 
        "(on c o)", 
        "(on a g)", 
        "(ontable i)", 
        "(clear b)", 
        "(on b i)", 
        "(ontable l)", 
        "(ontable f)", 
        "(clear e)", 
        "(on e m)", 
        "(clear p)", 
        "(on p a)", 
        "(clear k)", 
        "(on k f)", 
        "(ontable h)", 
        "(clear j)", 
        "(on j h)", 
        "(on n l)", 
        "(clear q)", 
        "(handempty)", 
        "(on q n)"
      ], 
      "delete_list": [
        "(holding q)", 
        "(clear n)"
      ]
    }, 
    {
      "action": "(unstack e m)", 
      "add_list": [
        "(holding e)", 
        "(clear m)"
      ], 
      "state": 34, 
      "literals": [
        "(ontable m)", 
        "(ontable o)", 
        "(on g d)", 
        "(on d c)", 
        "(on c o)", 
        "(on a g)", 
        "(ontable i)", 
        "(clear b)", 
        "(on b i)", 
        "(ontable l)", 
        "(ontable f)", 
        "(clear p)", 
        "(on p a)", 
        "(clear k)", 
        "(on k f)", 
        "(ontable h)", 
        "(clear j)", 
        "(on j h)", 
        "(on n l)", 
        "(clear q)", 
        "(on q n)", 
        "(holding e)", 
        "(clear m)"
      ], 
      "delete_list": [
        "(clear e)", 
        "(handempty)", 
        "(on e m)"
      ]
    }, 
    {
      "action": "(put-down e)", 
      "add_list": [
        "(clear e)", 
        "(handempty)", 
        "(ontable e)"
      ], 
      "state": 35, 
      "literals": [
        "(ontable m)", 
        "(ontable o)", 
        "(on g d)", 
        "(on d c)", 
        "(on c o)", 
        "(on a g)", 
        "(ontable i)", 
        "(clear b)", 
        "(on b i)", 
        "(ontable l)", 
        "(ontable f)", 
        "(clear p)", 
        "(on p a)", 
        "(clear k)", 
        "(on k f)", 
        "(ontable h)", 
        "(clear j)", 
        "(on j h)", 
        "(on n l)", 
        "(clear q)", 
        "(on q n)", 
        "(clear m)", 
        "(clear e)", 
        "(handempty)", 
        "(ontable e)"
      ], 
      "delete_list": [
        "(holding e)"
      ]
    }, 
    {
      "action": "(pick-up m)", 
      "add_list": [
        "(holding m)"
      ], 
      "state": 36, 
      "literals": [
        "(ontable o)", 
        "(on g d)", 
        "(on d c)", 
        "(on c o)", 
        "(on a g)", 
        "(ontable i)", 
        "(clear b)", 
        "(on b i)", 
        "(ontable l)", 
        "(ontable f)", 
        "(clear p)", 
        "(on p a)", 
        "(clear k)", 
        "(on k f)", 
        "(ontable h)", 
        "(clear j)", 
        "(on j h)", 
        "(on n l)", 
        "(clear q)", 
        "(on q n)", 
        "(clear e)", 
        "(ontable e)", 
        "(holding m)"
      ], 
      "delete_list": [
        "(ontable m)", 
        "(clear m)", 
        "(handempty)"
      ]
    }, 
    {
      "action": "(stack m p)", 
      "add_list": [
        "(clear m)", 
        "(handempty)", 
        "(on m p)"
      ], 
      "state": 37, 
      "literals": [
        "(ontable o)", 
        "(on g d)", 
        "(on d c)", 
        "(on c o)", 
        "(on a g)", 
        "(ontable i)", 
        "(clear b)", 
        "(on b i)", 
        "(ontable l)", 
        "(ontable f)", 
        "(on p a)", 
        "(clear k)", 
        "(on k f)", 
        "(ontable h)", 
        "(clear j)", 
        "(on j h)", 
        "(on n l)", 
        "(clear q)", 
        "(on q n)", 
        "(clear e)", 
        "(ontable e)", 
        "(clear m)", 
        "(handempty)", 
        "(on m p)"
      ], 
      "delete_list": [
        "(holding m)", 
        "(clear p)"
      ]
    }, 
    {
      "action": "(pick-up e)", 
      "add_list": [
        "(holding e)"
      ], 
      "state": 38, 
      "literals": [
        "(ontable o)", 
        "(on g d)", 
        "(on d c)", 
        "(on c o)", 
        "(on a g)", 
        "(ontable i)", 
        "(clear b)", 
        "(on b i)", 
        "(ontable l)", 
        "(ontable f)", 
        "(on p a)", 
        "(clear k)", 
        "(on k f)", 
        "(ontable h)", 
        "(clear j)", 
        "(on j h)", 
        "(on n l)", 
        "(clear q)", 
        "(on q n)", 
        "(clear m)", 
        "(on m p)", 
        "(holding e)"
      ], 
      "delete_list": [
        "(ontable e)", 
        "(clear e)", 
        "(handempty)"
      ]
    }, 
    {
      "action": "(stack e m)", 
      "add_list": [
        "(clear e)", 
        "(handempty)", 
        "(on e m)"
      ], 
      "state": 39, 
      "literals": [
        "(ontable o)", 
        "(on g d)", 
        "(on d c)", 
        "(on c o)", 
        "(on a g)", 
        "(ontable i)", 
        "(clear b)", 
        "(on b i)", 
        "(ontable l)", 
        "(ontable f)", 
        "(on p a)", 
        "(clear k)", 
        "(on k f)", 
        "(ontable h)", 
        "(clear j)", 
        "(on j h)", 
        "(on n l)", 
        "(clear q)", 
        "(on q n)", 
        "(on m p)", 
        "(clear e)", 
        "(handempty)", 
        "(on e m)"
      ], 
      "delete_list": [
        "(holding e)", 
        "(clear m)"
      ]
    }, 
    {
      "action": "(unstack b i)", 
      "add_list": [
        "(holding b)", 
        "(clear i)"
      ], 
      "state": 40, 
      "literals": [
        "(ontable o)", 
        "(on g d)", 
        "(on d c)", 
        "(on c o)", 
        "(on a g)", 
        "(ontable i)", 
        "(ontable l)", 
        "(ontable f)", 
        "(on p a)", 
        "(clear k)", 
        "(on k f)", 
        "(ontable h)", 
        "(clear j)", 
        "(on j h)", 
        "(on n l)", 
        "(clear q)", 
        "(on q n)", 
        "(on m p)", 
        "(clear e)", 
        "(on e m)", 
        "(holding b)", 
        "(clear i)"
      ], 
      "delete_list": [
        "(clear b)", 
        "(handempty)", 
        "(on b i)"
      ]
    }, 
    {
      "action": "(put-down b)", 
      "add_list": [
        "(clear b)", 
        "(handempty)", 
        "(ontable b)"
      ], 
      "state": 41, 
      "literals": [
        "(ontable o)", 
        "(on g d)", 
        "(on d c)", 
        "(on c o)", 
        "(on a g)", 
        "(ontable i)", 
        "(ontable l)", 
        "(ontable f)", 
        "(on p a)", 
        "(clear k)", 
        "(on k f)", 
        "(ontable h)", 
        "(clear j)", 
        "(on j h)", 
        "(on n l)", 
        "(clear q)", 
        "(on q n)", 
        "(on m p)", 
        "(clear e)", 
        "(on e m)", 
        "(clear i)", 
        "(clear b)", 
        "(handempty)", 
        "(ontable b)"
      ], 
      "delete_list": [
        "(holding b)"
      ]
    }, 
    {
      "action": "(pick-up i)", 
      "add_list": [
        "(holding i)"
      ], 
      "state": 42, 
      "literals": [
        "(ontable o)", 
        "(on g d)", 
        "(on d c)", 
        "(on c o)", 
        "(on a g)", 
        "(ontable l)", 
        "(ontable f)", 
        "(on p a)", 
        "(clear k)", 
        "(on k f)", 
        "(ontable h)", 
        "(clear j)", 
        "(on j h)", 
        "(on n l)", 
        "(clear q)", 
        "(on q n)", 
        "(on m p)", 
        "(clear e)", 
        "(on e m)", 
        "(clear b)", 
        "(ontable b)", 
        "(holding i)"
      ], 
      "delete_list": [
        "(ontable i)", 
        "(clear i)", 
        "(handempty)"
      ]
    }, 
    {
      "action": "(stack i k)", 
      "add_list": [
        "(clear i)", 
        "(handempty)", 
        "(on i k)"
      ], 
      "state": 43, 
      "literals": [
        "(ontable o)", 
        "(on g d)", 
        "(on d c)", 
        "(on c o)", 
        "(on a g)", 
        "(ontable l)", 
        "(ontable f)", 
        "(on p a)", 
        "(on k f)", 
        "(ontable h)", 
        "(clear j)", 
        "(on j h)", 
        "(on n l)", 
        "(clear q)", 
        "(on q n)", 
        "(on m p)", 
        "(clear e)", 
        "(on e m)", 
        "(clear b)", 
        "(ontable b)", 
        "(clear i)", 
        "(handempty)", 
        "(on i k)"
      ], 
      "delete_list": [
        "(holding i)", 
        "(clear k)"
      ]
    }, 
    {
      "action": "(pick-up b)", 
      "add_list": [
        "(holding b)"
      ], 
      "state": 44, 
      "literals": [
        "(ontable o)", 
        "(on g d)", 
        "(on d c)", 
        "(on c o)", 
        "(on a g)", 
        "(ontable l)", 
        "(ontable f)", 
        "(on p a)", 
        "(on k f)", 
        "(ontable h)", 
        "(clear j)", 
        "(on j h)", 
        "(on n l)", 
        "(clear q)", 
        "(on q n)", 
        "(on m p)", 
        "(clear e)", 
        "(on e m)", 
        "(clear i)", 
        "(on i k)", 
        "(holding b)"
      ], 
      "delete_list": [
        "(ontable b)", 
        "(clear b)", 
        "(handempty)"
      ]
    }, 
    {
      "action": "(stack b i)", 
      "add_list": [
        "(clear b)", 
        "(handempty)", 
        "(on b i)"
      ], 
      "state": 45, 
      "literals": [
        "(ontable o)", 
        "(on g d)", 
        "(on d c)", 
        "(on c o)", 
        "(on a g)", 
        "(ontable l)", 
        "(ontable f)", 
        "(on p a)", 
        "(on k f)", 
        "(ontable h)", 
        "(clear j)", 
        "(on j h)", 
        "(on n l)", 
        "(clear q)", 
        "(on q n)", 
        "(on m p)", 
        "(clear e)", 
        "(on e m)", 
        "(on i k)", 
        "(clear b)", 
        "(handempty)", 
        "(on b i)"
      ], 
      "delete_list": [
        "(holding b)", 
        "(clear i)"
      ]
    }, 
    {
      "action": "(unstack e m)", 
      "add_list": [
        "(holding e)", 
        "(clear m)"
      ], 
      "state": 46, 
      "literals": [
        "(ontable o)", 
        "(on g d)", 
        "(on d c)", 
        "(on c o)", 
        "(on a g)", 
        "(ontable l)", 
        "(ontable f)", 
        "(on p a)", 
        "(on k f)", 
        "(ontable h)", 
        "(clear j)", 
        "(on j h)", 
        "(on n l)", 
        "(clear q)", 
        "(on q n)", 
        "(on m p)", 
        "(on i k)", 
        "(clear b)", 
        "(on b i)", 
        "(holding e)", 
        "(clear m)"
      ], 
      "delete_list": [
        "(clear e)", 
        "(handempty)", 
        "(on e m)"
      ]
    }, 
    {
      "action": "(put-down e)", 
      "add_list": [
        "(clear e)", 
        "(handempty)", 
        "(ontable e)"
      ], 
      "state": 47, 
      "literals": [
        "(ontable o)", 
        "(on g d)", 
        "(on d c)", 
        "(on c o)", 
        "(on a g)", 
        "(ontable l)", 
        "(ontable f)", 
        "(on p a)", 
        "(on k f)", 
        "(ontable h)", 
        "(clear j)", 
        "(on j h)", 
        "(on n l)", 
        "(clear q)", 
        "(on q n)", 
        "(on m p)", 
        "(on i k)", 
        "(clear b)", 
        "(on b i)", 
        "(clear m)", 
        "(clear e)", 
        "(handempty)", 
        "(ontable e)"
      ], 
      "delete_list": [
        "(holding e)"
      ]
    }, 
    {
      "action": "(unstack m p)", 
      "add_list": [
        "(holding m)", 
        "(clear p)"
      ], 
      "state": 48, 
      "literals": [
        "(ontable o)", 
        "(on g d)", 
        "(on d c)", 
        "(on c o)", 
        "(on a g)", 
        "(ontable l)", 
        "(ontable f)", 
        "(on p a)", 
        "(on k f)", 
        "(ontable h)", 
        "(clear j)", 
        "(on j h)", 
        "(on n l)", 
        "(clear q)", 
        "(on q n)", 
        "(on i k)", 
        "(clear b)", 
        "(on b i)", 
        "(clear e)", 
        "(ontable e)", 
        "(holding m)", 
        "(clear p)"
      ], 
      "delete_list": [
        "(clear m)", 
        "(handempty)", 
        "(on m p)"
      ]
    }, 
    {
      "action": "(put-down m)", 
      "add_list": [
        "(clear m)", 
        "(handempty)", 
        "(ontable m)"
      ], 
      "state": 49, 
      "literals": [
        "(ontable o)", 
        "(on g d)", 
        "(on d c)", 
        "(on c o)", 
        "(on a g)", 
        "(ontable l)", 
        "(ontable f)", 
        "(on p a)", 
        "(on k f)", 
        "(ontable h)", 
        "(clear j)", 
        "(on j h)", 
        "(on n l)", 
        "(clear q)", 
        "(on q n)", 
        "(on i k)", 
        "(clear b)", 
        "(on b i)", 
        "(clear e)", 
        "(ontable e)", 
        "(clear p)", 
        "(clear m)", 
        "(handempty)", 
        "(ontable m)"
      ], 
      "delete_list": [
        "(holding m)"
      ]
    }, 
    {
      "action": "(pick-up e)", 
      "add_list": [
        "(holding e)"
      ], 
      "state": 50, 
      "literals": [
        "(ontable o)", 
        "(on g d)", 
        "(on d c)", 
        "(on c o)", 
        "(on a g)", 
        "(ontable l)", 
        "(ontable f)", 
        "(on p a)", 
        "(on k f)", 
        "(ontable h)", 
        "(clear j)", 
        "(on j h)", 
        "(on n l)", 
        "(clear q)", 
        "(on q n)", 
        "(on i k)", 
        "(clear b)", 
        "(on b i)", 
        "(clear p)", 
        "(clear m)", 
        "(ontable m)", 
        "(holding e)"
      ], 
      "delete_list": [
        "(ontable e)", 
        "(clear e)", 
        "(handempty)"
      ]
    }, 
    {
      "action": "(stack e m)", 
      "add_list": [
        "(clear e)", 
        "(handempty)", 
        "(on e m)"
      ], 
      "state": 51, 
      "literals": [
        "(ontable o)", 
        "(on g d)", 
        "(on d c)", 
        "(on c o)", 
        "(on a g)", 
        "(ontable l)", 
        "(ontable f)", 
        "(on p a)", 
        "(on k f)", 
        "(ontable h)", 
        "(clear j)", 
        "(on j h)", 
        "(on n l)", 
        "(clear q)", 
        "(on q n)", 
        "(on i k)", 
        "(clear b)", 
        "(on b i)", 
        "(clear p)", 
        "(ontable m)", 
        "(clear e)", 
        "(handempty)", 
        "(on e m)"
      ], 
      "delete_list": [
        "(holding e)", 
        "(clear m)"
      ]
    }, 
    {
      "action": "(unstack p a)", 
      "add_list": [
        "(holding p)", 
        "(clear a)"
      ], 
      "state": 52, 
      "literals": [
        "(ontable o)", 
        "(on g d)", 
        "(on d c)", 
        "(on c o)", 
        "(on a g)", 
        "(ontable l)", 
        "(ontable f)", 
        "(on k f)", 
        "(ontable h)", 
        "(clear j)", 
        "(on j h)", 
        "(on n l)", 
        "(clear q)", 
        "(on q n)", 
        "(on i k)", 
        "(clear b)", 
        "(on b i)", 
        "(ontable m)", 
        "(clear e)", 
        "(on e m)", 
        "(holding p)", 
        "(clear a)"
      ], 
      "delete_list": [
        "(clear p)", 
        "(handempty)", 
        "(on p a)"
      ]
    }, 
    {
      "action": "(put-down p)", 
      "add_list": [
        "(clear p)", 
        "(handempty)", 
        "(ontable p)"
      ], 
      "state": 53, 
      "literals": [
        "(ontable o)", 
        "(on g d)", 
        "(on d c)", 
        "(on c o)", 
        "(on a g)", 
        "(ontable l)", 
        "(ontable f)", 
        "(on k f)", 
        "(ontable h)", 
        "(clear j)", 
        "(on j h)", 
        "(on n l)", 
        "(clear q)", 
        "(on q n)", 
        "(on i k)", 
        "(clear b)", 
        "(on b i)", 
        "(ontable m)", 
        "(clear e)", 
        "(on e m)", 
        "(clear a)", 
        "(clear p)", 
        "(handempty)", 
        "(ontable p)"
      ], 
      "delete_list": [
        "(holding p)"
      ]
    }, 
    {
      "action": "(unstack a g)", 
      "add_list": [
        "(holding a)", 
        "(clear g)"
      ], 
      "state": 54, 
      "literals": [
        "(ontable o)", 
        "(on g d)", 
        "(on d c)", 
        "(on c o)", 
        "(ontable l)", 
        "(ontable f)", 
        "(on k f)", 
        "(ontable h)", 
        "(clear j)", 
        "(on j h)", 
        "(on n l)", 
        "(clear q)", 
        "(on q n)", 
        "(on i k)", 
        "(clear b)", 
        "(on b i)", 
        "(ontable m)", 
        "(clear e)", 
        "(on e m)", 
        "(clear p)", 
        "(ontable p)", 
        "(holding a)", 
        "(clear g)"
      ], 
      "delete_list": [
        "(clear a)", 
        "(handempty)", 
        "(on a g)"
      ]
    }, 
    {
      "action": "(put-down a)", 
      "add_list": [
        "(clear a)", 
        "(handempty)", 
        "(ontable a)"
      ], 
      "state": 55, 
      "literals": [
        "(ontable o)", 
        "(on g d)", 
        "(on d c)", 
        "(on c o)", 
        "(ontable l)", 
        "(ontable f)", 
        "(on k f)", 
        "(ontable h)", 
        "(clear j)", 
        "(on j h)", 
        "(on n l)", 
        "(clear q)", 
        "(on q n)", 
        "(on i k)", 
        "(clear b)", 
        "(on b i)", 
        "(ontable m)", 
        "(clear e)", 
        "(on e m)", 
        "(clear p)", 
        "(ontable p)", 
        "(clear g)", 
        "(clear a)", 
        "(handempty)", 
        "(ontable a)"
      ], 
      "delete_list": [
        "(holding a)"
      ]
    }, 
    {
      "action": "(unstack g d)", 
      "add_list": [
        "(holding g)", 
        "(clear d)"
      ], 
      "state": 56, 
      "literals": [
        "(ontable o)", 
        "(on d c)", 
        "(on c o)", 
        "(ontable l)", 
        "(ontable f)", 
        "(on k f)", 
        "(ontable h)", 
        "(clear j)", 
        "(on j h)", 
        "(on n l)", 
        "(clear q)", 
        "(on q n)", 
        "(on i k)", 
        "(clear b)", 
        "(on b i)", 
        "(ontable m)", 
        "(clear e)", 
        "(on e m)", 
        "(clear p)", 
        "(ontable p)", 
        "(clear a)", 
        "(ontable a)", 
        "(holding g)", 
        "(clear d)"
      ], 
      "delete_list": [
        "(clear g)", 
        "(handempty)", 
        "(on g d)"
      ]
    }, 
    {
      "action": "(stack g b)", 
      "add_list": [
        "(clear g)", 
        "(handempty)", 
        "(on g b)"
      ], 
      "state": 57, 
      "literals": [
        "(ontable o)", 
        "(on d c)", 
        "(on c o)", 
        "(ontable l)", 
        "(ontable f)", 
        "(on k f)", 
        "(ontable h)", 
        "(clear j)", 
        "(on j h)", 
        "(on n l)", 
        "(clear q)", 
        "(on q n)", 
        "(on i k)", 
        "(on b i)", 
        "(ontable m)", 
        "(clear e)", 
        "(on e m)", 
        "(clear p)", 
        "(ontable p)", 
        "(clear a)", 
        "(ontable a)", 
        "(clear d)", 
        "(clear g)", 
        "(handempty)", 
        "(on g b)"
      ], 
      "delete_list": [
        "(holding g)", 
        "(clear b)"
      ]
    }, 
    {
      "action": "(unstack d c)", 
      "add_list": [
        "(holding d)", 
        "(clear c)"
      ], 
      "state": 58, 
      "literals": [
        "(ontable o)", 
        "(on c o)", 
        "(ontable l)", 
        "(ontable f)", 
        "(on k f)", 
        "(ontable h)", 
        "(clear j)", 
        "(on j h)", 
        "(on n l)", 
        "(clear q)", 
        "(on q n)", 
        "(on i k)", 
        "(on b i)", 
        "(ontable m)", 
        "(clear e)", 
        "(on e m)", 
        "(clear p)", 
        "(ontable p)", 
        "(clear a)", 
        "(ontable a)", 
        "(clear g)", 
        "(on g b)", 
        "(holding d)", 
        "(clear c)"
      ], 
      "delete_list": [
        "(clear d)", 
        "(handempty)", 
        "(on d c)"
      ]
    }, 
    {
      "action": "(put-down d)", 
      "add_list": [
        "(clear d)", 
        "(handempty)", 
        "(ontable d)"
      ], 
      "state": 59, 
      "literals": [
        "(ontable o)", 
        "(on c o)", 
        "(ontable l)", 
        "(ontable f)", 
        "(on k f)", 
        "(ontable h)", 
        "(clear j)", 
        "(on j h)", 
        "(on n l)", 
        "(clear q)", 
        "(on q n)", 
        "(on i k)", 
        "(on b i)", 
        "(ontable m)", 
        "(clear e)", 
        "(on e m)", 
        "(clear p)", 
        "(ontable p)", 
        "(clear a)", 
        "(ontable a)", 
        "(clear g)", 
        "(on g b)", 
        "(clear c)", 
        "(clear d)", 
        "(handempty)", 
        "(ontable d)"
      ], 
      "delete_list": [
        "(holding d)"
      ]
    }, 
    {
      "action": "(unstack c o)", 
      "add_list": [
        "(holding c)", 
        "(clear o)"
      ], 
      "state": 60, 
      "literals": [
        "(ontable o)", 
        "(ontable l)", 
        "(ontable f)", 
        "(on k f)", 
        "(ontable h)", 
        "(clear j)", 
        "(on j h)", 
        "(on n l)", 
        "(clear q)", 
        "(on q n)", 
        "(on i k)", 
        "(on b i)", 
        "(ontable m)", 
        "(clear e)", 
        "(on e m)", 
        "(clear p)", 
        "(ontable p)", 
        "(clear a)", 
        "(ontable a)", 
        "(clear g)", 
        "(on g b)", 
        "(clear d)", 
        "(ontable d)", 
        "(holding c)", 
        "(clear o)"
      ], 
      "delete_list": [
        "(clear c)", 
        "(handempty)", 
        "(on c o)"
      ]
    }, 
    {
      "action": "(stack c e)", 
      "add_list": [
        "(clear c)", 
        "(handempty)", 
        "(on c e)"
      ], 
      "state": 61, 
      "literals": [
        "(ontable o)", 
        "(ontable l)", 
        "(ontable f)", 
        "(on k f)", 
        "(ontable h)", 
        "(clear j)", 
        "(on j h)", 
        "(on n l)", 
        "(clear q)", 
        "(on q n)", 
        "(on i k)", 
        "(on b i)", 
        "(ontable m)", 
        "(on e m)", 
        "(clear p)", 
        "(ontable p)", 
        "(clear a)", 
        "(ontable a)", 
        "(clear g)", 
        "(on g b)", 
        "(clear d)", 
        "(ontable d)", 
        "(clear o)", 
        "(clear c)", 
        "(handempty)", 
        "(on c e)"
      ], 
      "delete_list": [
        "(holding c)", 
        "(clear e)"
      ]
    }, 
    {
      "action": "(pick-up p)", 
      "add_list": [
        "(holding p)"
      ], 
      "state": 62, 
      "literals": [
        "(ontable o)", 
        "(ontable l)", 
        "(ontable f)", 
        "(on k f)", 
        "(ontable h)", 
        "(clear j)", 
        "(on j h)", 
        "(on n l)", 
        "(clear q)", 
        "(on q n)", 
        "(on i k)", 
        "(on b i)", 
        "(ontable m)", 
        "(on e m)", 
        "(clear a)", 
        "(ontable a)", 
        "(clear g)", 
        "(on g b)", 
        "(clear d)", 
        "(ontable d)", 
        "(clear o)", 
        "(clear c)", 
        "(on c e)", 
        "(holding p)"
      ], 
      "delete_list": [
        "(ontable p)", 
        "(clear p)", 
        "(handempty)"
      ]
    }, 
    {
      "action": "(stack p a)", 
      "add_list": [
        "(clear p)", 
        "(handempty)", 
        "(on p a)"
      ], 
      "state": 63, 
      "literals": [
        "(ontable o)", 
        "(ontable l)", 
        "(ontable f)", 
        "(on k f)", 
        "(ontable h)", 
        "(clear j)", 
        "(on j h)", 
        "(on n l)", 
        "(clear q)", 
        "(on q n)", 
        "(on i k)", 
        "(on b i)", 
        "(ontable m)", 
        "(on e m)", 
        "(ontable a)", 
        "(clear g)", 
        "(on g b)", 
        "(clear d)", 
        "(ontable d)", 
        "(clear o)", 
        "(clear c)", 
        "(on c e)", 
        "(clear p)", 
        "(handempty)", 
        "(on p a)"
      ], 
      "delete_list": [
        "(holding p)", 
        "(clear a)"
      ]
    }, 
    {
      "action": "(pick-up o)", 
      "add_list": [
        "(holding o)"
      ], 
      "state": 64, 
      "literals": [
        "(ontable l)", 
        "(ontable f)", 
        "(on k f)", 
        "(ontable h)", 
        "(clear j)", 
        "(on j h)", 
        "(on n l)", 
        "(clear q)", 
        "(on q n)", 
        "(on i k)", 
        "(on b i)", 
        "(ontable m)", 
        "(on e m)", 
        "(ontable a)", 
        "(clear g)", 
        "(on g b)", 
        "(clear d)", 
        "(ontable d)", 
        "(clear c)", 
        "(on c e)", 
        "(clear p)", 
        "(on p a)", 
        "(holding o)"
      ], 
      "delete_list": [
        "(ontable o)", 
        "(clear o)", 
        "(handempty)"
      ]
    }, 
    {
      "action": "(stack o j)", 
      "add_list": [
        "(clear o)", 
        "(handempty)", 
        "(on o j)"
      ], 
      "state": 65, 
      "literals": [
        "(ontable l)", 
        "(ontable f)", 
        "(on k f)", 
        "(ontable h)", 
        "(on j h)", 
        "(on n l)", 
        "(clear q)", 
        "(on q n)", 
        "(on i k)", 
        "(on b i)", 
        "(ontable m)", 
        "(on e m)", 
        "(ontable a)", 
        "(clear g)", 
        "(on g b)", 
        "(clear d)", 
        "(ontable d)", 
        "(clear c)", 
        "(on c e)", 
        "(clear p)", 
        "(on p a)", 
        "(clear o)", 
        "(handempty)", 
        "(on o j)"
      ], 
      "delete_list": [
        "(holding o)", 
        "(clear j)"
      ]
    }, 
    {
      "action": "(unstack g b)", 
      "add_list": [
        "(holding g)", 
        "(clear b)"
      ], 
      "state": 66, 
      "literals": [
        "(ontable l)", 
        "(ontable f)", 
        "(on k f)", 
        "(ontable h)", 
        "(on j h)", 
        "(on n l)", 
        "(clear q)", 
        "(on q n)", 
        "(on i k)", 
        "(on b i)", 
        "(ontable m)", 
        "(on e m)", 
        "(ontable a)", 
        "(clear d)", 
        "(ontable d)", 
        "(clear c)", 
        "(on c e)", 
        "(clear p)", 
        "(on p a)", 
        "(clear o)", 
        "(on o j)", 
        "(holding g)", 
        "(clear b)"
      ], 
      "delete_list": [
        "(clear g)", 
        "(handempty)", 
        "(on g b)"
      ]
    }, 
    {
      "action": "(put-down g)", 
      "add_list": [
        "(clear g)", 
        "(handempty)", 
        "(ontable g)"
      ], 
      "state": 67, 
      "literals": [
        "(ontable l)", 
        "(ontable f)", 
        "(on k f)", 
        "(ontable h)", 
        "(on j h)", 
        "(on n l)", 
        "(clear q)", 
        "(on q n)", 
        "(on i k)", 
        "(on b i)", 
        "(ontable m)", 
        "(on e m)", 
        "(ontable a)", 
        "(clear d)", 
        "(ontable d)", 
        "(clear c)", 
        "(on c e)", 
        "(clear p)", 
        "(on p a)", 
        "(clear o)", 
        "(on o j)", 
        "(clear b)", 
        "(clear g)", 
        "(handempty)", 
        "(ontable g)"
      ], 
      "delete_list": [
        "(holding g)"
      ]
    }, 
    {
      "action": "(unstack b i)", 
      "add_list": [
        "(holding b)", 
        "(clear i)"
      ], 
      "state": 68, 
      "literals": [
        "(ontable l)", 
        "(ontable f)", 
        "(on k f)", 
        "(ontable h)", 
        "(on j h)", 
        "(on n l)", 
        "(clear q)", 
        "(on q n)", 
        "(on i k)", 
        "(ontable m)", 
        "(on e m)", 
        "(ontable a)", 
        "(clear d)", 
        "(ontable d)", 
        "(clear c)", 
        "(on c e)", 
        "(clear p)", 
        "(on p a)", 
        "(clear o)", 
        "(on o j)", 
        "(clear g)", 
        "(ontable g)", 
        "(holding b)", 
        "(clear i)"
      ], 
      "delete_list": [
        "(clear b)", 
        "(handempty)", 
        "(on b i)"
      ]
    }, 
    {
      "action": "(put-down b)", 
      "add_list": [
        "(clear b)", 
        "(handempty)", 
        "(ontable b)"
      ], 
      "state": 69, 
      "literals": [
        "(ontable l)", 
        "(ontable f)", 
        "(on k f)", 
        "(ontable h)", 
        "(on j h)", 
        "(on n l)", 
        "(clear q)", 
        "(on q n)", 
        "(on i k)", 
        "(ontable m)", 
        "(on e m)", 
        "(ontable a)", 
        "(clear d)", 
        "(ontable d)", 
        "(clear c)", 
        "(on c e)", 
        "(clear p)", 
        "(on p a)", 
        "(clear o)", 
        "(on o j)", 
        "(clear g)", 
        "(ontable g)", 
        "(clear i)", 
        "(clear b)", 
        "(handempty)", 
        "(ontable b)"
      ], 
      "delete_list": [
        "(holding b)"
      ]
    }, 
    {
      "action": "(unstack i k)", 
      "add_list": [
        "(holding i)", 
        "(clear k)"
      ], 
      "state": 70, 
      "literals": [
        "(ontable l)", 
        "(ontable f)", 
        "(on k f)", 
        "(ontable h)", 
        "(on j h)", 
        "(on n l)", 
        "(clear q)", 
        "(on q n)", 
        "(ontable m)", 
        "(on e m)", 
        "(ontable a)", 
        "(clear d)", 
        "(ontable d)", 
        "(clear c)", 
        "(on c e)", 
        "(clear p)", 
        "(on p a)", 
        "(clear o)", 
        "(on o j)", 
        "(clear g)", 
        "(ontable g)", 
        "(clear b)", 
        "(ontable b)", 
        "(holding i)", 
        "(clear k)"
      ], 
      "delete_list": [
        "(clear i)", 
        "(handempty)", 
        "(on i k)"
      ]
    }, 
    {
      "action": "(put-down i)", 
      "add_list": [
        "(clear i)", 
        "(handempty)", 
        "(ontable i)"
      ], 
      "state": 71, 
      "literals": [
        "(ontable l)", 
        "(ontable f)", 
        "(on k f)", 
        "(ontable h)", 
        "(on j h)", 
        "(on n l)", 
        "(clear q)", 
        "(on q n)", 
        "(ontable m)", 
        "(on e m)", 
        "(ontable a)", 
        "(clear d)", 
        "(ontable d)", 
        "(clear c)", 
        "(on c e)", 
        "(clear p)", 
        "(on p a)", 
        "(clear o)", 
        "(on o j)", 
        "(clear g)", 
        "(ontable g)", 
        "(clear b)", 
        "(ontable b)", 
        "(clear k)", 
        "(clear i)", 
        "(handempty)", 
        "(ontable i)"
      ], 
      "delete_list": [
        "(holding i)"
      ]
    }, 
    {
      "action": "(unstack k f)", 
      "add_list": [
        "(holding k)", 
        "(clear f)"
      ], 
      "state": 72, 
      "literals": [
        "(ontable l)", 
        "(ontable f)", 
        "(ontable h)", 
        "(on j h)", 
        "(on n l)", 
        "(clear q)", 
        "(on q n)", 
        "(ontable m)", 
        "(on e m)", 
        "(ontable a)", 
        "(clear d)", 
        "(ontable d)", 
        "(clear c)", 
        "(on c e)", 
        "(clear p)", 
        "(on p a)", 
        "(clear o)", 
        "(on o j)", 
        "(clear g)", 
        "(ontable g)", 
        "(clear b)", 
        "(ontable b)", 
        "(clear i)", 
        "(ontable i)", 
        "(holding k)", 
        "(clear f)"
      ], 
      "delete_list": [
        "(clear k)", 
        "(handempty)", 
        "(on k f)"
      ]
    }, 
    {
      "action": "(put-down k)", 
      "add_list": [
        "(clear k)", 
        "(handempty)", 
        "(ontable k)"
      ], 
      "state": 73, 
      "literals": [
        "(ontable l)", 
        "(ontable f)", 
        "(ontable h)", 
        "(on j h)", 
        "(on n l)", 
        "(clear q)", 
        "(on q n)", 
        "(ontable m)", 
        "(on e m)", 
        "(ontable a)", 
        "(clear d)", 
        "(ontable d)", 
        "(clear c)", 
        "(on c e)", 
        "(clear p)", 
        "(on p a)", 
        "(clear o)", 
        "(on o j)", 
        "(clear g)", 
        "(ontable g)", 
        "(clear b)", 
        "(ontable b)", 
        "(clear i)", 
        "(ontable i)", 
        "(clear f)", 
        "(clear k)", 
        "(handempty)", 
        "(ontable k)"
      ], 
      "delete_list": [
        "(holding k)"
      ]
    }, 
    {
      "action": "(pick-up f)", 
      "add_list": [
        "(holding f)"
      ], 
      "state": 74, 
      "literals": [
        "(ontable l)", 
        "(ontable h)", 
        "(on j h)", 
        "(on n l)", 
        "(clear q)", 
        "(on q n)", 
        "(ontable m)", 
        "(on e m)", 
        "(ontable a)", 
        "(clear d)", 
        "(ontable d)", 
        "(clear c)", 
        "(on c e)", 
        "(clear p)", 
        "(on p a)", 
        "(clear o)", 
        "(on o j)", 
        "(clear g)", 
        "(ontable g)", 
        "(clear b)", 
        "(ontable b)", 
        "(clear i)", 
        "(ontable i)", 
        "(clear k)", 
        "(ontable k)", 
        "(holding f)"
      ], 
      "delete_list": [
        "(ontable f)", 
        "(clear f)", 
        "(handempty)"
      ]
    }, 
    {
      "action": "(stack f d)", 
      "add_list": [
        "(clear f)", 
        "(handempty)", 
        "(on f d)"
      ], 
      "state": 75, 
      "literals": [
        "(ontable l)", 
        "(ontable h)", 
        "(on j h)", 
        "(on n l)", 
        "(clear q)", 
        "(on q n)", 
        "(ontable m)", 
        "(on e m)", 
        "(ontable a)", 
        "(ontable d)", 
        "(clear c)", 
        "(on c e)", 
        "(clear p)", 
        "(on p a)", 
        "(clear o)", 
        "(on o j)", 
        "(clear g)", 
        "(ontable g)", 
        "(clear b)", 
        "(ontable b)", 
        "(clear i)", 
        "(ontable i)", 
        "(clear k)", 
        "(ontable k)", 
        "(clear f)", 
        "(handempty)", 
        "(on f d)"
      ], 
      "delete_list": [
        "(holding f)", 
        "(clear d)"
      ]
    }, 
    {
      "action": "(pick-up k)", 
      "add_list": [
        "(holding k)"
      ], 
      "state": 76, 
      "literals": [
        "(ontable l)", 
        "(ontable h)", 
        "(on j h)", 
        "(on n l)", 
        "(clear q)", 
        "(on q n)", 
        "(ontable m)", 
        "(on e m)", 
        "(ontable a)", 
        "(ontable d)", 
        "(clear c)", 
        "(on c e)", 
        "(clear p)", 
        "(on p a)", 
        "(clear o)", 
        "(on o j)", 
        "(clear g)", 
        "(ontable g)", 
        "(clear b)", 
        "(ontable b)", 
        "(clear i)", 
        "(ontable i)", 
        "(clear f)", 
        "(on f d)", 
        "(holding k)"
      ], 
      "delete_list": [
        "(ontable k)", 
        "(clear k)", 
        "(handempty)"
      ]
    }, 
    {
      "action": "(stack k f)", 
      "add_list": [
        "(clear k)", 
        "(handempty)", 
        "(on k f)"
      ], 
      "state": 77, 
      "literals": [
        "(ontable l)", 
        "(ontable h)", 
        "(on j h)", 
        "(on n l)", 
        "(clear q)", 
        "(on q n)", 
        "(ontable m)", 
        "(on e m)", 
        "(ontable a)", 
        "(ontable d)", 
        "(clear c)", 
        "(on c e)", 
        "(clear p)", 
        "(on p a)", 
        "(clear o)", 
        "(on o j)", 
        "(clear g)", 
        "(ontable g)", 
        "(clear b)", 
        "(ontable b)", 
        "(clear i)", 
        "(ontable i)", 
        "(on f d)", 
        "(clear k)", 
        "(handempty)", 
        "(on k f)"
      ], 
      "delete_list": [
        "(holding k)", 
        "(clear f)"
      ]
    }, 
    {
      "action": "(pick-up i)", 
      "add_list": [
        "(holding i)"
      ], 
      "state": 78, 
      "literals": [
        "(ontable l)", 
        "(ontable h)", 
        "(on j h)", 
        "(on n l)", 
        "(clear q)", 
        "(on q n)", 
        "(ontable m)", 
        "(on e m)", 
        "(ontable a)", 
        "(ontable d)", 
        "(clear c)", 
        "(on c e)", 
        "(clear p)", 
        "(on p a)", 
        "(clear o)", 
        "(on o j)", 
        "(clear g)", 
        "(ontable g)", 
        "(clear b)", 
        "(ontable b)", 
        "(on f d)", 
        "(clear k)", 
        "(on k f)", 
        "(holding i)"
      ], 
      "delete_list": [
        "(ontable i)", 
        "(clear i)", 
        "(handempty)"
      ]
    }, 
    {
      "action": "(stack i k)", 
      "add_list": [
        "(clear i)", 
        "(handempty)", 
        "(on i k)"
      ], 
      "state": 79, 
      "literals": [
        "(ontable l)", 
        "(ontable h)", 
        "(on j h)", 
        "(on n l)", 
        "(clear q)", 
        "(on q n)", 
        "(ontable m)", 
        "(on e m)", 
        "(ontable a)", 
        "(ontable d)", 
        "(clear c)", 
        "(on c e)", 
        "(clear p)", 
        "(on p a)", 
        "(clear o)", 
        "(on o j)", 
        "(clear g)", 
        "(ontable g)", 
        "(clear b)", 
        "(ontable b)", 
        "(on f d)", 
        "(on k f)", 
        "(clear i)", 
        "(handempty)", 
        "(on i k)"
      ], 
      "delete_list": [
        "(holding i)", 
        "(clear k)"
      ]
    }, 
    {
      "action": "(pick-up b)", 
      "add_list": [
        "(holding b)"
      ], 
      "state": 80, 
      "literals": [
        "(ontable l)", 
        "(ontable h)", 
        "(on j h)", 
        "(on n l)", 
        "(clear q)", 
        "(on q n)", 
        "(ontable m)", 
        "(on e m)", 
        "(ontable a)", 
        "(ontable d)", 
        "(clear c)", 
        "(on c e)", 
        "(clear p)", 
        "(on p a)", 
        "(clear o)", 
        "(on o j)", 
        "(clear g)", 
        "(ontable g)", 
        "(on f d)", 
        "(on k f)", 
        "(clear i)", 
        "(on i k)", 
        "(holding b)"
      ], 
      "delete_list": [
        "(ontable b)", 
        "(clear b)", 
        "(handempty)"
      ]
    }, 
    {
      "action": "(stack b i)", 
      "add_list": [
        "(clear b)", 
        "(handempty)", 
        "(on b i)"
      ], 
      "state": 81, 
      "literals": [
        "(ontable l)", 
        "(ontable h)", 
        "(on j h)", 
        "(on n l)", 
        "(clear q)", 
        "(on q n)", 
        "(ontable m)", 
        "(on e m)", 
        "(ontable a)", 
        "(ontable d)", 
        "(clear c)", 
        "(on c e)", 
        "(clear p)", 
        "(on p a)", 
        "(clear o)", 
        "(on o j)", 
        "(clear g)", 
        "(ontable g)", 
        "(on f d)", 
        "(on k f)", 
        "(on i k)", 
        "(clear b)", 
        "(handempty)", 
        "(on b i)"
      ], 
      "delete_list": [
        "(holding b)", 
        "(clear i)"
      ]
    }, 
    {
      "action": "(pick-up g)", 
      "add_list": [
        "(holding g)"
      ], 
      "state": 82, 
      "literals": [
        "(ontable l)", 
        "(ontable h)", 
        "(on j h)", 
        "(on n l)", 
        "(clear q)", 
        "(on q n)", 
        "(ontable m)", 
        "(on e m)", 
        "(ontable a)", 
        "(ontable d)", 
        "(clear c)", 
        "(on c e)", 
        "(clear p)", 
        "(on p a)", 
        "(clear o)", 
        "(on o j)", 
        "(on f d)", 
        "(on k f)", 
        "(on i k)", 
        "(clear b)", 
        "(on b i)", 
        "(holding g)"
      ], 
      "delete_list": [
        "(ontable g)", 
        "(clear g)", 
        "(handempty)"
      ]
    }, 
    {
      "action": "(stack g b)", 
      "add_list": [
        "(clear g)", 
        "(handempty)", 
        "(on g b)"
      ], 
      "state": 83, 
      "literals": [
        "(ontable l)", 
        "(ontable h)", 
        "(on j h)", 
        "(on n l)", 
        "(clear q)", 
        "(on q n)", 
        "(ontable m)", 
        "(on e m)", 
        "(ontable a)", 
        "(ontable d)", 
        "(clear c)", 
        "(on c e)", 
        "(clear p)", 
        "(on p a)", 
        "(clear o)", 
        "(on o j)", 
        "(on f d)", 
        "(on k f)", 
        "(on i k)", 
        "(on b i)", 
        "(clear g)", 
        "(handempty)", 
        "(on g b)"
      ], 
      "delete_list": [
        "(holding g)", 
        "(clear b)"
      ]
    }, 
    {
      "action": "(unstack p a)", 
      "add_list": [
        "(holding p)", 
        "(clear a)"
      ], 
      "state": 84, 
      "literals": [
        "(ontable l)", 
        "(ontable h)", 
        "(on j h)", 
        "(on n l)", 
        "(clear q)", 
        "(on q n)", 
        "(ontable m)", 
        "(on e m)", 
        "(ontable a)", 
        "(ontable d)", 
        "(clear c)", 
        "(on c e)", 
        "(clear o)", 
        "(on o j)", 
        "(on f d)", 
        "(on k f)", 
        "(on i k)", 
        "(on b i)", 
        "(clear g)", 
        "(on g b)", 
        "(holding p)", 
        "(clear a)"
      ], 
      "delete_list": [
        "(clear p)", 
        "(handempty)", 
        "(on p a)"
      ]
    }, 
    {
      "action": "(put-down p)", 
      "add_list": [
        "(clear p)", 
        "(handempty)", 
        "(ontable p)"
      ], 
      "state": 85, 
      "literals": [
        "(ontable l)", 
        "(ontable h)", 
        "(on j h)", 
        "(on n l)", 
        "(clear q)", 
        "(on q n)", 
        "(ontable m)", 
        "(on e m)", 
        "(ontable a)", 
        "(ontable d)", 
        "(clear c)", 
        "(on c e)", 
        "(clear o)", 
        "(on o j)", 
        "(on f d)", 
        "(on k f)", 
        "(on i k)", 
        "(on b i)", 
        "(clear g)", 
        "(on g b)", 
        "(clear a)", 
        "(clear p)", 
        "(handempty)", 
        "(ontable p)"
      ], 
      "delete_list": [
        "(holding p)"
      ]
    }, 
    {
      "action": "(pick-up a)", 
      "add_list": [
        "(holding a)"
      ], 
      "state": 86, 
      "literals": [
        "(ontable l)", 
        "(ontable h)", 
        "(on j h)", 
        "(on n l)", 
        "(clear q)", 
        "(on q n)", 
        "(ontable m)", 
        "(on e m)", 
        "(ontable d)", 
        "(clear c)", 
        "(on c e)", 
        "(clear o)", 
        "(on o j)", 
        "(on f d)", 
        "(on k f)", 
        "(on i k)", 
        "(on b i)", 
        "(clear g)", 
        "(on g b)", 
        "(clear p)", 
        "(ontable p)", 
        "(holding a)"
      ], 
      "delete_list": [
        "(ontable a)", 
        "(clear a)", 
        "(handempty)"
      ]
    }, 
    {
      "action": "(stack a g)", 
      "add_list": [
        "(clear a)", 
        "(handempty)", 
        "(on a g)"
      ], 
      "state": 87, 
      "literals": [
        "(ontable l)", 
        "(ontable h)", 
        "(on j h)", 
        "(on n l)", 
        "(clear q)", 
        "(on q n)", 
        "(ontable m)", 
        "(on e m)", 
        "(ontable d)", 
        "(clear c)", 
        "(on c e)", 
        "(clear o)", 
        "(on o j)", 
        "(on f d)", 
        "(on k f)", 
        "(on i k)", 
        "(on b i)", 
        "(on g b)", 
        "(clear p)", 
        "(ontable p)", 
        "(clear a)", 
        "(handempty)", 
        "(on a g)"
      ], 
      "delete_list": [
        "(holding a)", 
        "(clear g)"
      ]
    }, 
    {
      "action": "(pick-up p)", 
      "add_list": [
        "(holding p)"
      ], 
      "state": 88, 
      "literals": [
        "(ontable l)", 
        "(ontable h)", 
        "(on j h)", 
        "(on n l)", 
        "(clear q)", 
        "(on q n)", 
        "(ontable m)", 
        "(on e m)", 
        "(ontable d)", 
        "(clear c)", 
        "(on c e)", 
        "(clear o)", 
        "(on o j)", 
        "(on f d)", 
        "(on k f)", 
        "(on i k)", 
        "(on b i)", 
        "(on g b)", 
        "(clear a)", 
        "(on a g)", 
        "(holding p)"
      ], 
      "delete_list": [
        "(ontable p)", 
        "(clear p)", 
        "(handempty)"
      ]
    }, 
    {
      "action": "(stack p a)", 
      "add_list": [
        "(clear p)", 
        "(handempty)", 
        "(on p a)"
      ], 
      "state": 89, 
      "literals": [
        "(ontable l)", 
        "(ontable h)", 
        "(on j h)", 
        "(on n l)", 
        "(clear q)", 
        "(on q n)", 
        "(ontable m)", 
        "(on e m)", 
        "(ontable d)", 
        "(clear c)", 
        "(on c e)", 
        "(clear o)", 
        "(on o j)", 
        "(on f d)", 
        "(on k f)", 
        "(on i k)", 
        "(on b i)", 
        "(on g b)", 
        "(on a g)", 
        "(clear p)", 
        "(handempty)", 
        "(on p a)"
      ], 
      "delete_list": [
        "(holding p)", 
        "(clear a)"
      ]
    }, 
    {
      "action": "(unstack c e)", 
      "add_list": [
        "(holding c)", 
        "(clear e)"
      ], 
      "state": 90, 
      "literals": [
        "(ontable l)", 
        "(ontable h)", 
        "(on j h)", 
        "(on n l)", 
        "(clear q)", 
        "(on q n)", 
        "(ontable m)", 
        "(on e m)", 
        "(ontable d)", 
        "(clear o)", 
        "(on o j)", 
        "(on f d)", 
        "(on k f)", 
        "(on i k)", 
        "(on b i)", 
        "(on g b)", 
        "(on a g)", 
        "(clear p)", 
        "(on p a)", 
        "(holding c)", 
        "(clear e)"
      ], 
      "delete_list": [
        "(clear c)", 
        "(handempty)", 
        "(on c e)"
      ]
    }, 
    {
      "action": "(put-down c)", 
      "add_list": [
        "(clear c)", 
        "(handempty)", 
        "(ontable c)"
      ], 
      "state": 91, 
      "literals": [
        "(ontable l)", 
        "(ontable h)", 
        "(on j h)", 
        "(on n l)", 
        "(clear q)", 
        "(on q n)", 
        "(ontable m)", 
        "(on e m)", 
        "(ontable d)", 
        "(clear o)", 
        "(on o j)", 
        "(on f d)", 
        "(on k f)", 
        "(on i k)", 
        "(on b i)", 
        "(on g b)", 
        "(on a g)", 
        "(clear p)", 
        "(on p a)", 
        "(clear e)", 
        "(clear c)", 
        "(handempty)", 
        "(ontable c)"
      ], 
      "delete_list": [
        "(holding c)"
      ]
    }, 
    {
      "action": "(unstack e m)", 
      "add_list": [
        "(holding e)", 
        "(clear m)"
      ], 
      "state": 92, 
      "literals": [
        "(ontable l)", 
        "(ontable h)", 
        "(on j h)", 
        "(on n l)", 
        "(clear q)", 
        "(on q n)", 
        "(ontable m)", 
        "(ontable d)", 
        "(clear o)", 
        "(on o j)", 
        "(on f d)", 
        "(on k f)", 
        "(on i k)", 
        "(on b i)", 
        "(on g b)", 
        "(on a g)", 
        "(clear p)", 
        "(on p a)", 
        "(clear c)", 
        "(ontable c)", 
        "(holding e)", 
        "(clear m)"
      ], 
      "delete_list": [
        "(clear e)", 
        "(handempty)", 
        "(on e m)"
      ]
    }, 
    {
      "action": "(stack e q)", 
      "add_list": [
        "(clear e)", 
        "(handempty)", 
        "(on e q)"
      ], 
      "state": 93, 
      "literals": [
        "(ontable l)", 
        "(ontable h)", 
        "(on j h)", 
        "(on n l)", 
        "(on q n)", 
        "(ontable m)", 
        "(ontable d)", 
        "(clear o)", 
        "(on o j)", 
        "(on f d)", 
        "(on k f)", 
        "(on i k)", 
        "(on b i)", 
        "(on g b)", 
        "(on a g)", 
        "(clear p)", 
        "(on p a)", 
        "(clear c)", 
        "(ontable c)", 
        "(clear m)", 
        "(clear e)", 
        "(handempty)", 
        "(on e q)"
      ], 
      "delete_list": [
        "(holding e)", 
        "(clear q)"
      ]
    }, 
    {
      "action": "(pick-up m)", 
      "add_list": [
        "(holding m)"
      ], 
      "state": 94, 
      "literals": [
        "(ontable l)", 
        "(ontable h)", 
        "(on j h)", 
        "(on n l)", 
        "(on q n)", 
        "(ontable d)", 
        "(clear o)", 
        "(on o j)", 
        "(on f d)", 
        "(on k f)", 
        "(on i k)", 
        "(on b i)", 
        "(on g b)", 
        "(on a g)", 
        "(clear p)", 
        "(on p a)", 
        "(clear c)", 
        "(ontable c)", 
        "(clear e)", 
        "(on e q)", 
        "(holding m)"
      ], 
      "delete_list": [
        "(ontable m)", 
        "(clear m)", 
        "(handempty)"
      ]
    }, 
    {
      "action": "(stack m p)", 
      "add_list": [
        "(clear m)", 
        "(handempty)", 
        "(on m p)"
      ], 
      "state": 95, 
      "literals": [
        "(ontable l)", 
        "(ontable h)", 
        "(on j h)", 
        "(on n l)", 
        "(on q n)", 
        "(ontable d)", 
        "(clear o)", 
        "(on o j)", 
        "(on f d)", 
        "(on k f)", 
        "(on i k)", 
        "(on b i)", 
        "(on g b)", 
        "(on a g)", 
        "(on p a)", 
        "(clear c)", 
        "(ontable c)", 
        "(clear e)", 
        "(on e q)", 
        "(clear m)", 
        "(handempty)", 
        "(on m p)"
      ], 
      "delete_list": [
        "(holding m)", 
        "(clear p)"
      ]
    }, 
    {
      "action": "(unstack e q)", 
      "add_list": [
        "(holding e)", 
        "(clear q)"
      ], 
      "state": 96, 
      "literals": [
        "(ontable l)", 
        "(ontable h)", 
        "(on j h)", 
        "(on n l)", 
        "(on q n)", 
        "(ontable d)", 
        "(clear o)", 
        "(on o j)", 
        "(on f d)", 
        "(on k f)", 
        "(on i k)", 
        "(on b i)", 
        "(on g b)", 
        "(on a g)", 
        "(on p a)", 
        "(clear c)", 
        "(ontable c)", 
        "(clear m)", 
        "(on m p)", 
        "(holding e)", 
        "(clear q)"
      ], 
      "delete_list": [
        "(clear e)", 
        "(handempty)", 
        "(on e q)"
      ]
    }, 
    {
      "action": "(stack e m)", 
      "add_list": [
        "(clear e)", 
        "(handempty)", 
        "(on e m)"
      ], 
      "state": 97, 
      "literals": [
        "(ontable l)", 
        "(ontable h)", 
        "(on j h)", 
        "(on n l)", 
        "(on q n)", 
        "(ontable d)", 
        "(clear o)", 
        "(on o j)", 
        "(on f d)", 
        "(on k f)", 
        "(on i k)", 
        "(on b i)", 
        "(on g b)", 
        "(on a g)", 
        "(on p a)", 
        "(clear c)", 
        "(ontable c)", 
        "(on m p)", 
        "(clear q)", 
        "(clear e)", 
        "(handempty)", 
        "(on e m)"
      ], 
      "delete_list": [
        "(holding e)", 
        "(clear m)"
      ]
    }, 
    {
      "action": "(pick-up c)", 
      "add_list": [
        "(holding c)"
      ], 
      "state": 98, 
      "literals": [
        "(ontable l)", 
        "(ontable h)", 
        "(on j h)", 
        "(on n l)", 
        "(on q n)", 
        "(ontable d)", 
        "(clear o)", 
        "(on o j)", 
        "(on f d)", 
        "(on k f)", 
        "(on i k)", 
        "(on b i)", 
        "(on g b)", 
        "(on a g)", 
        "(on p a)", 
        "(on m p)", 
        "(clear q)", 
        "(clear e)", 
        "(on e m)", 
        "(holding c)"
      ], 
      "delete_list": [
        "(ontable c)", 
        "(clear c)", 
        "(handempty)"
      ]
    }, 
    {
      "action": "(stack c e)", 
      "add_list": [
        "(clear c)", 
        "(handempty)", 
        "(on c e)"
      ], 
      "state": 99, 
      "literals": [
        "(ontable l)", 
        "(ontable h)", 
        "(on j h)", 
        "(on n l)", 
        "(on q n)", 
        "(ontable d)", 
        "(clear o)", 
        "(on o j)", 
        "(on f d)", 
        "(on k f)", 
        "(on i k)", 
        "(on b i)", 
        "(on g b)", 
        "(on a g)", 
        "(on p a)", 
        "(on m p)", 
        "(clear q)", 
        "(on e m)", 
        "(clear c)", 
        "(handempty)", 
        "(on c e)"
      ], 
      "delete_list": [
        "(holding c)", 
        "(clear e)"
      ]
    }, 
    {
      "action": "(unstack o j)", 
      "add_list": [
        "(holding o)", 
        "(clear j)"
      ], 
      "state": 100, 
      "literals": [
        "(ontable l)", 
        "(ontable h)", 
        "(on j h)", 
        "(on n l)", 
        "(on q n)", 
        "(ontable d)", 
        "(on f d)", 
        "(on k f)", 
        "(on i k)", 
        "(on b i)", 
        "(on g b)", 
        "(on a g)", 
        "(on p a)", 
        "(on m p)", 
        "(clear q)", 
        "(on e m)", 
        "(clear c)", 
        "(on c e)", 
        "(holding o)", 
        "(clear j)"
      ], 
      "delete_list": [
        "(clear o)", 
        "(handempty)", 
        "(on o j)"
      ]
    }, 
    {
      "action": "(put-down o)", 
      "add_list": [
        "(clear o)", 
        "(handempty)", 
        "(ontable o)"
      ], 
      "state": 101, 
      "literals": [
        "(ontable l)", 
        "(ontable h)", 
        "(on j h)", 
        "(on n l)", 
        "(on q n)", 
        "(ontable d)", 
        "(on f d)", 
        "(on k f)", 
        "(on i k)", 
        "(on b i)", 
        "(on g b)", 
        "(on a g)", 
        "(on p a)", 
        "(on m p)", 
        "(clear q)", 
        "(on e m)", 
        "(clear c)", 
        "(on c e)", 
        "(clear j)", 
        "(clear o)", 
        "(handempty)", 
        "(ontable o)"
      ], 
      "delete_list": [
        "(holding o)"
      ]
    }, 
    {
      "action": "(unstack j h)", 
      "add_list": [
        "(holding j)", 
        "(clear h)"
      ], 
      "state": 102, 
      "literals": [
        "(ontable l)", 
        "(ontable h)", 
        "(on n l)", 
        "(on q n)", 
        "(ontable d)", 
        "(on f d)", 
        "(on k f)", 
        "(on i k)", 
        "(on b i)", 
        "(on g b)", 
        "(on a g)", 
        "(on p a)", 
        "(on m p)", 
        "(clear q)", 
        "(on e m)", 
        "(clear c)", 
        "(on c e)", 
        "(clear o)", 
        "(ontable o)", 
        "(holding j)", 
        "(clear h)"
      ], 
      "delete_list": [
        "(clear j)", 
        "(handempty)", 
        "(on j h)"
      ]
    }, 
    {
      "action": "(put-down j)", 
      "add_list": [
        "(clear j)", 
        "(handempty)", 
        "(ontable j)"
      ], 
      "state": 103, 
      "literals": [
        "(ontable l)", 
        "(ontable h)", 
        "(on n l)", 
        "(on q n)", 
        "(ontable d)", 
        "(on f d)", 
        "(on k f)", 
        "(on i k)", 
        "(on b i)", 
        "(on g b)", 
        "(on a g)", 
        "(on p a)", 
        "(on m p)", 
        "(clear q)", 
        "(on e m)", 
        "(clear c)", 
        "(on c e)", 
        "(clear o)", 
        "(ontable o)", 
        "(clear h)", 
        "(clear j)", 
        "(handempty)", 
        "(ontable j)"
      ], 
      "delete_list": [
        "(holding j)"
      ]
    }, 
    {
      "action": "(pick-up h)", 
      "add_list": [
        "(holding h)"
      ], 
      "state": 104, 
      "literals": [
        "(ontable l)", 
        "(on n l)", 
        "(on q n)", 
        "(ontable d)", 
        "(on f d)", 
        "(on k f)", 
        "(on i k)", 
        "(on b i)", 
        "(on g b)", 
        "(on a g)", 
        "(on p a)", 
        "(on m p)", 
        "(clear q)", 
        "(on e m)", 
        "(clear c)", 
        "(on c e)", 
        "(clear o)", 
        "(ontable o)", 
        "(clear j)", 
        "(ontable j)", 
        "(holding h)"
      ], 
      "delete_list": [
        "(ontable h)", 
        "(clear h)", 
        "(handempty)"
      ]
    }, 
    {
      "action": "(stack h c)", 
      "add_list": [
        "(clear h)", 
        "(handempty)", 
        "(on h c)"
      ], 
      "state": 105, 
      "literals": [
        "(ontable l)", 
        "(on n l)", 
        "(on q n)", 
        "(ontable d)", 
        "(on f d)", 
        "(on k f)", 
        "(on i k)", 
        "(on b i)", 
        "(on g b)", 
        "(on a g)", 
        "(on p a)", 
        "(on m p)", 
        "(clear q)", 
        "(on e m)", 
        "(on c e)", 
        "(clear o)", 
        "(ontable o)", 
        "(clear j)", 
        "(ontable j)", 
        "(clear h)", 
        "(handempty)", 
        "(on h c)"
      ], 
      "delete_list": [
        "(holding h)", 
        "(clear c)"
      ]
    }, 
    {
      "action": "(pick-up j)", 
      "add_list": [
        "(holding j)"
      ], 
      "state": 106, 
      "literals": [
        "(ontable l)", 
        "(on n l)", 
        "(on q n)", 
        "(ontable d)", 
        "(on f d)", 
        "(on k f)", 
        "(on i k)", 
        "(on b i)", 
        "(on g b)", 
        "(on a g)", 
        "(on p a)", 
        "(on m p)", 
        "(clear q)", 
        "(on e m)", 
        "(on c e)", 
        "(clear o)", 
        "(ontable o)", 
        "(clear h)", 
        "(on h c)", 
        "(holding j)"
      ], 
      "delete_list": [
        "(ontable j)", 
        "(clear j)", 
        "(handempty)"
      ]
    }, 
    {
      "action": "(stack j h)", 
      "add_list": [
        "(clear j)", 
        "(handempty)", 
        "(on j h)"
      ], 
      "state": 107, 
      "literals": [
        "(ontable l)", 
        "(on n l)", 
        "(on q n)", 
        "(ontable d)", 
        "(on f d)", 
        "(on k f)", 
        "(on i k)", 
        "(on b i)", 
        "(on g b)", 
        "(on a g)", 
        "(on p a)", 
        "(on m p)", 
        "(clear q)", 
        "(on e m)", 
        "(on c e)", 
        "(clear o)", 
        "(ontable o)", 
        "(on h c)", 
        "(clear j)", 
        "(handempty)", 
        "(on j h)"
      ], 
      "delete_list": [
        "(holding j)", 
        "(clear h)"
      ]
    }, 
    {
      "action": "(pick-up o)", 
      "add_list": [
        "(holding o)"
      ], 
      "state": 108, 
      "literals": [
        "(ontable l)", 
        "(on n l)", 
        "(on q n)", 
        "(ontable d)", 
        "(on f d)", 
        "(on k f)", 
        "(on i k)", 
        "(on b i)", 
        "(on g b)", 
        "(on a g)", 
        "(on p a)", 
        "(on m p)", 
        "(clear q)", 
        "(on e m)", 
        "(on c e)", 
        "(on h c)", 
        "(clear j)", 
        "(on j h)", 
        "(holding o)"
      ], 
      "delete_list": [
        "(ontable o)", 
        "(clear o)", 
        "(handempty)"
      ]
    }, 
    {
      "action": "(stack o j)", 
      "add_list": [
        "(clear o)", 
        "(handempty)", 
        "(on o j)"
      ], 
      "state": 109, 
      "literals": [
        "(ontable l)", 
        "(on n l)", 
        "(on q n)", 
        "(ontable d)", 
        "(on f d)", 
        "(on k f)", 
        "(on i k)", 
        "(on b i)", 
        "(on g b)", 
        "(on a g)", 
        "(on p a)", 
        "(on m p)", 
        "(clear q)", 
        "(on e m)", 
        "(on c e)", 
        "(on h c)", 
        "(on j h)", 
        "(clear o)", 
        "(handempty)", 
        "(on o j)"
      ], 
      "delete_list": [
        "(holding o)", 
        "(clear j)"
      ]
    }, 
    {
      "action": "(unstack q n)", 
      "add_list": [
        "(holding q)", 
        "(clear n)"
      ], 
      "state": 110, 
      "literals": [
        "(ontable l)", 
        "(on n l)", 
        "(ontable d)", 
        "(on f d)", 
        "(on k f)", 
        "(on i k)", 
        "(on b i)", 
        "(on g b)", 
        "(on a g)", 
        "(on p a)", 
        "(on m p)", 
        "(on e m)", 
        "(on c e)", 
        "(on h c)", 
        "(on j h)", 
        "(clear o)", 
        "(on o j)", 
        "(holding q)", 
        "(clear n)"
      ], 
      "delete_list": [
        "(clear q)", 
        "(handempty)", 
        "(on q n)"
      ]
    }, 
    {
      "action": "(stack q o)", 
      "add_list": [
        "(clear q)", 
        "(handempty)", 
        "(on q o)"
      ], 
      "state": 111, 
      "literals": [
        "(ontable l)", 
        "(on n l)", 
        "(ontable d)", 
        "(on f d)", 
        "(on k f)", 
        "(on i k)", 
        "(on b i)", 
        "(on g b)", 
        "(on a g)", 
        "(on p a)", 
        "(on m p)", 
        "(on e m)", 
        "(on c e)", 
        "(on h c)", 
        "(on j h)", 
        "(on o j)", 
        "(clear n)", 
        "(clear q)", 
        "(handempty)", 
        "(on q o)"
      ], 
      "delete_list": [
        "(holding q)", 
        "(clear o)"
      ]
    }, 
    {
      "action": "(unstack n l)", 
      "add_list": [
        "(holding n)", 
        "(clear l)"
      ], 
      "state": 112, 
      "literals": [
        "(ontable l)", 
        "(ontable d)", 
        "(on f d)", 
        "(on k f)", 
        "(on i k)", 
        "(on b i)", 
        "(on g b)", 
        "(on a g)", 
        "(on p a)", 
        "(on m p)", 
        "(on e m)", 
        "(on c e)", 
        "(on h c)", 
        "(on j h)", 
        "(on o j)", 
        "(clear q)", 
        "(on q o)", 
        "(holding n)", 
        "(clear l)"
      ], 
      "delete_list": [
        "(clear n)", 
        "(handempty)", 
        "(on n l)"
      ]
    }, 
    {
      "action": "(put-down n)", 
      "add_list": [
        "(clear n)", 
        "(handempty)", 
        "(ontable n)"
      ], 
      "state": 113, 
      "literals": [
        "(ontable l)", 
        "(ontable d)", 
        "(on f d)", 
        "(on k f)", 
        "(on i k)", 
        "(on b i)", 
        "(on g b)", 
        "(on a g)", 
        "(on p a)", 
        "(on m p)", 
        "(on e m)", 
        "(on c e)", 
        "(on h c)", 
        "(on j h)", 
        "(on o j)", 
        "(clear q)", 
        "(on q o)", 
        "(clear l)", 
        "(clear n)", 
        "(handempty)", 
        "(ontable n)"
      ], 
      "delete_list": [
        "(holding n)"
      ]
    }, 
    {
      "action": "(pick-up l)", 
      "add_list": [
        "(holding l)"
      ], 
      "state": 114, 
      "literals": [
        "(ontable d)", 
        "(on f d)", 
        "(on k f)", 
        "(on i k)", 
        "(on b i)", 
        "(on g b)", 
        "(on a g)", 
        "(on p a)", 
        "(on m p)", 
        "(on e m)", 
        "(on c e)", 
        "(on h c)", 
        "(on j h)", 
        "(on o j)", 
        "(clear q)", 
        "(on q o)", 
        "(clear n)", 
        "(ontable n)", 
        "(holding l)"
      ], 
      "delete_list": [
        "(ontable l)", 
        "(clear l)", 
        "(handempty)"
      ]
    }, 
    {
      "action": "(stack l n)", 
      "add_list": [
        "(clear l)", 
        "(handempty)", 
        "(on l n)"
      ], 
      "state": 115, 
      "literals": [
        "(ontable d)", 
        "(on f d)", 
        "(on k f)", 
        "(on i k)", 
        "(on b i)", 
        "(on g b)", 
        "(on a g)", 
        "(on p a)", 
        "(on m p)", 
        "(on e m)", 
        "(on c e)", 
        "(on h c)", 
        "(on j h)", 
        "(on o j)", 
        "(clear q)", 
        "(on q o)", 
        "(ontable n)", 
        "(clear l)", 
        "(handempty)", 
        "(on l n)"
      ], 
      "delete_list": [
        "(holding l)", 
        "(clear n)"
      ]
    }, 
    {
      "action": "(unstack q o)", 
      "add_list": [
        "(holding q)", 
        "(clear o)"
      ], 
      "state": 116, 
      "literals": [
        "(ontable d)", 
        "(on f d)", 
        "(on k f)", 
        "(on i k)", 
        "(on b i)", 
        "(on g b)", 
        "(on a g)", 
        "(on p a)", 
        "(on m p)", 
        "(on e m)", 
        "(on c e)", 
        "(on h c)", 
        "(on j h)", 
        "(on o j)", 
        "(ontable n)", 
        "(clear l)", 
        "(on l n)", 
        "(holding q)", 
        "(clear o)"
      ], 
      "delete_list": [
        "(clear q)", 
        "(handempty)", 
        "(on q o)"
      ]
    }, 
    {
      "action": "(put-down q)", 
      "add_list": [
        "(clear q)", 
        "(handempty)", 
        "(ontable q)"
      ], 
      "state": 117, 
      "literals": [
        "(ontable d)", 
        "(on f d)", 
        "(on k f)", 
        "(on i k)", 
        "(on b i)", 
        "(on g b)", 
        "(on a g)", 
        "(on p a)", 
        "(on m p)", 
        "(on e m)", 
        "(on c e)", 
        "(on h c)", 
        "(on j h)", 
        "(on o j)", 
        "(ontable n)", 
        "(clear l)", 
        "(on l n)", 
        "(clear o)", 
        "(clear q)", 
        "(handempty)", 
        "(ontable q)"
      ], 
      "delete_list": [
        "(holding q)"
      ]
    }, 
    {
      "action": "(unstack l n)", 
      "add_list": [
        "(holding l)", 
        "(clear n)"
      ], 
      "state": 118, 
      "literals": [
        "(ontable d)", 
        "(on f d)", 
        "(on k f)", 
        "(on i k)", 
        "(on b i)", 
        "(on g b)", 
        "(on a g)", 
        "(on p a)", 
        "(on m p)", 
        "(on e m)", 
        "(on c e)", 
        "(on h c)", 
        "(on j h)", 
        "(on o j)", 
        "(ontable n)", 
        "(clear o)", 
        "(clear q)", 
        "(ontable q)", 
        "(holding l)", 
        "(clear n)"
      ], 
      "delete_list": [
        "(clear l)", 
        "(handempty)", 
        "(on l n)"
      ]
    }, 
    {
      "action": "(stack l o)", 
      "add_list": [
        "(clear l)", 
        "(handempty)", 
        "(on l o)"
      ], 
      "state": 119, 
      "literals": [
        "(ontable d)", 
        "(on f d)", 
        "(on k f)", 
        "(on i k)", 
        "(on b i)", 
        "(on g b)", 
        "(on a g)", 
        "(on p a)", 
        "(on m p)", 
        "(on e m)", 
        "(on c e)", 
        "(on h c)", 
        "(on j h)", 
        "(on o j)", 
        "(ontable n)", 
        "(clear q)", 
        "(ontable q)", 
        "(clear n)", 
        "(clear l)", 
        "(handempty)", 
        "(on l o)"
      ], 
      "delete_list": [
        "(holding l)", 
        "(clear o)"
      ]
    }, 
    {
      "action": "(pick-up n)", 
      "add_list": [
        "(holding n)"
      ], 
      "state": 120, 
      "literals": [
        "(ontable d)", 
        "(on f d)", 
        "(on k f)", 
        "(on i k)", 
        "(on b i)", 
        "(on g b)", 
        "(on a g)", 
        "(on p a)", 
        "(on m p)", 
        "(on e m)", 
        "(on c e)", 
        "(on h c)", 
        "(on j h)", 
        "(on o j)", 
        "(clear q)", 
        "(ontable q)", 
        "(clear l)", 
        "(on l o)", 
        "(holding n)"
      ], 
      "delete_list": [
        "(ontable n)", 
        "(clear n)", 
        "(handempty)"
      ]
    }, 
    {
      "action": "(stack n l)", 
      "add_list": [
        "(clear n)", 
        "(handempty)", 
        "(on n l)"
      ], 
      "state": 121, 
      "literals": [
        "(ontable d)", 
        "(on f d)", 
        "(on k f)", 
        "(on i k)", 
        "(on b i)", 
        "(on g b)", 
        "(on a g)", 
        "(on p a)", 
        "(on m p)", 
        "(on e m)", 
        "(on c e)", 
        "(on h c)", 
        "(on j h)", 
        "(on o j)", 
        "(clear q)", 
        "(ontable q)", 
        "(on l o)", 
        "(clear n)", 
        "(handempty)", 
        "(on n l)"
      ], 
      "delete_list": [
        "(holding n)", 
        "(clear l)"
      ]
    }, 
    {
      "action": "(pick-up q)", 
      "add_list": [
        "(holding q)"
      ], 
      "state": 122, 
      "literals": [
        "(ontable d)", 
        "(on f d)", 
        "(on k f)", 
        "(on i k)", 
        "(on b i)", 
        "(on g b)", 
        "(on a g)", 
        "(on p a)", 
        "(on m p)", 
        "(on e m)", 
        "(on c e)", 
        "(on h c)", 
        "(on j h)", 
        "(on o j)", 
        "(on l o)", 
        "(clear n)", 
        "(on n l)", 
        "(holding q)"
      ], 
      "delete_list": [
        "(ontable q)", 
        "(clear q)", 
        "(handempty)"
      ]
    }, 
    {
      "action": "(stack q n)", 
      "add_list": [
        "(clear q)", 
        "(handempty)", 
        "(on q n)"
      ], 
      "state": 123, 
      "literals": [
        "(ontable d)", 
        "(on f d)", 
        "(on k f)", 
        "(on i k)", 
        "(on b i)", 
        "(on g b)", 
        "(on a g)", 
        "(on p a)", 
        "(on m p)", 
        "(on e m)", 
        "(on c e)", 
        "(on h c)", 
        "(on j h)", 
        "(on o j)", 
        "(on l o)", 
        "(on n l)", 
        "(clear q)", 
        "(handempty)", 
        "(on q n)"
      ], 
      "delete_list": [
        "(holding q)", 
        "(clear n)"
      ]
    }
  ], 
  "domain_id": 112
}