{
  "domain": "blocks", 
  "inital_state": [
    "(clear a)", 
    "(ontable c)", 
    "(on a d)", 
    "(on d b)", 
    "(on b f)", 
    "(on f e)", 
    "(on e c)", 
    "(handempty)"
  ], 
  "negative_goals": [], 
  "problem_id": 3982, 
  "positive_goals": [
    "(on e f)", 
    "(on f a)", 
    "(on a b)", 
    "(on b c)", 
    "(on c d)"
  ], 
  "plan_length": 28, 
  "plan_literals": [
    {
      "action": "(unstack a d)", 
      "add_list": [
        "(holding a)", 
        "(clear d)"
      ], 
      "state": 0, 
      "literals": [
        "(ontable c)", 
        "(on d b)", 
        "(on b f)", 
        "(on f e)", 
        "(on e c)", 
        "(holding a)", 
        "(clear d)"
      ], 
      "delete_list": [
        "(clear a)", 
        "(handempty)", 
        "(on a d)"
      ]
    }, 
    {
      "action": "(put-down a)", 
      "add_list": [
        "(clear a)", 
        "(handempty)", 
        "(ontable a)"
      ], 
      "state": 1, 
      "literals": [
        "(ontable c)", 
        "(on d b)", 
        "(on b f)", 
        "(on f e)", 
        "(on e c)", 
        "(clear d)", 
        "(clear a)", 
        "(handempty)", 
        "(ontable a)"
      ], 
      "delete_list": [
        "(holding a)"
      ]
    }, 
    {
      "action": "(unstack d b)", 
      "add_list": [
        "(holding d)", 
        "(clear b)"
      ], 
      "state": 2, 
      "literals": [
        "(ontable c)", 
        "(on b f)", 
        "(on f e)", 
        "(on e c)", 
        "(clear a)", 
        "(ontable a)", 
        "(holding d)", 
        "(clear b)"
      ], 
      "delete_list": [
        "(clear d)", 
        "(handempty)", 
        "(on d b)"
      ]
    }, 
    {
      "action": "(put-down d)", 
      "add_list": [
        "(clear d)", 
        "(handempty)", 
        "(ontable d)"
      ], 
      "state": 3, 
      "literals": [
        "(ontable c)", 
        "(on b f)", 
        "(on f e)", 
        "(on e c)", 
        "(clear a)", 
        "(ontable a)", 
        "(clear b)", 
        "(clear d)", 
        "(handempty)", 
        "(ontable d)"
      ], 
      "delete_list": [
        "(holding d)"
      ]
    }, 
    {
      "action": "(unstack b f)", 
      "add_list": [
        "(holding b)", 
        "(clear f)"
      ], 
      "state": 4, 
      "literals": [
        "(ontable c)", 
        "(on f e)", 
        "(on e c)", 
        "(clear a)", 
        "(ontable a)", 
        "(clear d)", 
        "(ontable d)", 
        "(holding b)", 
        "(clear f)"
      ], 
      "delete_list": [
        "(clear b)", 
        "(handempty)", 
        "(on b f)"
      ]
    }, 
    {
      "action": "(put-down b)", 
      "add_list": [
        "(clear b)", 
        "(handempty)", 
        "(ontable b)"
      ], 
      "state": 5, 
      "literals": [
        "(ontable c)", 
        "(on f e)", 
        "(on e c)", 
        "(clear a)", 
        "(ontable a)", 
        "(clear d)", 
        "(ontable d)", 
        "(clear f)", 
        "(clear b)", 
        "(handempty)", 
        "(ontable b)"
      ], 
      "delete_list": [
        "(holding b)"
      ]
    }, 
    {
      "action": "(unstack f e)", 
      "add_list": [
        "(holding f)", 
        "(clear e)"
      ], 
      "state": 6, 
      "literals": [
        "(ontable c)", 
        "(on e c)", 
        "(clear a)", 
        "(ontable a)", 
        "(clear d)", 
        "(ontable d)", 
        "(clear b)", 
        "(ontable b)", 
        "(holding f)", 
        "(clear e)"
      ], 
      "delete_list": [
        "(clear f)", 
        "(handempty)", 
        "(on f e)"
      ]
    }, 
    {
      "action": "(stack f a)", 
      "add_list": [
        "(clear f)", 
        "(handempty)", 
        "(on f a)"
      ], 
      "state": 7, 
      "literals": [
        "(ontable c)", 
        "(on e c)", 
        "(ontable a)", 
        "(clear d)", 
        "(ontable d)", 
        "(clear b)", 
        "(ontable b)", 
        "(clear e)", 
        "(clear f)", 
        "(handempty)", 
        "(on f a)"
      ], 
      "delete_list": [
        "(holding f)", 
        "(clear a)"
      ]
    }, 
    {
      "action": "(unstack e c)", 
      "add_list": [
        "(holding e)", 
        "(clear c)"
      ], 
      "state": 8, 
      "literals": [
        "(ontable c)", 
        "(ontable a)", 
        "(clear d)", 
        "(ontable d)", 
        "(clear b)", 
        "(ontable b)", 
        "(clear f)", 
        "(on f a)", 
        "(holding e)", 
        "(clear c)"
      ], 
      "delete_list": [
        "(clear e)", 
        "(handempty)", 
        "(on e c)"
      ]
    }, 
    {
      "action": "(stack e f)", 
      "add_list": [
        "(clear e)", 
        "(handempty)", 
        "(on e f)"
      ], 
      "state": 9, 
      "literals": [
        "(ontable c)", 
        "(ontable a)", 
        "(clear d)", 
        "(ontable d)", 
        "(clear b)", 
        "(ontable b)", 
        "(on f a)", 
        "(clear c)", 
        "(clear e)", 
        "(handempty)", 
        "(on e f)"
      ], 
      "delete_list": [
        "(holding e)", 
        "(clear f)"
      ]
    }, 
    {
      "action": "(pick-up c)", 
      "add_list": [
        "(holding c)"
      ], 
      "state": 10, 
      "literals": [
        "(ontable a)", 
        "(clear d)", 
        "(ontable d)", 
        "(clear b)", 
        "(ontable b)", 
        "(on f a)", 
        "(clear e)", 
        "(on e f)", 
        "(holding c)"
      ], 
      "delete_list": [
        "(ontable c)", 
        "(clear c)", 
        "(handempty)"
      ]
    }, 
    {
      "action": "(stack c d)", 
      "add_list": [
        "(clear c)", 
        "(handempty)", 
        "(on c d)"
      ], 
      "state": 11, 
      "literals": [
        "(ontable a)", 
        "(ontable d)", 
        "(clear b)", 
        "(ontable b)", 
        "(on f a)", 
        "(clear e)", 
        "(on e f)", 
        "(clear c)", 
        "(handempty)", 
        "(on c d)"
      ], 
      "delete_list": [
        "(holding c)", 
        "(clear d)"
      ]
    }, 
    {
      "action": "(pick-up b)", 
      "add_list": [
        "(holding b)"
      ], 
      "state": 12, 
      "literals": [
        "(ontable a)", 
        "(ontable d)", 
        "(on f a)", 
        "(clear e)", 
        "(on e f)", 
        "(clear c)", 
        "(on c d)", 
        "(holding b)"
      ], 
      "delete_list": [
        "(ontable b)", 
        "(clear b)", 
        "(handempty)"
      ]
    }, 
    {
      "action": "(stack b c)", 
      "add_list": [
        "(clear b)", 
        "(handempty)", 
        "(on b c)"
      ], 
      "state": 13, 
      "literals": [
        "(ontable a)", 
        "(ontable d)", 
        "(on f a)", 
        "(clear e)", 
        "(on e f)", 
        "(on c d)", 
        "(clear b)", 
        "(handempty)", 
        "(on b c)"
      ], 
      "delete_list": [
        "(holding b)", 
        "(clear c)"
      ]
    }, 
    {
      "action": "(unstack e f)", 
      "add_list": [
        "(holding e)", 
        "(clear f)"
      ], 
      "state": 14, 
      "literals": [
        "(ontable a)", 
        "(ontable d)", 
        "(on f a)", 
        "(on c d)", 
        "(clear b)", 
        "(on b c)", 
        "(holding e)", 
        "(clear f)"
      ], 
      "delete_list": [
        "(clear e)", 
        "(handempty)", 
        "(on e f)"
      ]
    }, 
    {
      "action": "(put-down e)", 
      "add_list": [
        "(clear e)", 
        "(handempty)", 
        "(ontable e)"
      ], 
      "state": 15, 
      "literals": [
        "(ontable a)", 
        "(ontable d)", 
        "(on f a)", 
        "(on c d)", 
        "(clear b)", 
        "(on b c)", 
        "(clear f)", 
        "(clear e)", 
        "(handempty)", 
        "(ontable e)"
      ], 
      "delete_list": [
        "(holding e)"
      ]
    }, 
    {
      "action": "(unstack f a)", 
      "add_list": [
        "(holding f)", 
        "(clear a)"
      ], 
      "state": 16, 
      "literals": [
        "(ontable a)", 
        "(ontable d)", 
        "(on c d)", 
        "(clear b)", 
        "(on b c)", 
        "(clear e)", 
        "(ontable e)", 
        "(holding f)", 
        "(clear a)"
      ], 
      "delete_list": [
        "(clear f)", 
        "(handempty)", 
        "(on f a)"
      ]
    }, 
    {
      "action": "(put-down f)", 
      "add_list": [
        "(clear f)", 
        "(handempty)", 
        "(ontable f)"
      ], 
      "state": 17, 
      "literals": [
        "(ontable a)", 
        "(ontable d)", 
        "(on c d)", 
        "(clear b)", 
        "(on b c)", 
        "(clear e)", 
        "(ontable e)", 
        "(clear a)", 
        "(clear f)", 
        "(handempty)", 
        "(ontable f)"
      ], 
      "delete_list": [
        "(holding f)"
      ]
    }, 
    {
      "action": "(pick-up e)", 
      "add_list": [
        "(holding e)"
      ], 
      "state": 18, 
      "literals": [
        "(ontable a)", 
        "(ontable d)", 
        "(on c d)", 
        "(clear b)", 
        "(on b c)", 
        "(clear a)", 
        "(clear f)", 
        "(ontable f)", 
        "(holding e)"
      ], 
      "delete_list": [
        "(ontable e)", 
        "(clear e)", 
        "(handempty)"
      ]
    }, 
    {
      "action": "(stack e f)", 
      "add_list": [
        "(clear e)", 
        "(handempty)", 
        "(on e f)"
      ], 
      "state": 19, 
      "literals": [
        "(ontable a)", 
        "(ontable d)", 
        "(on c d)", 
        "(clear b)", 
        "(on b c)", 
        "(clear a)", 
        "(ontable f)", 
        "(clear e)", 
        "(handempty)", 
        "(on e f)"
      ], 
      "delete_list": [
        "(holding e)", 
        "(clear f)"
      ]
    }, 
    {
      "action": "(pick-up a)", 
      "add_list": [
        "(holding a)"
      ], 
      "state": 20, 
      "literals": [
        "(ontable d)", 
        "(on c d)", 
        "(clear b)", 
        "(on b c)", 
        "(ontable f)", 
        "(clear e)", 
        "(on e f)", 
        "(holding a)"
      ], 
      "delete_list": [
        "(ontable a)", 
        "(clear a)", 
        "(handempty)"
      ]
    }, 
    {
      "action": "(stack a b)", 
      "add_list": [
        "(clear a)", 
        "(handempty)", 
        "(on a b)"
      ], 
      "state": 21, 
      "literals": [
        "(ontable d)", 
        "(on c d)", 
        "(on b c)", 
        "(ontable f)", 
        "(clear e)", 
        "(on e f)", 
        "(clear a)", 
        "(handempty)", 
        "(on a b)"
      ], 
      "delete_list": [
        "(holding a)", 
        "(clear b)"
      ]
    }, 
    {
      "action": "(unstack e f)", 
      "add_list": [
        "(holding e)", 
        "(clear f)"
      ], 
      "state": 22, 
      "literals": [
        "(ontable d)", 
        "(on c d)", 
        "(on b c)", 
        "(ontable f)", 
        "(clear a)", 
        "(on a b)", 
        "(holding e)", 
        "(clear f)"
      ], 
      "delete_list": [
        "(clear e)", 
        "(handempty)", 
        "(on e f)"
      ]
    }, 
    {
      "action": "(put-down e)", 
      "add_list": [
        "(clear e)", 
        "(handempty)", 
        "(ontable e)"
      ], 
      "state": 23, 
      "literals": [
        "(ontable d)", 
        "(on c d)", 
        "(on b c)", 
        "(ontable f)", 
        "(clear a)", 
        "(on a b)", 
        "(clear f)", 
        "(clear e)", 
        "(handempty)", 
        "(ontable e)"
      ], 
      "delete_list": [
        "(holding e)"
      ]
    }, 
    {
      "action": "(pick-up f)", 
      "add_list": [
        "(holding f)"
      ], 
      "state": 24, 
      "literals": [
        "(ontable d)", 
        "(on c d)", 
        "(on b c)", 
        "(clear a)", 
        "(on a b)", 
        "(clear e)", 
        "(ontable e)", 
        "(holding f)"
      ], 
      "delete_list": [
        "(ontable f)", 
        "(clear f)", 
        "(handempty)"
      ]
    }, 
    {
      "action": "(stack f a)", 
      "add_list": [
        "(clear f)", 
        "(handempty)", 
        "(on f a)"
      ], 
      "state": 25, 
      "literals": [
        "(ontable d)", 
        "(on c d)", 
        "(on b c)", 
        "(on a b)", 
        "(clear e)", 
        "(ontable e)", 
        "(clear f)", 
        "(handempty)", 
        "(on f a)"
      ], 
      "delete_list": [
        "(holding f)", 
        "(clear a)"
      ]
    }, 
    {
      "action": "(pick-up e)", 
      "add_list": [
        "(holding e)"
      ], 
      "state": 26, 
      "literals": [
        "(ontable d)", 
        "(on c d)", 
        "(on b c)", 
        "(on a b)", 
        "(clear f)", 
        "(on f a)", 
        "(holding e)"
      ], 
      "delete_list": [
        "(ontable e)", 
        "(clear e)", 
        "(handempty)"
      ]
    }, 
    {
      "action": "(stack e f)", 
      "add_list": [
        "(clear e)", 
        "(handempty)", 
        "(on e f)"
      ], 
      "state": 27, 
      "literals": [
        "(ontable d)", 
        "(on c d)", 
        "(on b c)", 
        "(on a b)", 
        "(on f a)", 
        "(clear e)", 
        "(handempty)", 
        "(on e f)"
      ], 
      "delete_list": [
        "(holding e)", 
        "(clear f)"
      ]
    }
  ], 
  "domain_id": 112
}