{
  "domain": "blocks", 
  "inital_state": [
    "(clear a)", 
    "(clear c)", 
    "(ontable g)", 
    "(ontable f)", 
    "(on a g)", 
    "(on c d)", 
    "(on d b)", 
    "(on b e)", 
    "(on e f)", 
    "(handempty)"
  ], 
  "negative_goals": [], 
  "problem_id": 3986, 
  "positive_goals": [
    "(on a e)", 
    "(on e b)", 
    "(on b f)", 
    "(on f g)", 
    "(on g c)", 
    "(on c d)"
  ], 
  "plan_length": 34, 
  "plan_literals": [
    {
      "action": "(unstack c d)", 
      "add_list": [
        "(holding c)", 
        "(clear d)"
      ], 
      "state": 0, 
      "literals": [
        "(clear a)", 
        "(ontable g)", 
        "(ontable f)", 
        "(on a g)", 
        "(on d b)", 
        "(on b e)", 
        "(on e f)", 
        "(holding c)", 
        "(clear d)"
      ], 
      "delete_list": [
        "(clear c)", 
        "(handempty)", 
        "(on c d)"
      ]
    }, 
    {
      "action": "(stack c a)", 
      "add_list": [
        "(clear c)", 
        "(handempty)", 
        "(on c a)"
      ], 
      "state": 1, 
      "literals": [
        "(ontable g)", 
        "(ontable f)", 
        "(on a g)", 
        "(on d b)", 
        "(on b e)", 
        "(on e f)", 
        "(clear d)", 
        "(clear c)", 
        "(handempty)", 
        "(on c a)"
      ], 
      "delete_list": [
        "(holding c)", 
        "(clear a)"
      ]
    }, 
    {
      "action": "(unstack d b)", 
      "add_list": [
        "(holding d)", 
        "(clear b)"
      ], 
      "state": 2, 
      "literals": [
        "(ontable g)", 
        "(ontable f)", 
        "(on a g)", 
        "(on b e)", 
        "(on e f)", 
        "(clear c)", 
        "(on c a)", 
        "(holding d)", 
        "(clear b)"
      ], 
      "delete_list": [
        "(clear d)", 
        "(handempty)", 
        "(on d b)"
      ]
    }, 
    {
      "action": "(put-down d)", 
      "add_list": [
        "(clear d)", 
        "(handempty)", 
        "(ontable d)"
      ], 
      "state": 3, 
      "literals": [
        "(ontable g)", 
        "(ontable f)", 
        "(on a g)", 
        "(on b e)", 
        "(on e f)", 
        "(clear c)", 
        "(on c a)", 
        "(clear b)", 
        "(clear d)", 
        "(handempty)", 
        "(ontable d)"
      ], 
      "delete_list": [
        "(holding d)"
      ]
    }, 
    {
      "action": "(unstack c a)", 
      "add_list": [
        "(holding c)", 
        "(clear a)"
      ], 
      "state": 4, 
      "literals": [
        "(ontable g)", 
        "(ontable f)", 
        "(on a g)", 
        "(on b e)", 
        "(on e f)", 
        "(clear b)", 
        "(clear d)", 
        "(ontable d)", 
        "(holding c)", 
        "(clear a)"
      ], 
      "delete_list": [
        "(clear c)", 
        "(handempty)", 
        "(on c a)"
      ]
    }, 
    {
      "action": "(stack c d)", 
      "add_list": [
        "(clear c)", 
        "(handempty)", 
        "(on c d)"
      ], 
      "state": 5, 
      "literals": [
        "(ontable g)", 
        "(ontable f)", 
        "(on a g)", 
        "(on b e)", 
        "(on e f)", 
        "(clear b)", 
        "(ontable d)", 
        "(clear a)", 
        "(clear c)", 
        "(handempty)", 
        "(on c d)"
      ], 
      "delete_list": [
        "(holding c)", 
        "(clear d)"
      ]
    }, 
    {
      "action": "(unstack a g)", 
      "add_list": [
        "(holding a)", 
        "(clear g)"
      ], 
      "state": 6, 
      "literals": [
        "(ontable g)", 
        "(ontable f)", 
        "(on b e)", 
        "(on e f)", 
        "(clear b)", 
        "(ontable d)", 
        "(clear c)", 
        "(on c d)", 
        "(holding a)", 
        "(clear g)"
      ], 
      "delete_list": [
        "(clear a)", 
        "(handempty)", 
        "(on a g)"
      ]
    }, 
    {
      "action": "(stack a b)", 
      "add_list": [
        "(clear a)", 
        "(handempty)", 
        "(on a b)"
      ], 
      "state": 7, 
      "literals": [
        "(ontable g)", 
        "(ontable f)", 
        "(on b e)", 
        "(on e f)", 
        "(ontable d)", 
        "(clear c)", 
        "(on c d)", 
        "(clear g)", 
        "(clear a)", 
        "(handempty)", 
        "(on a b)"
      ], 
      "delete_list": [
        "(holding a)", 
        "(clear b)"
      ]
    }, 
    {
      "action": "(pick-up g)", 
      "add_list": [
        "(holding g)"
      ], 
      "state": 8, 
      "literals": [
        "(ontable f)", 
        "(on b e)", 
        "(on e f)", 
        "(ontable d)", 
        "(clear c)", 
        "(on c d)", 
        "(clear a)", 
        "(on a b)", 
        "(holding g)"
      ], 
      "delete_list": [
        "(ontable g)", 
        "(clear g)", 
        "(handempty)"
      ]
    }, 
    {
      "action": "(stack g c)", 
      "add_list": [
        "(clear g)", 
        "(handempty)", 
        "(on g c)"
      ], 
      "state": 9, 
      "literals": [
        "(ontable f)", 
        "(on b e)", 
        "(on e f)", 
        "(ontable d)", 
        "(on c d)", 
        "(clear a)", 
        "(on a b)", 
        "(clear g)", 
        "(handempty)", 
        "(on g c)"
      ], 
      "delete_list": [
        "(holding g)", 
        "(clear c)"
      ]
    }, 
    {
      "action": "(unstack a b)", 
      "add_list": [
        "(holding a)", 
        "(clear b)"
      ], 
      "state": 10, 
      "literals": [
        "(ontable f)", 
        "(on b e)", 
        "(on e f)", 
        "(ontable d)", 
        "(on c d)", 
        "(clear g)", 
        "(on g c)", 
        "(holding a)", 
        "(clear b)"
      ], 
      "delete_list": [
        "(clear a)", 
        "(handempty)", 
        "(on a b)"
      ]
    }, 
    {
      "action": "(stack a g)", 
      "add_list": [
        "(clear a)", 
        "(handempty)", 
        "(on a g)"
      ], 
      "state": 11, 
      "literals": [
        "(ontable f)", 
        "(on b e)", 
        "(on e f)", 
        "(ontable d)", 
        "(on c d)", 
        "(on g c)", 
        "(clear b)", 
        "(clear a)", 
        "(handempty)", 
        "(on a g)"
      ], 
      "delete_list": [
        "(holding a)", 
        "(clear g)"
      ]
    }, 
    {
      "action": "(unstack b e)", 
      "add_list": [
        "(holding b)", 
        "(clear e)"
      ], 
      "state": 12, 
      "literals": [
        "(ontable f)", 
        "(on e f)", 
        "(ontable d)", 
        "(on c d)", 
        "(on g c)", 
        "(clear a)", 
        "(on a g)", 
        "(holding b)", 
        "(clear e)"
      ], 
      "delete_list": [
        "(clear b)", 
        "(handempty)", 
        "(on b e)"
      ]
    }, 
    {
      "action": "(put-down b)", 
      "add_list": [
        "(clear b)", 
        "(handempty)", 
        "(ontable b)"
      ], 
      "state": 13, 
      "literals": [
        "(ontable f)", 
        "(on e f)", 
        "(ontable d)", 
        "(on c d)", 
        "(on g c)", 
        "(clear a)", 
        "(on a g)", 
        "(clear e)", 
        "(clear b)", 
        "(handempty)", 
        "(ontable b)"
      ], 
      "delete_list": [
        "(holding b)"
      ]
    }, 
    {
      "action": "(unstack e f)", 
      "add_list": [
        "(holding e)", 
        "(clear f)"
      ], 
      "state": 14, 
      "literals": [
        "(ontable f)", 
        "(ontable d)", 
        "(on c d)", 
        "(on g c)", 
        "(clear a)", 
        "(on a g)", 
        "(clear b)", 
        "(ontable b)", 
        "(holding e)", 
        "(clear f)"
      ], 
      "delete_list": [
        "(clear e)", 
        "(handempty)", 
        "(on e f)"
      ]
    }, 
    {
      "action": "(stack e b)", 
      "add_list": [
        "(clear e)", 
        "(handempty)", 
        "(on e b)"
      ], 
      "state": 15, 
      "literals": [
        "(ontable f)", 
        "(ontable d)", 
        "(on c d)", 
        "(on g c)", 
        "(clear a)", 
        "(on a g)", 
        "(ontable b)", 
        "(clear f)", 
        "(clear e)", 
        "(handempty)", 
        "(on e b)"
      ], 
      "delete_list": [
        "(holding e)", 
        "(clear b)"
      ]
    }, 
    {
      "action": "(unstack a g)", 
      "add_list": [
        "(holding a)", 
        "(clear g)"
      ], 
      "state": 16, 
      "literals": [
        "(ontable f)", 
        "(ontable d)", 
        "(on c d)", 
        "(on g c)", 
        "(ontable b)", 
        "(clear f)", 
        "(clear e)", 
        "(on e b)", 
        "(holding a)", 
        "(clear g)"
      ], 
      "delete_list": [
        "(clear a)", 
        "(handempty)", 
        "(on a g)"
      ]
    }, 
    {
      "action": "(stack a e)", 
      "add_list": [
        "(clear a)", 
        "(handempty)", 
        "(on a e)"
      ], 
      "state": 17, 
      "literals": [
        "(ontable f)", 
        "(ontable d)", 
        "(on c d)", 
        "(on g c)", 
        "(ontable b)", 
        "(clear f)", 
        "(on e b)", 
        "(clear g)", 
        "(clear a)", 
        "(handempty)", 
        "(on a e)"
      ], 
      "delete_list": [
        "(holding a)", 
        "(clear e)"
      ]
    }, 
    {
      "action": "(pick-up f)", 
      "add_list": [
        "(holding f)"
      ], 
      "state": 18, 
      "literals": [
        "(ontable d)", 
        "(on c d)", 
        "(on g c)", 
        "(ontable b)", 
        "(on e b)", 
        "(clear g)", 
        "(clear a)", 
        "(on a e)", 
        "(holding f)"
      ], 
      "delete_list": [
        "(ontable f)", 
        "(clear f)", 
        "(handempty)"
      ]
    }, 
    {
      "action": "(stack f g)", 
      "add_list": [
        "(clear f)", 
        "(handempty)", 
        "(on f g)"
      ], 
      "state": 19, 
      "literals": [
        "(ontable d)", 
        "(on c d)", 
        "(on g c)", 
        "(ontable b)", 
        "(on e b)", 
        "(clear a)", 
        "(on a e)", 
        "(clear f)", 
        "(handempty)", 
        "(on f g)"
      ], 
      "delete_list": [
        "(holding f)", 
        "(clear g)"
      ]
    }, 
    {
      "action": "(unstack a e)", 
      "add_list": [
        "(holding a)", 
        "(clear e)"
      ], 
      "state": 20, 
      "literals": [
        "(ontable d)", 
        "(on c d)", 
        "(on g c)", 
        "(ontable b)", 
        "(on e b)", 
        "(clear f)", 
        "(on f g)", 
        "(holding a)", 
        "(clear e)"
      ], 
      "delete_list": [
        "(clear a)", 
        "(handempty)", 
        "(on a e)"
      ]
    }, 
    {
      "action": "(stack a f)", 
      "add_list": [
        "(clear a)", 
        "(handempty)", 
        "(on a f)"
      ], 
      "state": 21, 
      "literals": [
        "(ontable d)", 
        "(on c d)", 
        "(on g c)", 
        "(ontable b)", 
        "(on e b)", 
        "(on f g)", 
        "(clear e)", 
        "(clear a)", 
        "(handempty)", 
        "(on a f)"
      ], 
      "delete_list": [
        "(holding a)", 
        "(clear f)"
      ]
    }, 
    {
      "action": "(unstack e b)", 
      "add_list": [
        "(holding e)", 
        "(clear b)"
      ], 
      "state": 22, 
      "literals": [
        "(ontable d)", 
        "(on c d)", 
        "(on g c)", 
        "(ontable b)", 
        "(on f g)", 
        "(clear a)", 
        "(on a f)", 
        "(holding e)", 
        "(clear b)"
      ], 
      "delete_list": [
        "(clear e)", 
        "(handempty)", 
        "(on e b)"
      ]
    }, 
    {
      "action": "(put-down e)", 
      "add_list": [
        "(clear e)", 
        "(handempty)", 
        "(ontable e)"
      ], 
      "state": 23, 
      "literals": [
        "(ontable d)", 
        "(on c d)", 
        "(on g c)", 
        "(ontable b)", 
        "(on f g)", 
        "(clear a)", 
        "(on a f)", 
        "(clear b)", 
        "(clear e)", 
        "(handempty)", 
        "(ontable e)"
      ], 
      "delete_list": [
        "(holding e)"
      ]
    }, 
    {
      "action": "(unstack a f)", 
      "add_list": [
        "(holding a)", 
        "(clear f)"
      ], 
      "state": 24, 
      "literals": [
        "(ontable d)", 
        "(on c d)", 
        "(on g c)", 
        "(ontable b)", 
        "(on f g)", 
        "(clear b)", 
        "(clear e)", 
        "(ontable e)", 
        "(holding a)", 
        "(clear f)"
      ], 
      "delete_list": [
        "(clear a)", 
        "(handempty)", 
        "(on a f)"
      ]
    }, 
    {
      "action": "(stack a e)", 
      "add_list": [
        "(clear a)", 
        "(handempty)", 
        "(on a e)"
      ], 
      "state": 25, 
      "literals": [
        "(ontable d)", 
        "(on c d)", 
        "(on g c)", 
        "(ontable b)", 
        "(on f g)", 
        "(clear b)", 
        "(ontable e)", 
        "(clear f)", 
        "(clear a)", 
        "(handempty)", 
        "(on a e)"
      ], 
      "delete_list": [
        "(holding a)", 
        "(clear e)"
      ]
    }, 
    {
      "action": "(pick-up b)", 
      "add_list": [
        "(holding b)"
      ], 
      "state": 26, 
      "literals": [
        "(ontable d)", 
        "(on c d)", 
        "(on g c)", 
        "(on f g)", 
        "(ontable e)", 
        "(clear f)", 
        "(clear a)", 
        "(on a e)", 
        "(holding b)"
      ], 
      "delete_list": [
        "(ontable b)", 
        "(clear b)", 
        "(handempty)"
      ]
    }, 
    {
      "action": "(stack b f)", 
      "add_list": [
        "(clear b)", 
        "(handempty)", 
        "(on b f)"
      ], 
      "state": 27, 
      "literals": [
        "(ontable d)", 
        "(on c d)", 
        "(on g c)", 
        "(on f g)", 
        "(ontable e)", 
        "(clear a)", 
        "(on a e)", 
        "(clear b)", 
        "(handempty)", 
        "(on b f)"
      ], 
      "delete_list": [
        "(holding b)", 
        "(clear f)"
      ]
    }, 
    {
      "action": "(unstack a e)", 
      "add_list": [
        "(holding a)", 
        "(clear e)"
      ], 
      "state": 28, 
      "literals": [
        "(ontable d)", 
        "(on c d)", 
        "(on g c)", 
        "(on f g)", 
        "(ontable e)", 
        "(clear b)", 
        "(on b f)", 
        "(holding a)", 
        "(clear e)"
      ], 
      "delete_list": [
        "(clear a)", 
        "(handempty)", 
        "(on a e)"
      ]
    }, 
    {
      "action": "(put-down a)", 
      "add_list": [
        "(clear a)", 
        "(handempty)", 
        "(ontable a)"
      ], 
      "state": 29, 
      "literals": [
        "(ontable d)", 
        "(on c d)", 
        "(on g c)", 
        "(on f g)", 
        "(ontable e)", 
        "(clear b)", 
        "(on b f)", 
        "(clear e)", 
        "(clear a)", 
        "(handempty)", 
        "(ontable a)"
      ], 
      "delete_list": [
        "(holding a)"
      ]
    }, 
    {
      "action": "(pick-up e)", 
      "add_list": [
        "(holding e)"
      ], 
      "state": 30, 
      "literals": [
        "(ontable d)", 
        "(on c d)", 
        "(on g c)", 
        "(on f g)", 
        "(clear b)", 
        "(on b f)", 
        "(clear a)", 
        "(ontable a)", 
        "(holding e)"
      ], 
      "delete_list": [
        "(ontable e)", 
        "(clear e)", 
        "(handempty)"
      ]
    }, 
    {
      "action": "(stack e b)", 
      "add_list": [
        "(clear e)", 
        "(handempty)", 
        "(on e b)"
      ], 
      "state": 31, 
      "literals": [
        "(ontable d)", 
        "(on c d)", 
        "(on g c)", 
        "(on f g)", 
        "(on b f)", 
        "(clear a)", 
        "(ontable a)", 
        "(clear e)", 
        "(handempty)", 
        "(on e b)"
      ], 
      "delete_list": [
        "(holding e)", 
        "(clear b)"
      ]
    }, 
    {
      "action": "(pick-up a)", 
      "add_list": [
        "(holding a)"
      ], 
      "state": 32, 
      "literals": [
        "(ontable d)", 
        "(on c d)", 
        "(on g c)", 
        "(on f g)", 
        "(on b f)", 
        "(clear e)", 
        "(on e b)", 
        "(holding a)"
      ], 
      "delete_list": [
        "(ontable a)", 
        "(clear a)", 
        "(handempty)"
      ]
    }, 
    {
      "action": "(stack a e)", 
      "add_list": [
        "(clear a)", 
        "(handempty)", 
        "(on a e)"
      ], 
      "state": 33, 
      "literals": [
        "(ontable d)", 
        "(on c d)", 
        "(on g c)", 
        "(on f g)", 
        "(on b f)", 
        "(on e b)", 
        "(clear a)", 
        "(handempty)", 
        "(on a e)"
      ], 
      "delete_list": [
        "(holding a)", 
        "(clear e)"
      ]
    }
  ], 
  "domain_id": 112
}