{
  "domain": "blocks", 
  "inital_state": [
    "(clear a)", 
    "(clear d)", 
    "(clear b)", 
    "(clear c)", 
    "(ontable e)", 
    "(ontable f)", 
    "(ontable b)", 
    "(ontable c)", 
    "(on a g)", 
    "(on g e)", 
    "(on d h)", 
    "(on h f)", 
    "(handempty)"
  ], 
  "negative_goals": [], 
  "problem_id": 3988, 
  "positive_goals": [
    "(on d f)", 
    "(on f e)", 
    "(on e h)", 
    "(on h c)", 
    "(on c a)", 
    "(on a g)", 
    "(on g b)"
  ], 
  "plan_length": 26, 
  "plan_literals": [
    {
      "action": "(unstack d h)", 
      "add_list": [
        "(holding d)", 
        "(clear h)"
      ], 
      "state": 0, 
      "literals": [
        "(clear a)", 
        "(clear b)", 
        "(clear c)", 
        "(ontable e)", 
        "(ontable f)", 
        "(ontable b)", 
        "(ontable c)", 
        "(on a g)", 
        "(on g e)", 
        "(on h f)", 
        "(holding d)", 
        "(clear h)"
      ], 
      "delete_list": [
        "(clear d)", 
        "(handempty)", 
        "(on d h)"
      ]
    }, 
    {
      "action": "(put-down d)", 
      "add_list": [
        "(clear d)", 
        "(handempty)", 
        "(ontable d)"
      ], 
      "state": 1, 
      "literals": [
        "(clear a)", 
        "(clear b)", 
        "(clear c)", 
        "(ontable e)", 
        "(ontable f)", 
        "(ontable b)", 
        "(ontable c)", 
        "(on a g)", 
        "(on g e)", 
        "(on h f)", 
        "(clear h)", 
        "(clear d)", 
        "(handempty)", 
        "(ontable d)"
      ], 
      "delete_list": [
        "(holding d)"
      ]
    }, 
    {
      "action": "(unstack h f)", 
      "add_list": [
        "(holding h)", 
        "(clear f)"
      ], 
      "state": 2, 
      "literals": [
        "(clear a)", 
        "(clear b)", 
        "(clear c)", 
        "(ontable e)", 
        "(ontable f)", 
        "(ontable b)", 
        "(ontable c)", 
        "(on a g)", 
        "(on g e)", 
        "(clear d)", 
        "(ontable d)", 
        "(holding h)", 
        "(clear f)"
      ], 
      "delete_list": [
        "(clear h)", 
        "(handempty)", 
        "(on h f)"
      ]
    }, 
    {
      "action": "(stack h c)", 
      "add_list": [
        "(clear h)", 
        "(handempty)", 
        "(on h c)"
      ], 
      "state": 3, 
      "literals": [
        "(clear a)", 
        "(clear b)", 
        "(ontable e)", 
        "(ontable f)", 
        "(ontable b)", 
        "(ontable c)", 
        "(on a g)", 
        "(on g e)", 
        "(clear d)", 
        "(ontable d)", 
        "(clear f)", 
        "(clear h)", 
        "(handempty)", 
        "(on h c)"
      ], 
      "delete_list": [
        "(holding h)", 
        "(clear c)"
      ]
    }, 
    {
      "action": "(pick-up d)", 
      "add_list": [
        "(holding d)"
      ], 
      "state": 4, 
      "literals": [
        "(clear a)", 
        "(clear b)", 
        "(ontable e)", 
        "(ontable f)", 
        "(ontable b)", 
        "(ontable c)", 
        "(on a g)", 
        "(on g e)", 
        "(clear f)", 
        "(clear h)", 
        "(on h c)", 
        "(holding d)"
      ], 
      "delete_list": [
        "(ontable d)", 
        "(clear d)", 
        "(handempty)"
      ]
    }, 
    {
      "action": "(stack d f)", 
      "add_list": [
        "(clear d)", 
        "(handempty)", 
        "(on d f)"
      ], 
      "state": 5, 
      "literals": [
        "(clear a)", 
        "(clear b)", 
        "(ontable e)", 
        "(ontable f)", 
        "(ontable b)", 
        "(ontable c)", 
        "(on a g)", 
        "(on g e)", 
        "(clear h)", 
        "(on h c)", 
        "(clear d)", 
        "(handempty)", 
        "(on d f)"
      ], 
      "delete_list": [
        "(holding d)", 
        "(clear f)"
      ]
    }, 
    {
      "action": "(unstack a g)", 
      "add_list": [
        "(holding a)", 
        "(clear g)"
      ], 
      "state": 6, 
      "literals": [
        "(clear b)", 
        "(ontable e)", 
        "(ontable f)", 
        "(ontable b)", 
        "(ontable c)", 
        "(on g e)", 
        "(clear h)", 
        "(on h c)", 
        "(clear d)", 
        "(on d f)", 
        "(holding a)", 
        "(clear g)"
      ], 
      "delete_list": [
        "(clear a)", 
        "(handempty)", 
        "(on a g)"
      ]
    }, 
    {
      "action": "(put-down a)", 
      "add_list": [
        "(clear a)", 
        "(handempty)", 
        "(ontable a)"
      ], 
      "state": 7, 
      "literals": [
        "(clear b)", 
        "(ontable e)", 
        "(ontable f)", 
        "(ontable b)", 
        "(ontable c)", 
        "(on g e)", 
        "(clear h)", 
        "(on h c)", 
        "(clear d)", 
        "(on d f)", 
        "(clear g)", 
        "(clear a)", 
        "(handempty)", 
        "(ontable a)"
      ], 
      "delete_list": [
        "(holding a)"
      ]
    }, 
    {
      "action": "(unstack g e)", 
      "add_list": [
        "(holding g)", 
        "(clear e)"
      ], 
      "state": 8, 
      "literals": [
        "(clear b)", 
        "(ontable e)", 
        "(ontable f)", 
        "(ontable b)", 
        "(ontable c)", 
        "(clear h)", 
        "(on h c)", 
        "(clear d)", 
        "(on d f)", 
        "(clear a)", 
        "(ontable a)", 
        "(holding g)", 
        "(clear e)"
      ], 
      "delete_list": [
        "(clear g)", 
        "(handempty)", 
        "(on g e)"
      ]
    }, 
    {
      "action": "(stack g b)", 
      "add_list": [
        "(clear g)", 
        "(handempty)", 
        "(on g b)"
      ], 
      "state": 9, 
      "literals": [
        "(ontable e)", 
        "(ontable f)", 
        "(ontable b)", 
        "(ontable c)", 
        "(clear h)", 
        "(on h c)", 
        "(clear d)", 
        "(on d f)", 
        "(clear a)", 
        "(ontable a)", 
        "(clear e)", 
        "(clear g)", 
        "(handempty)", 
        "(on g b)"
      ], 
      "delete_list": [
        "(holding g)", 
        "(clear b)"
      ]
    }, 
    {
      "action": "(pick-up a)", 
      "add_list": [
        "(holding a)"
      ], 
      "state": 10, 
      "literals": [
        "(ontable e)", 
        "(ontable f)", 
        "(ontable b)", 
        "(ontable c)", 
        "(clear h)", 
        "(on h c)", 
        "(clear d)", 
        "(on d f)", 
        "(clear e)", 
        "(clear g)", 
        "(on g b)", 
        "(holding a)"
      ], 
      "delete_list": [
        "(ontable a)", 
        "(clear a)", 
        "(handempty)"
      ]
    }, 
    {
      "action": "(stack a g)", 
      "add_list": [
        "(clear a)", 
        "(handempty)", 
        "(on a g)"
      ], 
      "state": 11, 
      "literals": [
        "(ontable e)", 
        "(ontable f)", 
        "(ontable b)", 
        "(ontable c)", 
        "(clear h)", 
        "(on h c)", 
        "(clear d)", 
        "(on d f)", 
        "(clear e)", 
        "(on g b)", 
        "(clear a)", 
        "(handempty)", 
        "(on a g)"
      ], 
      "delete_list": [
        "(holding a)", 
        "(clear g)"
      ]
    }, 
    {
      "action": "(unstack h c)", 
      "add_list": [
        "(holding h)", 
        "(clear c)"
      ], 
      "state": 12, 
      "literals": [
        "(ontable e)", 
        "(ontable f)", 
        "(ontable b)", 
        "(ontable c)", 
        "(clear d)", 
        "(on d f)", 
        "(clear e)", 
        "(on g b)", 
        "(clear a)", 
        "(on a g)", 
        "(holding h)", 
        "(clear c)"
      ], 
      "delete_list": [
        "(clear h)", 
        "(handempty)", 
        "(on h c)"
      ]
    }, 
    {
      "action": "(put-down h)", 
      "add_list": [
        "(clear h)", 
        "(handempty)", 
        "(ontable h)"
      ], 
      "state": 13, 
      "literals": [
        "(ontable e)", 
        "(ontable f)", 
        "(ontable b)", 
        "(ontable c)", 
        "(clear d)", 
        "(on d f)", 
        "(clear e)", 
        "(on g b)", 
        "(clear a)", 
        "(on a g)", 
        "(clear c)", 
        "(clear h)", 
        "(handempty)", 
        "(ontable h)"
      ], 
      "delete_list": [
        "(holding h)"
      ]
    }, 
    {
      "action": "(pick-up c)", 
      "add_list": [
        "(holding c)"
      ], 
      "state": 14, 
      "literals": [
        "(ontable e)", 
        "(ontable f)", 
        "(ontable b)", 
        "(clear d)", 
        "(on d f)", 
        "(clear e)", 
        "(on g b)", 
        "(clear a)", 
        "(on a g)", 
        "(clear h)", 
        "(ontable h)", 
        "(holding c)"
      ], 
      "delete_list": [
        "(ontable c)", 
        "(clear c)", 
        "(handempty)"
      ]
    }, 
    {
      "action": "(stack c a)", 
      "add_list": [
        "(clear c)", 
        "(handempty)", 
        "(on c a)"
      ], 
      "state": 15, 
      "literals": [
        "(ontable e)", 
        "(ontable f)", 
        "(ontable b)", 
        "(clear d)", 
        "(on d f)", 
        "(clear e)", 
        "(on g b)", 
        "(on a g)", 
        "(clear h)", 
        "(ontable h)", 
        "(clear c)", 
        "(handempty)", 
        "(on c a)"
      ], 
      "delete_list": [
        "(holding c)", 
        "(clear a)"
      ]
    }, 
    {
      "action": "(pick-up h)", 
      "add_list": [
        "(holding h)"
      ], 
      "state": 16, 
      "literals": [
        "(ontable e)", 
        "(ontable f)", 
        "(ontable b)", 
        "(clear d)", 
        "(on d f)", 
        "(clear e)", 
        "(on g b)", 
        "(on a g)", 
        "(clear c)", 
        "(on c a)", 
        "(holding h)"
      ], 
      "delete_list": [
        "(ontable h)", 
        "(clear h)", 
        "(handempty)"
      ]
    }, 
    {
      "action": "(stack h c)", 
      "add_list": [
        "(clear h)", 
        "(handempty)", 
        "(on h c)"
      ], 
      "state": 17, 
      "literals": [
        "(ontable e)", 
        "(ontable f)", 
        "(ontable b)", 
        "(clear d)", 
        "(on d f)", 
        "(clear e)", 
        "(on g b)", 
        "(on a g)", 
        "(on c a)", 
        "(clear h)", 
        "(handempty)", 
        "(on h c)"
      ], 
      "delete_list": [
        "(holding h)", 
        "(clear c)"
      ]
    }, 
    {
      "action": "(pick-up e)", 
      "add_list": [
        "(holding e)"
      ], 
      "state": 18, 
      "literals": [
        "(ontable f)", 
        "(ontable b)", 
        "(clear d)", 
        "(on d f)", 
        "(on g b)", 
        "(on a g)", 
        "(on c a)", 
        "(clear h)", 
        "(on h c)", 
        "(holding e)"
      ], 
      "delete_list": [
        "(ontable e)", 
        "(clear e)", 
        "(handempty)"
      ]
    }, 
    {
      "action": "(stack e h)", 
      "add_list": [
        "(clear e)", 
        "(handempty)", 
        "(on e h)"
      ], 
      "state": 19, 
      "literals": [
        "(ontable f)", 
        "(ontable b)", 
        "(clear d)", 
        "(on d f)", 
        "(on g b)", 
        "(on a g)", 
        "(on c a)", 
        "(on h c)", 
        "(clear e)", 
        "(handempty)", 
        "(on e h)"
      ], 
      "delete_list": [
        "(holding e)", 
        "(clear h)"
      ]
    }, 
    {
      "action": "(unstack d f)", 
      "add_list": [
        "(holding d)", 
        "(clear f)"
      ], 
      "state": 20, 
      "literals": [
        "(ontable f)", 
        "(ontable b)", 
        "(on g b)", 
        "(on a g)", 
        "(on c a)", 
        "(on h c)", 
        "(clear e)", 
        "(on e h)", 
        "(holding d)", 
        "(clear f)"
      ], 
      "delete_list": [
        "(clear d)", 
        "(handempty)", 
        "(on d f)"
      ]
    }, 
    {
      "action": "(put-down d)", 
      "add_list": [
        "(clear d)", 
        "(handempty)", 
        "(ontable d)"
      ], 
      "state": 21, 
      "literals": [
        "(ontable f)", 
        "(ontable b)", 
        "(on g b)", 
        "(on a g)", 
        "(on c a)", 
        "(on h c)", 
        "(clear e)", 
        "(on e h)", 
        "(clear f)", 
        "(clear d)", 
        "(handempty)", 
        "(ontable d)"
      ], 
      "delete_list": [
        "(holding d)"
      ]
    }, 
    {
      "action": "(pick-up f)", 
      "add_list": [
        "(holding f)"
      ], 
      "state": 22, 
      "literals": [
        "(ontable b)", 
        "(on g b)", 
        "(on a g)", 
        "(on c a)", 
        "(on h c)", 
        "(clear e)", 
        "(on e h)", 
        "(clear d)", 
        "(ontable d)", 
        "(holding f)"
      ], 
      "delete_list": [
        "(ontable f)", 
        "(clear f)", 
        "(handempty)"
      ]
    }, 
    {
      "action": "(stack f e)", 
      "add_list": [
        "(clear f)", 
        "(handempty)", 
        "(on f e)"
      ], 
      "state": 23, 
      "literals": [
        "(ontable b)", 
        "(on g b)", 
        "(on a g)", 
        "(on c a)", 
        "(on h c)", 
        "(on e h)", 
        "(clear d)", 
        "(ontable d)", 
        "(clear f)", 
        "(handempty)", 
        "(on f e)"
      ], 
      "delete_list": [
        "(holding f)", 
        "(clear e)"
      ]
    }, 
    {
      "action": "(pick-up d)", 
      "add_list": [
        "(holding d)"
      ], 
      "state": 24, 
      "literals": [
        "(ontable b)", 
        "(on g b)", 
        "(on a g)", 
        "(on c a)", 
        "(on h c)", 
        "(on e h)", 
        "(clear f)", 
        "(on f e)", 
        "(holding d)"
      ], 
      "delete_list": [
        "(ontable d)", 
        "(clear d)", 
        "(handempty)"
      ]
    }, 
    {
      "action": "(stack d f)", 
      "add_list": [
        "(clear d)", 
        "(handempty)", 
        "(on d f)"
      ], 
      "state": 25, 
      "literals": [
        "(ontable b)", 
        "(on g b)", 
        "(on a g)", 
        "(on c a)", 
        "(on h c)", 
        "(on e h)", 
        "(on f e)", 
        "(clear d)", 
        "(handempty)", 
        "(on d f)"
      ], 
      "delete_list": [
        "(holding d)", 
        "(clear f)"
      ]
    }
  ], 
  "domain_id": 112
}