{
  "domain": "blocks", 
  "inital_state": [
    "(clear f)", 
    "(ontable a)", 
    "(on f e)", 
    "(on e b)", 
    "(on b d)", 
    "(on d c)", 
    "(on c i)", 
    "(on i g)", 
    "(on g h)", 
    "(on h a)", 
    "(handempty)"
  ], 
  "negative_goals": [], 
  "problem_id": 3992, 
  "positive_goals": [
    "(on d i)", 
    "(on i a)", 
    "(on a b)", 
    "(on b h)", 
    "(on h g)", 
    "(on g f)", 
    "(on f e)", 
    "(on e c)"
  ], 
  "plan_length": 36, 
  "plan_literals": [
    {
      "action": "(unstack f e)", 
      "add_list": [
        "(holding f)", 
        "(clear e)"
      ], 
      "state": 0, 
      "literals": [
        "(ontable a)", 
        "(on e b)", 
        "(on b d)", 
        "(on d c)", 
        "(on c i)", 
        "(on i g)", 
        "(on g h)", 
        "(on h a)", 
        "(holding f)", 
        "(clear e)"
      ], 
      "delete_list": [
        "(clear f)", 
        "(handempty)", 
        "(on f e)"
      ]
    }, 
    {
      "action": "(put-down f)", 
      "add_list": [
        "(clear f)", 
        "(handempty)", 
        "(ontable f)"
      ], 
      "state": 1, 
      "literals": [
        "(ontable a)", 
        "(on e b)", 
        "(on b d)", 
        "(on d c)", 
        "(on c i)", 
        "(on i g)", 
        "(on g h)", 
        "(on h a)", 
        "(clear e)", 
        "(clear f)", 
        "(handempty)", 
        "(ontable f)"
      ], 
      "delete_list": [
        "(holding f)"
      ]
    }, 
    {
      "action": "(unstack e b)", 
      "add_list": [
        "(holding e)", 
        "(clear b)"
      ], 
      "state": 2, 
      "literals": [
        "(ontable a)", 
        "(on b d)", 
        "(on d c)", 
        "(on c i)", 
        "(on i g)", 
        "(on g h)", 
        "(on h a)", 
        "(clear f)", 
        "(ontable f)", 
        "(holding e)", 
        "(clear b)"
      ], 
      "delete_list": [
        "(clear e)", 
        "(handempty)", 
        "(on e b)"
      ]
    }, 
    {
      "action": "(put-down e)", 
      "add_list": [
        "(clear e)", 
        "(handempty)", 
        "(ontable e)"
      ], 
      "state": 3, 
      "literals": [
        "(ontable a)", 
        "(on b d)", 
        "(on d c)", 
        "(on c i)", 
        "(on i g)", 
        "(on g h)", 
        "(on h a)", 
        "(clear f)", 
        "(ontable f)", 
        "(clear b)", 
        "(clear e)", 
        "(handempty)", 
        "(ontable e)"
      ], 
      "delete_list": [
        "(holding e)"
      ]
    }, 
    {
      "action": "(unstack b d)", 
      "add_list": [
        "(holding b)", 
        "(clear d)"
      ], 
      "state": 4, 
      "literals": [
        "(ontable a)", 
        "(on d c)", 
        "(on c i)", 
        "(on i g)", 
        "(on g h)", 
        "(on h a)", 
        "(clear f)", 
        "(ontable f)", 
        "(clear e)", 
        "(ontable e)", 
        "(holding b)", 
        "(clear d)"
      ], 
      "delete_list": [
        "(clear b)", 
        "(handempty)", 
        "(on b d)"
      ]
    }, 
    {
      "action": "(put-down b)", 
      "add_list": [
        "(clear b)", 
        "(handempty)", 
        "(ontable b)"
      ], 
      "state": 5, 
      "literals": [
        "(ontable a)", 
        "(on d c)", 
        "(on c i)", 
        "(on i g)", 
        "(on g h)", 
        "(on h a)", 
        "(clear f)", 
        "(ontable f)", 
        "(clear e)", 
        "(ontable e)", 
        "(clear d)", 
        "(clear b)", 
        "(handempty)", 
        "(ontable b)"
      ], 
      "delete_list": [
        "(holding b)"
      ]
    }, 
    {
      "action": "(unstack d c)", 
      "add_list": [
        "(holding d)", 
        "(clear c)"
      ], 
      "state": 6, 
      "literals": [
        "(ontable a)", 
        "(on c i)", 
        "(on i g)", 
        "(on g h)", 
        "(on h a)", 
        "(clear f)", 
        "(ontable f)", 
        "(clear e)", 
        "(ontable e)", 
        "(clear b)", 
        "(ontable b)", 
        "(holding d)", 
        "(clear c)"
      ], 
      "delete_list": [
        "(clear d)", 
        "(handempty)", 
        "(on d c)"
      ]
    }, 
    {
      "action": "(put-down d)", 
      "add_list": [
        "(clear d)", 
        "(handempty)", 
        "(ontable d)"
      ], 
      "state": 7, 
      "literals": [
        "(ontable a)", 
        "(on c i)", 
        "(on i g)", 
        "(on g h)", 
        "(on h a)", 
        "(clear f)", 
        "(ontable f)", 
        "(clear e)", 
        "(ontable e)", 
        "(clear b)", 
        "(ontable b)", 
        "(clear c)", 
        "(clear d)", 
        "(handempty)", 
        "(ontable d)"
      ], 
      "delete_list": [
        "(holding d)"
      ]
    }, 
    {
      "action": "(unstack c i)", 
      "add_list": [
        "(holding c)", 
        "(clear i)"
      ], 
      "state": 8, 
      "literals": [
        "(ontable a)", 
        "(on i g)", 
        "(on g h)", 
        "(on h a)", 
        "(clear f)", 
        "(ontable f)", 
        "(clear e)", 
        "(ontable e)", 
        "(clear b)", 
        "(ontable b)", 
        "(clear d)", 
        "(ontable d)", 
        "(holding c)", 
        "(clear i)"
      ], 
      "delete_list": [
        "(clear c)", 
        "(handempty)", 
        "(on c i)"
      ]
    }, 
    {
      "action": "(put-down c)", 
      "add_list": [
        "(clear c)", 
        "(handempty)", 
        "(ontable c)"
      ], 
      "state": 9, 
      "literals": [
        "(ontable a)", 
        "(on i g)", 
        "(on g h)", 
        "(on h a)", 
        "(clear f)", 
        "(ontable f)", 
        "(clear e)", 
        "(ontable e)", 
        "(clear b)", 
        "(ontable b)", 
        "(clear d)", 
        "(ontable d)", 
        "(clear i)", 
        "(clear c)", 
        "(handempty)", 
        "(ontable c)"
      ], 
      "delete_list": [
        "(holding c)"
      ]
    }, 
    {
      "action": "(pick-up d)", 
      "add_list": [
        "(holding d)"
      ], 
      "state": 10, 
      "literals": [
        "(ontable a)", 
        "(on i g)", 
        "(on g h)", 
        "(on h a)", 
        "(clear f)", 
        "(ontable f)", 
        "(clear e)", 
        "(ontable e)", 
        "(clear b)", 
        "(ontable b)", 
        "(clear i)", 
        "(clear c)", 
        "(ontable c)", 
        "(holding d)"
      ], 
      "delete_list": [
        "(ontable d)", 
        "(clear d)", 
        "(handempty)"
      ]
    }, 
    {
      "action": "(stack d i)", 
      "add_list": [
        "(clear d)", 
        "(handempty)", 
        "(on d i)"
      ], 
      "state": 11, 
      "literals": [
        "(ontable a)", 
        "(on i g)", 
        "(on g h)", 
        "(on h a)", 
        "(clear f)", 
        "(ontable f)", 
        "(clear e)", 
        "(ontable e)", 
        "(clear b)", 
        "(ontable b)", 
        "(clear c)", 
        "(ontable c)", 
        "(clear d)", 
        "(handempty)", 
        "(on d i)"
      ], 
      "delete_list": [
        "(holding d)", 
        "(clear i)"
      ]
    }, 
    {
      "action": "(pick-up e)", 
      "add_list": [
        "(holding e)"
      ], 
      "state": 12, 
      "literals": [
        "(ontable a)", 
        "(on i g)", 
        "(on g h)", 
        "(on h a)", 
        "(clear f)", 
        "(ontable f)", 
        "(clear b)", 
        "(ontable b)", 
        "(clear c)", 
        "(ontable c)", 
        "(clear d)", 
        "(on d i)", 
        "(holding e)"
      ], 
      "delete_list": [
        "(ontable e)", 
        "(clear e)", 
        "(handempty)"
      ]
    }, 
    {
      "action": "(stack e c)", 
      "add_list": [
        "(clear e)", 
        "(handempty)", 
        "(on e c)"
      ], 
      "state": 13, 
      "literals": [
        "(ontable a)", 
        "(on i g)", 
        "(on g h)", 
        "(on h a)", 
        "(clear f)", 
        "(ontable f)", 
        "(clear b)", 
        "(ontable b)", 
        "(ontable c)", 
        "(clear d)", 
        "(on d i)", 
        "(clear e)", 
        "(handempty)", 
        "(on e c)"
      ], 
      "delete_list": [
        "(holding e)", 
        "(clear c)"
      ]
    }, 
    {
      "action": "(pick-up f)", 
      "add_list": [
        "(holding f)"
      ], 
      "state": 14, 
      "literals": [
        "(ontable a)", 
        "(on i g)", 
        "(on g h)", 
        "(on h a)", 
        "(clear b)", 
        "(ontable b)", 
        "(ontable c)", 
        "(clear d)", 
        "(on d i)", 
        "(clear e)", 
        "(on e c)", 
        "(holding f)"
      ], 
      "delete_list": [
        "(ontable f)", 
        "(clear f)", 
        "(handempty)"
      ]
    }, 
    {
      "action": "(stack f e)", 
      "add_list": [
        "(clear f)", 
        "(handempty)", 
        "(on f e)"
      ], 
      "state": 15, 
      "literals": [
        "(ontable a)", 
        "(on i g)", 
        "(on g h)", 
        "(on h a)", 
        "(clear b)", 
        "(ontable b)", 
        "(ontable c)", 
        "(clear d)", 
        "(on d i)", 
        "(on e c)", 
        "(clear f)", 
        "(handempty)", 
        "(on f e)"
      ], 
      "delete_list": [
        "(holding f)", 
        "(clear e)"
      ]
    }, 
    {
      "action": "(unstack d i)", 
      "add_list": [
        "(holding d)", 
        "(clear i)"
      ], 
      "state": 16, 
      "literals": [
        "(ontable a)", 
        "(on i g)", 
        "(on g h)", 
        "(on h a)", 
        "(clear b)", 
        "(ontable b)", 
        "(ontable c)", 
        "(on e c)", 
        "(clear f)", 
        "(on f e)", 
        "(holding d)", 
        "(clear i)"
      ], 
      "delete_list": [
        "(clear d)", 
        "(handempty)", 
        "(on d i)"
      ]
    }, 
    {
      "action": "(put-down d)", 
      "add_list": [
        "(clear d)", 
        "(handempty)", 
        "(ontable d)"
      ], 
      "state": 17, 
      "literals": [
        "(ontable a)", 
        "(on i g)", 
        "(on g h)", 
        "(on h a)", 
        "(clear b)", 
        "(ontable b)", 
        "(ontable c)", 
        "(on e c)", 
        "(clear f)", 
        "(on f e)", 
        "(clear i)", 
        "(clear d)", 
        "(handempty)", 
        "(ontable d)"
      ], 
      "delete_list": [
        "(holding d)"
      ]
    }, 
    {
      "action": "(unstack i g)", 
      "add_list": [
        "(holding i)", 
        "(clear g)"
      ], 
      "state": 18, 
      "literals": [
        "(ontable a)", 
        "(on g h)", 
        "(on h a)", 
        "(clear b)", 
        "(ontable b)", 
        "(ontable c)", 
        "(on e c)", 
        "(clear f)", 
        "(on f e)", 
        "(clear d)", 
        "(ontable d)", 
        "(holding i)", 
        "(clear g)"
      ], 
      "delete_list": [
        "(clear i)", 
        "(handempty)", 
        "(on i g)"
      ]
    }, 
    {
      "action": "(put-down i)", 
      "add_list": [
        "(clear i)", 
        "(handempty)", 
        "(ontable i)"
      ], 
      "state": 19, 
      "literals": [
        "(ontable a)", 
        "(on g h)", 
        "(on h a)", 
        "(clear b)", 
        "(ontable b)", 
        "(ontable c)", 
        "(on e c)", 
        "(clear f)", 
        "(on f e)", 
        "(clear d)", 
        "(ontable d)", 
        "(clear g)", 
        "(clear i)", 
        "(handempty)", 
        "(ontable i)"
      ], 
      "delete_list": [
        "(holding i)"
      ]
    }, 
    {
      "action": "(unstack g h)", 
      "add_list": [
        "(holding g)", 
        "(clear h)"
      ], 
      "state": 20, 
      "literals": [
        "(ontable a)", 
        "(on h a)", 
        "(clear b)", 
        "(ontable b)", 
        "(ontable c)", 
        "(on e c)", 
        "(clear f)", 
        "(on f e)", 
        "(clear d)", 
        "(ontable d)", 
        "(clear i)", 
        "(ontable i)", 
        "(holding g)", 
        "(clear h)"
      ], 
      "delete_list": [
        "(clear g)", 
        "(handempty)", 
        "(on g h)"
      ]
    }, 
    {
      "action": "(stack g f)", 
      "add_list": [
        "(clear g)", 
        "(handempty)", 
        "(on g f)"
      ], 
      "state": 21, 
      "literals": [
        "(ontable a)", 
        "(on h a)", 
        "(clear b)", 
        "(ontable b)", 
        "(ontable c)", 
        "(on e c)", 
        "(on f e)", 
        "(clear d)", 
        "(ontable d)", 
        "(clear i)", 
        "(ontable i)", 
        "(clear h)", 
        "(clear g)", 
        "(handempty)", 
        "(on g f)"
      ], 
      "delete_list": [
        "(holding g)", 
        "(clear f)"
      ]
    }, 
    {
      "action": "(unstack h a)", 
      "add_list": [
        "(holding h)", 
        "(clear a)"
      ], 
      "state": 22, 
      "literals": [
        "(ontable a)", 
        "(clear b)", 
        "(ontable b)", 
        "(ontable c)", 
        "(on e c)", 
        "(on f e)", 
        "(clear d)", 
        "(ontable d)", 
        "(clear i)", 
        "(ontable i)", 
        "(clear g)", 
        "(on g f)", 
        "(holding h)", 
        "(clear a)"
      ], 
      "delete_list": [
        "(clear h)", 
        "(handempty)", 
        "(on h a)"
      ]
    }, 
    {
      "action": "(stack h g)", 
      "add_list": [
        "(clear h)", 
        "(handempty)", 
        "(on h g)"
      ], 
      "state": 23, 
      "literals": [
        "(ontable a)", 
        "(clear b)", 
        "(ontable b)", 
        "(ontable c)", 
        "(on e c)", 
        "(on f e)", 
        "(clear d)", 
        "(ontable d)", 
        "(clear i)", 
        "(ontable i)", 
        "(on g f)", 
        "(clear a)", 
        "(clear h)", 
        "(handempty)", 
        "(on h g)"
      ], 
      "delete_list": [
        "(holding h)", 
        "(clear g)"
      ]
    }, 
    {
      "action": "(pick-up d)", 
      "add_list": [
        "(holding d)"
      ], 
      "state": 24, 
      "literals": [
        "(ontable a)", 
        "(clear b)", 
        "(ontable b)", 
        "(ontable c)", 
        "(on e c)", 
        "(on f e)", 
        "(clear i)", 
        "(ontable i)", 
        "(on g f)", 
        "(clear a)", 
        "(clear h)", 
        "(on h g)", 
        "(holding d)"
      ], 
      "delete_list": [
        "(ontable d)", 
        "(clear d)", 
        "(handempty)"
      ]
    }, 
    {
      "action": "(stack d i)", 
      "add_list": [
        "(clear d)", 
        "(handempty)", 
        "(on d i)"
      ], 
      "state": 25, 
      "literals": [
        "(ontable a)", 
        "(clear b)", 
        "(ontable b)", 
        "(ontable c)", 
        "(on e c)", 
        "(on f e)", 
        "(ontable i)", 
        "(on g f)", 
        "(clear a)", 
        "(clear h)", 
        "(on h g)", 
        "(clear d)", 
        "(handempty)", 
        "(on d i)"
      ], 
      "delete_list": [
        "(holding d)", 
        "(clear i)"
      ]
    }, 
    {
      "action": "(pick-up b)", 
      "add_list": [
        "(holding b)"
      ], 
      "state": 26, 
      "literals": [
        "(ontable a)", 
        "(ontable c)", 
        "(on e c)", 
        "(on f e)", 
        "(ontable i)", 
        "(on g f)", 
        "(clear a)", 
        "(clear h)", 
        "(on h g)", 
        "(clear d)", 
        "(on d i)", 
        "(holding b)"
      ], 
      "delete_list": [
        "(ontable b)", 
        "(clear b)", 
        "(handempty)"
      ]
    }, 
    {
      "action": "(stack b h)", 
      "add_list": [
        "(clear b)", 
        "(handempty)", 
        "(on b h)"
      ], 
      "state": 27, 
      "literals": [
        "(ontable a)", 
        "(ontable c)", 
        "(on e c)", 
        "(on f e)", 
        "(ontable i)", 
        "(on g f)", 
        "(clear a)", 
        "(on h g)", 
        "(clear d)", 
        "(on d i)", 
        "(clear b)", 
        "(handempty)", 
        "(on b h)"
      ], 
      "delete_list": [
        "(holding b)", 
        "(clear h)"
      ]
    }, 
    {
      "action": "(pick-up a)", 
      "add_list": [
        "(holding a)"
      ], 
      "state": 28, 
      "literals": [
        "(ontable c)", 
        "(on e c)", 
        "(on f e)", 
        "(ontable i)", 
        "(on g f)", 
        "(on h g)", 
        "(clear d)", 
        "(on d i)", 
        "(clear b)", 
        "(on b h)", 
        "(holding a)"
      ], 
      "delete_list": [
        "(ontable a)", 
        "(clear a)", 
        "(handempty)"
      ]
    }, 
    {
      "action": "(stack a b)", 
      "add_list": [
        "(clear a)", 
        "(handempty)", 
        "(on a b)"
      ], 
      "state": 29, 
      "literals": [
        "(ontable c)", 
        "(on e c)", 
        "(on f e)", 
        "(ontable i)", 
        "(on g f)", 
        "(on h g)", 
        "(clear d)", 
        "(on d i)", 
        "(on b h)", 
        "(clear a)", 
        "(handempty)", 
        "(on a b)"
      ], 
      "delete_list": [
        "(holding a)", 
        "(clear b)"
      ]
    }, 
    {
      "action": "(unstack d i)", 
      "add_list": [
        "(holding d)", 
        "(clear i)"
      ], 
      "state": 30, 
      "literals": [
        "(ontable c)", 
        "(on e c)", 
        "(on f e)", 
        "(ontable i)", 
        "(on g f)", 
        "(on h g)", 
        "(on b h)", 
        "(clear a)", 
        "(on a b)", 
        "(holding d)", 
        "(clear i)"
      ], 
      "delete_list": [
        "(clear d)", 
        "(handempty)", 
        "(on d i)"
      ]
    }, 
    {
      "action": "(put-down d)", 
      "add_list": [
        "(clear d)", 
        "(handempty)", 
        "(ontable d)"
      ], 
      "state": 31, 
      "literals": [
        "(ontable c)", 
        "(on e c)", 
        "(on f e)", 
        "(ontable i)", 
        "(on g f)", 
        "(on h g)", 
        "(on b h)", 
        "(clear a)", 
        "(on a b)", 
        "(clear i)", 
        "(clear d)", 
        "(handempty)", 
        "(ontable d)"
      ], 
      "delete_list": [
        "(holding d)"
      ]
    }, 
    {
      "action": "(pick-up i)", 
      "add_list": [
        "(holding i)"
      ], 
      "state": 32, 
      "literals": [
        "(ontable c)", 
        "(on e c)", 
        "(on f e)", 
        "(on g f)", 
        "(on h g)", 
        "(on b h)", 
        "(clear a)", 
        "(on a b)", 
        "(clear d)", 
        "(ontable d)", 
        "(holding i)"
      ], 
      "delete_list": [
        "(ontable i)", 
        "(clear i)", 
        "(handempty)"
      ]
    }, 
    {
      "action": "(stack i a)", 
      "add_list": [
        "(clear i)", 
        "(handempty)", 
        "(on i a)"
      ], 
      "state": 33, 
      "literals": [
        "(ontable c)", 
        "(on e c)", 
        "(on f e)", 
        "(on g f)", 
        "(on h g)", 
        "(on b h)", 
        "(on a b)", 
        "(clear d)", 
        "(ontable d)", 
        "(clear i)", 
        "(handempty)", 
        "(on i a)"
      ], 
      "delete_list": [
        "(holding i)", 
        "(clear a)"
      ]
    }, 
    {
      "action": "(pick-up d)", 
      "add_list": [
        "(holding d)"
      ], 
      "state": 34, 
      "literals": [
        "(ontable c)", 
        "(on e c)", 
        "(on f e)", 
        "(on g f)", 
        "(on h g)", 
        "(on b h)", 
        "(on a b)", 
        "(clear i)", 
        "(on i a)", 
        "(holding d)"
      ], 
      "delete_list": [
        "(ontable d)", 
        "(clear d)", 
        "(handempty)"
      ]
    }, 
    {
      "action": "(stack d i)", 
      "add_list": [
        "(clear d)", 
        "(handempty)", 
        "(on d i)"
      ], 
      "state": 35, 
      "literals": [
        "(ontable c)", 
        "(on e c)", 
        "(on f e)", 
        "(on g f)", 
        "(on h g)", 
        "(on b h)", 
        "(on a b)", 
        "(on i a)", 
        "(clear d)", 
        "(handempty)", 
        "(on d i)"
      ], 
      "delete_list": [
        "(holding d)", 
        "(clear i)"
      ]
    }
  ], 
  "domain_id": 112
}