{
  "domain": "blocks", 
  "inital_state": [
    "(clear h)", 
    "(clear f)", 
    "(ontable g)", 
    "(ontable f)", 
    "(on h a)", 
    "(on a d)", 
    "(on d e)", 
    "(on e c)", 
    "(on c i)", 
    "(on i b)", 
    "(on b g)", 
    "(handempty)"
  ], 
  "negative_goals": [], 
  "problem_id": 3993, 
  "positive_goals": [
    "(on f g)", 
    "(on g h)", 
    "(on h d)", 
    "(on d i)", 
    "(on i e)", 
    "(on e b)", 
    "(on b c)", 
    "(on c a)"
  ], 
  "plan_length": 48, 
  "plan_literals": [
    {
      "action": "(unstack h a)", 
      "add_list": [
        "(holding h)", 
        "(clear a)"
      ], 
      "state": 0, 
      "literals": [
        "(clear f)", 
        "(ontable g)", 
        "(ontable f)", 
        "(on a d)", 
        "(on d e)", 
        "(on e c)", 
        "(on c i)", 
        "(on i b)", 
        "(on b g)", 
        "(holding h)", 
        "(clear a)"
      ], 
      "delete_list": [
        "(clear h)", 
        "(handempty)", 
        "(on h a)"
      ]
    }, 
    {
      "action": "(put-down h)", 
      "add_list": [
        "(clear h)", 
        "(handempty)", 
        "(ontable h)"
      ], 
      "state": 1, 
      "literals": [
        "(clear f)", 
        "(ontable g)", 
        "(ontable f)", 
        "(on a d)", 
        "(on d e)", 
        "(on e c)", 
        "(on c i)", 
        "(on i b)", 
        "(on b g)", 
        "(clear a)", 
        "(clear h)", 
        "(handempty)", 
        "(ontable h)"
      ], 
      "delete_list": [
        "(holding h)"
      ]
    }, 
    {
      "action": "(unstack a d)", 
      "add_list": [
        "(holding a)", 
        "(clear d)"
      ], 
      "state": 2, 
      "literals": [
        "(clear f)", 
        "(ontable g)", 
        "(ontable f)", 
        "(on d e)", 
        "(on e c)", 
        "(on c i)", 
        "(on i b)", 
        "(on b g)", 
        "(clear h)", 
        "(ontable h)", 
        "(holding a)", 
        "(clear d)"
      ], 
      "delete_list": [
        "(clear a)", 
        "(handempty)", 
        "(on a d)"
      ]
    }, 
    {
      "action": "(put-down a)", 
      "add_list": [
        "(clear a)", 
        "(handempty)", 
        "(ontable a)"
      ], 
      "state": 3, 
      "literals": [
        "(clear f)", 
        "(ontable g)", 
        "(ontable f)", 
        "(on d e)", 
        "(on e c)", 
        "(on c i)", 
        "(on i b)", 
        "(on b g)", 
        "(clear h)", 
        "(ontable h)", 
        "(clear d)", 
        "(clear a)", 
        "(handempty)", 
        "(ontable a)"
      ], 
      "delete_list": [
        "(holding a)"
      ]
    }, 
    {
      "action": "(unstack d e)", 
      "add_list": [
        "(holding d)", 
        "(clear e)"
      ], 
      "state": 4, 
      "literals": [
        "(clear f)", 
        "(ontable g)", 
        "(ontable f)", 
        "(on e c)", 
        "(on c i)", 
        "(on i b)", 
        "(on b g)", 
        "(clear h)", 
        "(ontable h)", 
        "(clear a)", 
        "(ontable a)", 
        "(holding d)", 
        "(clear e)"
      ], 
      "delete_list": [
        "(clear d)", 
        "(handempty)", 
        "(on d e)"
      ]
    }, 
    {
      "action": "(put-down d)", 
      "add_list": [
        "(clear d)", 
        "(handempty)", 
        "(ontable d)"
      ], 
      "state": 5, 
      "literals": [
        "(clear f)", 
        "(ontable g)", 
        "(ontable f)", 
        "(on e c)", 
        "(on c i)", 
        "(on i b)", 
        "(on b g)", 
        "(clear h)", 
        "(ontable h)", 
        "(clear a)", 
        "(ontable a)", 
        "(clear e)", 
        "(clear d)", 
        "(handempty)", 
        "(ontable d)"
      ], 
      "delete_list": [
        "(holding d)"
      ]
    }, 
    {
      "action": "(unstack e c)", 
      "add_list": [
        "(holding e)", 
        "(clear c)"
      ], 
      "state": 6, 
      "literals": [
        "(clear f)", 
        "(ontable g)", 
        "(ontable f)", 
        "(on c i)", 
        "(on i b)", 
        "(on b g)", 
        "(clear h)", 
        "(ontable h)", 
        "(clear a)", 
        "(ontable a)", 
        "(clear d)", 
        "(ontable d)", 
        "(holding e)", 
        "(clear c)"
      ], 
      "delete_list": [
        "(clear e)", 
        "(handempty)", 
        "(on e c)"
      ]
    }, 
    {
      "action": "(put-down e)", 
      "add_list": [
        "(clear e)", 
        "(handempty)", 
        "(ontable e)"
      ], 
      "state": 7, 
      "literals": [
        "(clear f)", 
        "(ontable g)", 
        "(ontable f)", 
        "(on c i)", 
        "(on i b)", 
        "(on b g)", 
        "(clear h)", 
        "(ontable h)", 
        "(clear a)", 
        "(ontable a)", 
        "(clear d)", 
        "(ontable d)", 
        "(clear c)", 
        "(clear e)", 
        "(handempty)", 
        "(ontable e)"
      ], 
      "delete_list": [
        "(holding e)"
      ]
    }, 
    {
      "action": "(unstack c i)", 
      "add_list": [
        "(holding c)", 
        "(clear i)"
      ], 
      "state": 8, 
      "literals": [
        "(clear f)", 
        "(ontable g)", 
        "(ontable f)", 
        "(on i b)", 
        "(on b g)", 
        "(clear h)", 
        "(ontable h)", 
        "(clear a)", 
        "(ontable a)", 
        "(clear d)", 
        "(ontable d)", 
        "(clear e)", 
        "(ontable e)", 
        "(holding c)", 
        "(clear i)"
      ], 
      "delete_list": [
        "(clear c)", 
        "(handempty)", 
        "(on c i)"
      ]
    }, 
    {
      "action": "(stack c a)", 
      "add_list": [
        "(clear c)", 
        "(handempty)", 
        "(on c a)"
      ], 
      "state": 9, 
      "literals": [
        "(clear f)", 
        "(ontable g)", 
        "(ontable f)", 
        "(on i b)", 
        "(on b g)", 
        "(clear h)", 
        "(ontable h)", 
        "(ontable a)", 
        "(clear d)", 
        "(ontable d)", 
        "(clear e)", 
        "(ontable e)", 
        "(clear i)", 
        "(clear c)", 
        "(handempty)", 
        "(on c a)"
      ], 
      "delete_list": [
        "(holding c)", 
        "(clear a)"
      ]
    }, 
    {
      "action": "(unstack i b)", 
      "add_list": [
        "(holding i)", 
        "(clear b)"
      ], 
      "state": 10, 
      "literals": [
        "(clear f)", 
        "(ontable g)", 
        "(ontable f)", 
        "(on b g)", 
        "(clear h)", 
        "(ontable h)", 
        "(ontable a)", 
        "(clear d)", 
        "(ontable d)", 
        "(clear e)", 
        "(ontable e)", 
        "(clear c)", 
        "(on c a)", 
        "(holding i)", 
        "(clear b)"
      ], 
      "delete_list": [
        "(clear i)", 
        "(handempty)", 
        "(on i b)"
      ]
    }, 
    {
      "action": "(stack i e)", 
      "add_list": [
        "(clear i)", 
        "(handempty)", 
        "(on i e)"
      ], 
      "state": 11, 
      "literals": [
        "(clear f)", 
        "(ontable g)", 
        "(ontable f)", 
        "(on b g)", 
        "(clear h)", 
        "(ontable h)", 
        "(ontable a)", 
        "(clear d)", 
        "(ontable d)", 
        "(ontable e)", 
        "(clear c)", 
        "(on c a)", 
        "(clear b)", 
        "(clear i)", 
        "(handempty)", 
        "(on i e)"
      ], 
      "delete_list": [
        "(holding i)", 
        "(clear e)"
      ]
    }, 
    {
      "action": "(unstack b g)", 
      "add_list": [
        "(holding b)", 
        "(clear g)"
      ], 
      "state": 12, 
      "literals": [
        "(clear f)", 
        "(ontable g)", 
        "(ontable f)", 
        "(clear h)", 
        "(ontable h)", 
        "(ontable a)", 
        "(clear d)", 
        "(ontable d)", 
        "(ontable e)", 
        "(clear c)", 
        "(on c a)", 
        "(clear i)", 
        "(on i e)", 
        "(holding b)", 
        "(clear g)"
      ], 
      "delete_list": [
        "(clear b)", 
        "(handempty)", 
        "(on b g)"
      ]
    }, 
    {
      "action": "(stack b c)", 
      "add_list": [
        "(clear b)", 
        "(handempty)", 
        "(on b c)"
      ], 
      "state": 13, 
      "literals": [
        "(clear f)", 
        "(ontable g)", 
        "(ontable f)", 
        "(clear h)", 
        "(ontable h)", 
        "(ontable a)", 
        "(clear d)", 
        "(ontable d)", 
        "(ontable e)", 
        "(on c a)", 
        "(clear i)", 
        "(on i e)", 
        "(clear g)", 
        "(clear b)", 
        "(handempty)", 
        "(on b c)"
      ], 
      "delete_list": [
        "(holding b)", 
        "(clear c)"
      ]
    }, 
    {
      "action": "(pick-up f)", 
      "add_list": [
        "(holding f)"
      ], 
      "state": 14, 
      "literals": [
        "(ontable g)", 
        "(clear h)", 
        "(ontable h)", 
        "(ontable a)", 
        "(clear d)", 
        "(ontable d)", 
        "(ontable e)", 
        "(on c a)", 
        "(clear i)", 
        "(on i e)", 
        "(clear g)", 
        "(clear b)", 
        "(on b c)", 
        "(holding f)"
      ], 
      "delete_list": [
        "(ontable f)", 
        "(clear f)", 
        "(handempty)"
      ]
    }, 
    {
      "action": "(stack f g)", 
      "add_list": [
        "(clear f)", 
        "(handempty)", 
        "(on f g)"
      ], 
      "state": 15, 
      "literals": [
        "(ontable g)", 
        "(clear h)", 
        "(ontable h)", 
        "(ontable a)", 
        "(clear d)", 
        "(ontable d)", 
        "(ontable e)", 
        "(on c a)", 
        "(clear i)", 
        "(on i e)", 
        "(clear b)", 
        "(on b c)", 
        "(clear f)", 
        "(handempty)", 
        "(on f g)"
      ], 
      "delete_list": [
        "(holding f)", 
        "(clear g)"
      ]
    }, 
    {
      "action": "(pick-up d)", 
      "add_list": [
        "(holding d)"
      ], 
      "state": 16, 
      "literals": [
        "(ontable g)", 
        "(clear h)", 
        "(ontable h)", 
        "(ontable a)", 
        "(ontable e)", 
        "(on c a)", 
        "(clear i)", 
        "(on i e)", 
        "(clear b)", 
        "(on b c)", 
        "(clear f)", 
        "(on f g)", 
        "(holding d)"
      ], 
      "delete_list": [
        "(ontable d)", 
        "(clear d)", 
        "(handempty)"
      ]
    }, 
    {
      "action": "(stack d i)", 
      "add_list": [
        "(clear d)", 
        "(handempty)", 
        "(on d i)"
      ], 
      "state": 17, 
      "literals": [
        "(ontable g)", 
        "(clear h)", 
        "(ontable h)", 
        "(ontable a)", 
        "(ontable e)", 
        "(on c a)", 
        "(on i e)", 
        "(clear b)", 
        "(on b c)", 
        "(clear f)", 
        "(on f g)", 
        "(clear d)", 
        "(handempty)", 
        "(on d i)"
      ], 
      "delete_list": [
        "(holding d)", 
        "(clear i)"
      ]
    }, 
    {
      "action": "(unstack f g)", 
      "add_list": [
        "(holding f)", 
        "(clear g)"
      ], 
      "state": 18, 
      "literals": [
        "(ontable g)", 
        "(clear h)", 
        "(ontable h)", 
        "(ontable a)", 
        "(ontable e)", 
        "(on c a)", 
        "(on i e)", 
        "(clear b)", 
        "(on b c)", 
        "(clear d)", 
        "(on d i)", 
        "(holding f)", 
        "(clear g)"
      ], 
      "delete_list": [
        "(clear f)", 
        "(handempty)", 
        "(on f g)"
      ]
    }, 
    {
      "action": "(put-down f)", 
      "add_list": [
        "(clear f)", 
        "(handempty)", 
        "(ontable f)"
      ], 
      "state": 19, 
      "literals": [
        "(ontable g)", 
        "(clear h)", 
        "(ontable h)", 
        "(ontable a)", 
        "(ontable e)", 
        "(on c a)", 
        "(on i e)", 
        "(clear b)", 
        "(on b c)", 
        "(clear d)", 
        "(on d i)", 
        "(clear g)", 
        "(clear f)", 
        "(handempty)", 
        "(ontable f)"
      ], 
      "delete_list": [
        "(holding f)"
      ]
    }, 
    {
      "action": "(pick-up g)", 
      "add_list": [
        "(holding g)"
      ], 
      "state": 20, 
      "literals": [
        "(clear h)", 
        "(ontable h)", 
        "(ontable a)", 
        "(ontable e)", 
        "(on c a)", 
        "(on i e)", 
        "(clear b)", 
        "(on b c)", 
        "(clear d)", 
        "(on d i)", 
        "(clear f)", 
        "(ontable f)", 
        "(holding g)"
      ], 
      "delete_list": [
        "(ontable g)", 
        "(clear g)", 
        "(handempty)"
      ]
    }, 
    {
      "action": "(stack g h)", 
      "add_list": [
        "(clear g)", 
        "(handempty)", 
        "(on g h)"
      ], 
      "state": 21, 
      "literals": [
        "(ontable h)", 
        "(ontable a)", 
        "(ontable e)", 
        "(on c a)", 
        "(on i e)", 
        "(clear b)", 
        "(on b c)", 
        "(clear d)", 
        "(on d i)", 
        "(clear f)", 
        "(ontable f)", 
        "(clear g)", 
        "(handempty)", 
        "(on g h)"
      ], 
      "delete_list": [
        "(holding g)", 
        "(clear h)"
      ]
    }, 
    {
      "action": "(pick-up f)", 
      "add_list": [
        "(holding f)"
      ], 
      "state": 22, 
      "literals": [
        "(ontable h)", 
        "(ontable a)", 
        "(ontable e)", 
        "(on c a)", 
        "(on i e)", 
        "(clear b)", 
        "(on b c)", 
        "(clear d)", 
        "(on d i)", 
        "(clear g)", 
        "(on g h)", 
        "(holding f)"
      ], 
      "delete_list": [
        "(ontable f)", 
        "(clear f)", 
        "(handempty)"
      ]
    }, 
    {
      "action": "(stack f g)", 
      "add_list": [
        "(clear f)", 
        "(handempty)", 
        "(on f g)"
      ], 
      "state": 23, 
      "literals": [
        "(ontable h)", 
        "(ontable a)", 
        "(ontable e)", 
        "(on c a)", 
        "(on i e)", 
        "(clear b)", 
        "(on b c)", 
        "(clear d)", 
        "(on d i)", 
        "(on g h)", 
        "(clear f)", 
        "(handempty)", 
        "(on f g)"
      ], 
      "delete_list": [
        "(holding f)", 
        "(clear g)"
      ]
    }, 
    {
      "action": "(unstack d i)", 
      "add_list": [
        "(holding d)", 
        "(clear i)"
      ], 
      "state": 24, 
      "literals": [
        "(ontable h)", 
        "(ontable a)", 
        "(ontable e)", 
        "(on c a)", 
        "(on i e)", 
        "(clear b)", 
        "(on b c)", 
        "(on g h)", 
        "(clear f)", 
        "(on f g)", 
        "(holding d)", 
        "(clear i)"
      ], 
      "delete_list": [
        "(clear d)", 
        "(handempty)", 
        "(on d i)"
      ]
    }, 
    {
      "action": "(put-down d)", 
      "add_list": [
        "(clear d)", 
        "(handempty)", 
        "(ontable d)"
      ], 
      "state": 25, 
      "literals": [
        "(ontable h)", 
        "(ontable a)", 
        "(ontable e)", 
        "(on c a)", 
        "(on i e)", 
        "(clear b)", 
        "(on b c)", 
        "(on g h)", 
        "(clear f)", 
        "(on f g)", 
        "(clear i)", 
        "(clear d)", 
        "(handempty)", 
        "(ontable d)"
      ], 
      "delete_list": [
        "(holding d)"
      ]
    }, 
    {
      "action": "(unstack i e)", 
      "add_list": [
        "(holding i)", 
        "(clear e)"
      ], 
      "state": 26, 
      "literals": [
        "(ontable h)", 
        "(ontable a)", 
        "(ontable e)", 
        "(on c a)", 
        "(clear b)", 
        "(on b c)", 
        "(on g h)", 
        "(clear f)", 
        "(on f g)", 
        "(clear d)", 
        "(ontable d)", 
        "(holding i)", 
        "(clear e)"
      ], 
      "delete_list": [
        "(clear i)", 
        "(handempty)", 
        "(on i e)"
      ]
    }, 
    {
      "action": "(put-down i)", 
      "add_list": [
        "(clear i)", 
        "(handempty)", 
        "(ontable i)"
      ], 
      "state": 27, 
      "literals": [
        "(ontable h)", 
        "(ontable a)", 
        "(ontable e)", 
        "(on c a)", 
        "(clear b)", 
        "(on b c)", 
        "(on g h)", 
        "(clear f)", 
        "(on f g)", 
        "(clear d)", 
        "(ontable d)", 
        "(clear e)", 
        "(clear i)", 
        "(handempty)", 
        "(ontable i)"
      ], 
      "delete_list": [
        "(holding i)"
      ]
    }, 
    {
      "action": "(pick-up e)", 
      "add_list": [
        "(holding e)"
      ], 
      "state": 28, 
      "literals": [
        "(ontable h)", 
        "(ontable a)", 
        "(on c a)", 
        "(clear b)", 
        "(on b c)", 
        "(on g h)", 
        "(clear f)", 
        "(on f g)", 
        "(clear d)", 
        "(ontable d)", 
        "(clear i)", 
        "(ontable i)", 
        "(holding e)"
      ], 
      "delete_list": [
        "(ontable e)", 
        "(clear e)", 
        "(handempty)"
      ]
    }, 
    {
      "action": "(stack e b)", 
      "add_list": [
        "(clear e)", 
        "(handempty)", 
        "(on e b)"
      ], 
      "state": 29, 
      "literals": [
        "(ontable h)", 
        "(ontable a)", 
        "(on c a)", 
        "(on b c)", 
        "(on g h)", 
        "(clear f)", 
        "(on f g)", 
        "(clear d)", 
        "(ontable d)", 
        "(clear i)", 
        "(ontable i)", 
        "(clear e)", 
        "(handempty)", 
        "(on e b)"
      ], 
      "delete_list": [
        "(holding e)", 
        "(clear b)"
      ]
    }, 
    {
      "action": "(pick-up i)", 
      "add_list": [
        "(holding i)"
      ], 
      "state": 30, 
      "literals": [
        "(ontable h)", 
        "(ontable a)", 
        "(on c a)", 
        "(on b c)", 
        "(on g h)", 
        "(clear f)", 
        "(on f g)", 
        "(clear d)", 
        "(ontable d)", 
        "(clear e)", 
        "(on e b)", 
        "(holding i)"
      ], 
      "delete_list": [
        "(ontable i)", 
        "(clear i)", 
        "(handempty)"
      ]
    }, 
    {
      "action": "(stack i e)", 
      "add_list": [
        "(clear i)", 
        "(handempty)", 
        "(on i e)"
      ], 
      "state": 31, 
      "literals": [
        "(ontable h)", 
        "(ontable a)", 
        "(on c a)", 
        "(on b c)", 
        "(on g h)", 
        "(clear f)", 
        "(on f g)", 
        "(clear d)", 
        "(ontable d)", 
        "(on e b)", 
        "(clear i)", 
        "(handempty)", 
        "(on i e)"
      ], 
      "delete_list": [
        "(holding i)", 
        "(clear e)"
      ]
    }, 
    {
      "action": "(pick-up d)", 
      "add_list": [
        "(holding d)"
      ], 
      "state": 32, 
      "literals": [
        "(ontable h)", 
        "(ontable a)", 
        "(on c a)", 
        "(on b c)", 
        "(on g h)", 
        "(clear f)", 
        "(on f g)", 
        "(on e b)", 
        "(clear i)", 
        "(on i e)", 
        "(holding d)"
      ], 
      "delete_list": [
        "(ontable d)", 
        "(clear d)", 
        "(handempty)"
      ]
    }, 
    {
      "action": "(stack d i)", 
      "add_list": [
        "(clear d)", 
        "(handempty)", 
        "(on d i)"
      ], 
      "state": 33, 
      "literals": [
        "(ontable h)", 
        "(ontable a)", 
        "(on c a)", 
        "(on b c)", 
        "(on g h)", 
        "(clear f)", 
        "(on f g)", 
        "(on e b)", 
        "(on i e)", 
        "(clear d)", 
        "(handempty)", 
        "(on d i)"
      ], 
      "delete_list": [
        "(holding d)", 
        "(clear i)"
      ]
    }, 
    {
      "action": "(unstack f g)", 
      "add_list": [
        "(holding f)", 
        "(clear g)"
      ], 
      "state": 34, 
      "literals": [
        "(ontable h)", 
        "(ontable a)", 
        "(on c a)", 
        "(on b c)", 
        "(on g h)", 
        "(on e b)", 
        "(on i e)", 
        "(clear d)", 
        "(on d i)", 
        "(holding f)", 
        "(clear g)"
      ], 
      "delete_list": [
        "(clear f)", 
        "(handempty)", 
        "(on f g)"
      ]
    }, 
    {
      "action": "(put-down f)", 
      "add_list": [
        "(clear f)", 
        "(handempty)", 
        "(ontable f)"
      ], 
      "state": 35, 
      "literals": [
        "(ontable h)", 
        "(ontable a)", 
        "(on c a)", 
        "(on b c)", 
        "(on g h)", 
        "(on e b)", 
        "(on i e)", 
        "(clear d)", 
        "(on d i)", 
        "(clear g)", 
        "(clear f)", 
        "(handempty)", 
        "(ontable f)"
      ], 
      "delete_list": [
        "(holding f)"
      ]
    }, 
    {
      "action": "(unstack g h)", 
      "add_list": [
        "(holding g)", 
        "(clear h)"
      ], 
      "state": 36, 
      "literals": [
        "(ontable h)", 
        "(ontable a)", 
        "(on c a)", 
        "(on b c)", 
        "(on e b)", 
        "(on i e)", 
        "(clear d)", 
        "(on d i)", 
        "(clear f)", 
        "(ontable f)", 
        "(holding g)", 
        "(clear h)"
      ], 
      "delete_list": [
        "(clear g)", 
        "(handempty)", 
        "(on g h)"
      ]
    }, 
    {
      "action": "(put-down g)", 
      "add_list": [
        "(clear g)", 
        "(handempty)", 
        "(ontable g)"
      ], 
      "state": 37, 
      "literals": [
        "(ontable h)", 
        "(ontable a)", 
        "(on c a)", 
        "(on b c)", 
        "(on e b)", 
        "(on i e)", 
        "(clear d)", 
        "(on d i)", 
        "(clear f)", 
        "(ontable f)", 
        "(clear h)", 
        "(clear g)", 
        "(handempty)", 
        "(ontable g)"
      ], 
      "delete_list": [
        "(holding g)"
      ]
    }, 
    {
      "action": "(pick-up f)", 
      "add_list": [
        "(holding f)"
      ], 
      "state": 38, 
      "literals": [
        "(ontable h)", 
        "(ontable a)", 
        "(on c a)", 
        "(on b c)", 
        "(on e b)", 
        "(on i e)", 
        "(clear d)", 
        "(on d i)", 
        "(clear h)", 
        "(clear g)", 
        "(ontable g)", 
        "(holding f)"
      ], 
      "delete_list": [
        "(ontable f)", 
        "(clear f)", 
        "(handempty)"
      ]
    }, 
    {
      "action": "(stack f g)", 
      "add_list": [
        "(clear f)", 
        "(handempty)", 
        "(on f g)"
      ], 
      "state": 39, 
      "literals": [
        "(ontable h)", 
        "(ontable a)", 
        "(on c a)", 
        "(on b c)", 
        "(on e b)", 
        "(on i e)", 
        "(clear d)", 
        "(on d i)", 
        "(clear h)", 
        "(ontable g)", 
        "(clear f)", 
        "(handempty)", 
        "(on f g)"
      ], 
      "delete_list": [
        "(holding f)", 
        "(clear g)"
      ]
    }, 
    {
      "action": "(pick-up h)", 
      "add_list": [
        "(holding h)"
      ], 
      "state": 40, 
      "literals": [
        "(ontable a)", 
        "(on c a)", 
        "(on b c)", 
        "(on e b)", 
        "(on i e)", 
        "(clear d)", 
        "(on d i)", 
        "(ontable g)", 
        "(clear f)", 
        "(on f g)", 
        "(holding h)"
      ], 
      "delete_list": [
        "(ontable h)", 
        "(clear h)", 
        "(handempty)"
      ]
    }, 
    {
      "action": "(stack h d)", 
      "add_list": [
        "(clear h)", 
        "(handempty)", 
        "(on h d)"
      ], 
      "state": 41, 
      "literals": [
        "(ontable a)", 
        "(on c a)", 
        "(on b c)", 
        "(on e b)", 
        "(on i e)", 
        "(on d i)", 
        "(ontable g)", 
        "(clear f)", 
        "(on f g)", 
        "(clear h)", 
        "(handempty)", 
        "(on h d)"
      ], 
      "delete_list": [
        "(holding h)", 
        "(clear d)"
      ]
    }, 
    {
      "action": "(unstack f g)", 
      "add_list": [
        "(holding f)", 
        "(clear g)"
      ], 
      "state": 42, 
      "literals": [
        "(ontable a)", 
        "(on c a)", 
        "(on b c)", 
        "(on e b)", 
        "(on i e)", 
        "(on d i)", 
        "(ontable g)", 
        "(clear h)", 
        "(on h d)", 
        "(holding f)", 
        "(clear g)"
      ], 
      "delete_list": [
        "(clear f)", 
        "(handempty)", 
        "(on f g)"
      ]
    }, 
    {
      "action": "(put-down f)", 
      "add_list": [
        "(clear f)", 
        "(handempty)", 
        "(ontable f)"
      ], 
      "state": 43, 
      "literals": [
        "(ontable a)", 
        "(on c a)", 
        "(on b c)", 
        "(on e b)", 
        "(on i e)", 
        "(on d i)", 
        "(ontable g)", 
        "(clear h)", 
        "(on h d)", 
        "(clear g)", 
        "(clear f)", 
        "(handempty)", 
        "(ontable f)"
      ], 
      "delete_list": [
        "(holding f)"
      ]
    }, 
    {
      "action": "(pick-up g)", 
      "add_list": [
        "(holding g)"
      ], 
      "state": 44, 
      "literals": [
        "(ontable a)", 
        "(on c a)", 
        "(on b c)", 
        "(on e b)", 
        "(on i e)", 
        "(on d i)", 
        "(clear h)", 
        "(on h d)", 
        "(clear f)", 
        "(ontable f)", 
        "(holding g)"
      ], 
      "delete_list": [
        "(ontable g)", 
        "(clear g)", 
        "(handempty)"
      ]
    }, 
    {
      "action": "(stack g h)", 
      "add_list": [
        "(clear g)", 
        "(handempty)", 
        "(on g h)"
      ], 
      "state": 45, 
      "literals": [
        "(ontable a)", 
        "(on c a)", 
        "(on b c)", 
        "(on e b)", 
        "(on i e)", 
        "(on d i)", 
        "(on h d)", 
        "(clear f)", 
        "(ontable f)", 
        "(clear g)", 
        "(handempty)", 
        "(on g h)"
      ], 
      "delete_list": [
        "(holding g)", 
        "(clear h)"
      ]
    }, 
    {
      "action": "(pick-up f)", 
      "add_list": [
        "(holding f)"
      ], 
      "state": 46, 
      "literals": [
        "(ontable a)", 
        "(on c a)", 
        "(on b c)", 
        "(on e b)", 
        "(on i e)", 
        "(on d i)", 
        "(on h d)", 
        "(clear g)", 
        "(on g h)", 
        "(holding f)"
      ], 
      "delete_list": [
        "(ontable f)", 
        "(clear f)", 
        "(handempty)"
      ]
    }, 
    {
      "action": "(stack f g)", 
      "add_list": [
        "(clear f)", 
        "(handempty)", 
        "(on f g)"
      ], 
      "state": 47, 
      "literals": [
        "(ontable a)", 
        "(on c a)", 
        "(on b c)", 
        "(on e b)", 
        "(on i e)", 
        "(on d i)", 
        "(on h d)", 
        "(on g h)", 
        "(clear f)", 
        "(handempty)", 
        "(on f g)"
      ], 
      "delete_list": [
        "(holding f)", 
        "(clear g)"
      ]
    }
  ], 
  "domain_id": 112
}