{
  "domain": "gripper", 
  "inital_state": [
    "(room rooma)", 
    "(room roomb)", 
    "(ball ball4)", 
    "(ball ball3)", 
    "(ball ball2)", 
    "(ball ball1)", 
    "(at-robby rooma)", 
    "(free left)", 
    "(free right)", 
    "(at ball4 rooma)", 
    "(at ball3 rooma)", 
    "(at ball2 rooma)", 
    "(at ball1 rooma)", 
    "(gripper left)", 
    "(gripper right)"
  ], 
  "negative_goals": [], 
  "problem_id": 4154, 
  "positive_goals": [
    "(at ball4 roomb)", 
    "(at ball3 roomb)", 
    "(at ball2 roomb)", 
    "(at ball1 roomb)"
  ], 
  "plan_length": 13, 
  "plan_literals": [
    {
      "action": "(pick ball1 rooma left)", 
      "add_list": [
        "(carry ball1 left)"
      ], 
      "state": 0, 
      "literals": [
        "(room rooma)", 
        "(room roomb)", 
        "(ball ball4)", 
        "(ball ball3)", 
        "(ball ball2)", 
        "(ball ball1)", 
        "(at-robby rooma)", 
        "(free right)", 
        "(at ball4 rooma)", 
        "(at ball3 rooma)", 
        "(at ball2 rooma)", 
        "(gripper left)", 
        "(gripper right)", 
        "(carry ball1 left)"
      ], 
      "delete_list": [
        "(at ball1 rooma)", 
        "(free left)"
      ]
    }, 
    {
      "action": "(move rooma roomb)", 
      "add_list": [
        "(at-robby roomb)"
      ], 
      "state": 1, 
      "literals": [
        "(room rooma)", 
        "(room roomb)", 
        "(ball ball4)", 
        "(ball ball3)", 
        "(ball ball2)", 
        "(ball ball1)", 
        "(free right)", 
        "(at ball4 rooma)", 
        "(at ball3 rooma)", 
        "(at ball2 rooma)", 
        "(gripper left)", 
        "(gripper right)", 
        "(carry ball1 left)", 
        "(at-robby roomb)"
      ], 
      "delete_list": [
        "(at-robby rooma)"
      ]
    }, 
    {
      "action": "(drop ball1 roomb left)", 
      "add_list": [
        "(at ball1 roomb)", 
        "(free left)"
      ], 
      "state": 2, 
      "literals": [
        "(room rooma)", 
        "(room roomb)", 
        "(ball ball4)", 
        "(ball ball3)", 
        "(ball ball2)", 
        "(ball ball1)", 
        "(free right)", 
        "(at ball4 rooma)", 
        "(at ball3 rooma)", 
        "(at ball2 rooma)", 
        "(gripper left)", 
        "(gripper right)", 
        "(at-robby roomb)", 
        "(at ball1 roomb)", 
        "(free left)"
      ], 
      "delete_list": [
        "(carry ball1 left)"
      ]
    }, 
    {
      "action": "(move roomb rooma)", 
      "add_list": [
        "(at-robby rooma)"
      ], 
      "state": 3, 
      "literals": [
        "(room rooma)", 
        "(room roomb)", 
        "(ball ball4)", 
        "(ball ball3)", 
        "(ball ball2)", 
        "(ball ball1)", 
        "(free right)", 
        "(at ball4 rooma)", 
        "(at ball3 rooma)", 
        "(at ball2 rooma)", 
        "(gripper left)", 
        "(gripper right)", 
        "(at ball1 roomb)", 
        "(free left)", 
        "(at-robby rooma)"
      ], 
      "delete_list": [
        "(at-robby roomb)"
      ]
    }, 
    {
      "action": "(pick ball2 rooma left)", 
      "add_list": [
        "(carry ball2 left)"
      ], 
      "state": 4, 
      "literals": [
        "(room rooma)", 
        "(room roomb)", 
        "(ball ball4)", 
        "(ball ball3)", 
        "(ball ball2)", 
        "(ball ball1)", 
        "(free right)", 
        "(at ball4 rooma)", 
        "(at ball3 rooma)", 
        "(gripper left)", 
        "(gripper right)", 
        "(at ball1 roomb)", 
        "(at-robby rooma)", 
        "(carry ball2 left)"
      ], 
      "delete_list": [
        "(at ball2 rooma)", 
        "(free left)"
      ]
    }, 
    {
      "action": "(move rooma roomb)", 
      "add_list": [
        "(at-robby roomb)"
      ], 
      "state": 5, 
      "literals": [
        "(room rooma)", 
        "(room roomb)", 
        "(ball ball4)", 
        "(ball ball3)", 
        "(ball ball2)", 
        "(ball ball1)", 
        "(free right)", 
        "(at ball4 rooma)", 
        "(at ball3 rooma)", 
        "(gripper left)", 
        "(gripper right)", 
        "(at ball1 roomb)", 
        "(carry ball2 left)", 
        "(at-robby roomb)"
      ], 
      "delete_list": [
        "(at-robby rooma)"
      ]
    }, 
    {
      "action": "(drop ball2 roomb left)", 
      "add_list": [
        "(at ball2 roomb)", 
        "(free left)"
      ], 
      "state": 6, 
      "literals": [
        "(room rooma)", 
        "(room roomb)", 
        "(ball ball4)", 
        "(ball ball3)", 
        "(ball ball2)", 
        "(ball ball1)", 
        "(free right)", 
        "(at ball4 rooma)", 
        "(at ball3 rooma)", 
        "(gripper left)", 
        "(gripper right)", 
        "(at ball1 roomb)", 
        "(at-robby roomb)", 
        "(at ball2 roomb)", 
        "(free left)"
      ], 
      "delete_list": [
        "(carry ball2 left)"
      ]
    }, 
    {
      "action": "(move roomb rooma)", 
      "add_list": [
        "(at-robby rooma)"
      ], 
      "state": 7, 
      "literals": [
        "(room rooma)", 
        "(room roomb)", 
        "(ball ball4)", 
        "(ball ball3)", 
        "(ball ball2)", 
        "(ball ball1)", 
        "(free right)", 
        "(at ball4 rooma)", 
        "(at ball3 rooma)", 
        "(gripper left)", 
        "(gripper right)", 
        "(at ball1 roomb)", 
        "(at ball2 roomb)", 
        "(free left)", 
        "(at-robby rooma)"
      ], 
      "delete_list": [
        "(at-robby roomb)"
      ]
    }, 
    {
      "action": "(pick ball3 rooma left)", 
      "add_list": [
        "(carry ball3 left)"
      ], 
      "state": 8, 
      "literals": [
        "(room rooma)", 
        "(room roomb)", 
        "(ball ball4)", 
        "(ball ball3)", 
        "(ball ball2)", 
        "(ball ball1)", 
        "(free right)", 
        "(at ball4 rooma)", 
        "(gripper left)", 
        "(gripper right)", 
        "(at ball1 roomb)", 
        "(at ball2 roomb)", 
        "(at-robby rooma)", 
        "(carry ball3 left)"
      ], 
      "delete_list": [
        "(at ball3 rooma)", 
        "(free left)"
      ]
    }, 
    {
      "action": "(pick ball4 rooma right)", 
      "add_list": [
        "(carry ball4 right)"
      ], 
      "state": 9, 
      "literals": [
        "(room rooma)", 
        "(room roomb)", 
        "(ball ball4)", 
        "(ball ball3)", 
        "(ball ball2)", 
        "(ball ball1)", 
        "(gripper left)", 
        "(gripper right)", 
        "(at ball1 roomb)", 
        "(at ball2 roomb)", 
        "(at-robby rooma)", 
        "(carry ball3 left)", 
        "(carry ball4 right)"
      ], 
      "delete_list": [
        "(at ball4 rooma)", 
        "(free right)"
      ]
    }, 
    {
      "action": "(move rooma roomb)", 
      "add_list": [
        "(at-robby roomb)"
      ], 
      "state": 10, 
      "literals": [
        "(room rooma)", 
        "(room roomb)", 
        "(ball ball4)", 
        "(ball ball3)", 
        "(ball ball2)", 
        "(ball ball1)", 
        "(gripper left)", 
        "(gripper right)", 
        "(at ball1 roomb)", 
        "(at ball2 roomb)", 
        "(carry ball3 left)", 
        "(carry ball4 right)", 
        "(at-robby roomb)"
      ], 
      "delete_list": [
        "(at-robby rooma)"
      ]
    }, 
    {
      "action": "(drop ball3 roomb left)", 
      "add_list": [
        "(at ball3 roomb)", 
        "(free left)"
      ], 
      "state": 11, 
      "literals": [
        "(room rooma)", 
        "(room roomb)", 
        "(ball ball4)", 
        "(ball ball3)", 
        "(ball ball2)", 
        "(ball ball1)", 
        "(gripper left)", 
        "(gripper right)", 
        "(at ball1 roomb)", 
        "(at ball2 roomb)", 
        "(carry ball4 right)", 
        "(at-robby roomb)", 
        "(at ball3 roomb)", 
        "(free left)"
      ], 
      "delete_list": [
        "(carry ball3 left)"
      ]
    }, 
    {
      "action": "(drop ball4 roomb right)", 
      "add_list": [
        "(at ball4 roomb)", 
        "(free right)"
      ], 
      "state": 12, 
      "literals": [
        "(room rooma)", 
        "(room roomb)", 
        "(ball ball4)", 
        "(ball ball3)", 
        "(ball ball2)", 
        "(ball ball1)", 
        "(gripper left)", 
        "(gripper right)", 
        "(at ball1 roomb)", 
        "(at ball2 roomb)", 
        "(at-robby roomb)", 
        "(at ball3 roomb)", 
        "(free left)", 
        "(at ball4 roomb)", 
        "(free right)"
      ], 
      "delete_list": [
        "(carry ball4 right)"
      ]
    }
  ], 
  "domain_id": 119
}