{
  "domain": "briefcaseworld", 
  "inital_state": [
    "(at o0 l13)", 
    "(at o1 l0)", 
    "(at o2 l0)", 
    "(at o3 l9)", 
    "(at o4 l15)", 
    "(at o5 l0)", 
    "(at o6 l8)", 
    "(at o7 l11)", 
    "(at o8 l10)", 
    "(at o9 l14)", 
    "(at o10 l0)", 
    "(at o11 l1)", 
    "(at o12 l11)", 
    "(at o13 l8)", 
    "(at o14 l4)", 
    "(at o15 l8)", 
    "(is-at l5)"
  ], 
  "negative_goals": [], 
  "problem_id": 4246, 
  "positive_goals": [
    "(at o0 l8)", 
    "(at o1 l8)", 
    "(at o2 l7)", 
    "(at o3 l11)", 
    "(at o4 l2)", 
    "(at o5 l5)", 
    "(at o6 l5)", 
    "(at o7 l9)", 
    "(at o8 l14)", 
    "(at o9 l7)", 
    "(at o10 l13)", 
    "(at o11 l15)", 
    "(at o12 l4)", 
    "(at o13 l13)", 
    "(at o14 l12)", 
    "(at o15 l0)", 
    "(is-at l3)"
  ], 
  "plan_length": 63, 
  "plan_literals": [
    {
      "action": "(move l5 l0)", 
      "add_list": [
        "(is-at l0)"
      ], 
      "state": 0, 
      "literals": [
        "(at o0 l13)", 
        "(at o1 l0)", 
        "(at o2 l0)", 
        "(at o3 l9)", 
        "(at o4 l15)", 
        "(at o5 l0)", 
        "(at o6 l8)", 
        "(at o7 l11)", 
        "(at o8 l10)", 
        "(at o9 l14)", 
        "(at o10 l0)", 
        "(at o11 l1)", 
        "(at o12 l11)", 
        "(at o13 l8)", 
        "(at o14 l4)", 
        "(at o15 l8)", 
        "(is-at l0)"
      ], 
      "delete_list": [
        "(is-at l5)"
      ]
    }, 
    {
      "action": "(put-in o5 l0)", 
      "add_list": [
        "(in o5)"
      ], 
      "state": 1, 
      "literals": [
        "(at o0 l13)", 
        "(at o1 l0)", 
        "(at o2 l0)", 
        "(at o3 l9)", 
        "(at o4 l15)", 
        "(at o5 l0)", 
        "(at o6 l8)", 
        "(at o7 l11)", 
        "(at o8 l10)", 
        "(at o9 l14)", 
        "(at o10 l0)", 
        "(at o11 l1)", 
        "(at o12 l11)", 
        "(at o13 l8)", 
        "(at o14 l4)", 
        "(at o15 l8)", 
        "(is-at l0)", 
        "(in o5)"
      ], 
      "delete_list": []
    }, 
    {
      "action": "(put-in o2 l0)", 
      "add_list": [
        "(in o2)"
      ], 
      "state": 2, 
      "literals": [
        "(at o0 l13)", 
        "(at o1 l0)", 
        "(at o2 l0)", 
        "(at o3 l9)", 
        "(at o4 l15)", 
        "(at o5 l0)", 
        "(at o6 l8)", 
        "(at o7 l11)", 
        "(at o8 l10)", 
        "(at o9 l14)", 
        "(at o10 l0)", 
        "(at o11 l1)", 
        "(at o12 l11)", 
        "(at o13 l8)", 
        "(at o14 l4)", 
        "(at o15 l8)", 
        "(is-at l0)", 
        "(in o5)", 
        "(in o2)"
      ], 
      "delete_list": []
    }, 
    {
      "action": "(move l0 l8)", 
      "add_list": [
        "(is-at l8)", 
        "(at o2 l8)", 
        "(at o5 l8)"
      ], 
      "state": 3, 
      "literals": [
        "(at o0 l13)", 
        "(at o1 l0)", 
        "(at o3 l9)", 
        "(at o4 l15)", 
        "(at o6 l8)", 
        "(at o7 l11)", 
        "(at o8 l10)", 
        "(at o9 l14)", 
        "(at o10 l0)", 
        "(at o11 l1)", 
        "(at o12 l11)", 
        "(at o13 l8)", 
        "(at o14 l4)", 
        "(at o15 l8)", 
        "(in o5)", 
        "(in o2)", 
        "(is-at l8)", 
        "(at o2 l8)", 
        "(at o5 l8)"
      ], 
      "delete_list": [
        "(is-at l0)", 
        "(at o2 l0)", 
        "(at o5 l0)"
      ]
    }, 
    {
      "action": "(put-in o6 l8)", 
      "add_list": [
        "(in o6)"
      ], 
      "state": 4, 
      "literals": [
        "(at o0 l13)", 
        "(at o1 l0)", 
        "(at o3 l9)", 
        "(at o4 l15)", 
        "(at o6 l8)", 
        "(at o7 l11)", 
        "(at o8 l10)", 
        "(at o9 l14)", 
        "(at o10 l0)", 
        "(at o11 l1)", 
        "(at o12 l11)", 
        "(at o13 l8)", 
        "(at o14 l4)", 
        "(at o15 l8)", 
        "(in o5)", 
        "(in o2)", 
        "(is-at l8)", 
        "(at o2 l8)", 
        "(at o5 l8)", 
        "(in o6)"
      ], 
      "delete_list": []
    }, 
    {
      "action": "(put-in o15 l8)", 
      "add_list": [
        "(in o15)"
      ], 
      "state": 5, 
      "literals": [
        "(at o0 l13)", 
        "(at o1 l0)", 
        "(at o3 l9)", 
        "(at o4 l15)", 
        "(at o6 l8)", 
        "(at o7 l11)", 
        "(at o8 l10)", 
        "(at o9 l14)", 
        "(at o10 l0)", 
        "(at o11 l1)", 
        "(at o12 l11)", 
        "(at o13 l8)", 
        "(at o14 l4)", 
        "(at o15 l8)", 
        "(in o5)", 
        "(in o2)", 
        "(is-at l8)", 
        "(at o2 l8)", 
        "(at o5 l8)", 
        "(in o6)", 
        "(in o15)"
      ], 
      "delete_list": []
    }, 
    {
      "action": "(put-in o13 l8)", 
      "add_list": [
        "(in o13)"
      ], 
      "state": 6, 
      "literals": [
        "(at o0 l13)", 
        "(at o1 l0)", 
        "(at o3 l9)", 
        "(at o4 l15)", 
        "(at o6 l8)", 
        "(at o7 l11)", 
        "(at o8 l10)", 
        "(at o9 l14)", 
        "(at o10 l0)", 
        "(at o11 l1)", 
        "(at o12 l11)", 
        "(at o13 l8)", 
        "(at o14 l4)", 
        "(at o15 l8)", 
        "(in o5)", 
        "(in o2)", 
        "(is-at l8)", 
        "(at o2 l8)", 
        "(at o5 l8)", 
        "(in o6)", 
        "(in o15)", 
        "(in o13)"
      ], 
      "delete_list": []
    }, 
    {
      "action": "(move l8 l0)", 
      "add_list": [
        "(is-at l0)", 
        "(at o13 l0)", 
        "(at o15 l0)", 
        "(at o2 l0)", 
        "(at o5 l0)", 
        "(at o6 l0)"
      ], 
      "state": 7, 
      "literals": [
        "(at o0 l13)", 
        "(at o1 l0)", 
        "(at o3 l9)", 
        "(at o4 l15)", 
        "(at o7 l11)", 
        "(at o8 l10)", 
        "(at o9 l14)", 
        "(at o10 l0)", 
        "(at o11 l1)", 
        "(at o12 l11)", 
        "(at o14 l4)", 
        "(in o5)", 
        "(in o2)", 
        "(in o6)", 
        "(in o15)", 
        "(in o13)", 
        "(is-at l0)", 
        "(at o13 l0)", 
        "(at o15 l0)", 
        "(at o2 l0)", 
        "(at o5 l0)", 
        "(at o6 l0)"
      ], 
      "delete_list": [
        "(is-at l8)", 
        "(at o13 l8)", 
        "(at o15 l8)", 
        "(at o2 l8)", 
        "(at o5 l8)", 
        "(at o6 l8)"
      ]
    }, 
    {
      "action": "(put-in o10 l0)", 
      "add_list": [
        "(in o10)"
      ], 
      "state": 8, 
      "literals": [
        "(at o0 l13)", 
        "(at o1 l0)", 
        "(at o3 l9)", 
        "(at o4 l15)", 
        "(at o7 l11)", 
        "(at o8 l10)", 
        "(at o9 l14)", 
        "(at o10 l0)", 
        "(at o11 l1)", 
        "(at o12 l11)", 
        "(at o14 l4)", 
        "(in o5)", 
        "(in o2)", 
        "(in o6)", 
        "(in o15)", 
        "(in o13)", 
        "(is-at l0)", 
        "(at o13 l0)", 
        "(at o15 l0)", 
        "(at o2 l0)", 
        "(at o5 l0)", 
        "(at o6 l0)", 
        "(in o10)"
      ], 
      "delete_list": []
    }, 
    {
      "action": "(put-in o1 l0)", 
      "add_list": [
        "(in o1)"
      ], 
      "state": 9, 
      "literals": [
        "(at o0 l13)", 
        "(at o1 l0)", 
        "(at o3 l9)", 
        "(at o4 l15)", 
        "(at o7 l11)", 
        "(at o8 l10)", 
        "(at o9 l14)", 
        "(at o10 l0)", 
        "(at o11 l1)", 
        "(at o12 l11)", 
        "(at o14 l4)", 
        "(in o5)", 
        "(in o2)", 
        "(in o6)", 
        "(in o15)", 
        "(in o13)", 
        "(is-at l0)", 
        "(at o13 l0)", 
        "(at o15 l0)", 
        "(at o2 l0)", 
        "(at o5 l0)", 
        "(at o6 l0)", 
        "(in o10)", 
        "(in o1)"
      ], 
      "delete_list": []
    }, 
    {
      "action": "(move l0 l13)", 
      "add_list": [
        "(is-at l13)", 
        "(at o1 l13)", 
        "(at o10 l13)", 
        "(at o13 l13)", 
        "(at o15 l13)", 
        "(at o2 l13)", 
        "(at o5 l13)", 
        "(at o6 l13)"
      ], 
      "state": 10, 
      "literals": [
        "(at o0 l13)", 
        "(at o3 l9)", 
        "(at o4 l15)", 
        "(at o7 l11)", 
        "(at o8 l10)", 
        "(at o9 l14)", 
        "(at o11 l1)", 
        "(at o12 l11)", 
        "(at o14 l4)", 
        "(in o5)", 
        "(in o2)", 
        "(in o6)", 
        "(in o15)", 
        "(in o13)", 
        "(in o10)", 
        "(in o1)", 
        "(is-at l13)", 
        "(at o1 l13)", 
        "(at o10 l13)", 
        "(at o13 l13)", 
        "(at o15 l13)", 
        "(at o2 l13)", 
        "(at o5 l13)", 
        "(at o6 l13)"
      ], 
      "delete_list": [
        "(is-at l0)", 
        "(at o1 l0)", 
        "(at o10 l0)", 
        "(at o13 l0)", 
        "(at o15 l0)", 
        "(at o2 l0)", 
        "(at o5 l0)", 
        "(at o6 l0)"
      ]
    }, 
    {
      "action": "(put-in o0 l13)", 
      "add_list": [
        "(in o0)"
      ], 
      "state": 11, 
      "literals": [
        "(at o0 l13)", 
        "(at o3 l9)", 
        "(at o4 l15)", 
        "(at o7 l11)", 
        "(at o8 l10)", 
        "(at o9 l14)", 
        "(at o11 l1)", 
        "(at o12 l11)", 
        "(at o14 l4)", 
        "(in o5)", 
        "(in o2)", 
        "(in o6)", 
        "(in o15)", 
        "(in o13)", 
        "(in o10)", 
        "(in o1)", 
        "(is-at l13)", 
        "(at o1 l13)", 
        "(at o10 l13)", 
        "(at o13 l13)", 
        "(at o15 l13)", 
        "(at o2 l13)", 
        "(at o5 l13)", 
        "(at o6 l13)", 
        "(in o0)"
      ], 
      "delete_list": []
    }, 
    {
      "action": "(take-out o10)", 
      "add_list": [], 
      "state": 12, 
      "literals": [
        "(at o0 l13)", 
        "(at o3 l9)", 
        "(at o4 l15)", 
        "(at o7 l11)", 
        "(at o8 l10)", 
        "(at o9 l14)", 
        "(at o11 l1)", 
        "(at o12 l11)", 
        "(at o14 l4)", 
        "(in o5)", 
        "(in o2)", 
        "(in o6)", 
        "(in o15)", 
        "(in o13)", 
        "(in o1)", 
        "(is-at l13)", 
        "(at o1 l13)", 
        "(at o10 l13)", 
        "(at o13 l13)", 
        "(at o15 l13)", 
        "(at o2 l13)", 
        "(at o5 l13)", 
        "(at o6 l13)", 
        "(in o0)"
      ], 
      "delete_list": [
        "(in o10)"
      ]
    }, 
    {
      "action": "(move l13 l11)", 
      "add_list": [
        "(is-at l11)", 
        "(at o0 l11)", 
        "(at o1 l11)", 
        "(at o13 l11)", 
        "(at o15 l11)", 
        "(at o2 l11)", 
        "(at o5 l11)", 
        "(at o6 l11)"
      ], 
      "state": 13, 
      "literals": [
        "(at o3 l9)", 
        "(at o4 l15)", 
        "(at o7 l11)", 
        "(at o8 l10)", 
        "(at o9 l14)", 
        "(at o11 l1)", 
        "(at o12 l11)", 
        "(at o14 l4)", 
        "(in o5)", 
        "(in o2)", 
        "(in o6)", 
        "(in o15)", 
        "(in o13)", 
        "(in o1)", 
        "(at o10 l13)", 
        "(in o0)", 
        "(is-at l11)", 
        "(at o0 l11)", 
        "(at o1 l11)", 
        "(at o13 l11)", 
        "(at o15 l11)", 
        "(at o2 l11)", 
        "(at o5 l11)", 
        "(at o6 l11)"
      ], 
      "delete_list": [
        "(is-at l13)", 
        "(at o0 l13)", 
        "(at o1 l13)", 
        "(at o13 l13)", 
        "(at o15 l13)", 
        "(at o2 l13)", 
        "(at o5 l13)", 
        "(at o6 l13)"
      ]
    }, 
    {
      "action": "(put-in o7 l11)", 
      "add_list": [
        "(in o7)"
      ], 
      "state": 14, 
      "literals": [
        "(at o3 l9)", 
        "(at o4 l15)", 
        "(at o7 l11)", 
        "(at o8 l10)", 
        "(at o9 l14)", 
        "(at o11 l1)", 
        "(at o12 l11)", 
        "(at o14 l4)", 
        "(in o5)", 
        "(in o2)", 
        "(in o6)", 
        "(in o15)", 
        "(in o13)", 
        "(in o1)", 
        "(at o10 l13)", 
        "(in o0)", 
        "(is-at l11)", 
        "(at o0 l11)", 
        "(at o1 l11)", 
        "(at o13 l11)", 
        "(at o15 l11)", 
        "(at o2 l11)", 
        "(at o5 l11)", 
        "(at o6 l11)", 
        "(in o7)"
      ], 
      "delete_list": []
    }, 
    {
      "action": "(put-in o12 l11)", 
      "add_list": [
        "(in o12)"
      ], 
      "state": 15, 
      "literals": [
        "(at o3 l9)", 
        "(at o4 l15)", 
        "(at o7 l11)", 
        "(at o8 l10)", 
        "(at o9 l14)", 
        "(at o11 l1)", 
        "(at o12 l11)", 
        "(at o14 l4)", 
        "(in o5)", 
        "(in o2)", 
        "(in o6)", 
        "(in o15)", 
        "(in o13)", 
        "(in o1)", 
        "(at o10 l13)", 
        "(in o0)", 
        "(is-at l11)", 
        "(at o0 l11)", 
        "(at o1 l11)", 
        "(at o13 l11)", 
        "(at o15 l11)", 
        "(at o2 l11)", 
        "(at o5 l11)", 
        "(at o6 l11)", 
        "(in o7)", 
        "(in o12)"
      ], 
      "delete_list": []
    }, 
    {
      "action": "(move l11 l4)", 
      "add_list": [
        "(is-at l4)", 
        "(at o0 l4)", 
        "(at o1 l4)", 
        "(at o12 l4)", 
        "(at o13 l4)", 
        "(at o15 l4)", 
        "(at o2 l4)", 
        "(at o5 l4)", 
        "(at o6 l4)", 
        "(at o7 l4)"
      ], 
      "state": 16, 
      "literals": [
        "(at o3 l9)", 
        "(at o4 l15)", 
        "(at o8 l10)", 
        "(at o9 l14)", 
        "(at o11 l1)", 
        "(at o14 l4)", 
        "(in o5)", 
        "(in o2)", 
        "(in o6)", 
        "(in o15)", 
        "(in o13)", 
        "(in o1)", 
        "(at o10 l13)", 
        "(in o0)", 
        "(in o7)", 
        "(in o12)", 
        "(is-at l4)", 
        "(at o0 l4)", 
        "(at o1 l4)", 
        "(at o12 l4)", 
        "(at o13 l4)", 
        "(at o15 l4)", 
        "(at o2 l4)", 
        "(at o5 l4)", 
        "(at o6 l4)", 
        "(at o7 l4)"
      ], 
      "delete_list": [
        "(is-at l11)", 
        "(at o0 l11)", 
        "(at o1 l11)", 
        "(at o12 l11)", 
        "(at o13 l11)", 
        "(at o15 l11)", 
        "(at o2 l11)", 
        "(at o5 l11)", 
        "(at o6 l11)", 
        "(at o7 l11)"
      ]
    }, 
    {
      "action": "(put-in o14 l4)", 
      "add_list": [
        "(in o14)"
      ], 
      "state": 17, 
      "literals": [
        "(at o3 l9)", 
        "(at o4 l15)", 
        "(at o8 l10)", 
        "(at o9 l14)", 
        "(at o11 l1)", 
        "(at o14 l4)", 
        "(in o5)", 
        "(in o2)", 
        "(in o6)", 
        "(in o15)", 
        "(in o13)", 
        "(in o1)", 
        "(at o10 l13)", 
        "(in o0)", 
        "(in o7)", 
        "(in o12)", 
        "(is-at l4)", 
        "(at o0 l4)", 
        "(at o1 l4)", 
        "(at o12 l4)", 
        "(at o13 l4)", 
        "(at o15 l4)", 
        "(at o2 l4)", 
        "(at o5 l4)", 
        "(at o6 l4)", 
        "(at o7 l4)", 
        "(in o14)"
      ], 
      "delete_list": []
    }, 
    {
      "action": "(move l4 l9)", 
      "add_list": [
        "(is-at l9)", 
        "(at o0 l9)", 
        "(at o1 l9)", 
        "(at o12 l9)", 
        "(at o13 l9)", 
        "(at o14 l9)", 
        "(at o15 l9)", 
        "(at o2 l9)", 
        "(at o5 l9)", 
        "(at o6 l9)", 
        "(at o7 l9)"
      ], 
      "state": 18, 
      "literals": [
        "(at o3 l9)", 
        "(at o4 l15)", 
        "(at o8 l10)", 
        "(at o9 l14)", 
        "(at o11 l1)", 
        "(in o5)", 
        "(in o2)", 
        "(in o6)", 
        "(in o15)", 
        "(in o13)", 
        "(in o1)", 
        "(at o10 l13)", 
        "(in o0)", 
        "(in o7)", 
        "(in o12)", 
        "(in o14)", 
        "(is-at l9)", 
        "(at o0 l9)", 
        "(at o1 l9)", 
        "(at o12 l9)", 
        "(at o13 l9)", 
        "(at o14 l9)", 
        "(at o15 l9)", 
        "(at o2 l9)", 
        "(at o5 l9)", 
        "(at o6 l9)", 
        "(at o7 l9)"
      ], 
      "delete_list": [
        "(is-at l4)", 
        "(at o0 l4)", 
        "(at o1 l4)", 
        "(at o12 l4)", 
        "(at o13 l4)", 
        "(at o14 l4)", 
        "(at o15 l4)", 
        "(at o2 l4)", 
        "(at o5 l4)", 
        "(at o6 l4)", 
        "(at o7 l4)"
      ]
    }, 
    {
      "action": "(put-in o3 l9)", 
      "add_list": [
        "(in o3)"
      ], 
      "state": 19, 
      "literals": [
        "(at o3 l9)", 
        "(at o4 l15)", 
        "(at o8 l10)", 
        "(at o9 l14)", 
        "(at o11 l1)", 
        "(in o5)", 
        "(in o2)", 
        "(in o6)", 
        "(in o15)", 
        "(in o13)", 
        "(in o1)", 
        "(at o10 l13)", 
        "(in o0)", 
        "(in o7)", 
        "(in o12)", 
        "(in o14)", 
        "(is-at l9)", 
        "(at o0 l9)", 
        "(at o1 l9)", 
        "(at o12 l9)", 
        "(at o13 l9)", 
        "(at o14 l9)", 
        "(at o15 l9)", 
        "(at o2 l9)", 
        "(at o5 l9)", 
        "(at o6 l9)", 
        "(at o7 l9)", 
        "(in o3)"
      ], 
      "delete_list": []
    }, 
    {
      "action": "(move l9 l10)", 
      "add_list": [
        "(is-at l10)", 
        "(at o0 l10)", 
        "(at o1 l10)", 
        "(at o12 l10)", 
        "(at o13 l10)", 
        "(at o14 l10)", 
        "(at o15 l10)", 
        "(at o2 l10)", 
        "(at o3 l10)", 
        "(at o5 l10)", 
        "(at o6 l10)", 
        "(at o7 l10)"
      ], 
      "state": 20, 
      "literals": [
        "(at o4 l15)", 
        "(at o8 l10)", 
        "(at o9 l14)", 
        "(at o11 l1)", 
        "(in o5)", 
        "(in o2)", 
        "(in o6)", 
        "(in o15)", 
        "(in o13)", 
        "(in o1)", 
        "(at o10 l13)", 
        "(in o0)", 
        "(in o7)", 
        "(in o12)", 
        "(in o14)", 
        "(in o3)", 
        "(is-at l10)", 
        "(at o0 l10)", 
        "(at o1 l10)", 
        "(at o12 l10)", 
        "(at o13 l10)", 
        "(at o14 l10)", 
        "(at o15 l10)", 
        "(at o2 l10)", 
        "(at o3 l10)", 
        "(at o5 l10)", 
        "(at o6 l10)", 
        "(at o7 l10)"
      ], 
      "delete_list": [
        "(is-at l9)", 
        "(at o0 l9)", 
        "(at o1 l9)", 
        "(at o12 l9)", 
        "(at o13 l9)", 
        "(at o14 l9)", 
        "(at o15 l9)", 
        "(at o2 l9)", 
        "(at o3 l9)", 
        "(at o5 l9)", 
        "(at o6 l9)", 
        "(at o7 l9)"
      ]
    }, 
    {
      "action": "(put-in o8 l10)", 
      "add_list": [
        "(in o8)"
      ], 
      "state": 21, 
      "literals": [
        "(at o4 l15)", 
        "(at o8 l10)", 
        "(at o9 l14)", 
        "(at o11 l1)", 
        "(in o5)", 
        "(in o2)", 
        "(in o6)", 
        "(in o15)", 
        "(in o13)", 
        "(in o1)", 
        "(at o10 l13)", 
        "(in o0)", 
        "(in o7)", 
        "(in o12)", 
        "(in o14)", 
        "(in o3)", 
        "(is-at l10)", 
        "(at o0 l10)", 
        "(at o1 l10)", 
        "(at o12 l10)", 
        "(at o13 l10)", 
        "(at o14 l10)", 
        "(at o15 l10)", 
        "(at o2 l10)", 
        "(at o3 l10)", 
        "(at o5 l10)", 
        "(at o6 l10)", 
        "(at o7 l10)", 
        "(in o8)"
      ], 
      "delete_list": []
    }, 
    {
      "action": "(move l10 l14)", 
      "add_list": [
        "(is-at l14)", 
        "(at o0 l14)", 
        "(at o1 l14)", 
        "(at o12 l14)", 
        "(at o13 l14)", 
        "(at o14 l14)", 
        "(at o15 l14)", 
        "(at o2 l14)", 
        "(at o3 l14)", 
        "(at o5 l14)", 
        "(at o6 l14)", 
        "(at o7 l14)", 
        "(at o8 l14)"
      ], 
      "state": 22, 
      "literals": [
        "(at o4 l15)", 
        "(at o9 l14)", 
        "(at o11 l1)", 
        "(in o5)", 
        "(in o2)", 
        "(in o6)", 
        "(in o15)", 
        "(in o13)", 
        "(in o1)", 
        "(at o10 l13)", 
        "(in o0)", 
        "(in o7)", 
        "(in o12)", 
        "(in o14)", 
        "(in o3)", 
        "(in o8)", 
        "(is-at l14)", 
        "(at o0 l14)", 
        "(at o1 l14)", 
        "(at o12 l14)", 
        "(at o13 l14)", 
        "(at o14 l14)", 
        "(at o15 l14)", 
        "(at o2 l14)", 
        "(at o3 l14)", 
        "(at o5 l14)", 
        "(at o6 l14)", 
        "(at o7 l14)", 
        "(at o8 l14)"
      ], 
      "delete_list": [
        "(is-at l10)", 
        "(at o0 l10)", 
        "(at o1 l10)", 
        "(at o12 l10)", 
        "(at o13 l10)", 
        "(at o14 l10)", 
        "(at o15 l10)", 
        "(at o2 l10)", 
        "(at o3 l10)", 
        "(at o5 l10)", 
        "(at o6 l10)", 
        "(at o7 l10)", 
        "(at o8 l10)"
      ]
    }, 
    {
      "action": "(put-in o9 l14)", 
      "add_list": [
        "(in o9)"
      ], 
      "state": 23, 
      "literals": [
        "(at o4 l15)", 
        "(at o9 l14)", 
        "(at o11 l1)", 
        "(in o5)", 
        "(in o2)", 
        "(in o6)", 
        "(in o15)", 
        "(in o13)", 
        "(in o1)", 
        "(at o10 l13)", 
        "(in o0)", 
        "(in o7)", 
        "(in o12)", 
        "(in o14)", 
        "(in o3)", 
        "(in o8)", 
        "(is-at l14)", 
        "(at o0 l14)", 
        "(at o1 l14)", 
        "(at o12 l14)", 
        "(at o13 l14)", 
        "(at o14 l14)", 
        "(at o15 l14)", 
        "(at o2 l14)", 
        "(at o3 l14)", 
        "(at o5 l14)", 
        "(at o6 l14)", 
        "(at o7 l14)", 
        "(at o8 l14)", 
        "(in o9)"
      ], 
      "delete_list": []
    }, 
    {
      "action": "(move l14 l8)", 
      "add_list": [
        "(is-at l8)", 
        "(at o0 l8)", 
        "(at o1 l8)", 
        "(at o12 l8)", 
        "(at o13 l8)", 
        "(at o14 l8)", 
        "(at o15 l8)", 
        "(at o2 l8)", 
        "(at o3 l8)", 
        "(at o5 l8)", 
        "(at o6 l8)", 
        "(at o7 l8)", 
        "(at o8 l8)", 
        "(at o9 l8)"
      ], 
      "state": 24, 
      "literals": [
        "(at o4 l15)", 
        "(at o11 l1)", 
        "(in o5)", 
        "(in o2)", 
        "(in o6)", 
        "(in o15)", 
        "(in o13)", 
        "(in o1)", 
        "(at o10 l13)", 
        "(in o0)", 
        "(in o7)", 
        "(in o12)", 
        "(in o14)", 
        "(in o3)", 
        "(in o8)", 
        "(in o9)", 
        "(is-at l8)", 
        "(at o0 l8)", 
        "(at o1 l8)", 
        "(at o12 l8)", 
        "(at o13 l8)", 
        "(at o14 l8)", 
        "(at o15 l8)", 
        "(at o2 l8)", 
        "(at o3 l8)", 
        "(at o5 l8)", 
        "(at o6 l8)", 
        "(at o7 l8)", 
        "(at o8 l8)", 
        "(at o9 l8)"
      ], 
      "delete_list": [
        "(is-at l14)", 
        "(at o0 l14)", 
        "(at o1 l14)", 
        "(at o12 l14)", 
        "(at o13 l14)", 
        "(at o14 l14)", 
        "(at o15 l14)", 
        "(at o2 l14)", 
        "(at o3 l14)", 
        "(at o5 l14)", 
        "(at o6 l14)", 
        "(at o7 l14)", 
        "(at o8 l14)", 
        "(at o9 l14)"
      ]
    }, 
    {
      "action": "(take-out o0)", 
      "add_list": [], 
      "state": 25, 
      "literals": [
        "(at o4 l15)", 
        "(at o11 l1)", 
        "(in o5)", 
        "(in o2)", 
        "(in o6)", 
        "(in o15)", 
        "(in o13)", 
        "(in o1)", 
        "(at o10 l13)", 
        "(in o7)", 
        "(in o12)", 
        "(in o14)", 
        "(in o3)", 
        "(in o8)", 
        "(in o9)", 
        "(is-at l8)", 
        "(at o0 l8)", 
        "(at o1 l8)", 
        "(at o12 l8)", 
        "(at o13 l8)", 
        "(at o14 l8)", 
        "(at o15 l8)", 
        "(at o2 l8)", 
        "(at o3 l8)", 
        "(at o5 l8)", 
        "(at o6 l8)", 
        "(at o7 l8)", 
        "(at o8 l8)", 
        "(at o9 l8)"
      ], 
      "delete_list": [
        "(in o0)"
      ]
    }, 
    {
      "action": "(take-out o1)", 
      "add_list": [], 
      "state": 26, 
      "literals": [
        "(at o4 l15)", 
        "(at o11 l1)", 
        "(in o5)", 
        "(in o2)", 
        "(in o6)", 
        "(in o15)", 
        "(in o13)", 
        "(at o10 l13)", 
        "(in o7)", 
        "(in o12)", 
        "(in o14)", 
        "(in o3)", 
        "(in o8)", 
        "(in o9)", 
        "(is-at l8)", 
        "(at o0 l8)", 
        "(at o1 l8)", 
        "(at o12 l8)", 
        "(at o13 l8)", 
        "(at o14 l8)", 
        "(at o15 l8)", 
        "(at o2 l8)", 
        "(at o3 l8)", 
        "(at o5 l8)", 
        "(at o6 l8)", 
        "(at o7 l8)", 
        "(at o8 l8)", 
        "(at o9 l8)"
      ], 
      "delete_list": [
        "(in o1)"
      ]
    }, 
    {
      "action": "(move l8 l1)", 
      "add_list": [
        "(is-at l1)", 
        "(at o12 l1)", 
        "(at o13 l1)", 
        "(at o14 l1)", 
        "(at o15 l1)", 
        "(at o2 l1)", 
        "(at o3 l1)", 
        "(at o5 l1)", 
        "(at o6 l1)", 
        "(at o7 l1)", 
        "(at o8 l1)", 
        "(at o9 l1)"
      ], 
      "state": 27, 
      "literals": [
        "(at o4 l15)", 
        "(at o11 l1)", 
        "(in o5)", 
        "(in o2)", 
        "(in o6)", 
        "(in o15)", 
        "(in o13)", 
        "(at o10 l13)", 
        "(in o7)", 
        "(in o12)", 
        "(in o14)", 
        "(in o3)", 
        "(in o8)", 
        "(in o9)", 
        "(at o0 l8)", 
        "(at o1 l8)", 
        "(is-at l1)", 
        "(at o12 l1)", 
        "(at o13 l1)", 
        "(at o14 l1)", 
        "(at o15 l1)", 
        "(at o2 l1)", 
        "(at o3 l1)", 
        "(at o5 l1)", 
        "(at o6 l1)", 
        "(at o7 l1)", 
        "(at o8 l1)", 
        "(at o9 l1)"
      ], 
      "delete_list": [
        "(is-at l8)", 
        "(at o12 l8)", 
        "(at o13 l8)", 
        "(at o14 l8)", 
        "(at o15 l8)", 
        "(at o2 l8)", 
        "(at o3 l8)", 
        "(at o5 l8)", 
        "(at o6 l8)", 
        "(at o7 l8)", 
        "(at o8 l8)", 
        "(at o9 l8)"
      ]
    }, 
    {
      "action": "(put-in o11 l1)", 
      "add_list": [
        "(in o11)"
      ], 
      "state": 28, 
      "literals": [
        "(at o4 l15)", 
        "(at o11 l1)", 
        "(in o5)", 
        "(in o2)", 
        "(in o6)", 
        "(in o15)", 
        "(in o13)", 
        "(at o10 l13)", 
        "(in o7)", 
        "(in o12)", 
        "(in o14)", 
        "(in o3)", 
        "(in o8)", 
        "(in o9)", 
        "(at o0 l8)", 
        "(at o1 l8)", 
        "(is-at l1)", 
        "(at o12 l1)", 
        "(at o13 l1)", 
        "(at o14 l1)", 
        "(at o15 l1)", 
        "(at o2 l1)", 
        "(at o3 l1)", 
        "(at o5 l1)", 
        "(at o6 l1)", 
        "(at o7 l1)", 
        "(at o8 l1)", 
        "(at o9 l1)", 
        "(in o11)"
      ], 
      "delete_list": []
    }, 
    {
      "action": "(move l1 l5)", 
      "add_list": [
        "(is-at l5)", 
        "(at o11 l5)", 
        "(at o12 l5)", 
        "(at o13 l5)", 
        "(at o14 l5)", 
        "(at o15 l5)", 
        "(at o2 l5)", 
        "(at o3 l5)", 
        "(at o5 l5)", 
        "(at o6 l5)", 
        "(at o7 l5)", 
        "(at o8 l5)", 
        "(at o9 l5)"
      ], 
      "state": 29, 
      "literals": [
        "(at o4 l15)", 
        "(in o5)", 
        "(in o2)", 
        "(in o6)", 
        "(in o15)", 
        "(in o13)", 
        "(at o10 l13)", 
        "(in o7)", 
        "(in o12)", 
        "(in o14)", 
        "(in o3)", 
        "(in o8)", 
        "(in o9)", 
        "(at o0 l8)", 
        "(at o1 l8)", 
        "(in o11)", 
        "(is-at l5)", 
        "(at o11 l5)", 
        "(at o12 l5)", 
        "(at o13 l5)", 
        "(at o14 l5)", 
        "(at o15 l5)", 
        "(at o2 l5)", 
        "(at o3 l5)", 
        "(at o5 l5)", 
        "(at o6 l5)", 
        "(at o7 l5)", 
        "(at o8 l5)", 
        "(at o9 l5)"
      ], 
      "delete_list": [
        "(is-at l1)", 
        "(at o11 l1)", 
        "(at o12 l1)", 
        "(at o13 l1)", 
        "(at o14 l1)", 
        "(at o15 l1)", 
        "(at o2 l1)", 
        "(at o3 l1)", 
        "(at o5 l1)", 
        "(at o6 l1)", 
        "(at o7 l1)", 
        "(at o8 l1)", 
        "(at o9 l1)"
      ]
    }, 
    {
      "action": "(take-out o5)", 
      "add_list": [], 
      "state": 30, 
      "literals": [
        "(at o4 l15)", 
        "(in o2)", 
        "(in o6)", 
        "(in o15)", 
        "(in o13)", 
        "(at o10 l13)", 
        "(in o7)", 
        "(in o12)", 
        "(in o14)", 
        "(in o3)", 
        "(in o8)", 
        "(in o9)", 
        "(at o0 l8)", 
        "(at o1 l8)", 
        "(in o11)", 
        "(is-at l5)", 
        "(at o11 l5)", 
        "(at o12 l5)", 
        "(at o13 l5)", 
        "(at o14 l5)", 
        "(at o15 l5)", 
        "(at o2 l5)", 
        "(at o3 l5)", 
        "(at o5 l5)", 
        "(at o6 l5)", 
        "(at o7 l5)", 
        "(at o8 l5)", 
        "(at o9 l5)"
      ], 
      "delete_list": [
        "(in o5)"
      ]
    }, 
    {
      "action": "(move l5 l7)", 
      "add_list": [
        "(is-at l7)", 
        "(at o11 l7)", 
        "(at o12 l7)", 
        "(at o13 l7)", 
        "(at o14 l7)", 
        "(at o15 l7)", 
        "(at o2 l7)", 
        "(at o3 l7)", 
        "(at o6 l7)", 
        "(at o7 l7)", 
        "(at o8 l7)", 
        "(at o9 l7)"
      ], 
      "state": 31, 
      "literals": [
        "(at o4 l15)", 
        "(in o2)", 
        "(in o6)", 
        "(in o15)", 
        "(in o13)", 
        "(at o10 l13)", 
        "(in o7)", 
        "(in o12)", 
        "(in o14)", 
        "(in o3)", 
        "(in o8)", 
        "(in o9)", 
        "(at o0 l8)", 
        "(at o1 l8)", 
        "(in o11)", 
        "(at o5 l5)", 
        "(is-at l7)", 
        "(at o11 l7)", 
        "(at o12 l7)", 
        "(at o13 l7)", 
        "(at o14 l7)", 
        "(at o15 l7)", 
        "(at o2 l7)", 
        "(at o3 l7)", 
        "(at o6 l7)", 
        "(at o7 l7)", 
        "(at o8 l7)", 
        "(at o9 l7)"
      ], 
      "delete_list": [
        "(is-at l5)", 
        "(at o11 l5)", 
        "(at o12 l5)", 
        "(at o13 l5)", 
        "(at o14 l5)", 
        "(at o15 l5)", 
        "(at o2 l5)", 
        "(at o3 l5)", 
        "(at o6 l5)", 
        "(at o7 l5)", 
        "(at o8 l5)", 
        "(at o9 l5)"
      ]
    }, 
    {
      "action": "(take-out o2)", 
      "add_list": [], 
      "state": 32, 
      "literals": [
        "(at o4 l15)", 
        "(in o6)", 
        "(in o15)", 
        "(in o13)", 
        "(at o10 l13)", 
        "(in o7)", 
        "(in o12)", 
        "(in o14)", 
        "(in o3)", 
        "(in o8)", 
        "(in o9)", 
        "(at o0 l8)", 
        "(at o1 l8)", 
        "(in o11)", 
        "(at o5 l5)", 
        "(is-at l7)", 
        "(at o11 l7)", 
        "(at o12 l7)", 
        "(at o13 l7)", 
        "(at o14 l7)", 
        "(at o15 l7)", 
        "(at o2 l7)", 
        "(at o3 l7)", 
        "(at o6 l7)", 
        "(at o7 l7)", 
        "(at o8 l7)", 
        "(at o9 l7)"
      ], 
      "delete_list": [
        "(in o2)"
      ]
    }, 
    {
      "action": "(move l7 l15)", 
      "add_list": [
        "(is-at l15)", 
        "(at o11 l15)", 
        "(at o12 l15)", 
        "(at o13 l15)", 
        "(at o14 l15)", 
        "(at o15 l15)", 
        "(at o3 l15)", 
        "(at o6 l15)", 
        "(at o7 l15)", 
        "(at o8 l15)", 
        "(at o9 l15)"
      ], 
      "state": 33, 
      "literals": [
        "(at o4 l15)", 
        "(in o6)", 
        "(in o15)", 
        "(in o13)", 
        "(at o10 l13)", 
        "(in o7)", 
        "(in o12)", 
        "(in o14)", 
        "(in o3)", 
        "(in o8)", 
        "(in o9)", 
        "(at o0 l8)", 
        "(at o1 l8)", 
        "(in o11)", 
        "(at o5 l5)", 
        "(at o2 l7)", 
        "(is-at l15)", 
        "(at o11 l15)", 
        "(at o12 l15)", 
        "(at o13 l15)", 
        "(at o14 l15)", 
        "(at o15 l15)", 
        "(at o3 l15)", 
        "(at o6 l15)", 
        "(at o7 l15)", 
        "(at o8 l15)", 
        "(at o9 l15)"
      ], 
      "delete_list": [
        "(is-at l7)", 
        "(at o11 l7)", 
        "(at o12 l7)", 
        "(at o13 l7)", 
        "(at o14 l7)", 
        "(at o15 l7)", 
        "(at o3 l7)", 
        "(at o6 l7)", 
        "(at o7 l7)", 
        "(at o8 l7)", 
        "(at o9 l7)"
      ]
    }, 
    {
      "action": "(put-in o4 l15)", 
      "add_list": [
        "(in o4)"
      ], 
      "state": 34, 
      "literals": [
        "(at o4 l15)", 
        "(in o6)", 
        "(in o15)", 
        "(in o13)", 
        "(at o10 l13)", 
        "(in o7)", 
        "(in o12)", 
        "(in o14)", 
        "(in o3)", 
        "(in o8)", 
        "(in o9)", 
        "(at o0 l8)", 
        "(at o1 l8)", 
        "(in o11)", 
        "(at o5 l5)", 
        "(at o2 l7)", 
        "(is-at l15)", 
        "(at o11 l15)", 
        "(at o12 l15)", 
        "(at o13 l15)", 
        "(at o14 l15)", 
        "(at o15 l15)", 
        "(at o3 l15)", 
        "(at o6 l15)", 
        "(at o7 l15)", 
        "(at o8 l15)", 
        "(at o9 l15)", 
        "(in o4)"
      ], 
      "delete_list": []
    }, 
    {
      "action": "(take-out o11)", 
      "add_list": [], 
      "state": 35, 
      "literals": [
        "(at o4 l15)", 
        "(in o6)", 
        "(in o15)", 
        "(in o13)", 
        "(at o10 l13)", 
        "(in o7)", 
        "(in o12)", 
        "(in o14)", 
        "(in o3)", 
        "(in o8)", 
        "(in o9)", 
        "(at o0 l8)", 
        "(at o1 l8)", 
        "(at o5 l5)", 
        "(at o2 l7)", 
        "(is-at l15)", 
        "(at o11 l15)", 
        "(at o12 l15)", 
        "(at o13 l15)", 
        "(at o14 l15)", 
        "(at o15 l15)", 
        "(at o3 l15)", 
        "(at o6 l15)", 
        "(at o7 l15)", 
        "(at o8 l15)", 
        "(at o9 l15)", 
        "(in o4)"
      ], 
      "delete_list": [
        "(in o11)"
      ]
    }, 
    {
      "action": "(move l15 l4)", 
      "add_list": [
        "(is-at l4)", 
        "(at o12 l4)", 
        "(at o13 l4)", 
        "(at o14 l4)", 
        "(at o15 l4)", 
        "(at o3 l4)", 
        "(at o4 l4)", 
        "(at o6 l4)", 
        "(at o7 l4)", 
        "(at o8 l4)", 
        "(at o9 l4)"
      ], 
      "state": 36, 
      "literals": [
        "(in o6)", 
        "(in o15)", 
        "(in o13)", 
        "(at o10 l13)", 
        "(in o7)", 
        "(in o12)", 
        "(in o14)", 
        "(in o3)", 
        "(in o8)", 
        "(in o9)", 
        "(at o0 l8)", 
        "(at o1 l8)", 
        "(at o5 l5)", 
        "(at o2 l7)", 
        "(at o11 l15)", 
        "(in o4)", 
        "(is-at l4)", 
        "(at o12 l4)", 
        "(at o13 l4)", 
        "(at o14 l4)", 
        "(at o15 l4)", 
        "(at o3 l4)", 
        "(at o4 l4)", 
        "(at o6 l4)", 
        "(at o7 l4)", 
        "(at o8 l4)", 
        "(at o9 l4)"
      ], 
      "delete_list": [
        "(is-at l15)", 
        "(at o12 l15)", 
        "(at o13 l15)", 
        "(at o14 l15)", 
        "(at o15 l15)", 
        "(at o3 l15)", 
        "(at o4 l15)", 
        "(at o6 l15)", 
        "(at o7 l15)", 
        "(at o8 l15)", 
        "(at o9 l15)"
      ]
    }, 
    {
      "action": "(take-out o12)", 
      "add_list": [], 
      "state": 37, 
      "literals": [
        "(in o6)", 
        "(in o15)", 
        "(in o13)", 
        "(at o10 l13)", 
        "(in o7)", 
        "(in o14)", 
        "(in o3)", 
        "(in o8)", 
        "(in o9)", 
        "(at o0 l8)", 
        "(at o1 l8)", 
        "(at o5 l5)", 
        "(at o2 l7)", 
        "(at o11 l15)", 
        "(in o4)", 
        "(is-at l4)", 
        "(at o12 l4)", 
        "(at o13 l4)", 
        "(at o14 l4)", 
        "(at o15 l4)", 
        "(at o3 l4)", 
        "(at o4 l4)", 
        "(at o6 l4)", 
        "(at o7 l4)", 
        "(at o8 l4)", 
        "(at o9 l4)"
      ], 
      "delete_list": [
        "(in o12)"
      ]
    }, 
    {
      "action": "(move l4 l13)", 
      "add_list": [
        "(is-at l13)", 
        "(at o13 l13)", 
        "(at o14 l13)", 
        "(at o15 l13)", 
        "(at o3 l13)", 
        "(at o4 l13)", 
        "(at o6 l13)", 
        "(at o7 l13)", 
        "(at o8 l13)", 
        "(at o9 l13)"
      ], 
      "state": 38, 
      "literals": [
        "(in o6)", 
        "(in o15)", 
        "(in o13)", 
        "(at o10 l13)", 
        "(in o7)", 
        "(in o14)", 
        "(in o3)", 
        "(in o8)", 
        "(in o9)", 
        "(at o0 l8)", 
        "(at o1 l8)", 
        "(at o5 l5)", 
        "(at o2 l7)", 
        "(at o11 l15)", 
        "(in o4)", 
        "(at o12 l4)", 
        "(is-at l13)", 
        "(at o13 l13)", 
        "(at o14 l13)", 
        "(at o15 l13)", 
        "(at o3 l13)", 
        "(at o4 l13)", 
        "(at o6 l13)", 
        "(at o7 l13)", 
        "(at o8 l13)", 
        "(at o9 l13)"
      ], 
      "delete_list": [
        "(is-at l4)", 
        "(at o13 l4)", 
        "(at o14 l4)", 
        "(at o15 l4)", 
        "(at o3 l4)", 
        "(at o4 l4)", 
        "(at o6 l4)", 
        "(at o7 l4)", 
        "(at o8 l4)", 
        "(at o9 l4)"
      ]
    }, 
    {
      "action": "(take-out o13)", 
      "add_list": [], 
      "state": 39, 
      "literals": [
        "(in o6)", 
        "(in o15)", 
        "(at o10 l13)", 
        "(in o7)", 
        "(in o14)", 
        "(in o3)", 
        "(in o8)", 
        "(in o9)", 
        "(at o0 l8)", 
        "(at o1 l8)", 
        "(at o5 l5)", 
        "(at o2 l7)", 
        "(at o11 l15)", 
        "(in o4)", 
        "(at o12 l4)", 
        "(is-at l13)", 
        "(at o13 l13)", 
        "(at o14 l13)", 
        "(at o15 l13)", 
        "(at o3 l13)", 
        "(at o4 l13)", 
        "(at o6 l13)", 
        "(at o7 l13)", 
        "(at o8 l13)", 
        "(at o9 l13)"
      ], 
      "delete_list": [
        "(in o13)"
      ]
    }, 
    {
      "action": "(move l13 l0)", 
      "add_list": [
        "(is-at l0)", 
        "(at o14 l0)", 
        "(at o15 l0)", 
        "(at o3 l0)", 
        "(at o4 l0)", 
        "(at o6 l0)", 
        "(at o7 l0)", 
        "(at o8 l0)", 
        "(at o9 l0)"
      ], 
      "state": 40, 
      "literals": [
        "(in o6)", 
        "(in o15)", 
        "(at o10 l13)", 
        "(in o7)", 
        "(in o14)", 
        "(in o3)", 
        "(in o8)", 
        "(in o9)", 
        "(at o0 l8)", 
        "(at o1 l8)", 
        "(at o5 l5)", 
        "(at o2 l7)", 
        "(at o11 l15)", 
        "(in o4)", 
        "(at o12 l4)", 
        "(at o13 l13)", 
        "(is-at l0)", 
        "(at o14 l0)", 
        "(at o15 l0)", 
        "(at o3 l0)", 
        "(at o4 l0)", 
        "(at o6 l0)", 
        "(at o7 l0)", 
        "(at o8 l0)", 
        "(at o9 l0)"
      ], 
      "delete_list": [
        "(is-at l13)", 
        "(at o14 l13)", 
        "(at o15 l13)", 
        "(at o3 l13)", 
        "(at o4 l13)", 
        "(at o6 l13)", 
        "(at o7 l13)", 
        "(at o8 l13)", 
        "(at o9 l13)"
      ]
    }, 
    {
      "action": "(take-out o15)", 
      "add_list": [], 
      "state": 41, 
      "literals": [
        "(in o6)", 
        "(at o10 l13)", 
        "(in o7)", 
        "(in o14)", 
        "(in o3)", 
        "(in o8)", 
        "(in o9)", 
        "(at o0 l8)", 
        "(at o1 l8)", 
        "(at o5 l5)", 
        "(at o2 l7)", 
        "(at o11 l15)", 
        "(in o4)", 
        "(at o12 l4)", 
        "(at o13 l13)", 
        "(is-at l0)", 
        "(at o14 l0)", 
        "(at o15 l0)", 
        "(at o3 l0)", 
        "(at o4 l0)", 
        "(at o6 l0)", 
        "(at o7 l0)", 
        "(at o8 l0)", 
        "(at o9 l0)"
      ], 
      "delete_list": [
        "(in o15)"
      ]
    }, 
    {
      "action": "(move l0 l2)", 
      "add_list": [
        "(is-at l2)", 
        "(at o14 l2)", 
        "(at o3 l2)", 
        "(at o4 l2)", 
        "(at o6 l2)", 
        "(at o7 l2)", 
        "(at o8 l2)", 
        "(at o9 l2)"
      ], 
      "state": 42, 
      "literals": [
        "(in o6)", 
        "(at o10 l13)", 
        "(in o7)", 
        "(in o14)", 
        "(in o3)", 
        "(in o8)", 
        "(in o9)", 
        "(at o0 l8)", 
        "(at o1 l8)", 
        "(at o5 l5)", 
        "(at o2 l7)", 
        "(at o11 l15)", 
        "(in o4)", 
        "(at o12 l4)", 
        "(at o13 l13)", 
        "(at o15 l0)", 
        "(is-at l2)", 
        "(at o14 l2)", 
        "(at o3 l2)", 
        "(at o4 l2)", 
        "(at o6 l2)", 
        "(at o7 l2)", 
        "(at o8 l2)", 
        "(at o9 l2)"
      ], 
      "delete_list": [
        "(is-at l0)", 
        "(at o14 l0)", 
        "(at o3 l0)", 
        "(at o4 l0)", 
        "(at o6 l0)", 
        "(at o7 l0)", 
        "(at o8 l0)", 
        "(at o9 l0)"
      ]
    }, 
    {
      "action": "(take-out o4)", 
      "add_list": [], 
      "state": 43, 
      "literals": [
        "(in o6)", 
        "(at o10 l13)", 
        "(in o7)", 
        "(in o14)", 
        "(in o3)", 
        "(in o8)", 
        "(in o9)", 
        "(at o0 l8)", 
        "(at o1 l8)", 
        "(at o5 l5)", 
        "(at o2 l7)", 
        "(at o11 l15)", 
        "(at o12 l4)", 
        "(at o13 l13)", 
        "(at o15 l0)", 
        "(is-at l2)", 
        "(at o14 l2)", 
        "(at o3 l2)", 
        "(at o4 l2)", 
        "(at o6 l2)", 
        "(at o7 l2)", 
        "(at o8 l2)", 
        "(at o9 l2)"
      ], 
      "delete_list": [
        "(in o4)"
      ]
    }, 
    {
      "action": "(move l2 l11)", 
      "add_list": [
        "(is-at l11)", 
        "(at o14 l11)", 
        "(at o3 l11)", 
        "(at o6 l11)", 
        "(at o7 l11)", 
        "(at o8 l11)", 
        "(at o9 l11)"
      ], 
      "state": 44, 
      "literals": [
        "(in o6)", 
        "(at o10 l13)", 
        "(in o7)", 
        "(in o14)", 
        "(in o3)", 
        "(in o8)", 
        "(in o9)", 
        "(at o0 l8)", 
        "(at o1 l8)", 
        "(at o5 l5)", 
        "(at o2 l7)", 
        "(at o11 l15)", 
        "(at o12 l4)", 
        "(at o13 l13)", 
        "(at o15 l0)", 
        "(at o4 l2)", 
        "(is-at l11)", 
        "(at o14 l11)", 
        "(at o3 l11)", 
        "(at o6 l11)", 
        "(at o7 l11)", 
        "(at o8 l11)", 
        "(at o9 l11)"
      ], 
      "delete_list": [
        "(is-at l2)", 
        "(at o14 l2)", 
        "(at o3 l2)", 
        "(at o6 l2)", 
        "(at o7 l2)", 
        "(at o8 l2)", 
        "(at o9 l2)"
      ]
    }, 
    {
      "action": "(take-out o3)", 
      "add_list": [], 
      "state": 45, 
      "literals": [
        "(in o6)", 
        "(at o10 l13)", 
        "(in o7)", 
        "(in o14)", 
        "(in o8)", 
        "(in o9)", 
        "(at o0 l8)", 
        "(at o1 l8)", 
        "(at o5 l5)", 
        "(at o2 l7)", 
        "(at o11 l15)", 
        "(at o12 l4)", 
        "(at o13 l13)", 
        "(at o15 l0)", 
        "(at o4 l2)", 
        "(is-at l11)", 
        "(at o14 l11)", 
        "(at o3 l11)", 
        "(at o6 l11)", 
        "(at o7 l11)", 
        "(at o8 l11)", 
        "(at o9 l11)"
      ], 
      "delete_list": [
        "(in o3)"
      ]
    }, 
    {
      "action": "(move l11 l9)", 
      "add_list": [
        "(is-at l9)", 
        "(at o14 l9)", 
        "(at o6 l9)", 
        "(at o7 l9)", 
        "(at o8 l9)", 
        "(at o9 l9)"
      ], 
      "state": 46, 
      "literals": [
        "(in o6)", 
        "(at o10 l13)", 
        "(in o7)", 
        "(in o14)", 
        "(in o8)", 
        "(in o9)", 
        "(at o0 l8)", 
        "(at o1 l8)", 
        "(at o5 l5)", 
        "(at o2 l7)", 
        "(at o11 l15)", 
        "(at o12 l4)", 
        "(at o13 l13)", 
        "(at o15 l0)", 
        "(at o4 l2)", 
        "(at o3 l11)", 
        "(is-at l9)", 
        "(at o14 l9)", 
        "(at o6 l9)", 
        "(at o7 l9)", 
        "(at o8 l9)", 
        "(at o9 l9)"
      ], 
      "delete_list": [
        "(is-at l11)", 
        "(at o14 l11)", 
        "(at o6 l11)", 
        "(at o7 l11)", 
        "(at o8 l11)", 
        "(at o9 l11)"
      ]
    }, 
    {
      "action": "(take-out o7)", 
      "add_list": [], 
      "state": 47, 
      "literals": [
        "(in o6)", 
        "(at o10 l13)", 
        "(in o14)", 
        "(in o8)", 
        "(in o9)", 
        "(at o0 l8)", 
        "(at o1 l8)", 
        "(at o5 l5)", 
        "(at o2 l7)", 
        "(at o11 l15)", 
        "(at o12 l4)", 
        "(at o13 l13)", 
        "(at o15 l0)", 
        "(at o4 l2)", 
        "(at o3 l11)", 
        "(is-at l9)", 
        "(at o14 l9)", 
        "(at o6 l9)", 
        "(at o7 l9)", 
        "(at o8 l9)", 
        "(at o9 l9)"
      ], 
      "delete_list": [
        "(in o7)"
      ]
    }, 
    {
      "action": "(move l9 l5)", 
      "add_list": [
        "(is-at l5)", 
        "(at o14 l5)", 
        "(at o6 l5)", 
        "(at o8 l5)", 
        "(at o9 l5)"
      ], 
      "state": 48, 
      "literals": [
        "(in o6)", 
        "(at o10 l13)", 
        "(in o14)", 
        "(in o8)", 
        "(in o9)", 
        "(at o0 l8)", 
        "(at o1 l8)", 
        "(at o5 l5)", 
        "(at o2 l7)", 
        "(at o11 l15)", 
        "(at o12 l4)", 
        "(at o13 l13)", 
        "(at o15 l0)", 
        "(at o4 l2)", 
        "(at o3 l11)", 
        "(at o7 l9)", 
        "(is-at l5)", 
        "(at o14 l5)", 
        "(at o6 l5)", 
        "(at o8 l5)", 
        "(at o9 l5)"
      ], 
      "delete_list": [
        "(is-at l9)", 
        "(at o14 l9)", 
        "(at o6 l9)", 
        "(at o8 l9)", 
        "(at o9 l9)"
      ]
    }, 
    {
      "action": "(put-in o5 l5)", 
      "add_list": [
        "(in o5)"
      ], 
      "state": 49, 
      "literals": [
        "(in o6)", 
        "(at o10 l13)", 
        "(in o14)", 
        "(in o8)", 
        "(in o9)", 
        "(at o0 l8)", 
        "(at o1 l8)", 
        "(at o5 l5)", 
        "(at o2 l7)", 
        "(at o11 l15)", 
        "(at o12 l4)", 
        "(at o13 l13)", 
        "(at o15 l0)", 
        "(at o4 l2)", 
        "(at o3 l11)", 
        "(at o7 l9)", 
        "(is-at l5)", 
        "(at o14 l5)", 
        "(at o6 l5)", 
        "(at o8 l5)", 
        "(at o9 l5)", 
        "(in o5)"
      ], 
      "delete_list": []
    }, 
    {
      "action": "(take-out o6)", 
      "add_list": [], 
      "state": 50, 
      "literals": [
        "(at o10 l13)", 
        "(in o14)", 
        "(in o8)", 
        "(in o9)", 
        "(at o0 l8)", 
        "(at o1 l8)", 
        "(at o5 l5)", 
        "(at o2 l7)", 
        "(at o11 l15)", 
        "(at o12 l4)", 
        "(at o13 l13)", 
        "(at o15 l0)", 
        "(at o4 l2)", 
        "(at o3 l11)", 
        "(at o7 l9)", 
        "(is-at l5)", 
        "(at o14 l5)", 
        "(at o6 l5)", 
        "(at o8 l5)", 
        "(at o9 l5)", 
        "(in o5)"
      ], 
      "delete_list": [
        "(in o6)"
      ]
    }, 
    {
      "action": "(move l5 l14)", 
      "add_list": [
        "(is-at l14)", 
        "(at o14 l14)", 
        "(at o5 l14)", 
        "(at o8 l14)", 
        "(at o9 l14)"
      ], 
      "state": 51, 
      "literals": [
        "(at o10 l13)", 
        "(in o14)", 
        "(in o8)", 
        "(in o9)", 
        "(at o0 l8)", 
        "(at o1 l8)", 
        "(at o2 l7)", 
        "(at o11 l15)", 
        "(at o12 l4)", 
        "(at o13 l13)", 
        "(at o15 l0)", 
        "(at o4 l2)", 
        "(at o3 l11)", 
        "(at o7 l9)", 
        "(at o6 l5)", 
        "(in o5)", 
        "(is-at l14)", 
        "(at o14 l14)", 
        "(at o5 l14)", 
        "(at o8 l14)", 
        "(at o9 l14)"
      ], 
      "delete_list": [
        "(is-at l5)", 
        "(at o14 l5)", 
        "(at o5 l5)", 
        "(at o8 l5)", 
        "(at o9 l5)"
      ]
    }, 
    {
      "action": "(take-out o8)", 
      "add_list": [], 
      "state": 52, 
      "literals": [
        "(at o10 l13)", 
        "(in o14)", 
        "(in o9)", 
        "(at o0 l8)", 
        "(at o1 l8)", 
        "(at o2 l7)", 
        "(at o11 l15)", 
        "(at o12 l4)", 
        "(at o13 l13)", 
        "(at o15 l0)", 
        "(at o4 l2)", 
        "(at o3 l11)", 
        "(at o7 l9)", 
        "(at o6 l5)", 
        "(in o5)", 
        "(is-at l14)", 
        "(at o14 l14)", 
        "(at o5 l14)", 
        "(at o8 l14)", 
        "(at o9 l14)"
      ], 
      "delete_list": [
        "(in o8)"
      ]
    }, 
    {
      "action": "(move l14 l12)", 
      "add_list": [
        "(is-at l12)", 
        "(at o14 l12)", 
        "(at o5 l12)", 
        "(at o9 l12)"
      ], 
      "state": 53, 
      "literals": [
        "(at o10 l13)", 
        "(in o14)", 
        "(in o9)", 
        "(at o0 l8)", 
        "(at o1 l8)", 
        "(at o2 l7)", 
        "(at o11 l15)", 
        "(at o12 l4)", 
        "(at o13 l13)", 
        "(at o15 l0)", 
        "(at o4 l2)", 
        "(at o3 l11)", 
        "(at o7 l9)", 
        "(at o6 l5)", 
        "(in o5)", 
        "(at o8 l14)", 
        "(is-at l12)", 
        "(at o14 l12)", 
        "(at o5 l12)", 
        "(at o9 l12)"
      ], 
      "delete_list": [
        "(is-at l14)", 
        "(at o14 l14)", 
        "(at o5 l14)", 
        "(at o9 l14)"
      ]
    }, 
    {
      "action": "(take-out o14)", 
      "add_list": [], 
      "state": 54, 
      "literals": [
        "(at o10 l13)", 
        "(in o9)", 
        "(at o0 l8)", 
        "(at o1 l8)", 
        "(at o2 l7)", 
        "(at o11 l15)", 
        "(at o12 l4)", 
        "(at o13 l13)", 
        "(at o15 l0)", 
        "(at o4 l2)", 
        "(at o3 l11)", 
        "(at o7 l9)", 
        "(at o6 l5)", 
        "(in o5)", 
        "(at o8 l14)", 
        "(is-at l12)", 
        "(at o14 l12)", 
        "(at o5 l12)", 
        "(at o9 l12)"
      ], 
      "delete_list": [
        "(in o14)"
      ]
    }, 
    {
      "action": "(move l12 l7)", 
      "add_list": [
        "(is-at l7)", 
        "(at o5 l7)", 
        "(at o9 l7)"
      ], 
      "state": 55, 
      "literals": [
        "(at o10 l13)", 
        "(in o9)", 
        "(at o0 l8)", 
        "(at o1 l8)", 
        "(at o2 l7)", 
        "(at o11 l15)", 
        "(at o12 l4)", 
        "(at o13 l13)", 
        "(at o15 l0)", 
        "(at o4 l2)", 
        "(at o3 l11)", 
        "(at o7 l9)", 
        "(at o6 l5)", 
        "(in o5)", 
        "(at o8 l14)", 
        "(at o14 l12)", 
        "(is-at l7)", 
        "(at o5 l7)", 
        "(at o9 l7)"
      ], 
      "delete_list": [
        "(is-at l12)", 
        "(at o5 l12)", 
        "(at o9 l12)"
      ]
    }, 
    {
      "action": "(put-in o2 l7)", 
      "add_list": [
        "(in o2)"
      ], 
      "state": 56, 
      "literals": [
        "(at o10 l13)", 
        "(in o9)", 
        "(at o0 l8)", 
        "(at o1 l8)", 
        "(at o2 l7)", 
        "(at o11 l15)", 
        "(at o12 l4)", 
        "(at o13 l13)", 
        "(at o15 l0)", 
        "(at o4 l2)", 
        "(at o3 l11)", 
        "(at o7 l9)", 
        "(at o6 l5)", 
        "(in o5)", 
        "(at o8 l14)", 
        "(at o14 l12)", 
        "(is-at l7)", 
        "(at o5 l7)", 
        "(at o9 l7)", 
        "(in o2)"
      ], 
      "delete_list": []
    }, 
    {
      "action": "(take-out o9)", 
      "add_list": [], 
      "state": 57, 
      "literals": [
        "(at o10 l13)", 
        "(at o0 l8)", 
        "(at o1 l8)", 
        "(at o2 l7)", 
        "(at o11 l15)", 
        "(at o12 l4)", 
        "(at o13 l13)", 
        "(at o15 l0)", 
        "(at o4 l2)", 
        "(at o3 l11)", 
        "(at o7 l9)", 
        "(at o6 l5)", 
        "(in o5)", 
        "(at o8 l14)", 
        "(at o14 l12)", 
        "(is-at l7)", 
        "(at o5 l7)", 
        "(at o9 l7)", 
        "(in o2)"
      ], 
      "delete_list": [
        "(in o9)"
      ]
    }, 
    {
      "action": "(move l7 l5)", 
      "add_list": [
        "(is-at l5)", 
        "(at o2 l5)", 
        "(at o5 l5)"
      ], 
      "state": 58, 
      "literals": [
        "(at o10 l13)", 
        "(at o0 l8)", 
        "(at o1 l8)", 
        "(at o11 l15)", 
        "(at o12 l4)", 
        "(at o13 l13)", 
        "(at o15 l0)", 
        "(at o4 l2)", 
        "(at o3 l11)", 
        "(at o7 l9)", 
        "(at o6 l5)", 
        "(in o5)", 
        "(at o8 l14)", 
        "(at o14 l12)", 
        "(at o9 l7)", 
        "(in o2)", 
        "(is-at l5)", 
        "(at o2 l5)", 
        "(at o5 l5)"
      ], 
      "delete_list": [
        "(is-at l7)", 
        "(at o2 l7)", 
        "(at o5 l7)"
      ]
    }, 
    {
      "action": "(take-out o5)", 
      "add_list": [], 
      "state": 59, 
      "literals": [
        "(at o10 l13)", 
        "(at o0 l8)", 
        "(at o1 l8)", 
        "(at o11 l15)", 
        "(at o12 l4)", 
        "(at o13 l13)", 
        "(at o15 l0)", 
        "(at o4 l2)", 
        "(at o3 l11)", 
        "(at o7 l9)", 
        "(at o6 l5)", 
        "(at o8 l14)", 
        "(at o14 l12)", 
        "(at o9 l7)", 
        "(in o2)", 
        "(is-at l5)", 
        "(at o2 l5)", 
        "(at o5 l5)"
      ], 
      "delete_list": [
        "(in o5)"
      ]
    }, 
    {
      "action": "(move l5 l7)", 
      "add_list": [
        "(is-at l7)", 
        "(at o2 l7)"
      ], 
      "state": 60, 
      "literals": [
        "(at o10 l13)", 
        "(at o0 l8)", 
        "(at o1 l8)", 
        "(at o11 l15)", 
        "(at o12 l4)", 
        "(at o13 l13)", 
        "(at o15 l0)", 
        "(at o4 l2)", 
        "(at o3 l11)", 
        "(at o7 l9)", 
        "(at o6 l5)", 
        "(at o8 l14)", 
        "(at o14 l12)", 
        "(at o9 l7)", 
        "(in o2)", 
        "(at o5 l5)", 
        "(is-at l7)", 
        "(at o2 l7)"
      ], 
      "delete_list": [
        "(is-at l5)", 
        "(at o2 l5)"
      ]
    }, 
    {
      "action": "(take-out o2)", 
      "add_list": [], 
      "state": 61, 
      "literals": [
        "(at o10 l13)", 
        "(at o0 l8)", 
        "(at o1 l8)", 
        "(at o11 l15)", 
        "(at o12 l4)", 
        "(at o13 l13)", 
        "(at o15 l0)", 
        "(at o4 l2)", 
        "(at o3 l11)", 
        "(at o7 l9)", 
        "(at o6 l5)", 
        "(at o8 l14)", 
        "(at o14 l12)", 
        "(at o9 l7)", 
        "(at o5 l5)", 
        "(is-at l7)", 
        "(at o2 l7)"
      ], 
      "delete_list": [
        "(in o2)"
      ]
    }, 
    {
      "action": "(move l7 l3)", 
      "add_list": [
        "(is-at l3)"
      ], 
      "state": 62, 
      "literals": [
        "(at o10 l13)", 
        "(at o0 l8)", 
        "(at o1 l8)", 
        "(at o11 l15)", 
        "(at o12 l4)", 
        "(at o13 l13)", 
        "(at o15 l0)", 
        "(at o4 l2)", 
        "(at o3 l11)", 
        "(at o7 l9)", 
        "(at o6 l5)", 
        "(at o8 l14)", 
        "(at o14 l12)", 
        "(at o9 l7)", 
        "(at o5 l5)", 
        "(at o2 l7)", 
        "(is-at l3)"
      ], 
      "delete_list": [
        "(is-at l7)"
      ]
    }
  ], 
  "domain_id": 123
}