{
  "domain": "briefcaseworld", 
  "inital_state": [
    "(at o0 l0)", 
    "(at o1 l1)", 
    "(at o2 l1)", 
    "(is-at l0)"
  ], 
  "negative_goals": [], 
  "problem_id": 4261, 
  "positive_goals": [
    "(at o0 l0)", 
    "(at o1 l0)", 
    "(at o2 l2)", 
    "(is-at l1)"
  ], 
  "plan_length": 8, 
  "plan_literals": [
    {
      "action": "(move l0 l1)", 
      "add_list": [
        "(is-at l1)"
      ], 
      "state": 0, 
      "literals": [
        "(at o0 l0)", 
        "(at o1 l1)", 
        "(at o2 l1)", 
        "(is-at l1)"
      ], 
      "delete_list": [
        "(is-at l0)"
      ]
    }, 
    {
      "action": "(put-in o2 l1)", 
      "add_list": [
        "(in o2)"
      ], 
      "state": 1, 
      "literals": [
        "(at o0 l0)", 
        "(at o1 l1)", 
        "(at o2 l1)", 
        "(is-at l1)", 
        "(in o2)"
      ], 
      "delete_list": []
    }, 
    {
      "action": "(put-in o1 l1)", 
      "add_list": [
        "(in o1)"
      ], 
      "state": 2, 
      "literals": [
        "(at o0 l0)", 
        "(at o1 l1)", 
        "(at o2 l1)", 
        "(is-at l1)", 
        "(in o2)", 
        "(in o1)"
      ], 
      "delete_list": []
    }, 
    {
      "action": "(move l1 l2)", 
      "add_list": [
        "(is-at l2)", 
        "(at o1 l2)", 
        "(at o2 l2)"
      ], 
      "state": 3, 
      "literals": [
        "(at o0 l0)", 
        "(in o2)", 
        "(in o1)", 
        "(is-at l2)", 
        "(at o1 l2)", 
        "(at o2 l2)"
      ], 
      "delete_list": [
        "(is-at l1)", 
        "(at o1 l1)", 
        "(at o2 l1)"
      ]
    }, 
    {
      "action": "(take-out o2)", 
      "add_list": [], 
      "state": 4, 
      "literals": [
        "(at o0 l0)", 
        "(in o1)", 
        "(is-at l2)", 
        "(at o1 l2)", 
        "(at o2 l2)"
      ], 
      "delete_list": [
        "(in o2)"
      ]
    }, 
    {
      "action": "(move l2 l0)", 
      "add_list": [
        "(is-at l0)", 
        "(at o1 l0)"
      ], 
      "state": 5, 
      "literals": [
        "(at o0 l0)", 
        "(in o1)", 
        "(at o2 l2)", 
        "(is-at l0)", 
        "(at o1 l0)"
      ], 
      "delete_list": [
        "(is-at l2)", 
        "(at o1 l2)"
      ]
    }, 
    {
      "action": "(take-out o1)", 
      "add_list": [], 
      "state": 6, 
      "literals": [
        "(at o0 l0)", 
        "(at o2 l2)", 
        "(is-at l0)", 
        "(at o1 l0)"
      ], 
      "delete_list": [
        "(in o1)"
      ]
    }, 
    {
      "action": "(move l0 l1)", 
      "add_list": [
        "(is-at l1)"
      ], 
      "state": 7, 
      "literals": [
        "(at o0 l0)", 
        "(at o2 l2)", 
        "(at o1 l0)", 
        "(is-at l1)"
      ], 
      "delete_list": [
        "(is-at l0)"
      ]
    }
  ], 
  "domain_id": 123
}