{
  "domain": "briefcaseworld", 
  "inital_state": [
    "(at o0 l0)", 
    "(at o1 l0)", 
    "(at o2 l2)", 
    "(at o3 l4)", 
    "(at o4 l5)", 
    "(at o5 l3)", 
    "(is-at l3)"
  ], 
  "negative_goals": [], 
  "problem_id": 4265, 
  "positive_goals": [
    "(at o0 l1)", 
    "(at o1 l4)", 
    "(at o2 l6)", 
    "(at o3 l4)", 
    "(at o4 l5)", 
    "(at o5 l0)", 
    "(is-at l3)"
  ], 
  "plan_length": 17, 
  "plan_literals": [
    {
      "action": "(put-in o5 l3)", 
      "add_list": [
        "(in o5)"
      ], 
      "state": 0, 
      "literals": [
        "(at o0 l0)", 
        "(at o1 l0)", 
        "(at o2 l2)", 
        "(at o3 l4)", 
        "(at o4 l5)", 
        "(at o5 l3)", 
        "(is-at l3)", 
        "(in o5)"
      ], 
      "delete_list": []
    }, 
    {
      "action": "(move l3 l0)", 
      "add_list": [
        "(is-at l0)", 
        "(at o5 l0)"
      ], 
      "state": 1, 
      "literals": [
        "(at o0 l0)", 
        "(at o1 l0)", 
        "(at o2 l2)", 
        "(at o3 l4)", 
        "(at o4 l5)", 
        "(in o5)", 
        "(is-at l0)", 
        "(at o5 l0)"
      ], 
      "delete_list": [
        "(is-at l3)", 
        "(at o5 l3)"
      ]
    }, 
    {
      "action": "(put-in o1 l0)", 
      "add_list": [
        "(in o1)"
      ], 
      "state": 2, 
      "literals": [
        "(at o0 l0)", 
        "(at o1 l0)", 
        "(at o2 l2)", 
        "(at o3 l4)", 
        "(at o4 l5)", 
        "(in o5)", 
        "(is-at l0)", 
        "(at o5 l0)", 
        "(in o1)"
      ], 
      "delete_list": []
    }, 
    {
      "action": "(put-in o0 l0)", 
      "add_list": [
        "(in o0)"
      ], 
      "state": 3, 
      "literals": [
        "(at o0 l0)", 
        "(at o1 l0)", 
        "(at o2 l2)", 
        "(at o3 l4)", 
        "(at o4 l5)", 
        "(in o5)", 
        "(is-at l0)", 
        "(at o5 l0)", 
        "(in o1)", 
        "(in o0)"
      ], 
      "delete_list": []
    }, 
    {
      "action": "(take-out o5)", 
      "add_list": [], 
      "state": 4, 
      "literals": [
        "(at o0 l0)", 
        "(at o1 l0)", 
        "(at o2 l2)", 
        "(at o3 l4)", 
        "(at o4 l5)", 
        "(is-at l0)", 
        "(at o5 l0)", 
        "(in o1)", 
        "(in o0)"
      ], 
      "delete_list": [
        "(in o5)"
      ]
    }, 
    {
      "action": "(move l0 l2)", 
      "add_list": [
        "(is-at l2)", 
        "(at o0 l2)", 
        "(at o1 l2)"
      ], 
      "state": 5, 
      "literals": [
        "(at o2 l2)", 
        "(at o3 l4)", 
        "(at o4 l5)", 
        "(at o5 l0)", 
        "(in o1)", 
        "(in o0)", 
        "(is-at l2)", 
        "(at o0 l2)", 
        "(at o1 l2)"
      ], 
      "delete_list": [
        "(is-at l0)", 
        "(at o0 l0)", 
        "(at o1 l0)"
      ]
    }, 
    {
      "action": "(put-in o2 l2)", 
      "add_list": [
        "(in o2)"
      ], 
      "state": 6, 
      "literals": [
        "(at o2 l2)", 
        "(at o3 l4)", 
        "(at o4 l5)", 
        "(at o5 l0)", 
        "(in o1)", 
        "(in o0)", 
        "(is-at l2)", 
        "(at o0 l2)", 
        "(at o1 l2)", 
        "(in o2)"
      ], 
      "delete_list": []
    }, 
    {
      "action": "(move l2 l4)", 
      "add_list": [
        "(is-at l4)", 
        "(at o0 l4)", 
        "(at o1 l4)", 
        "(at o2 l4)"
      ], 
      "state": 7, 
      "literals": [
        "(at o3 l4)", 
        "(at o4 l5)", 
        "(at o5 l0)", 
        "(in o1)", 
        "(in o0)", 
        "(in o2)", 
        "(is-at l4)", 
        "(at o0 l4)", 
        "(at o1 l4)", 
        "(at o2 l4)"
      ], 
      "delete_list": [
        "(is-at l2)", 
        "(at o0 l2)", 
        "(at o1 l2)", 
        "(at o2 l2)"
      ]
    }, 
    {
      "action": "(put-in o3 l4)", 
      "add_list": [
        "(in o3)"
      ], 
      "state": 8, 
      "literals": [
        "(at o3 l4)", 
        "(at o4 l5)", 
        "(at o5 l0)", 
        "(in o1)", 
        "(in o0)", 
        "(in o2)", 
        "(is-at l4)", 
        "(at o0 l4)", 
        "(at o1 l4)", 
        "(at o2 l4)", 
        "(in o3)"
      ], 
      "delete_list": []
    }, 
    {
      "action": "(take-out o1)", 
      "add_list": [], 
      "state": 9, 
      "literals": [
        "(at o3 l4)", 
        "(at o4 l5)", 
        "(at o5 l0)", 
        "(in o0)", 
        "(in o2)", 
        "(is-at l4)", 
        "(at o0 l4)", 
        "(at o1 l4)", 
        "(at o2 l4)", 
        "(in o3)"
      ], 
      "delete_list": [
        "(in o1)"
      ]
    }, 
    {
      "action": "(move l4 l6)", 
      "add_list": [
        "(is-at l6)", 
        "(at o0 l6)", 
        "(at o2 l6)", 
        "(at o3 l6)"
      ], 
      "state": 10, 
      "literals": [
        "(at o4 l5)", 
        "(at o5 l0)", 
        "(in o0)", 
        "(in o2)", 
        "(at o1 l4)", 
        "(in o3)", 
        "(is-at l6)", 
        "(at o0 l6)", 
        "(at o2 l6)", 
        "(at o3 l6)"
      ], 
      "delete_list": [
        "(is-at l4)", 
        "(at o0 l4)", 
        "(at o2 l4)", 
        "(at o3 l4)"
      ]
    }, 
    {
      "action": "(take-out o2)", 
      "add_list": [], 
      "state": 11, 
      "literals": [
        "(at o4 l5)", 
        "(at o5 l0)", 
        "(in o0)", 
        "(at o1 l4)", 
        "(in o3)", 
        "(is-at l6)", 
        "(at o0 l6)", 
        "(at o2 l6)", 
        "(at o3 l6)"
      ], 
      "delete_list": [
        "(in o2)"
      ]
    }, 
    {
      "action": "(move l6 l1)", 
      "add_list": [
        "(is-at l1)", 
        "(at o0 l1)", 
        "(at o3 l1)"
      ], 
      "state": 12, 
      "literals": [
        "(at o4 l5)", 
        "(at o5 l0)", 
        "(in o0)", 
        "(at o1 l4)", 
        "(in o3)", 
        "(at o2 l6)", 
        "(is-at l1)", 
        "(at o0 l1)", 
        "(at o3 l1)"
      ], 
      "delete_list": [
        "(is-at l6)", 
        "(at o0 l6)", 
        "(at o3 l6)"
      ]
    }, 
    {
      "action": "(take-out o0)", 
      "add_list": [], 
      "state": 13, 
      "literals": [
        "(at o4 l5)", 
        "(at o5 l0)", 
        "(at o1 l4)", 
        "(in o3)", 
        "(at o2 l6)", 
        "(is-at l1)", 
        "(at o0 l1)", 
        "(at o3 l1)"
      ], 
      "delete_list": [
        "(in o0)"
      ]
    }, 
    {
      "action": "(move l1 l4)", 
      "add_list": [
        "(is-at l4)", 
        "(at o3 l4)"
      ], 
      "state": 14, 
      "literals": [
        "(at o4 l5)", 
        "(at o5 l0)", 
        "(at o1 l4)", 
        "(in o3)", 
        "(at o2 l6)", 
        "(at o0 l1)", 
        "(is-at l4)", 
        "(at o3 l4)"
      ], 
      "delete_list": [
        "(is-at l1)", 
        "(at o3 l1)"
      ]
    }, 
    {
      "action": "(take-out o3)", 
      "add_list": [], 
      "state": 15, 
      "literals": [
        "(at o4 l5)", 
        "(at o5 l0)", 
        "(at o1 l4)", 
        "(at o2 l6)", 
        "(at o0 l1)", 
        "(is-at l4)", 
        "(at o3 l4)"
      ], 
      "delete_list": [
        "(in o3)"
      ]
    }, 
    {
      "action": "(move l4 l3)", 
      "add_list": [
        "(is-at l3)"
      ], 
      "state": 16, 
      "literals": [
        "(at o4 l5)", 
        "(at o5 l0)", 
        "(at o1 l4)", 
        "(at o2 l6)", 
        "(at o0 l1)", 
        "(at o3 l4)", 
        "(is-at l3)"
      ], 
      "delete_list": [
        "(is-at l4)"
      ]
    }
  ], 
  "domain_id": 123
}