{
  "domain": "briefcaseworld", 
  "inital_state": [
    "(at o0 l0)", 
    "(at o1 l6)", 
    "(at o2 l5)", 
    "(at o3 l5)", 
    "(at o4 l7)", 
    "(at o5 l6)", 
    "(at o6 l5)", 
    "(is-at l6)"
  ], 
  "negative_goals": [], 
  "problem_id": 4266, 
  "positive_goals": [
    "(at o0 l4)", 
    "(at o1 l3)", 
    "(at o2 l1)", 
    "(at o3 l3)", 
    "(at o4 l5)", 
    "(at o5 l2)", 
    "(at o6 l6)", 
    "(is-at l7)"
  ], 
  "plan_length": 28, 
  "plan_literals": [
    {
      "action": "(move l6 l7)", 
      "add_list": [
        "(is-at l7)"
      ], 
      "state": 0, 
      "literals": [
        "(at o0 l0)", 
        "(at o1 l6)", 
        "(at o2 l5)", 
        "(at o3 l5)", 
        "(at o4 l7)", 
        "(at o5 l6)", 
        "(at o6 l5)", 
        "(is-at l7)"
      ], 
      "delete_list": [
        "(is-at l6)"
      ]
    }, 
    {
      "action": "(put-in o4 l7)", 
      "add_list": [
        "(in o4)"
      ], 
      "state": 1, 
      "literals": [
        "(at o0 l0)", 
        "(at o1 l6)", 
        "(at o2 l5)", 
        "(at o3 l5)", 
        "(at o4 l7)", 
        "(at o5 l6)", 
        "(at o6 l5)", 
        "(is-at l7)", 
        "(in o4)"
      ], 
      "delete_list": []
    }, 
    {
      "action": "(move l7 l5)", 
      "add_list": [
        "(is-at l5)", 
        "(at o4 l5)"
      ], 
      "state": 2, 
      "literals": [
        "(at o0 l0)", 
        "(at o1 l6)", 
        "(at o2 l5)", 
        "(at o3 l5)", 
        "(at o5 l6)", 
        "(at o6 l5)", 
        "(in o4)", 
        "(is-at l5)", 
        "(at o4 l5)"
      ], 
      "delete_list": [
        "(is-at l7)", 
        "(at o4 l7)"
      ]
    }, 
    {
      "action": "(put-in o6 l5)", 
      "add_list": [
        "(in o6)"
      ], 
      "state": 3, 
      "literals": [
        "(at o0 l0)", 
        "(at o1 l6)", 
        "(at o2 l5)", 
        "(at o3 l5)", 
        "(at o5 l6)", 
        "(at o6 l5)", 
        "(in o4)", 
        "(is-at l5)", 
        "(at o4 l5)", 
        "(in o6)"
      ], 
      "delete_list": []
    }, 
    {
      "action": "(put-in o3 l5)", 
      "add_list": [
        "(in o3)"
      ], 
      "state": 4, 
      "literals": [
        "(at o0 l0)", 
        "(at o1 l6)", 
        "(at o2 l5)", 
        "(at o3 l5)", 
        "(at o5 l6)", 
        "(at o6 l5)", 
        "(in o4)", 
        "(is-at l5)", 
        "(at o4 l5)", 
        "(in o6)", 
        "(in o3)"
      ], 
      "delete_list": []
    }, 
    {
      "action": "(put-in o2 l5)", 
      "add_list": [
        "(in o2)"
      ], 
      "state": 5, 
      "literals": [
        "(at o0 l0)", 
        "(at o1 l6)", 
        "(at o2 l5)", 
        "(at o3 l5)", 
        "(at o5 l6)", 
        "(at o6 l5)", 
        "(in o4)", 
        "(is-at l5)", 
        "(at o4 l5)", 
        "(in o6)", 
        "(in o3)", 
        "(in o2)"
      ], 
      "delete_list": []
    }, 
    {
      "action": "(move l5 l6)", 
      "add_list": [
        "(is-at l6)", 
        "(at o2 l6)", 
        "(at o3 l6)", 
        "(at o4 l6)", 
        "(at o6 l6)"
      ], 
      "state": 6, 
      "literals": [
        "(at o0 l0)", 
        "(at o1 l6)", 
        "(at o5 l6)", 
        "(in o4)", 
        "(in o6)", 
        "(in o3)", 
        "(in o2)", 
        "(is-at l6)", 
        "(at o2 l6)", 
        "(at o3 l6)", 
        "(at o4 l6)", 
        "(at o6 l6)"
      ], 
      "delete_list": [
        "(is-at l5)", 
        "(at o2 l5)", 
        "(at o3 l5)", 
        "(at o4 l5)", 
        "(at o6 l5)"
      ]
    }, 
    {
      "action": "(put-in o5 l6)", 
      "add_list": [
        "(in o5)"
      ], 
      "state": 7, 
      "literals": [
        "(at o0 l0)", 
        "(at o1 l6)", 
        "(at o5 l6)", 
        "(in o4)", 
        "(in o6)", 
        "(in o3)", 
        "(in o2)", 
        "(is-at l6)", 
        "(at o2 l6)", 
        "(at o3 l6)", 
        "(at o4 l6)", 
        "(at o6 l6)", 
        "(in o5)"
      ], 
      "delete_list": []
    }, 
    {
      "action": "(put-in o1 l6)", 
      "add_list": [
        "(in o1)"
      ], 
      "state": 8, 
      "literals": [
        "(at o0 l0)", 
        "(at o1 l6)", 
        "(at o5 l6)", 
        "(in o4)", 
        "(in o6)", 
        "(in o3)", 
        "(in o2)", 
        "(is-at l6)", 
        "(at o2 l6)", 
        "(at o3 l6)", 
        "(at o4 l6)", 
        "(at o6 l6)", 
        "(in o5)", 
        "(in o1)"
      ], 
      "delete_list": []
    }, 
    {
      "action": "(take-out o6)", 
      "add_list": [], 
      "state": 9, 
      "literals": [
        "(at o0 l0)", 
        "(at o1 l6)", 
        "(at o5 l6)", 
        "(in o4)", 
        "(in o3)", 
        "(in o2)", 
        "(is-at l6)", 
        "(at o2 l6)", 
        "(at o3 l6)", 
        "(at o4 l6)", 
        "(at o6 l6)", 
        "(in o5)", 
        "(in o1)"
      ], 
      "delete_list": [
        "(in o6)"
      ]
    }, 
    {
      "action": "(move l6 l1)", 
      "add_list": [
        "(is-at l1)", 
        "(at o1 l1)", 
        "(at o2 l1)", 
        "(at o3 l1)", 
        "(at o4 l1)", 
        "(at o5 l1)"
      ], 
      "state": 10, 
      "literals": [
        "(at o0 l0)", 
        "(in o4)", 
        "(in o3)", 
        "(in o2)", 
        "(at o6 l6)", 
        "(in o5)", 
        "(in o1)", 
        "(is-at l1)", 
        "(at o1 l1)", 
        "(at o2 l1)", 
        "(at o3 l1)", 
        "(at o4 l1)", 
        "(at o5 l1)"
      ], 
      "delete_list": [
        "(is-at l6)", 
        "(at o1 l6)", 
        "(at o2 l6)", 
        "(at o3 l6)", 
        "(at o4 l6)", 
        "(at o5 l6)"
      ]
    }, 
    {
      "action": "(take-out o2)", 
      "add_list": [], 
      "state": 11, 
      "literals": [
        "(at o0 l0)", 
        "(in o4)", 
        "(in o3)", 
        "(at o6 l6)", 
        "(in o5)", 
        "(in o1)", 
        "(is-at l1)", 
        "(at o1 l1)", 
        "(at o2 l1)", 
        "(at o3 l1)", 
        "(at o4 l1)", 
        "(at o5 l1)"
      ], 
      "delete_list": [
        "(in o2)"
      ]
    }, 
    {
      "action": "(move l1 l0)", 
      "add_list": [
        "(is-at l0)", 
        "(at o1 l0)", 
        "(at o3 l0)", 
        "(at o4 l0)", 
        "(at o5 l0)"
      ], 
      "state": 12, 
      "literals": [
        "(at o0 l0)", 
        "(in o4)", 
        "(in o3)", 
        "(at o6 l6)", 
        "(in o5)", 
        "(in o1)", 
        "(at o2 l1)", 
        "(is-at l0)", 
        "(at o1 l0)", 
        "(at o3 l0)", 
        "(at o4 l0)", 
        "(at o5 l0)"
      ], 
      "delete_list": [
        "(is-at l1)", 
        "(at o1 l1)", 
        "(at o3 l1)", 
        "(at o4 l1)", 
        "(at o5 l1)"
      ]
    }, 
    {
      "action": "(put-in o0 l0)", 
      "add_list": [
        "(in o0)"
      ], 
      "state": 13, 
      "literals": [
        "(at o0 l0)", 
        "(in o4)", 
        "(in o3)", 
        "(at o6 l6)", 
        "(in o5)", 
        "(in o1)", 
        "(at o2 l1)", 
        "(is-at l0)", 
        "(at o1 l0)", 
        "(at o3 l0)", 
        "(at o4 l0)", 
        "(at o5 l0)", 
        "(in o0)"
      ], 
      "delete_list": []
    }, 
    {
      "action": "(move l0 l5)", 
      "add_list": [
        "(is-at l5)", 
        "(at o0 l5)", 
        "(at o1 l5)", 
        "(at o3 l5)", 
        "(at o4 l5)", 
        "(at o5 l5)"
      ], 
      "state": 14, 
      "literals": [
        "(in o4)", 
        "(in o3)", 
        "(at o6 l6)", 
        "(in o5)", 
        "(in o1)", 
        "(at o2 l1)", 
        "(in o0)", 
        "(is-at l5)", 
        "(at o0 l5)", 
        "(at o1 l5)", 
        "(at o3 l5)", 
        "(at o4 l5)", 
        "(at o5 l5)"
      ], 
      "delete_list": [
        "(is-at l0)", 
        "(at o0 l0)", 
        "(at o1 l0)", 
        "(at o3 l0)", 
        "(at o4 l0)", 
        "(at o5 l0)"
      ]
    }, 
    {
      "action": "(take-out o4)", 
      "add_list": [], 
      "state": 15, 
      "literals": [
        "(in o3)", 
        "(at o6 l6)", 
        "(in o5)", 
        "(in o1)", 
        "(at o2 l1)", 
        "(in o0)", 
        "(is-at l5)", 
        "(at o0 l5)", 
        "(at o1 l5)", 
        "(at o3 l5)", 
        "(at o4 l5)", 
        "(at o5 l5)"
      ], 
      "delete_list": [
        "(in o4)"
      ]
    }, 
    {
      "action": "(move l5 l3)", 
      "add_list": [
        "(is-at l3)", 
        "(at o0 l3)", 
        "(at o1 l3)", 
        "(at o3 l3)", 
        "(at o5 l3)"
      ], 
      "state": 16, 
      "literals": [
        "(in o3)", 
        "(at o6 l6)", 
        "(in o5)", 
        "(in o1)", 
        "(at o2 l1)", 
        "(in o0)", 
        "(at o4 l5)", 
        "(is-at l3)", 
        "(at o0 l3)", 
        "(at o1 l3)", 
        "(at o3 l3)", 
        "(at o5 l3)"
      ], 
      "delete_list": [
        "(is-at l5)", 
        "(at o0 l5)", 
        "(at o1 l5)", 
        "(at o3 l5)", 
        "(at o5 l5)"
      ]
    }, 
    {
      "action": "(take-out o1)", 
      "add_list": [], 
      "state": 17, 
      "literals": [
        "(in o3)", 
        "(at o6 l6)", 
        "(in o5)", 
        "(at o2 l1)", 
        "(in o0)", 
        "(at o4 l5)", 
        "(is-at l3)", 
        "(at o0 l3)", 
        "(at o1 l3)", 
        "(at o3 l3)", 
        "(at o5 l3)"
      ], 
      "delete_list": [
        "(in o1)"
      ]
    }, 
    {
      "action": "(move l3 l2)", 
      "add_list": [
        "(is-at l2)", 
        "(at o0 l2)", 
        "(at o3 l2)", 
        "(at o5 l2)"
      ], 
      "state": 18, 
      "literals": [
        "(in o3)", 
        "(at o6 l6)", 
        "(in o5)", 
        "(at o2 l1)", 
        "(in o0)", 
        "(at o4 l5)", 
        "(at o1 l3)", 
        "(is-at l2)", 
        "(at o0 l2)", 
        "(at o3 l2)", 
        "(at o5 l2)"
      ], 
      "delete_list": [
        "(is-at l3)", 
        "(at o0 l3)", 
        "(at o3 l3)", 
        "(at o5 l3)"
      ]
    }, 
    {
      "action": "(take-out o5)", 
      "add_list": [], 
      "state": 19, 
      "literals": [
        "(in o3)", 
        "(at o6 l6)", 
        "(at o2 l1)", 
        "(in o0)", 
        "(at o4 l5)", 
        "(at o1 l3)", 
        "(is-at l2)", 
        "(at o0 l2)", 
        "(at o3 l2)", 
        "(at o5 l2)"
      ], 
      "delete_list": [
        "(in o5)"
      ]
    }, 
    {
      "action": "(move l2 l3)", 
      "add_list": [
        "(is-at l3)", 
        "(at o0 l3)", 
        "(at o3 l3)"
      ], 
      "state": 20, 
      "literals": [
        "(in o3)", 
        "(at o6 l6)", 
        "(at o2 l1)", 
        "(in o0)", 
        "(at o4 l5)", 
        "(at o1 l3)", 
        "(at o5 l2)", 
        "(is-at l3)", 
        "(at o0 l3)", 
        "(at o3 l3)"
      ], 
      "delete_list": [
        "(is-at l2)", 
        "(at o0 l2)", 
        "(at o3 l2)"
      ]
    }, 
    {
      "action": "(put-in o1 l3)", 
      "add_list": [
        "(in o1)"
      ], 
      "state": 21, 
      "literals": [
        "(in o3)", 
        "(at o6 l6)", 
        "(at o2 l1)", 
        "(in o0)", 
        "(at o4 l5)", 
        "(at o1 l3)", 
        "(at o5 l2)", 
        "(is-at l3)", 
        "(at o0 l3)", 
        "(at o3 l3)", 
        "(in o1)"
      ], 
      "delete_list": []
    }, 
    {
      "action": "(take-out o3)", 
      "add_list": [], 
      "state": 22, 
      "literals": [
        "(at o6 l6)", 
        "(at o2 l1)", 
        "(in o0)", 
        "(at o4 l5)", 
        "(at o1 l3)", 
        "(at o5 l2)", 
        "(is-at l3)", 
        "(at o0 l3)", 
        "(at o3 l3)", 
        "(in o1)"
      ], 
      "delete_list": [
        "(in o3)"
      ]
    }, 
    {
      "action": "(move l3 l4)", 
      "add_list": [
        "(is-at l4)", 
        "(at o0 l4)", 
        "(at o1 l4)"
      ], 
      "state": 23, 
      "literals": [
        "(at o6 l6)", 
        "(at o2 l1)", 
        "(in o0)", 
        "(at o4 l5)", 
        "(at o5 l2)", 
        "(at o3 l3)", 
        "(in o1)", 
        "(is-at l4)", 
        "(at o0 l4)", 
        "(at o1 l4)"
      ], 
      "delete_list": [
        "(is-at l3)", 
        "(at o0 l3)", 
        "(at o1 l3)"
      ]
    }, 
    {
      "action": "(take-out o0)", 
      "add_list": [], 
      "state": 24, 
      "literals": [
        "(at o6 l6)", 
        "(at o2 l1)", 
        "(at o4 l5)", 
        "(at o5 l2)", 
        "(at o3 l3)", 
        "(in o1)", 
        "(is-at l4)", 
        "(at o0 l4)", 
        "(at o1 l4)"
      ], 
      "delete_list": [
        "(in o0)"
      ]
    }, 
    {
      "action": "(move l4 l3)", 
      "add_list": [
        "(is-at l3)", 
        "(at o1 l3)"
      ], 
      "state": 25, 
      "literals": [
        "(at o6 l6)", 
        "(at o2 l1)", 
        "(at o4 l5)", 
        "(at o5 l2)", 
        "(at o3 l3)", 
        "(in o1)", 
        "(at o0 l4)", 
        "(is-at l3)", 
        "(at o1 l3)"
      ], 
      "delete_list": [
        "(is-at l4)", 
        "(at o1 l4)"
      ]
    }, 
    {
      "action": "(take-out o1)", 
      "add_list": [], 
      "state": 26, 
      "literals": [
        "(at o6 l6)", 
        "(at o2 l1)", 
        "(at o4 l5)", 
        "(at o5 l2)", 
        "(at o3 l3)", 
        "(at o0 l4)", 
        "(is-at l3)", 
        "(at o1 l3)"
      ], 
      "delete_list": [
        "(in o1)"
      ]
    }, 
    {
      "action": "(move l3 l7)", 
      "add_list": [
        "(is-at l7)"
      ], 
      "state": 27, 
      "literals": [
        "(at o6 l6)", 
        "(at o2 l1)", 
        "(at o4 l5)", 
        "(at o5 l2)", 
        "(at o3 l3)", 
        "(at o0 l4)", 
        "(at o1 l3)", 
        "(is-at l7)"
      ], 
      "delete_list": [
        "(is-at l3)"
      ]
    }
  ], 
  "domain_id": 123
}