{
  "domain": "elevators", 
  "inital_state": [
    "(next n0 n1)", 
    "(next n1 n2)", 
    "(next n2 n3)", 
    "(next n3 n4)", 
    "(next n4 n5)", 
    "(next n5 n6)", 
    "(next n6 n7)", 
    "(next n7 n8)", 
    "(above n0 n1)", 
    "(above n0 n2)", 
    "(above n0 n3)", 
    "(above n0 n4)", 
    "(above n0 n5)", 
    "(above n0 n6)", 
    "(above n0 n7)", 
    "(above n0 n8)", 
    "(above n1 n2)", 
    "(above n1 n3)", 
    "(above n1 n4)", 
    "(above n1 n5)", 
    "(above n1 n6)", 
    "(above n1 n7)", 
    "(above n1 n8)", 
    "(above n2 n3)", 
    "(above n2 n4)", 
    "(above n2 n5)", 
    "(above n2 n6)", 
    "(above n2 n7)", 
    "(above n2 n8)", 
    "(above n3 n4)", 
    "(above n3 n5)", 
    "(above n3 n6)", 
    "(above n3 n7)", 
    "(above n3 n8)", 
    "(above n4 n5)", 
    "(above n4 n6)", 
    "(above n4 n7)", 
    "(above n4 n8)", 
    "(above n5 n6)", 
    "(above n5 n7)", 
    "(above n5 n8)", 
    "(above n6 n7)", 
    "(above n6 n8)", 
    "(above n7 n8)", 
    "(lift-at fast0 n8)", 
    "(passengers fast0 n0)", 
    "(can-hold fast0 n1)", 
    "(can-hold fast0 n2)", 
    "(can-hold fast0 n3)", 
    "(reachable-floor fast0 n0)", 
    "(reachable-floor fast0 n2)", 
    "(reachable-floor fast0 n4)", 
    "(reachable-floor fast0 n6)", 
    "(reachable-floor fast0 n8)", 
    "(lift-at fast1 n6)", 
    "(passengers fast1 n0)", 
    "(can-hold fast1 n1)", 
    "(can-hold fast1 n2)", 
    "(can-hold fast1 n3)", 
    "(reachable-floor fast1 n0)", 
    "(reachable-floor fast1 n2)", 
    "(reachable-floor fast1 n4)", 
    "(reachable-floor fast1 n6)", 
    "(reachable-floor fast1 n8)", 
    "(lift-at slow0-0 n4)", 
    "(passengers slow0-0 n0)", 
    "(can-hold slow0-0 n1)", 
    "(can-hold slow0-0 n2)", 
    "(reachable-floor slow0-0 n0)", 
    "(reachable-floor slow0-0 n1)", 
    "(reachable-floor slow0-0 n2)", 
    "(reachable-floor slow0-0 n3)", 
    "(reachable-floor slow0-0 n4)", 
    "(lift-at slow1-0 n6)", 
    "(passengers slow1-0 n0)", 
    "(can-hold slow1-0 n1)", 
    "(can-hold slow1-0 n2)", 
    "(reachable-floor slow1-0 n4)", 
    "(reachable-floor slow1-0 n5)", 
    "(reachable-floor slow1-0 n6)", 
    "(reachable-floor slow1-0 n7)", 
    "(reachable-floor slow1-0 n8)", 
    "(passenger-at p0 n6)", 
    "(passenger-at p1 n2)", 
    "(passenger-at p2 n0)", 
    "(passenger-at p3 n2)", 
    "(passenger-at p4 n0)", 
    "(passenger-at p5 n6)", 
    "(= travel-slown0n1 6)", 
    "(= travel-slown0n2 7)", 
    "(= travel-slown0n3 8)", 
    "(= travel-slown0n4 9)", 
    "(= travel-slown1n2 6)", 
    "(= travel-slown1n3 7)", 
    "(= travel-slown1n4 8)", 
    "(= travel-slown2n3 6)", 
    "(= travel-slown2n4 7)", 
    "(= travel-slown3n4 6)", 
    "(= travel-slown4n5 6)", 
    "(= travel-slown4n6 7)", 
    "(= travel-slown4n7 8)", 
    "(= travel-slown4n8 9)", 
    "(= travel-slown5n6 6)", 
    "(= travel-slown5n7 7)", 
    "(= travel-slown5n8 8)", 
    "(= travel-slown6n7 6)", 
    "(= travel-slown6n8 7)", 
    "(= travel-slown7n8 6)", 
    "(= travel-fastn0n2 7)", 
    "(= travel-fastn0n4 13)", 
    "(= travel-fastn0n6 19)", 
    "(= travel-fastn0n8 25)", 
    "(= travel-fastn2n4 7)", 
    "(= travel-fastn2n6 13)", 
    "(= travel-fastn2n8 19)", 
    "(= travel-fastn4n6 7)", 
    "(= travel-fastn4n8 13)", 
    "(= travel-fastn6n8 7)", 
    "(= total-cost 0)"
  ], 
  "negative_goals": [], 
  "problem_id": 2098, 
  "positive_goals": [
    "(passenger-at p0 n0)", 
    "(passenger-at p1 n8)", 
    "(passenger-at p2 n4)", 
    "(passenger-at p3 n4)", 
    "(passenger-at p4 n3)", 
    "(passenger-at p5 n0)"
  ], 
  "plan_length": 23, 
  "plan_literals": [
    {
      "action": "(move-down-slow slow0-0 n4 n3)", 
      "add_list": [
        "(lift-at slow0-0 n3)"
      ], 
      "state": 0, 
      "literals": [
        "(next n0 n1)", 
        "(next n1 n2)", 
        "(next n2 n3)", 
        "(next n3 n4)", 
        "(next n4 n5)", 
        "(next n5 n6)", 
        "(next n6 n7)", 
        "(next n7 n8)", 
        "(above n0 n1)", 
        "(above n0 n2)", 
        "(above n0 n3)", 
        "(above n0 n4)", 
        "(above n0 n5)", 
        "(above n0 n6)", 
        "(above n0 n7)", 
        "(above n0 n8)", 
        "(above n1 n2)", 
        "(above n1 n3)", 
        "(above n1 n4)", 
        "(above n1 n5)", 
        "(above n1 n6)", 
        "(above n1 n7)", 
        "(above n1 n8)", 
        "(above n2 n3)", 
        "(above n2 n4)", 
        "(above n2 n5)", 
        "(above n2 n6)", 
        "(above n2 n7)", 
        "(above n2 n8)", 
        "(above n3 n4)", 
        "(above n3 n5)", 
        "(above n3 n6)", 
        "(above n3 n7)", 
        "(above n3 n8)", 
        "(above n4 n5)", 
        "(above n4 n6)", 
        "(above n4 n7)", 
        "(above n4 n8)", 
        "(above n5 n6)", 
        "(above n5 n7)", 
        "(above n5 n8)", 
        "(above n6 n7)", 
        "(above n6 n8)", 
        "(above n7 n8)", 
        "(lift-at fast0 n8)", 
        "(passengers fast0 n0)", 
        "(can-hold fast0 n1)", 
        "(can-hold fast0 n2)", 
        "(can-hold fast0 n3)", 
        "(reachable-floor fast0 n0)", 
        "(reachable-floor fast0 n2)", 
        "(reachable-floor fast0 n4)", 
        "(reachable-floor fast0 n6)", 
        "(reachable-floor fast0 n8)", 
        "(lift-at fast1 n6)", 
        "(passengers fast1 n0)", 
        "(can-hold fast1 n1)", 
        "(can-hold fast1 n2)", 
        "(can-hold fast1 n3)", 
        "(reachable-floor fast1 n0)", 
        "(reachable-floor fast1 n2)", 
        "(reachable-floor fast1 n4)", 
        "(reachable-floor fast1 n6)", 
        "(reachable-floor fast1 n8)", 
        "(passengers slow0-0 n0)", 
        "(can-hold slow0-0 n1)", 
        "(can-hold slow0-0 n2)", 
        "(reachable-floor slow0-0 n0)", 
        "(reachable-floor slow0-0 n1)", 
        "(reachable-floor slow0-0 n2)", 
        "(reachable-floor slow0-0 n3)", 
        "(reachable-floor slow0-0 n4)", 
        "(lift-at slow1-0 n6)", 
        "(passengers slow1-0 n0)", 
        "(can-hold slow1-0 n1)", 
        "(can-hold slow1-0 n2)", 
        "(reachable-floor slow1-0 n4)", 
        "(reachable-floor slow1-0 n5)", 
        "(reachable-floor slow1-0 n6)", 
        "(reachable-floor slow1-0 n7)", 
        "(reachable-floor slow1-0 n8)", 
        "(passenger-at p0 n6)", 
        "(passenger-at p1 n2)", 
        "(passenger-at p2 n0)", 
        "(passenger-at p3 n2)", 
        "(passenger-at p4 n0)", 
        "(passenger-at p5 n6)", 
        "(= travel-slown0n1 6)", 
        "(= travel-slown0n2 7)", 
        "(= travel-slown0n3 8)", 
        "(= travel-slown0n4 9)", 
        "(= travel-slown1n2 6)", 
        "(= travel-slown1n3 7)", 
        "(= travel-slown1n4 8)", 
        "(= travel-slown2n3 6)", 
        "(= travel-slown2n4 7)", 
        "(= travel-slown3n4 6)", 
        "(= travel-slown4n5 6)", 
        "(= travel-slown4n6 7)", 
        "(= travel-slown4n7 8)", 
        "(= travel-slown4n8 9)", 
        "(= travel-slown5n6 6)", 
        "(= travel-slown5n7 7)", 
        "(= travel-slown5n8 8)", 
        "(= travel-slown6n7 6)", 
        "(= travel-slown6n8 7)", 
        "(= travel-slown7n8 6)", 
        "(= travel-fastn0n2 7)", 
        "(= travel-fastn0n4 13)", 
        "(= travel-fastn0n6 19)", 
        "(= travel-fastn0n8 25)", 
        "(= travel-fastn2n4 7)", 
        "(= travel-fastn2n6 13)", 
        "(= travel-fastn2n8 19)", 
        "(= travel-fastn4n6 7)", 
        "(= travel-fastn4n8 13)", 
        "(= travel-fastn6n8 7)", 
        "(= total-cost 0)", 
        "(lift-at slow0-0 n3)"
      ], 
      "delete_list": [
        "(lift-at slow0-0 n4)"
      ]
    }, 
    {
      "action": "(move-down-fast fast1 n6 n2)", 
      "add_list": [
        "(lift-at fast1 n2)"
      ], 
      "state": 1, 
      "literals": [
        "(next n0 n1)", 
        "(next n1 n2)", 
        "(next n2 n3)", 
        "(next n3 n4)", 
        "(next n4 n5)", 
        "(next n5 n6)", 
        "(next n6 n7)", 
        "(next n7 n8)", 
        "(above n0 n1)", 
        "(above n0 n2)", 
        "(above n0 n3)", 
        "(above n0 n4)", 
        "(above n0 n5)", 
        "(above n0 n6)", 
        "(above n0 n7)", 
        "(above n0 n8)", 
        "(above n1 n2)", 
        "(above n1 n3)", 
        "(above n1 n4)", 
        "(above n1 n5)", 
        "(above n1 n6)", 
        "(above n1 n7)", 
        "(above n1 n8)", 
        "(above n2 n3)", 
        "(above n2 n4)", 
        "(above n2 n5)", 
        "(above n2 n6)", 
        "(above n2 n7)", 
        "(above n2 n8)", 
        "(above n3 n4)", 
        "(above n3 n5)", 
        "(above n3 n6)", 
        "(above n3 n7)", 
        "(above n3 n8)", 
        "(above n4 n5)", 
        "(above n4 n6)", 
        "(above n4 n7)", 
        "(above n4 n8)", 
        "(above n5 n6)", 
        "(above n5 n7)", 
        "(above n5 n8)", 
        "(above n6 n7)", 
        "(above n6 n8)", 
        "(above n7 n8)", 
        "(lift-at fast0 n8)", 
        "(passengers fast0 n0)", 
        "(can-hold fast0 n1)", 
        "(can-hold fast0 n2)", 
        "(can-hold fast0 n3)", 
        "(reachable-floor fast0 n0)", 
        "(reachable-floor fast0 n2)", 
        "(reachable-floor fast0 n4)", 
        "(reachable-floor fast0 n6)", 
        "(reachable-floor fast0 n8)", 
        "(passengers fast1 n0)", 
        "(can-hold fast1 n1)", 
        "(can-hold fast1 n2)", 
        "(can-hold fast1 n3)", 
        "(reachable-floor fast1 n0)", 
        "(reachable-floor fast1 n2)", 
        "(reachable-floor fast1 n4)", 
        "(reachable-floor fast1 n6)", 
        "(reachable-floor fast1 n8)", 
        "(passengers slow0-0 n0)", 
        "(can-hold slow0-0 n1)", 
        "(can-hold slow0-0 n2)", 
        "(reachable-floor slow0-0 n0)", 
        "(reachable-floor slow0-0 n1)", 
        "(reachable-floor slow0-0 n2)", 
        "(reachable-floor slow0-0 n3)", 
        "(reachable-floor slow0-0 n4)", 
        "(lift-at slow1-0 n6)", 
        "(passengers slow1-0 n0)", 
        "(can-hold slow1-0 n1)", 
        "(can-hold slow1-0 n2)", 
        "(reachable-floor slow1-0 n4)", 
        "(reachable-floor slow1-0 n5)", 
        "(reachable-floor slow1-0 n6)", 
        "(reachable-floor slow1-0 n7)", 
        "(reachable-floor slow1-0 n8)", 
        "(passenger-at p0 n6)", 
        "(passenger-at p1 n2)", 
        "(passenger-at p2 n0)", 
        "(passenger-at p3 n2)", 
        "(passenger-at p4 n0)", 
        "(passenger-at p5 n6)", 
        "(= travel-slown0n1 6)", 
        "(= travel-slown0n2 7)", 
        "(= travel-slown0n3 8)", 
        "(= travel-slown0n4 9)", 
        "(= travel-slown1n2 6)", 
        "(= travel-slown1n3 7)", 
        "(= travel-slown1n4 8)", 
        "(= travel-slown2n3 6)", 
        "(= travel-slown2n4 7)", 
        "(= travel-slown3n4 6)", 
        "(= travel-slown4n5 6)", 
        "(= travel-slown4n6 7)", 
        "(= travel-slown4n7 8)", 
        "(= travel-slown4n8 9)", 
        "(= travel-slown5n6 6)", 
        "(= travel-slown5n7 7)", 
        "(= travel-slown5n8 8)", 
        "(= travel-slown6n7 6)", 
        "(= travel-slown6n8 7)", 
        "(= travel-slown7n8 6)", 
        "(= travel-fastn0n2 7)", 
        "(= travel-fastn0n4 13)", 
        "(= travel-fastn0n6 19)", 
        "(= travel-fastn0n8 25)", 
        "(= travel-fastn2n4 7)", 
        "(= travel-fastn2n6 13)", 
        "(= travel-fastn2n8 19)", 
        "(= travel-fastn4n6 7)", 
        "(= travel-fastn4n8 13)", 
        "(= travel-fastn6n8 7)", 
        "(= total-cost 0)", 
        "(lift-at slow0-0 n3)", 
        "(lift-at fast1 n2)"
      ], 
      "delete_list": [
        "(lift-at fast1 n6)"
      ]
    }, 
    {
      "action": "(board p3 fast1 n2 n0 n1)", 
      "add_list": [
        "(boarded p3 fast1)", 
        "(passengers fast1 n1)"
      ], 
      "state": 2, 
      "literals": [
        "(next n0 n1)", 
        "(next n1 n2)", 
        "(next n2 n3)", 
        "(next n3 n4)", 
        "(next n4 n5)", 
        "(next n5 n6)", 
        "(next n6 n7)", 
        "(next n7 n8)", 
        "(above n0 n1)", 
        "(above n0 n2)", 
        "(above n0 n3)", 
        "(above n0 n4)", 
        "(above n0 n5)", 
        "(above n0 n6)", 
        "(above n0 n7)", 
        "(above n0 n8)", 
        "(above n1 n2)", 
        "(above n1 n3)", 
        "(above n1 n4)", 
        "(above n1 n5)", 
        "(above n1 n6)", 
        "(above n1 n7)", 
        "(above n1 n8)", 
        "(above n2 n3)", 
        "(above n2 n4)", 
        "(above n2 n5)", 
        "(above n2 n6)", 
        "(above n2 n7)", 
        "(above n2 n8)", 
        "(above n3 n4)", 
        "(above n3 n5)", 
        "(above n3 n6)", 
        "(above n3 n7)", 
        "(above n3 n8)", 
        "(above n4 n5)", 
        "(above n4 n6)", 
        "(above n4 n7)", 
        "(above n4 n8)", 
        "(above n5 n6)", 
        "(above n5 n7)", 
        "(above n5 n8)", 
        "(above n6 n7)", 
        "(above n6 n8)", 
        "(above n7 n8)", 
        "(lift-at fast0 n8)", 
        "(passengers fast0 n0)", 
        "(can-hold fast0 n1)", 
        "(can-hold fast0 n2)", 
        "(can-hold fast0 n3)", 
        "(reachable-floor fast0 n0)", 
        "(reachable-floor fast0 n2)", 
        "(reachable-floor fast0 n4)", 
        "(reachable-floor fast0 n6)", 
        "(reachable-floor fast0 n8)", 
        "(can-hold fast1 n1)", 
        "(can-hold fast1 n2)", 
        "(can-hold fast1 n3)", 
        "(reachable-floor fast1 n0)", 
        "(reachable-floor fast1 n2)", 
        "(reachable-floor fast1 n4)", 
        "(reachable-floor fast1 n6)", 
        "(reachable-floor fast1 n8)", 
        "(passengers slow0-0 n0)", 
        "(can-hold slow0-0 n1)", 
        "(can-hold slow0-0 n2)", 
        "(reachable-floor slow0-0 n0)", 
        "(reachable-floor slow0-0 n1)", 
        "(reachable-floor slow0-0 n2)", 
        "(reachable-floor slow0-0 n3)", 
        "(reachable-floor slow0-0 n4)", 
        "(lift-at slow1-0 n6)", 
        "(passengers slow1-0 n0)", 
        "(can-hold slow1-0 n1)", 
        "(can-hold slow1-0 n2)", 
        "(reachable-floor slow1-0 n4)", 
        "(reachable-floor slow1-0 n5)", 
        "(reachable-floor slow1-0 n6)", 
        "(reachable-floor slow1-0 n7)", 
        "(reachable-floor slow1-0 n8)", 
        "(passenger-at p0 n6)", 
        "(passenger-at p1 n2)", 
        "(passenger-at p2 n0)", 
        "(passenger-at p4 n0)", 
        "(passenger-at p5 n6)", 
        "(= travel-slown0n1 6)", 
        "(= travel-slown0n2 7)", 
        "(= travel-slown0n3 8)", 
        "(= travel-slown0n4 9)", 
        "(= travel-slown1n2 6)", 
        "(= travel-slown1n3 7)", 
        "(= travel-slown1n4 8)", 
        "(= travel-slown2n3 6)", 
        "(= travel-slown2n4 7)", 
        "(= travel-slown3n4 6)", 
        "(= travel-slown4n5 6)", 
        "(= travel-slown4n6 7)", 
        "(= travel-slown4n7 8)", 
        "(= travel-slown4n8 9)", 
        "(= travel-slown5n6 6)", 
        "(= travel-slown5n7 7)", 
        "(= travel-slown5n8 8)", 
        "(= travel-slown6n7 6)", 
        "(= travel-slown6n8 7)", 
        "(= travel-slown7n8 6)", 
        "(= travel-fastn0n2 7)", 
        "(= travel-fastn0n4 13)", 
        "(= travel-fastn0n6 19)", 
        "(= travel-fastn0n8 25)", 
        "(= travel-fastn2n4 7)", 
        "(= travel-fastn2n6 13)", 
        "(= travel-fastn2n8 19)", 
        "(= travel-fastn4n6 7)", 
        "(= travel-fastn4n8 13)", 
        "(= travel-fastn6n8 7)", 
        "(= total-cost 0)", 
        "(lift-at slow0-0 n3)", 
        "(lift-at fast1 n2)", 
        "(boarded p3 fast1)", 
        "(passengers fast1 n1)"
      ], 
      "delete_list": [
        "(passenger-at p3 n2)", 
        "(passengers fast1 n0)"
      ]
    }, 
    {
      "action": "(move-up-fast fast1 n2 n4)", 
      "add_list": [
        "(lift-at fast1 n4)"
      ], 
      "state": 3, 
      "literals": [
        "(next n0 n1)", 
        "(next n1 n2)", 
        "(next n2 n3)", 
        "(next n3 n4)", 
        "(next n4 n5)", 
        "(next n5 n6)", 
        "(next n6 n7)", 
        "(next n7 n8)", 
        "(above n0 n1)", 
        "(above n0 n2)", 
        "(above n0 n3)", 
        "(above n0 n4)", 
        "(above n0 n5)", 
        "(above n0 n6)", 
        "(above n0 n7)", 
        "(above n0 n8)", 
        "(above n1 n2)", 
        "(above n1 n3)", 
        "(above n1 n4)", 
        "(above n1 n5)", 
        "(above n1 n6)", 
        "(above n1 n7)", 
        "(above n1 n8)", 
        "(above n2 n3)", 
        "(above n2 n4)", 
        "(above n2 n5)", 
        "(above n2 n6)", 
        "(above n2 n7)", 
        "(above n2 n8)", 
        "(above n3 n4)", 
        "(above n3 n5)", 
        "(above n3 n6)", 
        "(above n3 n7)", 
        "(above n3 n8)", 
        "(above n4 n5)", 
        "(above n4 n6)", 
        "(above n4 n7)", 
        "(above n4 n8)", 
        "(above n5 n6)", 
        "(above n5 n7)", 
        "(above n5 n8)", 
        "(above n6 n7)", 
        "(above n6 n8)", 
        "(above n7 n8)", 
        "(lift-at fast0 n8)", 
        "(passengers fast0 n0)", 
        "(can-hold fast0 n1)", 
        "(can-hold fast0 n2)", 
        "(can-hold fast0 n3)", 
        "(reachable-floor fast0 n0)", 
        "(reachable-floor fast0 n2)", 
        "(reachable-floor fast0 n4)", 
        "(reachable-floor fast0 n6)", 
        "(reachable-floor fast0 n8)", 
        "(can-hold fast1 n1)", 
        "(can-hold fast1 n2)", 
        "(can-hold fast1 n3)", 
        "(reachable-floor fast1 n0)", 
        "(reachable-floor fast1 n2)", 
        "(reachable-floor fast1 n4)", 
        "(reachable-floor fast1 n6)", 
        "(reachable-floor fast1 n8)", 
        "(passengers slow0-0 n0)", 
        "(can-hold slow0-0 n1)", 
        "(can-hold slow0-0 n2)", 
        "(reachable-floor slow0-0 n0)", 
        "(reachable-floor slow0-0 n1)", 
        "(reachable-floor slow0-0 n2)", 
        "(reachable-floor slow0-0 n3)", 
        "(reachable-floor slow0-0 n4)", 
        "(lift-at slow1-0 n6)", 
        "(passengers slow1-0 n0)", 
        "(can-hold slow1-0 n1)", 
        "(can-hold slow1-0 n2)", 
        "(reachable-floor slow1-0 n4)", 
        "(reachable-floor slow1-0 n5)", 
        "(reachable-floor slow1-0 n6)", 
        "(reachable-floor slow1-0 n7)", 
        "(reachable-floor slow1-0 n8)", 
        "(passenger-at p0 n6)", 
        "(passenger-at p1 n2)", 
        "(passenger-at p2 n0)", 
        "(passenger-at p4 n0)", 
        "(passenger-at p5 n6)", 
        "(= travel-slown0n1 6)", 
        "(= travel-slown0n2 7)", 
        "(= travel-slown0n3 8)", 
        "(= travel-slown0n4 9)", 
        "(= travel-slown1n2 6)", 
        "(= travel-slown1n3 7)", 
        "(= travel-slown1n4 8)", 
        "(= travel-slown2n3 6)", 
        "(= travel-slown2n4 7)", 
        "(= travel-slown3n4 6)", 
        "(= travel-slown4n5 6)", 
        "(= travel-slown4n6 7)", 
        "(= travel-slown4n7 8)", 
        "(= travel-slown4n8 9)", 
        "(= travel-slown5n6 6)", 
        "(= travel-slown5n7 7)", 
        "(= travel-slown5n8 8)", 
        "(= travel-slown6n7 6)", 
        "(= travel-slown6n8 7)", 
        "(= travel-slown7n8 6)", 
        "(= travel-fastn0n2 7)", 
        "(= travel-fastn0n4 13)", 
        "(= travel-fastn0n6 19)", 
        "(= travel-fastn0n8 25)", 
        "(= travel-fastn2n4 7)", 
        "(= travel-fastn2n6 13)", 
        "(= travel-fastn2n8 19)", 
        "(= travel-fastn4n6 7)", 
        "(= travel-fastn4n8 13)", 
        "(= travel-fastn6n8 7)", 
        "(= total-cost 0)", 
        "(lift-at slow0-0 n3)", 
        "(boarded p3 fast1)", 
        "(passengers fast1 n1)", 
        "(lift-at fast1 n4)"
      ], 
      "delete_list": [
        "(lift-at fast1 n2)"
      ]
    }, 
    {
      "action": "(leave p3 fast1 n4 n1 n0)", 
      "add_list": [
        "(passenger-at p3 n4)", 
        "(passengers fast1 n0)"
      ], 
      "state": 4, 
      "literals": [
        "(next n0 n1)", 
        "(next n1 n2)", 
        "(next n2 n3)", 
        "(next n3 n4)", 
        "(next n4 n5)", 
        "(next n5 n6)", 
        "(next n6 n7)", 
        "(next n7 n8)", 
        "(above n0 n1)", 
        "(above n0 n2)", 
        "(above n0 n3)", 
        "(above n0 n4)", 
        "(above n0 n5)", 
        "(above n0 n6)", 
        "(above n0 n7)", 
        "(above n0 n8)", 
        "(above n1 n2)", 
        "(above n1 n3)", 
        "(above n1 n4)", 
        "(above n1 n5)", 
        "(above n1 n6)", 
        "(above n1 n7)", 
        "(above n1 n8)", 
        "(above n2 n3)", 
        "(above n2 n4)", 
        "(above n2 n5)", 
        "(above n2 n6)", 
        "(above n2 n7)", 
        "(above n2 n8)", 
        "(above n3 n4)", 
        "(above n3 n5)", 
        "(above n3 n6)", 
        "(above n3 n7)", 
        "(above n3 n8)", 
        "(above n4 n5)", 
        "(above n4 n6)", 
        "(above n4 n7)", 
        "(above n4 n8)", 
        "(above n5 n6)", 
        "(above n5 n7)", 
        "(above n5 n8)", 
        "(above n6 n7)", 
        "(above n6 n8)", 
        "(above n7 n8)", 
        "(lift-at fast0 n8)", 
        "(passengers fast0 n0)", 
        "(can-hold fast0 n1)", 
        "(can-hold fast0 n2)", 
        "(can-hold fast0 n3)", 
        "(reachable-floor fast0 n0)", 
        "(reachable-floor fast0 n2)", 
        "(reachable-floor fast0 n4)", 
        "(reachable-floor fast0 n6)", 
        "(reachable-floor fast0 n8)", 
        "(can-hold fast1 n1)", 
        "(can-hold fast1 n2)", 
        "(can-hold fast1 n3)", 
        "(reachable-floor fast1 n0)", 
        "(reachable-floor fast1 n2)", 
        "(reachable-floor fast1 n4)", 
        "(reachable-floor fast1 n6)", 
        "(reachable-floor fast1 n8)", 
        "(passengers slow0-0 n0)", 
        "(can-hold slow0-0 n1)", 
        "(can-hold slow0-0 n2)", 
        "(reachable-floor slow0-0 n0)", 
        "(reachable-floor slow0-0 n1)", 
        "(reachable-floor slow0-0 n2)", 
        "(reachable-floor slow0-0 n3)", 
        "(reachable-floor slow0-0 n4)", 
        "(lift-at slow1-0 n6)", 
        "(passengers slow1-0 n0)", 
        "(can-hold slow1-0 n1)", 
        "(can-hold slow1-0 n2)", 
        "(reachable-floor slow1-0 n4)", 
        "(reachable-floor slow1-0 n5)", 
        "(reachable-floor slow1-0 n6)", 
        "(reachable-floor slow1-0 n7)", 
        "(reachable-floor slow1-0 n8)", 
        "(passenger-at p0 n6)", 
        "(passenger-at p1 n2)", 
        "(passenger-at p2 n0)", 
        "(passenger-at p4 n0)", 
        "(passenger-at p5 n6)", 
        "(= travel-slown0n1 6)", 
        "(= travel-slown0n2 7)", 
        "(= travel-slown0n3 8)", 
        "(= travel-slown0n4 9)", 
        "(= travel-slown1n2 6)", 
        "(= travel-slown1n3 7)", 
        "(= travel-slown1n4 8)", 
        "(= travel-slown2n3 6)", 
        "(= travel-slown2n4 7)", 
        "(= travel-slown3n4 6)", 
        "(= travel-slown4n5 6)", 
        "(= travel-slown4n6 7)", 
        "(= travel-slown4n7 8)", 
        "(= travel-slown4n8 9)", 
        "(= travel-slown5n6 6)", 
        "(= travel-slown5n7 7)", 
        "(= travel-slown5n8 8)", 
        "(= travel-slown6n7 6)", 
        "(= travel-slown6n8 7)", 
        "(= travel-slown7n8 6)", 
        "(= travel-fastn0n2 7)", 
        "(= travel-fastn0n4 13)", 
        "(= travel-fastn0n6 19)", 
        "(= travel-fastn0n8 25)", 
        "(= travel-fastn2n4 7)", 
        "(= travel-fastn2n6 13)", 
        "(= travel-fastn2n8 19)", 
        "(= travel-fastn4n6 7)", 
        "(= travel-fastn4n8 13)", 
        "(= travel-fastn6n8 7)", 
        "(= total-cost 0)", 
        "(lift-at slow0-0 n3)", 
        "(lift-at fast1 n4)", 
        "(passenger-at p3 n4)", 
        "(passengers fast1 n0)"
      ], 
      "delete_list": [
        "(boarded p3 fast1)", 
        "(passengers fast1 n1)"
      ]
    }, 
    {
      "action": "(move-down-fast fast1 n4 n2)", 
      "add_list": [
        "(lift-at fast1 n2)"
      ], 
      "state": 5, 
      "literals": [
        "(next n0 n1)", 
        "(next n1 n2)", 
        "(next n2 n3)", 
        "(next n3 n4)", 
        "(next n4 n5)", 
        "(next n5 n6)", 
        "(next n6 n7)", 
        "(next n7 n8)", 
        "(above n0 n1)", 
        "(above n0 n2)", 
        "(above n0 n3)", 
        "(above n0 n4)", 
        "(above n0 n5)", 
        "(above n0 n6)", 
        "(above n0 n7)", 
        "(above n0 n8)", 
        "(above n1 n2)", 
        "(above n1 n3)", 
        "(above n1 n4)", 
        "(above n1 n5)", 
        "(above n1 n6)", 
        "(above n1 n7)", 
        "(above n1 n8)", 
        "(above n2 n3)", 
        "(above n2 n4)", 
        "(above n2 n5)", 
        "(above n2 n6)", 
        "(above n2 n7)", 
        "(above n2 n8)", 
        "(above n3 n4)", 
        "(above n3 n5)", 
        "(above n3 n6)", 
        "(above n3 n7)", 
        "(above n3 n8)", 
        "(above n4 n5)", 
        "(above n4 n6)", 
        "(above n4 n7)", 
        "(above n4 n8)", 
        "(above n5 n6)", 
        "(above n5 n7)", 
        "(above n5 n8)", 
        "(above n6 n7)", 
        "(above n6 n8)", 
        "(above n7 n8)", 
        "(lift-at fast0 n8)", 
        "(passengers fast0 n0)", 
        "(can-hold fast0 n1)", 
        "(can-hold fast0 n2)", 
        "(can-hold fast0 n3)", 
        "(reachable-floor fast0 n0)", 
        "(reachable-floor fast0 n2)", 
        "(reachable-floor fast0 n4)", 
        "(reachable-floor fast0 n6)", 
        "(reachable-floor fast0 n8)", 
        "(can-hold fast1 n1)", 
        "(can-hold fast1 n2)", 
        "(can-hold fast1 n3)", 
        "(reachable-floor fast1 n0)", 
        "(reachable-floor fast1 n2)", 
        "(reachable-floor fast1 n4)", 
        "(reachable-floor fast1 n6)", 
        "(reachable-floor fast1 n8)", 
        "(passengers slow0-0 n0)", 
        "(can-hold slow0-0 n1)", 
        "(can-hold slow0-0 n2)", 
        "(reachable-floor slow0-0 n0)", 
        "(reachable-floor slow0-0 n1)", 
        "(reachable-floor slow0-0 n2)", 
        "(reachable-floor slow0-0 n3)", 
        "(reachable-floor slow0-0 n4)", 
        "(lift-at slow1-0 n6)", 
        "(passengers slow1-0 n0)", 
        "(can-hold slow1-0 n1)", 
        "(can-hold slow1-0 n2)", 
        "(reachable-floor slow1-0 n4)", 
        "(reachable-floor slow1-0 n5)", 
        "(reachable-floor slow1-0 n6)", 
        "(reachable-floor slow1-0 n7)", 
        "(reachable-floor slow1-0 n8)", 
        "(passenger-at p0 n6)", 
        "(passenger-at p1 n2)", 
        "(passenger-at p2 n0)", 
        "(passenger-at p4 n0)", 
        "(passenger-at p5 n6)", 
        "(= travel-slown0n1 6)", 
        "(= travel-slown0n2 7)", 
        "(= travel-slown0n3 8)", 
        "(= travel-slown0n4 9)", 
        "(= travel-slown1n2 6)", 
        "(= travel-slown1n3 7)", 
        "(= travel-slown1n4 8)", 
        "(= travel-slown2n3 6)", 
        "(= travel-slown2n4 7)", 
        "(= travel-slown3n4 6)", 
        "(= travel-slown4n5 6)", 
        "(= travel-slown4n6 7)", 
        "(= travel-slown4n7 8)", 
        "(= travel-slown4n8 9)", 
        "(= travel-slown5n6 6)", 
        "(= travel-slown5n7 7)", 
        "(= travel-slown5n8 8)", 
        "(= travel-slown6n7 6)", 
        "(= travel-slown6n8 7)", 
        "(= travel-slown7n8 6)", 
        "(= travel-fastn0n2 7)", 
        "(= travel-fastn0n4 13)", 
        "(= travel-fastn0n6 19)", 
        "(= travel-fastn0n8 25)", 
        "(= travel-fastn2n4 7)", 
        "(= travel-fastn2n6 13)", 
        "(= travel-fastn2n8 19)", 
        "(= travel-fastn4n6 7)", 
        "(= travel-fastn4n8 13)", 
        "(= travel-fastn6n8 7)", 
        "(= total-cost 0)", 
        "(lift-at slow0-0 n3)", 
        "(passenger-at p3 n4)", 
        "(passengers fast1 n0)", 
        "(lift-at fast1 n2)"
      ], 
      "delete_list": [
        "(lift-at fast1 n4)"
      ]
    }, 
    {
      "action": "(board p1 fast1 n2 n0 n1)", 
      "add_list": [
        "(boarded p1 fast1)", 
        "(passengers fast1 n1)"
      ], 
      "state": 6, 
      "literals": [
        "(next n0 n1)", 
        "(next n1 n2)", 
        "(next n2 n3)", 
        "(next n3 n4)", 
        "(next n4 n5)", 
        "(next n5 n6)", 
        "(next n6 n7)", 
        "(next n7 n8)", 
        "(above n0 n1)", 
        "(above n0 n2)", 
        "(above n0 n3)", 
        "(above n0 n4)", 
        "(above n0 n5)", 
        "(above n0 n6)", 
        "(above n0 n7)", 
        "(above n0 n8)", 
        "(above n1 n2)", 
        "(above n1 n3)", 
        "(above n1 n4)", 
        "(above n1 n5)", 
        "(above n1 n6)", 
        "(above n1 n7)", 
        "(above n1 n8)", 
        "(above n2 n3)", 
        "(above n2 n4)", 
        "(above n2 n5)", 
        "(above n2 n6)", 
        "(above n2 n7)", 
        "(above n2 n8)", 
        "(above n3 n4)", 
        "(above n3 n5)", 
        "(above n3 n6)", 
        "(above n3 n7)", 
        "(above n3 n8)", 
        "(above n4 n5)", 
        "(above n4 n6)", 
        "(above n4 n7)", 
        "(above n4 n8)", 
        "(above n5 n6)", 
        "(above n5 n7)", 
        "(above n5 n8)", 
        "(above n6 n7)", 
        "(above n6 n8)", 
        "(above n7 n8)", 
        "(lift-at fast0 n8)", 
        "(passengers fast0 n0)", 
        "(can-hold fast0 n1)", 
        "(can-hold fast0 n2)", 
        "(can-hold fast0 n3)", 
        "(reachable-floor fast0 n0)", 
        "(reachable-floor fast0 n2)", 
        "(reachable-floor fast0 n4)", 
        "(reachable-floor fast0 n6)", 
        "(reachable-floor fast0 n8)", 
        "(can-hold fast1 n1)", 
        "(can-hold fast1 n2)", 
        "(can-hold fast1 n3)", 
        "(reachable-floor fast1 n0)", 
        "(reachable-floor fast1 n2)", 
        "(reachable-floor fast1 n4)", 
        "(reachable-floor fast1 n6)", 
        "(reachable-floor fast1 n8)", 
        "(passengers slow0-0 n0)", 
        "(can-hold slow0-0 n1)", 
        "(can-hold slow0-0 n2)", 
        "(reachable-floor slow0-0 n0)", 
        "(reachable-floor slow0-0 n1)", 
        "(reachable-floor slow0-0 n2)", 
        "(reachable-floor slow0-0 n3)", 
        "(reachable-floor slow0-0 n4)", 
        "(lift-at slow1-0 n6)", 
        "(passengers slow1-0 n0)", 
        "(can-hold slow1-0 n1)", 
        "(can-hold slow1-0 n2)", 
        "(reachable-floor slow1-0 n4)", 
        "(reachable-floor slow1-0 n5)", 
        "(reachable-floor slow1-0 n6)", 
        "(reachable-floor slow1-0 n7)", 
        "(reachable-floor slow1-0 n8)", 
        "(passenger-at p0 n6)", 
        "(passenger-at p2 n0)", 
        "(passenger-at p4 n0)", 
        "(passenger-at p5 n6)", 
        "(= travel-slown0n1 6)", 
        "(= travel-slown0n2 7)", 
        "(= travel-slown0n3 8)", 
        "(= travel-slown0n4 9)", 
        "(= travel-slown1n2 6)", 
        "(= travel-slown1n3 7)", 
        "(= travel-slown1n4 8)", 
        "(= travel-slown2n3 6)", 
        "(= travel-slown2n4 7)", 
        "(= travel-slown3n4 6)", 
        "(= travel-slown4n5 6)", 
        "(= travel-slown4n6 7)", 
        "(= travel-slown4n7 8)", 
        "(= travel-slown4n8 9)", 
        "(= travel-slown5n6 6)", 
        "(= travel-slown5n7 7)", 
        "(= travel-slown5n8 8)", 
        "(= travel-slown6n7 6)", 
        "(= travel-slown6n8 7)", 
        "(= travel-slown7n8 6)", 
        "(= travel-fastn0n2 7)", 
        "(= travel-fastn0n4 13)", 
        "(= travel-fastn0n6 19)", 
        "(= travel-fastn0n8 25)", 
        "(= travel-fastn2n4 7)", 
        "(= travel-fastn2n6 13)", 
        "(= travel-fastn2n8 19)", 
        "(= travel-fastn4n6 7)", 
        "(= travel-fastn4n8 13)", 
        "(= travel-fastn6n8 7)", 
        "(= total-cost 0)", 
        "(lift-at slow0-0 n3)", 
        "(passenger-at p3 n4)", 
        "(lift-at fast1 n2)", 
        "(boarded p1 fast1)", 
        "(passengers fast1 n1)"
      ], 
      "delete_list": [
        "(passenger-at p1 n2)", 
        "(passengers fast1 n0)"
      ]
    }, 
    {
      "action": "(move-up-fast fast1 n2 n6)", 
      "add_list": [
        "(lift-at fast1 n6)"
      ], 
      "state": 7, 
      "literals": [
        "(next n0 n1)", 
        "(next n1 n2)", 
        "(next n2 n3)", 
        "(next n3 n4)", 
        "(next n4 n5)", 
        "(next n5 n6)", 
        "(next n6 n7)", 
        "(next n7 n8)", 
        "(above n0 n1)", 
        "(above n0 n2)", 
        "(above n0 n3)", 
        "(above n0 n4)", 
        "(above n0 n5)", 
        "(above n0 n6)", 
        "(above n0 n7)", 
        "(above n0 n8)", 
        "(above n1 n2)", 
        "(above n1 n3)", 
        "(above n1 n4)", 
        "(above n1 n5)", 
        "(above n1 n6)", 
        "(above n1 n7)", 
        "(above n1 n8)", 
        "(above n2 n3)", 
        "(above n2 n4)", 
        "(above n2 n5)", 
        "(above n2 n6)", 
        "(above n2 n7)", 
        "(above n2 n8)", 
        "(above n3 n4)", 
        "(above n3 n5)", 
        "(above n3 n6)", 
        "(above n3 n7)", 
        "(above n3 n8)", 
        "(above n4 n5)", 
        "(above n4 n6)", 
        "(above n4 n7)", 
        "(above n4 n8)", 
        "(above n5 n6)", 
        "(above n5 n7)", 
        "(above n5 n8)", 
        "(above n6 n7)", 
        "(above n6 n8)", 
        "(above n7 n8)", 
        "(lift-at fast0 n8)", 
        "(passengers fast0 n0)", 
        "(can-hold fast0 n1)", 
        "(can-hold fast0 n2)", 
        "(can-hold fast0 n3)", 
        "(reachable-floor fast0 n0)", 
        "(reachable-floor fast0 n2)", 
        "(reachable-floor fast0 n4)", 
        "(reachable-floor fast0 n6)", 
        "(reachable-floor fast0 n8)", 
        "(can-hold fast1 n1)", 
        "(can-hold fast1 n2)", 
        "(can-hold fast1 n3)", 
        "(reachable-floor fast1 n0)", 
        "(reachable-floor fast1 n2)", 
        "(reachable-floor fast1 n4)", 
        "(reachable-floor fast1 n6)", 
        "(reachable-floor fast1 n8)", 
        "(passengers slow0-0 n0)", 
        "(can-hold slow0-0 n1)", 
        "(can-hold slow0-0 n2)", 
        "(reachable-floor slow0-0 n0)", 
        "(reachable-floor slow0-0 n1)", 
        "(reachable-floor slow0-0 n2)", 
        "(reachable-floor slow0-0 n3)", 
        "(reachable-floor slow0-0 n4)", 
        "(lift-at slow1-0 n6)", 
        "(passengers slow1-0 n0)", 
        "(can-hold slow1-0 n1)", 
        "(can-hold slow1-0 n2)", 
        "(reachable-floor slow1-0 n4)", 
        "(reachable-floor slow1-0 n5)", 
        "(reachable-floor slow1-0 n6)", 
        "(reachable-floor slow1-0 n7)", 
        "(reachable-floor slow1-0 n8)", 
        "(passenger-at p0 n6)", 
        "(passenger-at p2 n0)", 
        "(passenger-at p4 n0)", 
        "(passenger-at p5 n6)", 
        "(= travel-slown0n1 6)", 
        "(= travel-slown0n2 7)", 
        "(= travel-slown0n3 8)", 
        "(= travel-slown0n4 9)", 
        "(= travel-slown1n2 6)", 
        "(= travel-slown1n3 7)", 
        "(= travel-slown1n4 8)", 
        "(= travel-slown2n3 6)", 
        "(= travel-slown2n4 7)", 
        "(= travel-slown3n4 6)", 
        "(= travel-slown4n5 6)", 
        "(= travel-slown4n6 7)", 
        "(= travel-slown4n7 8)", 
        "(= travel-slown4n8 9)", 
        "(= travel-slown5n6 6)", 
        "(= travel-slown5n7 7)", 
        "(= travel-slown5n8 8)", 
        "(= travel-slown6n7 6)", 
        "(= travel-slown6n8 7)", 
        "(= travel-slown7n8 6)", 
        "(= travel-fastn0n2 7)", 
        "(= travel-fastn0n4 13)", 
        "(= travel-fastn0n6 19)", 
        "(= travel-fastn0n8 25)", 
        "(= travel-fastn2n4 7)", 
        "(= travel-fastn2n6 13)", 
        "(= travel-fastn2n8 19)", 
        "(= travel-fastn4n6 7)", 
        "(= travel-fastn4n8 13)", 
        "(= travel-fastn6n8 7)", 
        "(= total-cost 0)", 
        "(lift-at slow0-0 n3)", 
        "(passenger-at p3 n4)", 
        "(boarded p1 fast1)", 
        "(passengers fast1 n1)", 
        "(lift-at fast1 n6)"
      ], 
      "delete_list": [
        "(lift-at fast1 n2)"
      ]
    }, 
    {
      "action": "(board p5 fast1 n6 n1 n2)", 
      "add_list": [
        "(boarded p5 fast1)", 
        "(passengers fast1 n2)"
      ], 
      "state": 8, 
      "literals": [
        "(next n0 n1)", 
        "(next n1 n2)", 
        "(next n2 n3)", 
        "(next n3 n4)", 
        "(next n4 n5)", 
        "(next n5 n6)", 
        "(next n6 n7)", 
        "(next n7 n8)", 
        "(above n0 n1)", 
        "(above n0 n2)", 
        "(above n0 n3)", 
        "(above n0 n4)", 
        "(above n0 n5)", 
        "(above n0 n6)", 
        "(above n0 n7)", 
        "(above n0 n8)", 
        "(above n1 n2)", 
        "(above n1 n3)", 
        "(above n1 n4)", 
        "(above n1 n5)", 
        "(above n1 n6)", 
        "(above n1 n7)", 
        "(above n1 n8)", 
        "(above n2 n3)", 
        "(above n2 n4)", 
        "(above n2 n5)", 
        "(above n2 n6)", 
        "(above n2 n7)", 
        "(above n2 n8)", 
        "(above n3 n4)", 
        "(above n3 n5)", 
        "(above n3 n6)", 
        "(above n3 n7)", 
        "(above n3 n8)", 
        "(above n4 n5)", 
        "(above n4 n6)", 
        "(above n4 n7)", 
        "(above n4 n8)", 
        "(above n5 n6)", 
        "(above n5 n7)", 
        "(above n5 n8)", 
        "(above n6 n7)", 
        "(above n6 n8)", 
        "(above n7 n8)", 
        "(lift-at fast0 n8)", 
        "(passengers fast0 n0)", 
        "(can-hold fast0 n1)", 
        "(can-hold fast0 n2)", 
        "(can-hold fast0 n3)", 
        "(reachable-floor fast0 n0)", 
        "(reachable-floor fast0 n2)", 
        "(reachable-floor fast0 n4)", 
        "(reachable-floor fast0 n6)", 
        "(reachable-floor fast0 n8)", 
        "(can-hold fast1 n1)", 
        "(can-hold fast1 n2)", 
        "(can-hold fast1 n3)", 
        "(reachable-floor fast1 n0)", 
        "(reachable-floor fast1 n2)", 
        "(reachable-floor fast1 n4)", 
        "(reachable-floor fast1 n6)", 
        "(reachable-floor fast1 n8)", 
        "(passengers slow0-0 n0)", 
        "(can-hold slow0-0 n1)", 
        "(can-hold slow0-0 n2)", 
        "(reachable-floor slow0-0 n0)", 
        "(reachable-floor slow0-0 n1)", 
        "(reachable-floor slow0-0 n2)", 
        "(reachable-floor slow0-0 n3)", 
        "(reachable-floor slow0-0 n4)", 
        "(lift-at slow1-0 n6)", 
        "(passengers slow1-0 n0)", 
        "(can-hold slow1-0 n1)", 
        "(can-hold slow1-0 n2)", 
        "(reachable-floor slow1-0 n4)", 
        "(reachable-floor slow1-0 n5)", 
        "(reachable-floor slow1-0 n6)", 
        "(reachable-floor slow1-0 n7)", 
        "(reachable-floor slow1-0 n8)", 
        "(passenger-at p0 n6)", 
        "(passenger-at p2 n0)", 
        "(passenger-at p4 n0)", 
        "(= travel-slown0n1 6)", 
        "(= travel-slown0n2 7)", 
        "(= travel-slown0n3 8)", 
        "(= travel-slown0n4 9)", 
        "(= travel-slown1n2 6)", 
        "(= travel-slown1n3 7)", 
        "(= travel-slown1n4 8)", 
        "(= travel-slown2n3 6)", 
        "(= travel-slown2n4 7)", 
        "(= travel-slown3n4 6)", 
        "(= travel-slown4n5 6)", 
        "(= travel-slown4n6 7)", 
        "(= travel-slown4n7 8)", 
        "(= travel-slown4n8 9)", 
        "(= travel-slown5n6 6)", 
        "(= travel-slown5n7 7)", 
        "(= travel-slown5n8 8)", 
        "(= travel-slown6n7 6)", 
        "(= travel-slown6n8 7)", 
        "(= travel-slown7n8 6)", 
        "(= travel-fastn0n2 7)", 
        "(= travel-fastn0n4 13)", 
        "(= travel-fastn0n6 19)", 
        "(= travel-fastn0n8 25)", 
        "(= travel-fastn2n4 7)", 
        "(= travel-fastn2n6 13)", 
        "(= travel-fastn2n8 19)", 
        "(= travel-fastn4n6 7)", 
        "(= travel-fastn4n8 13)", 
        "(= travel-fastn6n8 7)", 
        "(= total-cost 0)", 
        "(lift-at slow0-0 n3)", 
        "(passenger-at p3 n4)", 
        "(boarded p1 fast1)", 
        "(lift-at fast1 n6)", 
        "(boarded p5 fast1)", 
        "(passengers fast1 n2)"
      ], 
      "delete_list": [
        "(passenger-at p5 n6)", 
        "(passengers fast1 n1)"
      ]
    }, 
    {
      "action": "(board p0 fast1 n6 n2 n3)", 
      "add_list": [
        "(boarded p0 fast1)", 
        "(passengers fast1 n3)"
      ], 
      "state": 9, 
      "literals": [
        "(next n0 n1)", 
        "(next n1 n2)", 
        "(next n2 n3)", 
        "(next n3 n4)", 
        "(next n4 n5)", 
        "(next n5 n6)", 
        "(next n6 n7)", 
        "(next n7 n8)", 
        "(above n0 n1)", 
        "(above n0 n2)", 
        "(above n0 n3)", 
        "(above n0 n4)", 
        "(above n0 n5)", 
        "(above n0 n6)", 
        "(above n0 n7)", 
        "(above n0 n8)", 
        "(above n1 n2)", 
        "(above n1 n3)", 
        "(above n1 n4)", 
        "(above n1 n5)", 
        "(above n1 n6)", 
        "(above n1 n7)", 
        "(above n1 n8)", 
        "(above n2 n3)", 
        "(above n2 n4)", 
        "(above n2 n5)", 
        "(above n2 n6)", 
        "(above n2 n7)", 
        "(above n2 n8)", 
        "(above n3 n4)", 
        "(above n3 n5)", 
        "(above n3 n6)", 
        "(above n3 n7)", 
        "(above n3 n8)", 
        "(above n4 n5)", 
        "(above n4 n6)", 
        "(above n4 n7)", 
        "(above n4 n8)", 
        "(above n5 n6)", 
        "(above n5 n7)", 
        "(above n5 n8)", 
        "(above n6 n7)", 
        "(above n6 n8)", 
        "(above n7 n8)", 
        "(lift-at fast0 n8)", 
        "(passengers fast0 n0)", 
        "(can-hold fast0 n1)", 
        "(can-hold fast0 n2)", 
        "(can-hold fast0 n3)", 
        "(reachable-floor fast0 n0)", 
        "(reachable-floor fast0 n2)", 
        "(reachable-floor fast0 n4)", 
        "(reachable-floor fast0 n6)", 
        "(reachable-floor fast0 n8)", 
        "(can-hold fast1 n1)", 
        "(can-hold fast1 n2)", 
        "(can-hold fast1 n3)", 
        "(reachable-floor fast1 n0)", 
        "(reachable-floor fast1 n2)", 
        "(reachable-floor fast1 n4)", 
        "(reachable-floor fast1 n6)", 
        "(reachable-floor fast1 n8)", 
        "(passengers slow0-0 n0)", 
        "(can-hold slow0-0 n1)", 
        "(can-hold slow0-0 n2)", 
        "(reachable-floor slow0-0 n0)", 
        "(reachable-floor slow0-0 n1)", 
        "(reachable-floor slow0-0 n2)", 
        "(reachable-floor slow0-0 n3)", 
        "(reachable-floor slow0-0 n4)", 
        "(lift-at slow1-0 n6)", 
        "(passengers slow1-0 n0)", 
        "(can-hold slow1-0 n1)", 
        "(can-hold slow1-0 n2)", 
        "(reachable-floor slow1-0 n4)", 
        "(reachable-floor slow1-0 n5)", 
        "(reachable-floor slow1-0 n6)", 
        "(reachable-floor slow1-0 n7)", 
        "(reachable-floor slow1-0 n8)", 
        "(passenger-at p2 n0)", 
        "(passenger-at p4 n0)", 
        "(= travel-slown0n1 6)", 
        "(= travel-slown0n2 7)", 
        "(= travel-slown0n3 8)", 
        "(= travel-slown0n4 9)", 
        "(= travel-slown1n2 6)", 
        "(= travel-slown1n3 7)", 
        "(= travel-slown1n4 8)", 
        "(= travel-slown2n3 6)", 
        "(= travel-slown2n4 7)", 
        "(= travel-slown3n4 6)", 
        "(= travel-slown4n5 6)", 
        "(= travel-slown4n6 7)", 
        "(= travel-slown4n7 8)", 
        "(= travel-slown4n8 9)", 
        "(= travel-slown5n6 6)", 
        "(= travel-slown5n7 7)", 
        "(= travel-slown5n8 8)", 
        "(= travel-slown6n7 6)", 
        "(= travel-slown6n8 7)", 
        "(= travel-slown7n8 6)", 
        "(= travel-fastn0n2 7)", 
        "(= travel-fastn0n4 13)", 
        "(= travel-fastn0n6 19)", 
        "(= travel-fastn0n8 25)", 
        "(= travel-fastn2n4 7)", 
        "(= travel-fastn2n6 13)", 
        "(= travel-fastn2n8 19)", 
        "(= travel-fastn4n6 7)", 
        "(= travel-fastn4n8 13)", 
        "(= travel-fastn6n8 7)", 
        "(= total-cost 0)", 
        "(lift-at slow0-0 n3)", 
        "(passenger-at p3 n4)", 
        "(boarded p1 fast1)", 
        "(lift-at fast1 n6)", 
        "(boarded p5 fast1)", 
        "(boarded p0 fast1)", 
        "(passengers fast1 n3)"
      ], 
      "delete_list": [
        "(passenger-at p0 n6)", 
        "(passengers fast1 n2)"
      ]
    }, 
    {
      "action": "(move-down-fast fast1 n6 n0)", 
      "add_list": [
        "(lift-at fast1 n0)"
      ], 
      "state": 10, 
      "literals": [
        "(next n0 n1)", 
        "(next n1 n2)", 
        "(next n2 n3)", 
        "(next n3 n4)", 
        "(next n4 n5)", 
        "(next n5 n6)", 
        "(next n6 n7)", 
        "(next n7 n8)", 
        "(above n0 n1)", 
        "(above n0 n2)", 
        "(above n0 n3)", 
        "(above n0 n4)", 
        "(above n0 n5)", 
        "(above n0 n6)", 
        "(above n0 n7)", 
        "(above n0 n8)", 
        "(above n1 n2)", 
        "(above n1 n3)", 
        "(above n1 n4)", 
        "(above n1 n5)", 
        "(above n1 n6)", 
        "(above n1 n7)", 
        "(above n1 n8)", 
        "(above n2 n3)", 
        "(above n2 n4)", 
        "(above n2 n5)", 
        "(above n2 n6)", 
        "(above n2 n7)", 
        "(above n2 n8)", 
        "(above n3 n4)", 
        "(above n3 n5)", 
        "(above n3 n6)", 
        "(above n3 n7)", 
        "(above n3 n8)", 
        "(above n4 n5)", 
        "(above n4 n6)", 
        "(above n4 n7)", 
        "(above n4 n8)", 
        "(above n5 n6)", 
        "(above n5 n7)", 
        "(above n5 n8)", 
        "(above n6 n7)", 
        "(above n6 n8)", 
        "(above n7 n8)", 
        "(lift-at fast0 n8)", 
        "(passengers fast0 n0)", 
        "(can-hold fast0 n1)", 
        "(can-hold fast0 n2)", 
        "(can-hold fast0 n3)", 
        "(reachable-floor fast0 n0)", 
        "(reachable-floor fast0 n2)", 
        "(reachable-floor fast0 n4)", 
        "(reachable-floor fast0 n6)", 
        "(reachable-floor fast0 n8)", 
        "(can-hold fast1 n1)", 
        "(can-hold fast1 n2)", 
        "(can-hold fast1 n3)", 
        "(reachable-floor fast1 n0)", 
        "(reachable-floor fast1 n2)", 
        "(reachable-floor fast1 n4)", 
        "(reachable-floor fast1 n6)", 
        "(reachable-floor fast1 n8)", 
        "(passengers slow0-0 n0)", 
        "(can-hold slow0-0 n1)", 
        "(can-hold slow0-0 n2)", 
        "(reachable-floor slow0-0 n0)", 
        "(reachable-floor slow0-0 n1)", 
        "(reachable-floor slow0-0 n2)", 
        "(reachable-floor slow0-0 n3)", 
        "(reachable-floor slow0-0 n4)", 
        "(lift-at slow1-0 n6)", 
        "(passengers slow1-0 n0)", 
        "(can-hold slow1-0 n1)", 
        "(can-hold slow1-0 n2)", 
        "(reachable-floor slow1-0 n4)", 
        "(reachable-floor slow1-0 n5)", 
        "(reachable-floor slow1-0 n6)", 
        "(reachable-floor slow1-0 n7)", 
        "(reachable-floor slow1-0 n8)", 
        "(passenger-at p2 n0)", 
        "(passenger-at p4 n0)", 
        "(= travel-slown0n1 6)", 
        "(= travel-slown0n2 7)", 
        "(= travel-slown0n3 8)", 
        "(= travel-slown0n4 9)", 
        "(= travel-slown1n2 6)", 
        "(= travel-slown1n3 7)", 
        "(= travel-slown1n4 8)", 
        "(= travel-slown2n3 6)", 
        "(= travel-slown2n4 7)", 
        "(= travel-slown3n4 6)", 
        "(= travel-slown4n5 6)", 
        "(= travel-slown4n6 7)", 
        "(= travel-slown4n7 8)", 
        "(= travel-slown4n8 9)", 
        "(= travel-slown5n6 6)", 
        "(= travel-slown5n7 7)", 
        "(= travel-slown5n8 8)", 
        "(= travel-slown6n7 6)", 
        "(= travel-slown6n8 7)", 
        "(= travel-slown7n8 6)", 
        "(= travel-fastn0n2 7)", 
        "(= travel-fastn0n4 13)", 
        "(= travel-fastn0n6 19)", 
        "(= travel-fastn0n8 25)", 
        "(= travel-fastn2n4 7)", 
        "(= travel-fastn2n6 13)", 
        "(= travel-fastn2n8 19)", 
        "(= travel-fastn4n6 7)", 
        "(= travel-fastn4n8 13)", 
        "(= travel-fastn6n8 7)", 
        "(= total-cost 0)", 
        "(lift-at slow0-0 n3)", 
        "(passenger-at p3 n4)", 
        "(boarded p1 fast1)", 
        "(boarded p5 fast1)", 
        "(boarded p0 fast1)", 
        "(passengers fast1 n3)", 
        "(lift-at fast1 n0)"
      ], 
      "delete_list": [
        "(lift-at fast1 n6)"
      ]
    }, 
    {
      "action": "(leave p5 fast1 n0 n3 n2)", 
      "add_list": [
        "(passenger-at p5 n0)", 
        "(passengers fast1 n2)"
      ], 
      "state": 11, 
      "literals": [
        "(next n0 n1)", 
        "(next n1 n2)", 
        "(next n2 n3)", 
        "(next n3 n4)", 
        "(next n4 n5)", 
        "(next n5 n6)", 
        "(next n6 n7)", 
        "(next n7 n8)", 
        "(above n0 n1)", 
        "(above n0 n2)", 
        "(above n0 n3)", 
        "(above n0 n4)", 
        "(above n0 n5)", 
        "(above n0 n6)", 
        "(above n0 n7)", 
        "(above n0 n8)", 
        "(above n1 n2)", 
        "(above n1 n3)", 
        "(above n1 n4)", 
        "(above n1 n5)", 
        "(above n1 n6)", 
        "(above n1 n7)", 
        "(above n1 n8)", 
        "(above n2 n3)", 
        "(above n2 n4)", 
        "(above n2 n5)", 
        "(above n2 n6)", 
        "(above n2 n7)", 
        "(above n2 n8)", 
        "(above n3 n4)", 
        "(above n3 n5)", 
        "(above n3 n6)", 
        "(above n3 n7)", 
        "(above n3 n8)", 
        "(above n4 n5)", 
        "(above n4 n6)", 
        "(above n4 n7)", 
        "(above n4 n8)", 
        "(above n5 n6)", 
        "(above n5 n7)", 
        "(above n5 n8)", 
        "(above n6 n7)", 
        "(above n6 n8)", 
        "(above n7 n8)", 
        "(lift-at fast0 n8)", 
        "(passengers fast0 n0)", 
        "(can-hold fast0 n1)", 
        "(can-hold fast0 n2)", 
        "(can-hold fast0 n3)", 
        "(reachable-floor fast0 n0)", 
        "(reachable-floor fast0 n2)", 
        "(reachable-floor fast0 n4)", 
        "(reachable-floor fast0 n6)", 
        "(reachable-floor fast0 n8)", 
        "(can-hold fast1 n1)", 
        "(can-hold fast1 n2)", 
        "(can-hold fast1 n3)", 
        "(reachable-floor fast1 n0)", 
        "(reachable-floor fast1 n2)", 
        "(reachable-floor fast1 n4)", 
        "(reachable-floor fast1 n6)", 
        "(reachable-floor fast1 n8)", 
        "(passengers slow0-0 n0)", 
        "(can-hold slow0-0 n1)", 
        "(can-hold slow0-0 n2)", 
        "(reachable-floor slow0-0 n0)", 
        "(reachable-floor slow0-0 n1)", 
        "(reachable-floor slow0-0 n2)", 
        "(reachable-floor slow0-0 n3)", 
        "(reachable-floor slow0-0 n4)", 
        "(lift-at slow1-0 n6)", 
        "(passengers slow1-0 n0)", 
        "(can-hold slow1-0 n1)", 
        "(can-hold slow1-0 n2)", 
        "(reachable-floor slow1-0 n4)", 
        "(reachable-floor slow1-0 n5)", 
        "(reachable-floor slow1-0 n6)", 
        "(reachable-floor slow1-0 n7)", 
        "(reachable-floor slow1-0 n8)", 
        "(passenger-at p2 n0)", 
        "(passenger-at p4 n0)", 
        "(= travel-slown0n1 6)", 
        "(= travel-slown0n2 7)", 
        "(= travel-slown0n3 8)", 
        "(= travel-slown0n4 9)", 
        "(= travel-slown1n2 6)", 
        "(= travel-slown1n3 7)", 
        "(= travel-slown1n4 8)", 
        "(= travel-slown2n3 6)", 
        "(= travel-slown2n4 7)", 
        "(= travel-slown3n4 6)", 
        "(= travel-slown4n5 6)", 
        "(= travel-slown4n6 7)", 
        "(= travel-slown4n7 8)", 
        "(= travel-slown4n8 9)", 
        "(= travel-slown5n6 6)", 
        "(= travel-slown5n7 7)", 
        "(= travel-slown5n8 8)", 
        "(= travel-slown6n7 6)", 
        "(= travel-slown6n8 7)", 
        "(= travel-slown7n8 6)", 
        "(= travel-fastn0n2 7)", 
        "(= travel-fastn0n4 13)", 
        "(= travel-fastn0n6 19)", 
        "(= travel-fastn0n8 25)", 
        "(= travel-fastn2n4 7)", 
        "(= travel-fastn2n6 13)", 
        "(= travel-fastn2n8 19)", 
        "(= travel-fastn4n6 7)", 
        "(= travel-fastn4n8 13)", 
        "(= travel-fastn6n8 7)", 
        "(= total-cost 0)", 
        "(lift-at slow0-0 n3)", 
        "(passenger-at p3 n4)", 
        "(boarded p1 fast1)", 
        "(boarded p0 fast1)", 
        "(lift-at fast1 n0)", 
        "(passenger-at p5 n0)", 
        "(passengers fast1 n2)"
      ], 
      "delete_list": [
        "(boarded p5 fast1)", 
        "(passengers fast1 n3)"
      ]
    }, 
    {
      "action": "(leave p0 fast1 n0 n2 n1)", 
      "add_list": [
        "(passenger-at p0 n0)", 
        "(passengers fast1 n1)"
      ], 
      "state": 12, 
      "literals": [
        "(next n0 n1)", 
        "(next n1 n2)", 
        "(next n2 n3)", 
        "(next n3 n4)", 
        "(next n4 n5)", 
        "(next n5 n6)", 
        "(next n6 n7)", 
        "(next n7 n8)", 
        "(above n0 n1)", 
        "(above n0 n2)", 
        "(above n0 n3)", 
        "(above n0 n4)", 
        "(above n0 n5)", 
        "(above n0 n6)", 
        "(above n0 n7)", 
        "(above n0 n8)", 
        "(above n1 n2)", 
        "(above n1 n3)", 
        "(above n1 n4)", 
        "(above n1 n5)", 
        "(above n1 n6)", 
        "(above n1 n7)", 
        "(above n1 n8)", 
        "(above n2 n3)", 
        "(above n2 n4)", 
        "(above n2 n5)", 
        "(above n2 n6)", 
        "(above n2 n7)", 
        "(above n2 n8)", 
        "(above n3 n4)", 
        "(above n3 n5)", 
        "(above n3 n6)", 
        "(above n3 n7)", 
        "(above n3 n8)", 
        "(above n4 n5)", 
        "(above n4 n6)", 
        "(above n4 n7)", 
        "(above n4 n8)", 
        "(above n5 n6)", 
        "(above n5 n7)", 
        "(above n5 n8)", 
        "(above n6 n7)", 
        "(above n6 n8)", 
        "(above n7 n8)", 
        "(lift-at fast0 n8)", 
        "(passengers fast0 n0)", 
        "(can-hold fast0 n1)", 
        "(can-hold fast0 n2)", 
        "(can-hold fast0 n3)", 
        "(reachable-floor fast0 n0)", 
        "(reachable-floor fast0 n2)", 
        "(reachable-floor fast0 n4)", 
        "(reachable-floor fast0 n6)", 
        "(reachable-floor fast0 n8)", 
        "(can-hold fast1 n1)", 
        "(can-hold fast1 n2)", 
        "(can-hold fast1 n3)", 
        "(reachable-floor fast1 n0)", 
        "(reachable-floor fast1 n2)", 
        "(reachable-floor fast1 n4)", 
        "(reachable-floor fast1 n6)", 
        "(reachable-floor fast1 n8)", 
        "(passengers slow0-0 n0)", 
        "(can-hold slow0-0 n1)", 
        "(can-hold slow0-0 n2)", 
        "(reachable-floor slow0-0 n0)", 
        "(reachable-floor slow0-0 n1)", 
        "(reachable-floor slow0-0 n2)", 
        "(reachable-floor slow0-0 n3)", 
        "(reachable-floor slow0-0 n4)", 
        "(lift-at slow1-0 n6)", 
        "(passengers slow1-0 n0)", 
        "(can-hold slow1-0 n1)", 
        "(can-hold slow1-0 n2)", 
        "(reachable-floor slow1-0 n4)", 
        "(reachable-floor slow1-0 n5)", 
        "(reachable-floor slow1-0 n6)", 
        "(reachable-floor slow1-0 n7)", 
        "(reachable-floor slow1-0 n8)", 
        "(passenger-at p2 n0)", 
        "(passenger-at p4 n0)", 
        "(= travel-slown0n1 6)", 
        "(= travel-slown0n2 7)", 
        "(= travel-slown0n3 8)", 
        "(= travel-slown0n4 9)", 
        "(= travel-slown1n2 6)", 
        "(= travel-slown1n3 7)", 
        "(= travel-slown1n4 8)", 
        "(= travel-slown2n3 6)", 
        "(= travel-slown2n4 7)", 
        "(= travel-slown3n4 6)", 
        "(= travel-slown4n5 6)", 
        "(= travel-slown4n6 7)", 
        "(= travel-slown4n7 8)", 
        "(= travel-slown4n8 9)", 
        "(= travel-slown5n6 6)", 
        "(= travel-slown5n7 7)", 
        "(= travel-slown5n8 8)", 
        "(= travel-slown6n7 6)", 
        "(= travel-slown6n8 7)", 
        "(= travel-slown7n8 6)", 
        "(= travel-fastn0n2 7)", 
        "(= travel-fastn0n4 13)", 
        "(= travel-fastn0n6 19)", 
        "(= travel-fastn0n8 25)", 
        "(= travel-fastn2n4 7)", 
        "(= travel-fastn2n6 13)", 
        "(= travel-fastn2n8 19)", 
        "(= travel-fastn4n6 7)", 
        "(= travel-fastn4n8 13)", 
        "(= travel-fastn6n8 7)", 
        "(= total-cost 0)", 
        "(lift-at slow0-0 n3)", 
        "(passenger-at p3 n4)", 
        "(boarded p1 fast1)", 
        "(lift-at fast1 n0)", 
        "(passenger-at p5 n0)", 
        "(passenger-at p0 n0)", 
        "(passengers fast1 n1)"
      ], 
      "delete_list": [
        "(boarded p0 fast1)", 
        "(passengers fast1 n2)"
      ]
    }, 
    {
      "action": "(move-up-fast fast1 n0 n8)", 
      "add_list": [
        "(lift-at fast1 n8)"
      ], 
      "state": 13, 
      "literals": [
        "(next n0 n1)", 
        "(next n1 n2)", 
        "(next n2 n3)", 
        "(next n3 n4)", 
        "(next n4 n5)", 
        "(next n5 n6)", 
        "(next n6 n7)", 
        "(next n7 n8)", 
        "(above n0 n1)", 
        "(above n0 n2)", 
        "(above n0 n3)", 
        "(above n0 n4)", 
        "(above n0 n5)", 
        "(above n0 n6)", 
        "(above n0 n7)", 
        "(above n0 n8)", 
        "(above n1 n2)", 
        "(above n1 n3)", 
        "(above n1 n4)", 
        "(above n1 n5)", 
        "(above n1 n6)", 
        "(above n1 n7)", 
        "(above n1 n8)", 
        "(above n2 n3)", 
        "(above n2 n4)", 
        "(above n2 n5)", 
        "(above n2 n6)", 
        "(above n2 n7)", 
        "(above n2 n8)", 
        "(above n3 n4)", 
        "(above n3 n5)", 
        "(above n3 n6)", 
        "(above n3 n7)", 
        "(above n3 n8)", 
        "(above n4 n5)", 
        "(above n4 n6)", 
        "(above n4 n7)", 
        "(above n4 n8)", 
        "(above n5 n6)", 
        "(above n5 n7)", 
        "(above n5 n8)", 
        "(above n6 n7)", 
        "(above n6 n8)", 
        "(above n7 n8)", 
        "(lift-at fast0 n8)", 
        "(passengers fast0 n0)", 
        "(can-hold fast0 n1)", 
        "(can-hold fast0 n2)", 
        "(can-hold fast0 n3)", 
        "(reachable-floor fast0 n0)", 
        "(reachable-floor fast0 n2)", 
        "(reachable-floor fast0 n4)", 
        "(reachable-floor fast0 n6)", 
        "(reachable-floor fast0 n8)", 
        "(can-hold fast1 n1)", 
        "(can-hold fast1 n2)", 
        "(can-hold fast1 n3)", 
        "(reachable-floor fast1 n0)", 
        "(reachable-floor fast1 n2)", 
        "(reachable-floor fast1 n4)", 
        "(reachable-floor fast1 n6)", 
        "(reachable-floor fast1 n8)", 
        "(passengers slow0-0 n0)", 
        "(can-hold slow0-0 n1)", 
        "(can-hold slow0-0 n2)", 
        "(reachable-floor slow0-0 n0)", 
        "(reachable-floor slow0-0 n1)", 
        "(reachable-floor slow0-0 n2)", 
        "(reachable-floor slow0-0 n3)", 
        "(reachable-floor slow0-0 n4)", 
        "(lift-at slow1-0 n6)", 
        "(passengers slow1-0 n0)", 
        "(can-hold slow1-0 n1)", 
        "(can-hold slow1-0 n2)", 
        "(reachable-floor slow1-0 n4)", 
        "(reachable-floor slow1-0 n5)", 
        "(reachable-floor slow1-0 n6)", 
        "(reachable-floor slow1-0 n7)", 
        "(reachable-floor slow1-0 n8)", 
        "(passenger-at p2 n0)", 
        "(passenger-at p4 n0)", 
        "(= travel-slown0n1 6)", 
        "(= travel-slown0n2 7)", 
        "(= travel-slown0n3 8)", 
        "(= travel-slown0n4 9)", 
        "(= travel-slown1n2 6)", 
        "(= travel-slown1n3 7)", 
        "(= travel-slown1n4 8)", 
        "(= travel-slown2n3 6)", 
        "(= travel-slown2n4 7)", 
        "(= travel-slown3n4 6)", 
        "(= travel-slown4n5 6)", 
        "(= travel-slown4n6 7)", 
        "(= travel-slown4n7 8)", 
        "(= travel-slown4n8 9)", 
        "(= travel-slown5n6 6)", 
        "(= travel-slown5n7 7)", 
        "(= travel-slown5n8 8)", 
        "(= travel-slown6n7 6)", 
        "(= travel-slown6n8 7)", 
        "(= travel-slown7n8 6)", 
        "(= travel-fastn0n2 7)", 
        "(= travel-fastn0n4 13)", 
        "(= travel-fastn0n6 19)", 
        "(= travel-fastn0n8 25)", 
        "(= travel-fastn2n4 7)", 
        "(= travel-fastn2n6 13)", 
        "(= travel-fastn2n8 19)", 
        "(= travel-fastn4n6 7)", 
        "(= travel-fastn4n8 13)", 
        "(= travel-fastn6n8 7)", 
        "(= total-cost 0)", 
        "(lift-at slow0-0 n3)", 
        "(passenger-at p3 n4)", 
        "(boarded p1 fast1)", 
        "(passenger-at p5 n0)", 
        "(passenger-at p0 n0)", 
        "(passengers fast1 n1)", 
        "(lift-at fast1 n8)"
      ], 
      "delete_list": [
        "(lift-at fast1 n0)"
      ]
    }, 
    {
      "action": "(leave p1 fast1 n8 n1 n0)", 
      "add_list": [
        "(passenger-at p1 n8)", 
        "(passengers fast1 n0)"
      ], 
      "state": 14, 
      "literals": [
        "(next n0 n1)", 
        "(next n1 n2)", 
        "(next n2 n3)", 
        "(next n3 n4)", 
        "(next n4 n5)", 
        "(next n5 n6)", 
        "(next n6 n7)", 
        "(next n7 n8)", 
        "(above n0 n1)", 
        "(above n0 n2)", 
        "(above n0 n3)", 
        "(above n0 n4)", 
        "(above n0 n5)", 
        "(above n0 n6)", 
        "(above n0 n7)", 
        "(above n0 n8)", 
        "(above n1 n2)", 
        "(above n1 n3)", 
        "(above n1 n4)", 
        "(above n1 n5)", 
        "(above n1 n6)", 
        "(above n1 n7)", 
        "(above n1 n8)", 
        "(above n2 n3)", 
        "(above n2 n4)", 
        "(above n2 n5)", 
        "(above n2 n6)", 
        "(above n2 n7)", 
        "(above n2 n8)", 
        "(above n3 n4)", 
        "(above n3 n5)", 
        "(above n3 n6)", 
        "(above n3 n7)", 
        "(above n3 n8)", 
        "(above n4 n5)", 
        "(above n4 n6)", 
        "(above n4 n7)", 
        "(above n4 n8)", 
        "(above n5 n6)", 
        "(above n5 n7)", 
        "(above n5 n8)", 
        "(above n6 n7)", 
        "(above n6 n8)", 
        "(above n7 n8)", 
        "(lift-at fast0 n8)", 
        "(passengers fast0 n0)", 
        "(can-hold fast0 n1)", 
        "(can-hold fast0 n2)", 
        "(can-hold fast0 n3)", 
        "(reachable-floor fast0 n0)", 
        "(reachable-floor fast0 n2)", 
        "(reachable-floor fast0 n4)", 
        "(reachable-floor fast0 n6)", 
        "(reachable-floor fast0 n8)", 
        "(can-hold fast1 n1)", 
        "(can-hold fast1 n2)", 
        "(can-hold fast1 n3)", 
        "(reachable-floor fast1 n0)", 
        "(reachable-floor fast1 n2)", 
        "(reachable-floor fast1 n4)", 
        "(reachable-floor fast1 n6)", 
        "(reachable-floor fast1 n8)", 
        "(passengers slow0-0 n0)", 
        "(can-hold slow0-0 n1)", 
        "(can-hold slow0-0 n2)", 
        "(reachable-floor slow0-0 n0)", 
        "(reachable-floor slow0-0 n1)", 
        "(reachable-floor slow0-0 n2)", 
        "(reachable-floor slow0-0 n3)", 
        "(reachable-floor slow0-0 n4)", 
        "(lift-at slow1-0 n6)", 
        "(passengers slow1-0 n0)", 
        "(can-hold slow1-0 n1)", 
        "(can-hold slow1-0 n2)", 
        "(reachable-floor slow1-0 n4)", 
        "(reachable-floor slow1-0 n5)", 
        "(reachable-floor slow1-0 n6)", 
        "(reachable-floor slow1-0 n7)", 
        "(reachable-floor slow1-0 n8)", 
        "(passenger-at p2 n0)", 
        "(passenger-at p4 n0)", 
        "(= travel-slown0n1 6)", 
        "(= travel-slown0n2 7)", 
        "(= travel-slown0n3 8)", 
        "(= travel-slown0n4 9)", 
        "(= travel-slown1n2 6)", 
        "(= travel-slown1n3 7)", 
        "(= travel-slown1n4 8)", 
        "(= travel-slown2n3 6)", 
        "(= travel-slown2n4 7)", 
        "(= travel-slown3n4 6)", 
        "(= travel-slown4n5 6)", 
        "(= travel-slown4n6 7)", 
        "(= travel-slown4n7 8)", 
        "(= travel-slown4n8 9)", 
        "(= travel-slown5n6 6)", 
        "(= travel-slown5n7 7)", 
        "(= travel-slown5n8 8)", 
        "(= travel-slown6n7 6)", 
        "(= travel-slown6n8 7)", 
        "(= travel-slown7n8 6)", 
        "(= travel-fastn0n2 7)", 
        "(= travel-fastn0n4 13)", 
        "(= travel-fastn0n6 19)", 
        "(= travel-fastn0n8 25)", 
        "(= travel-fastn2n4 7)", 
        "(= travel-fastn2n6 13)", 
        "(= travel-fastn2n8 19)", 
        "(= travel-fastn4n6 7)", 
        "(= travel-fastn4n8 13)", 
        "(= travel-fastn6n8 7)", 
        "(= total-cost 0)", 
        "(lift-at slow0-0 n3)", 
        "(passenger-at p3 n4)", 
        "(passenger-at p5 n0)", 
        "(passenger-at p0 n0)", 
        "(lift-at fast1 n8)", 
        "(passenger-at p1 n8)", 
        "(passengers fast1 n0)"
      ], 
      "delete_list": [
        "(boarded p1 fast1)", 
        "(passengers fast1 n1)"
      ]
    }, 
    {
      "action": "(move-down-slow slow0-0 n3 n0)", 
      "add_list": [
        "(lift-at slow0-0 n0)"
      ], 
      "state": 15, 
      "literals": [
        "(next n0 n1)", 
        "(next n1 n2)", 
        "(next n2 n3)", 
        "(next n3 n4)", 
        "(next n4 n5)", 
        "(next n5 n6)", 
        "(next n6 n7)", 
        "(next n7 n8)", 
        "(above n0 n1)", 
        "(above n0 n2)", 
        "(above n0 n3)", 
        "(above n0 n4)", 
        "(above n0 n5)", 
        "(above n0 n6)", 
        "(above n0 n7)", 
        "(above n0 n8)", 
        "(above n1 n2)", 
        "(above n1 n3)", 
        "(above n1 n4)", 
        "(above n1 n5)", 
        "(above n1 n6)", 
        "(above n1 n7)", 
        "(above n1 n8)", 
        "(above n2 n3)", 
        "(above n2 n4)", 
        "(above n2 n5)", 
        "(above n2 n6)", 
        "(above n2 n7)", 
        "(above n2 n8)", 
        "(above n3 n4)", 
        "(above n3 n5)", 
        "(above n3 n6)", 
        "(above n3 n7)", 
        "(above n3 n8)", 
        "(above n4 n5)", 
        "(above n4 n6)", 
        "(above n4 n7)", 
        "(above n4 n8)", 
        "(above n5 n6)", 
        "(above n5 n7)", 
        "(above n5 n8)", 
        "(above n6 n7)", 
        "(above n6 n8)", 
        "(above n7 n8)", 
        "(lift-at fast0 n8)", 
        "(passengers fast0 n0)", 
        "(can-hold fast0 n1)", 
        "(can-hold fast0 n2)", 
        "(can-hold fast0 n3)", 
        "(reachable-floor fast0 n0)", 
        "(reachable-floor fast0 n2)", 
        "(reachable-floor fast0 n4)", 
        "(reachable-floor fast0 n6)", 
        "(reachable-floor fast0 n8)", 
        "(can-hold fast1 n1)", 
        "(can-hold fast1 n2)", 
        "(can-hold fast1 n3)", 
        "(reachable-floor fast1 n0)", 
        "(reachable-floor fast1 n2)", 
        "(reachable-floor fast1 n4)", 
        "(reachable-floor fast1 n6)", 
        "(reachable-floor fast1 n8)", 
        "(passengers slow0-0 n0)", 
        "(can-hold slow0-0 n1)", 
        "(can-hold slow0-0 n2)", 
        "(reachable-floor slow0-0 n0)", 
        "(reachable-floor slow0-0 n1)", 
        "(reachable-floor slow0-0 n2)", 
        "(reachable-floor slow0-0 n3)", 
        "(reachable-floor slow0-0 n4)", 
        "(lift-at slow1-0 n6)", 
        "(passengers slow1-0 n0)", 
        "(can-hold slow1-0 n1)", 
        "(can-hold slow1-0 n2)", 
        "(reachable-floor slow1-0 n4)", 
        "(reachable-floor slow1-0 n5)", 
        "(reachable-floor slow1-0 n6)", 
        "(reachable-floor slow1-0 n7)", 
        "(reachable-floor slow1-0 n8)", 
        "(passenger-at p2 n0)", 
        "(passenger-at p4 n0)", 
        "(= travel-slown0n1 6)", 
        "(= travel-slown0n2 7)", 
        "(= travel-slown0n3 8)", 
        "(= travel-slown0n4 9)", 
        "(= travel-slown1n2 6)", 
        "(= travel-slown1n3 7)", 
        "(= travel-slown1n4 8)", 
        "(= travel-slown2n3 6)", 
        "(= travel-slown2n4 7)", 
        "(= travel-slown3n4 6)", 
        "(= travel-slown4n5 6)", 
        "(= travel-slown4n6 7)", 
        "(= travel-slown4n7 8)", 
        "(= travel-slown4n8 9)", 
        "(= travel-slown5n6 6)", 
        "(= travel-slown5n7 7)", 
        "(= travel-slown5n8 8)", 
        "(= travel-slown6n7 6)", 
        "(= travel-slown6n8 7)", 
        "(= travel-slown7n8 6)", 
        "(= travel-fastn0n2 7)", 
        "(= travel-fastn0n4 13)", 
        "(= travel-fastn0n6 19)", 
        "(= travel-fastn0n8 25)", 
        "(= travel-fastn2n4 7)", 
        "(= travel-fastn2n6 13)", 
        "(= travel-fastn2n8 19)", 
        "(= travel-fastn4n6 7)", 
        "(= travel-fastn4n8 13)", 
        "(= travel-fastn6n8 7)", 
        "(= total-cost 0)", 
        "(passenger-at p3 n4)", 
        "(passenger-at p5 n0)", 
        "(passenger-at p0 n0)", 
        "(lift-at fast1 n8)", 
        "(passenger-at p1 n8)", 
        "(passengers fast1 n0)", 
        "(lift-at slow0-0 n0)"
      ], 
      "delete_list": [
        "(lift-at slow0-0 n3)"
      ]
    }, 
    {
      "action": "(board p4 slow0-0 n0 n0 n1)", 
      "add_list": [
        "(boarded p4 slow0-0)", 
        "(passengers slow0-0 n1)"
      ], 
      "state": 16, 
      "literals": [
        "(next n0 n1)", 
        "(next n1 n2)", 
        "(next n2 n3)", 
        "(next n3 n4)", 
        "(next n4 n5)", 
        "(next n5 n6)", 
        "(next n6 n7)", 
        "(next n7 n8)", 
        "(above n0 n1)", 
        "(above n0 n2)", 
        "(above n0 n3)", 
        "(above n0 n4)", 
        "(above n0 n5)", 
        "(above n0 n6)", 
        "(above n0 n7)", 
        "(above n0 n8)", 
        "(above n1 n2)", 
        "(above n1 n3)", 
        "(above n1 n4)", 
        "(above n1 n5)", 
        "(above n1 n6)", 
        "(above n1 n7)", 
        "(above n1 n8)", 
        "(above n2 n3)", 
        "(above n2 n4)", 
        "(above n2 n5)", 
        "(above n2 n6)", 
        "(above n2 n7)", 
        "(above n2 n8)", 
        "(above n3 n4)", 
        "(above n3 n5)", 
        "(above n3 n6)", 
        "(above n3 n7)", 
        "(above n3 n8)", 
        "(above n4 n5)", 
        "(above n4 n6)", 
        "(above n4 n7)", 
        "(above n4 n8)", 
        "(above n5 n6)", 
        "(above n5 n7)", 
        "(above n5 n8)", 
        "(above n6 n7)", 
        "(above n6 n8)", 
        "(above n7 n8)", 
        "(lift-at fast0 n8)", 
        "(passengers fast0 n0)", 
        "(can-hold fast0 n1)", 
        "(can-hold fast0 n2)", 
        "(can-hold fast0 n3)", 
        "(reachable-floor fast0 n0)", 
        "(reachable-floor fast0 n2)", 
        "(reachable-floor fast0 n4)", 
        "(reachable-floor fast0 n6)", 
        "(reachable-floor fast0 n8)", 
        "(can-hold fast1 n1)", 
        "(can-hold fast1 n2)", 
        "(can-hold fast1 n3)", 
        "(reachable-floor fast1 n0)", 
        "(reachable-floor fast1 n2)", 
        "(reachable-floor fast1 n4)", 
        "(reachable-floor fast1 n6)", 
        "(reachable-floor fast1 n8)", 
        "(can-hold slow0-0 n1)", 
        "(can-hold slow0-0 n2)", 
        "(reachable-floor slow0-0 n0)", 
        "(reachable-floor slow0-0 n1)", 
        "(reachable-floor slow0-0 n2)", 
        "(reachable-floor slow0-0 n3)", 
        "(reachable-floor slow0-0 n4)", 
        "(lift-at slow1-0 n6)", 
        "(passengers slow1-0 n0)", 
        "(can-hold slow1-0 n1)", 
        "(can-hold slow1-0 n2)", 
        "(reachable-floor slow1-0 n4)", 
        "(reachable-floor slow1-0 n5)", 
        "(reachable-floor slow1-0 n6)", 
        "(reachable-floor slow1-0 n7)", 
        "(reachable-floor slow1-0 n8)", 
        "(passenger-at p2 n0)", 
        "(= travel-slown0n1 6)", 
        "(= travel-slown0n2 7)", 
        "(= travel-slown0n3 8)", 
        "(= travel-slown0n4 9)", 
        "(= travel-slown1n2 6)", 
        "(= travel-slown1n3 7)", 
        "(= travel-slown1n4 8)", 
        "(= travel-slown2n3 6)", 
        "(= travel-slown2n4 7)", 
        "(= travel-slown3n4 6)", 
        "(= travel-slown4n5 6)", 
        "(= travel-slown4n6 7)", 
        "(= travel-slown4n7 8)", 
        "(= travel-slown4n8 9)", 
        "(= travel-slown5n6 6)", 
        "(= travel-slown5n7 7)", 
        "(= travel-slown5n8 8)", 
        "(= travel-slown6n7 6)", 
        "(= travel-slown6n8 7)", 
        "(= travel-slown7n8 6)", 
        "(= travel-fastn0n2 7)", 
        "(= travel-fastn0n4 13)", 
        "(= travel-fastn0n6 19)", 
        "(= travel-fastn0n8 25)", 
        "(= travel-fastn2n4 7)", 
        "(= travel-fastn2n6 13)", 
        "(= travel-fastn2n8 19)", 
        "(= travel-fastn4n6 7)", 
        "(= travel-fastn4n8 13)", 
        "(= travel-fastn6n8 7)", 
        "(= total-cost 0)", 
        "(passenger-at p3 n4)", 
        "(passenger-at p5 n0)", 
        "(passenger-at p0 n0)", 
        "(lift-at fast1 n8)", 
        "(passenger-at p1 n8)", 
        "(passengers fast1 n0)", 
        "(lift-at slow0-0 n0)", 
        "(boarded p4 slow0-0)", 
        "(passengers slow0-0 n1)"
      ], 
      "delete_list": [
        "(passenger-at p4 n0)", 
        "(passengers slow0-0 n0)"
      ]
    }, 
    {
      "action": "(move-up-slow slow0-0 n0 n3)", 
      "add_list": [
        "(lift-at slow0-0 n3)"
      ], 
      "state": 17, 
      "literals": [
        "(next n0 n1)", 
        "(next n1 n2)", 
        "(next n2 n3)", 
        "(next n3 n4)", 
        "(next n4 n5)", 
        "(next n5 n6)", 
        "(next n6 n7)", 
        "(next n7 n8)", 
        "(above n0 n1)", 
        "(above n0 n2)", 
        "(above n0 n3)", 
        "(above n0 n4)", 
        "(above n0 n5)", 
        "(above n0 n6)", 
        "(above n0 n7)", 
        "(above n0 n8)", 
        "(above n1 n2)", 
        "(above n1 n3)", 
        "(above n1 n4)", 
        "(above n1 n5)", 
        "(above n1 n6)", 
        "(above n1 n7)", 
        "(above n1 n8)", 
        "(above n2 n3)", 
        "(above n2 n4)", 
        "(above n2 n5)", 
        "(above n2 n6)", 
        "(above n2 n7)", 
        "(above n2 n8)", 
        "(above n3 n4)", 
        "(above n3 n5)", 
        "(above n3 n6)", 
        "(above n3 n7)", 
        "(above n3 n8)", 
        "(above n4 n5)", 
        "(above n4 n6)", 
        "(above n4 n7)", 
        "(above n4 n8)", 
        "(above n5 n6)", 
        "(above n5 n7)", 
        "(above n5 n8)", 
        "(above n6 n7)", 
        "(above n6 n8)", 
        "(above n7 n8)", 
        "(lift-at fast0 n8)", 
        "(passengers fast0 n0)", 
        "(can-hold fast0 n1)", 
        "(can-hold fast0 n2)", 
        "(can-hold fast0 n3)", 
        "(reachable-floor fast0 n0)", 
        "(reachable-floor fast0 n2)", 
        "(reachable-floor fast0 n4)", 
        "(reachable-floor fast0 n6)", 
        "(reachable-floor fast0 n8)", 
        "(can-hold fast1 n1)", 
        "(can-hold fast1 n2)", 
        "(can-hold fast1 n3)", 
        "(reachable-floor fast1 n0)", 
        "(reachable-floor fast1 n2)", 
        "(reachable-floor fast1 n4)", 
        "(reachable-floor fast1 n6)", 
        "(reachable-floor fast1 n8)", 
        "(can-hold slow0-0 n1)", 
        "(can-hold slow0-0 n2)", 
        "(reachable-floor slow0-0 n0)", 
        "(reachable-floor slow0-0 n1)", 
        "(reachable-floor slow0-0 n2)", 
        "(reachable-floor slow0-0 n3)", 
        "(reachable-floor slow0-0 n4)", 
        "(lift-at slow1-0 n6)", 
        "(passengers slow1-0 n0)", 
        "(can-hold slow1-0 n1)", 
        "(can-hold slow1-0 n2)", 
        "(reachable-floor slow1-0 n4)", 
        "(reachable-floor slow1-0 n5)", 
        "(reachable-floor slow1-0 n6)", 
        "(reachable-floor slow1-0 n7)", 
        "(reachable-floor slow1-0 n8)", 
        "(passenger-at p2 n0)", 
        "(= travel-slown0n1 6)", 
        "(= travel-slown0n2 7)", 
        "(= travel-slown0n3 8)", 
        "(= travel-slown0n4 9)", 
        "(= travel-slown1n2 6)", 
        "(= travel-slown1n3 7)", 
        "(= travel-slown1n4 8)", 
        "(= travel-slown2n3 6)", 
        "(= travel-slown2n4 7)", 
        "(= travel-slown3n4 6)", 
        "(= travel-slown4n5 6)", 
        "(= travel-slown4n6 7)", 
        "(= travel-slown4n7 8)", 
        "(= travel-slown4n8 9)", 
        "(= travel-slown5n6 6)", 
        "(= travel-slown5n7 7)", 
        "(= travel-slown5n8 8)", 
        "(= travel-slown6n7 6)", 
        "(= travel-slown6n8 7)", 
        "(= travel-slown7n8 6)", 
        "(= travel-fastn0n2 7)", 
        "(= travel-fastn0n4 13)", 
        "(= travel-fastn0n6 19)", 
        "(= travel-fastn0n8 25)", 
        "(= travel-fastn2n4 7)", 
        "(= travel-fastn2n6 13)", 
        "(= travel-fastn2n8 19)", 
        "(= travel-fastn4n6 7)", 
        "(= travel-fastn4n8 13)", 
        "(= travel-fastn6n8 7)", 
        "(= total-cost 0)", 
        "(passenger-at p3 n4)", 
        "(passenger-at p5 n0)", 
        "(passenger-at p0 n0)", 
        "(lift-at fast1 n8)", 
        "(passenger-at p1 n8)", 
        "(passengers fast1 n0)", 
        "(boarded p4 slow0-0)", 
        "(passengers slow0-0 n1)", 
        "(lift-at slow0-0 n3)"
      ], 
      "delete_list": [
        "(lift-at slow0-0 n0)"
      ]
    }, 
    {
      "action": "(leave p4 slow0-0 n3 n1 n0)", 
      "add_list": [
        "(passenger-at p4 n3)", 
        "(passengers slow0-0 n0)"
      ], 
      "state": 18, 
      "literals": [
        "(next n0 n1)", 
        "(next n1 n2)", 
        "(next n2 n3)", 
        "(next n3 n4)", 
        "(next n4 n5)", 
        "(next n5 n6)", 
        "(next n6 n7)", 
        "(next n7 n8)", 
        "(above n0 n1)", 
        "(above n0 n2)", 
        "(above n0 n3)", 
        "(above n0 n4)", 
        "(above n0 n5)", 
        "(above n0 n6)", 
        "(above n0 n7)", 
        "(above n0 n8)", 
        "(above n1 n2)", 
        "(above n1 n3)", 
        "(above n1 n4)", 
        "(above n1 n5)", 
        "(above n1 n6)", 
        "(above n1 n7)", 
        "(above n1 n8)", 
        "(above n2 n3)", 
        "(above n2 n4)", 
        "(above n2 n5)", 
        "(above n2 n6)", 
        "(above n2 n7)", 
        "(above n2 n8)", 
        "(above n3 n4)", 
        "(above n3 n5)", 
        "(above n3 n6)", 
        "(above n3 n7)", 
        "(above n3 n8)", 
        "(above n4 n5)", 
        "(above n4 n6)", 
        "(above n4 n7)", 
        "(above n4 n8)", 
        "(above n5 n6)", 
        "(above n5 n7)", 
        "(above n5 n8)", 
        "(above n6 n7)", 
        "(above n6 n8)", 
        "(above n7 n8)", 
        "(lift-at fast0 n8)", 
        "(passengers fast0 n0)", 
        "(can-hold fast0 n1)", 
        "(can-hold fast0 n2)", 
        "(can-hold fast0 n3)", 
        "(reachable-floor fast0 n0)", 
        "(reachable-floor fast0 n2)", 
        "(reachable-floor fast0 n4)", 
        "(reachable-floor fast0 n6)", 
        "(reachable-floor fast0 n8)", 
        "(can-hold fast1 n1)", 
        "(can-hold fast1 n2)", 
        "(can-hold fast1 n3)", 
        "(reachable-floor fast1 n0)", 
        "(reachable-floor fast1 n2)", 
        "(reachable-floor fast1 n4)", 
        "(reachable-floor fast1 n6)", 
        "(reachable-floor fast1 n8)", 
        "(can-hold slow0-0 n1)", 
        "(can-hold slow0-0 n2)", 
        "(reachable-floor slow0-0 n0)", 
        "(reachable-floor slow0-0 n1)", 
        "(reachable-floor slow0-0 n2)", 
        "(reachable-floor slow0-0 n3)", 
        "(reachable-floor slow0-0 n4)", 
        "(lift-at slow1-0 n6)", 
        "(passengers slow1-0 n0)", 
        "(can-hold slow1-0 n1)", 
        "(can-hold slow1-0 n2)", 
        "(reachable-floor slow1-0 n4)", 
        "(reachable-floor slow1-0 n5)", 
        "(reachable-floor slow1-0 n6)", 
        "(reachable-floor slow1-0 n7)", 
        "(reachable-floor slow1-0 n8)", 
        "(passenger-at p2 n0)", 
        "(= travel-slown0n1 6)", 
        "(= travel-slown0n2 7)", 
        "(= travel-slown0n3 8)", 
        "(= travel-slown0n4 9)", 
        "(= travel-slown1n2 6)", 
        "(= travel-slown1n3 7)", 
        "(= travel-slown1n4 8)", 
        "(= travel-slown2n3 6)", 
        "(= travel-slown2n4 7)", 
        "(= travel-slown3n4 6)", 
        "(= travel-slown4n5 6)", 
        "(= travel-slown4n6 7)", 
        "(= travel-slown4n7 8)", 
        "(= travel-slown4n8 9)", 
        "(= travel-slown5n6 6)", 
        "(= travel-slown5n7 7)", 
        "(= travel-slown5n8 8)", 
        "(= travel-slown6n7 6)", 
        "(= travel-slown6n8 7)", 
        "(= travel-slown7n8 6)", 
        "(= travel-fastn0n2 7)", 
        "(= travel-fastn0n4 13)", 
        "(= travel-fastn0n6 19)", 
        "(= travel-fastn0n8 25)", 
        "(= travel-fastn2n4 7)", 
        "(= travel-fastn2n6 13)", 
        "(= travel-fastn2n8 19)", 
        "(= travel-fastn4n6 7)", 
        "(= travel-fastn4n8 13)", 
        "(= travel-fastn6n8 7)", 
        "(= total-cost 0)", 
        "(passenger-at p3 n4)", 
        "(passenger-at p5 n0)", 
        "(passenger-at p0 n0)", 
        "(lift-at fast1 n8)", 
        "(passenger-at p1 n8)", 
        "(passengers fast1 n0)", 
        "(lift-at slow0-0 n3)", 
        "(passenger-at p4 n3)", 
        "(passengers slow0-0 n0)"
      ], 
      "delete_list": [
        "(boarded p4 slow0-0)", 
        "(passengers slow0-0 n1)"
      ]
    }, 
    {
      "action": "(move-down-slow slow0-0 n3 n0)", 
      "add_list": [
        "(lift-at slow0-0 n0)"
      ], 
      "state": 19, 
      "literals": [
        "(next n0 n1)", 
        "(next n1 n2)", 
        "(next n2 n3)", 
        "(next n3 n4)", 
        "(next n4 n5)", 
        "(next n5 n6)", 
        "(next n6 n7)", 
        "(next n7 n8)", 
        "(above n0 n1)", 
        "(above n0 n2)", 
        "(above n0 n3)", 
        "(above n0 n4)", 
        "(above n0 n5)", 
        "(above n0 n6)", 
        "(above n0 n7)", 
        "(above n0 n8)", 
        "(above n1 n2)", 
        "(above n1 n3)", 
        "(above n1 n4)", 
        "(above n1 n5)", 
        "(above n1 n6)", 
        "(above n1 n7)", 
        "(above n1 n8)", 
        "(above n2 n3)", 
        "(above n2 n4)", 
        "(above n2 n5)", 
        "(above n2 n6)", 
        "(above n2 n7)", 
        "(above n2 n8)", 
        "(above n3 n4)", 
        "(above n3 n5)", 
        "(above n3 n6)", 
        "(above n3 n7)", 
        "(above n3 n8)", 
        "(above n4 n5)", 
        "(above n4 n6)", 
        "(above n4 n7)", 
        "(above n4 n8)", 
        "(above n5 n6)", 
        "(above n5 n7)", 
        "(above n5 n8)", 
        "(above n6 n7)", 
        "(above n6 n8)", 
        "(above n7 n8)", 
        "(lift-at fast0 n8)", 
        "(passengers fast0 n0)", 
        "(can-hold fast0 n1)", 
        "(can-hold fast0 n2)", 
        "(can-hold fast0 n3)", 
        "(reachable-floor fast0 n0)", 
        "(reachable-floor fast0 n2)", 
        "(reachable-floor fast0 n4)", 
        "(reachable-floor fast0 n6)", 
        "(reachable-floor fast0 n8)", 
        "(can-hold fast1 n1)", 
        "(can-hold fast1 n2)", 
        "(can-hold fast1 n3)", 
        "(reachable-floor fast1 n0)", 
        "(reachable-floor fast1 n2)", 
        "(reachable-floor fast1 n4)", 
        "(reachable-floor fast1 n6)", 
        "(reachable-floor fast1 n8)", 
        "(can-hold slow0-0 n1)", 
        "(can-hold slow0-0 n2)", 
        "(reachable-floor slow0-0 n0)", 
        "(reachable-floor slow0-0 n1)", 
        "(reachable-floor slow0-0 n2)", 
        "(reachable-floor slow0-0 n3)", 
        "(reachable-floor slow0-0 n4)", 
        "(lift-at slow1-0 n6)", 
        "(passengers slow1-0 n0)", 
        "(can-hold slow1-0 n1)", 
        "(can-hold slow1-0 n2)", 
        "(reachable-floor slow1-0 n4)", 
        "(reachable-floor slow1-0 n5)", 
        "(reachable-floor slow1-0 n6)", 
        "(reachable-floor slow1-0 n7)", 
        "(reachable-floor slow1-0 n8)", 
        "(passenger-at p2 n0)", 
        "(= travel-slown0n1 6)", 
        "(= travel-slown0n2 7)", 
        "(= travel-slown0n3 8)", 
        "(= travel-slown0n4 9)", 
        "(= travel-slown1n2 6)", 
        "(= travel-slown1n3 7)", 
        "(= travel-slown1n4 8)", 
        "(= travel-slown2n3 6)", 
        "(= travel-slown2n4 7)", 
        "(= travel-slown3n4 6)", 
        "(= travel-slown4n5 6)", 
        "(= travel-slown4n6 7)", 
        "(= travel-slown4n7 8)", 
        "(= travel-slown4n8 9)", 
        "(= travel-slown5n6 6)", 
        "(= travel-slown5n7 7)", 
        "(= travel-slown5n8 8)", 
        "(= travel-slown6n7 6)", 
        "(= travel-slown6n8 7)", 
        "(= travel-slown7n8 6)", 
        "(= travel-fastn0n2 7)", 
        "(= travel-fastn0n4 13)", 
        "(= travel-fastn0n6 19)", 
        "(= travel-fastn0n8 25)", 
        "(= travel-fastn2n4 7)", 
        "(= travel-fastn2n6 13)", 
        "(= travel-fastn2n8 19)", 
        "(= travel-fastn4n6 7)", 
        "(= travel-fastn4n8 13)", 
        "(= travel-fastn6n8 7)", 
        "(= total-cost 0)", 
        "(passenger-at p3 n4)", 
        "(passenger-at p5 n0)", 
        "(passenger-at p0 n0)", 
        "(lift-at fast1 n8)", 
        "(passenger-at p1 n8)", 
        "(passengers fast1 n0)", 
        "(passenger-at p4 n3)", 
        "(passengers slow0-0 n0)", 
        "(lift-at slow0-0 n0)"
      ], 
      "delete_list": [
        "(lift-at slow0-0 n3)"
      ]
    }, 
    {
      "action": "(board p2 slow0-0 n0 n0 n1)", 
      "add_list": [
        "(boarded p2 slow0-0)", 
        "(passengers slow0-0 n1)"
      ], 
      "state": 20, 
      "literals": [
        "(next n0 n1)", 
        "(next n1 n2)", 
        "(next n2 n3)", 
        "(next n3 n4)", 
        "(next n4 n5)", 
        "(next n5 n6)", 
        "(next n6 n7)", 
        "(next n7 n8)", 
        "(above n0 n1)", 
        "(above n0 n2)", 
        "(above n0 n3)", 
        "(above n0 n4)", 
        "(above n0 n5)", 
        "(above n0 n6)", 
        "(above n0 n7)", 
        "(above n0 n8)", 
        "(above n1 n2)", 
        "(above n1 n3)", 
        "(above n1 n4)", 
        "(above n1 n5)", 
        "(above n1 n6)", 
        "(above n1 n7)", 
        "(above n1 n8)", 
        "(above n2 n3)", 
        "(above n2 n4)", 
        "(above n2 n5)", 
        "(above n2 n6)", 
        "(above n2 n7)", 
        "(above n2 n8)", 
        "(above n3 n4)", 
        "(above n3 n5)", 
        "(above n3 n6)", 
        "(above n3 n7)", 
        "(above n3 n8)", 
        "(above n4 n5)", 
        "(above n4 n6)", 
        "(above n4 n7)", 
        "(above n4 n8)", 
        "(above n5 n6)", 
        "(above n5 n7)", 
        "(above n5 n8)", 
        "(above n6 n7)", 
        "(above n6 n8)", 
        "(above n7 n8)", 
        "(lift-at fast0 n8)", 
        "(passengers fast0 n0)", 
        "(can-hold fast0 n1)", 
        "(can-hold fast0 n2)", 
        "(can-hold fast0 n3)", 
        "(reachable-floor fast0 n0)", 
        "(reachable-floor fast0 n2)", 
        "(reachable-floor fast0 n4)", 
        "(reachable-floor fast0 n6)", 
        "(reachable-floor fast0 n8)", 
        "(can-hold fast1 n1)", 
        "(can-hold fast1 n2)", 
        "(can-hold fast1 n3)", 
        "(reachable-floor fast1 n0)", 
        "(reachable-floor fast1 n2)", 
        "(reachable-floor fast1 n4)", 
        "(reachable-floor fast1 n6)", 
        "(reachable-floor fast1 n8)", 
        "(can-hold slow0-0 n1)", 
        "(can-hold slow0-0 n2)", 
        "(reachable-floor slow0-0 n0)", 
        "(reachable-floor slow0-0 n1)", 
        "(reachable-floor slow0-0 n2)", 
        "(reachable-floor slow0-0 n3)", 
        "(reachable-floor slow0-0 n4)", 
        "(lift-at slow1-0 n6)", 
        "(passengers slow1-0 n0)", 
        "(can-hold slow1-0 n1)", 
        "(can-hold slow1-0 n2)", 
        "(reachable-floor slow1-0 n4)", 
        "(reachable-floor slow1-0 n5)", 
        "(reachable-floor slow1-0 n6)", 
        "(reachable-floor slow1-0 n7)", 
        "(reachable-floor slow1-0 n8)", 
        "(= travel-slown0n1 6)", 
        "(= travel-slown0n2 7)", 
        "(= travel-slown0n3 8)", 
        "(= travel-slown0n4 9)", 
        "(= travel-slown1n2 6)", 
        "(= travel-slown1n3 7)", 
        "(= travel-slown1n4 8)", 
        "(= travel-slown2n3 6)", 
        "(= travel-slown2n4 7)", 
        "(= travel-slown3n4 6)", 
        "(= travel-slown4n5 6)", 
        "(= travel-slown4n6 7)", 
        "(= travel-slown4n7 8)", 
        "(= travel-slown4n8 9)", 
        "(= travel-slown5n6 6)", 
        "(= travel-slown5n7 7)", 
        "(= travel-slown5n8 8)", 
        "(= travel-slown6n7 6)", 
        "(= travel-slown6n8 7)", 
        "(= travel-slown7n8 6)", 
        "(= travel-fastn0n2 7)", 
        "(= travel-fastn0n4 13)", 
        "(= travel-fastn0n6 19)", 
        "(= travel-fastn0n8 25)", 
        "(= travel-fastn2n4 7)", 
        "(= travel-fastn2n6 13)", 
        "(= travel-fastn2n8 19)", 
        "(= travel-fastn4n6 7)", 
        "(= travel-fastn4n8 13)", 
        "(= travel-fastn6n8 7)", 
        "(= total-cost 0)", 
        "(passenger-at p3 n4)", 
        "(passenger-at p5 n0)", 
        "(passenger-at p0 n0)", 
        "(lift-at fast1 n8)", 
        "(passenger-at p1 n8)", 
        "(passengers fast1 n0)", 
        "(passenger-at p4 n3)", 
        "(lift-at slow0-0 n0)", 
        "(boarded p2 slow0-0)", 
        "(passengers slow0-0 n1)"
      ], 
      "delete_list": [
        "(passenger-at p2 n0)", 
        "(passengers slow0-0 n0)"
      ]
    }, 
    {
      "action": "(move-up-slow slow0-0 n0 n4)", 
      "add_list": [
        "(lift-at slow0-0 n4)"
      ], 
      "state": 21, 
      "literals": [
        "(next n0 n1)", 
        "(next n1 n2)", 
        "(next n2 n3)", 
        "(next n3 n4)", 
        "(next n4 n5)", 
        "(next n5 n6)", 
        "(next n6 n7)", 
        "(next n7 n8)", 
        "(above n0 n1)", 
        "(above n0 n2)", 
        "(above n0 n3)", 
        "(above n0 n4)", 
        "(above n0 n5)", 
        "(above n0 n6)", 
        "(above n0 n7)", 
        "(above n0 n8)", 
        "(above n1 n2)", 
        "(above n1 n3)", 
        "(above n1 n4)", 
        "(above n1 n5)", 
        "(above n1 n6)", 
        "(above n1 n7)", 
        "(above n1 n8)", 
        "(above n2 n3)", 
        "(above n2 n4)", 
        "(above n2 n5)", 
        "(above n2 n6)", 
        "(above n2 n7)", 
        "(above n2 n8)", 
        "(above n3 n4)", 
        "(above n3 n5)", 
        "(above n3 n6)", 
        "(above n3 n7)", 
        "(above n3 n8)", 
        "(above n4 n5)", 
        "(above n4 n6)", 
        "(above n4 n7)", 
        "(above n4 n8)", 
        "(above n5 n6)", 
        "(above n5 n7)", 
        "(above n5 n8)", 
        "(above n6 n7)", 
        "(above n6 n8)", 
        "(above n7 n8)", 
        "(lift-at fast0 n8)", 
        "(passengers fast0 n0)", 
        "(can-hold fast0 n1)", 
        "(can-hold fast0 n2)", 
        "(can-hold fast0 n3)", 
        "(reachable-floor fast0 n0)", 
        "(reachable-floor fast0 n2)", 
        "(reachable-floor fast0 n4)", 
        "(reachable-floor fast0 n6)", 
        "(reachable-floor fast0 n8)", 
        "(can-hold fast1 n1)", 
        "(can-hold fast1 n2)", 
        "(can-hold fast1 n3)", 
        "(reachable-floor fast1 n0)", 
        "(reachable-floor fast1 n2)", 
        "(reachable-floor fast1 n4)", 
        "(reachable-floor fast1 n6)", 
        "(reachable-floor fast1 n8)", 
        "(can-hold slow0-0 n1)", 
        "(can-hold slow0-0 n2)", 
        "(reachable-floor slow0-0 n0)", 
        "(reachable-floor slow0-0 n1)", 
        "(reachable-floor slow0-0 n2)", 
        "(reachable-floor slow0-0 n3)", 
        "(reachable-floor slow0-0 n4)", 
        "(lift-at slow1-0 n6)", 
        "(passengers slow1-0 n0)", 
        "(can-hold slow1-0 n1)", 
        "(can-hold slow1-0 n2)", 
        "(reachable-floor slow1-0 n4)", 
        "(reachable-floor slow1-0 n5)", 
        "(reachable-floor slow1-0 n6)", 
        "(reachable-floor slow1-0 n7)", 
        "(reachable-floor slow1-0 n8)", 
        "(= travel-slown0n1 6)", 
        "(= travel-slown0n2 7)", 
        "(= travel-slown0n3 8)", 
        "(= travel-slown0n4 9)", 
        "(= travel-slown1n2 6)", 
        "(= travel-slown1n3 7)", 
        "(= travel-slown1n4 8)", 
        "(= travel-slown2n3 6)", 
        "(= travel-slown2n4 7)", 
        "(= travel-slown3n4 6)", 
        "(= travel-slown4n5 6)", 
        "(= travel-slown4n6 7)", 
        "(= travel-slown4n7 8)", 
        "(= travel-slown4n8 9)", 
        "(= travel-slown5n6 6)", 
        "(= travel-slown5n7 7)", 
        "(= travel-slown5n8 8)", 
        "(= travel-slown6n7 6)", 
        "(= travel-slown6n8 7)", 
        "(= travel-slown7n8 6)", 
        "(= travel-fastn0n2 7)", 
        "(= travel-fastn0n4 13)", 
        "(= travel-fastn0n6 19)", 
        "(= travel-fastn0n8 25)", 
        "(= travel-fastn2n4 7)", 
        "(= travel-fastn2n6 13)", 
        "(= travel-fastn2n8 19)", 
        "(= travel-fastn4n6 7)", 
        "(= travel-fastn4n8 13)", 
        "(= travel-fastn6n8 7)", 
        "(= total-cost 0)", 
        "(passenger-at p3 n4)", 
        "(passenger-at p5 n0)", 
        "(passenger-at p0 n0)", 
        "(lift-at fast1 n8)", 
        "(passenger-at p1 n8)", 
        "(passengers fast1 n0)", 
        "(passenger-at p4 n3)", 
        "(boarded p2 slow0-0)", 
        "(passengers slow0-0 n1)", 
        "(lift-at slow0-0 n4)"
      ], 
      "delete_list": [
        "(lift-at slow0-0 n0)"
      ]
    }, 
    {
      "action": "(leave p2 slow0-0 n4 n1 n0)", 
      "add_list": [
        "(passenger-at p2 n4)", 
        "(passengers slow0-0 n0)"
      ], 
      "state": 22, 
      "literals": [
        "(next n0 n1)", 
        "(next n1 n2)", 
        "(next n2 n3)", 
        "(next n3 n4)", 
        "(next n4 n5)", 
        "(next n5 n6)", 
        "(next n6 n7)", 
        "(next n7 n8)", 
        "(above n0 n1)", 
        "(above n0 n2)", 
        "(above n0 n3)", 
        "(above n0 n4)", 
        "(above n0 n5)", 
        "(above n0 n6)", 
        "(above n0 n7)", 
        "(above n0 n8)", 
        "(above n1 n2)", 
        "(above n1 n3)", 
        "(above n1 n4)", 
        "(above n1 n5)", 
        "(above n1 n6)", 
        "(above n1 n7)", 
        "(above n1 n8)", 
        "(above n2 n3)", 
        "(above n2 n4)", 
        "(above n2 n5)", 
        "(above n2 n6)", 
        "(above n2 n7)", 
        "(above n2 n8)", 
        "(above n3 n4)", 
        "(above n3 n5)", 
        "(above n3 n6)", 
        "(above n3 n7)", 
        "(above n3 n8)", 
        "(above n4 n5)", 
        "(above n4 n6)", 
        "(above n4 n7)", 
        "(above n4 n8)", 
        "(above n5 n6)", 
        "(above n5 n7)", 
        "(above n5 n8)", 
        "(above n6 n7)", 
        "(above n6 n8)", 
        "(above n7 n8)", 
        "(lift-at fast0 n8)", 
        "(passengers fast0 n0)", 
        "(can-hold fast0 n1)", 
        "(can-hold fast0 n2)", 
        "(can-hold fast0 n3)", 
        "(reachable-floor fast0 n0)", 
        "(reachable-floor fast0 n2)", 
        "(reachable-floor fast0 n4)", 
        "(reachable-floor fast0 n6)", 
        "(reachable-floor fast0 n8)", 
        "(can-hold fast1 n1)", 
        "(can-hold fast1 n2)", 
        "(can-hold fast1 n3)", 
        "(reachable-floor fast1 n0)", 
        "(reachable-floor fast1 n2)", 
        "(reachable-floor fast1 n4)", 
        "(reachable-floor fast1 n6)", 
        "(reachable-floor fast1 n8)", 
        "(can-hold slow0-0 n1)", 
        "(can-hold slow0-0 n2)", 
        "(reachable-floor slow0-0 n0)", 
        "(reachable-floor slow0-0 n1)", 
        "(reachable-floor slow0-0 n2)", 
        "(reachable-floor slow0-0 n3)", 
        "(reachable-floor slow0-0 n4)", 
        "(lift-at slow1-0 n6)", 
        "(passengers slow1-0 n0)", 
        "(can-hold slow1-0 n1)", 
        "(can-hold slow1-0 n2)", 
        "(reachable-floor slow1-0 n4)", 
        "(reachable-floor slow1-0 n5)", 
        "(reachable-floor slow1-0 n6)", 
        "(reachable-floor slow1-0 n7)", 
        "(reachable-floor slow1-0 n8)", 
        "(= travel-slown0n1 6)", 
        "(= travel-slown0n2 7)", 
        "(= travel-slown0n3 8)", 
        "(= travel-slown0n4 9)", 
        "(= travel-slown1n2 6)", 
        "(= travel-slown1n3 7)", 
        "(= travel-slown1n4 8)", 
        "(= travel-slown2n3 6)", 
        "(= travel-slown2n4 7)", 
        "(= travel-slown3n4 6)", 
        "(= travel-slown4n5 6)", 
        "(= travel-slown4n6 7)", 
        "(= travel-slown4n7 8)", 
        "(= travel-slown4n8 9)", 
        "(= travel-slown5n6 6)", 
        "(= travel-slown5n7 7)", 
        "(= travel-slown5n8 8)", 
        "(= travel-slown6n7 6)", 
        "(= travel-slown6n8 7)", 
        "(= travel-slown7n8 6)", 
        "(= travel-fastn0n2 7)", 
        "(= travel-fastn0n4 13)", 
        "(= travel-fastn0n6 19)", 
        "(= travel-fastn0n8 25)", 
        "(= travel-fastn2n4 7)", 
        "(= travel-fastn2n6 13)", 
        "(= travel-fastn2n8 19)", 
        "(= travel-fastn4n6 7)", 
        "(= travel-fastn4n8 13)", 
        "(= travel-fastn6n8 7)", 
        "(= total-cost 0)", 
        "(passenger-at p3 n4)", 
        "(passenger-at p5 n0)", 
        "(passenger-at p0 n0)", 
        "(lift-at fast1 n8)", 
        "(passenger-at p1 n8)", 
        "(passengers fast1 n0)", 
        "(passenger-at p4 n3)", 
        "(lift-at slow0-0 n4)", 
        "(passenger-at p2 n4)", 
        "(passengers slow0-0 n0)"
      ], 
      "delete_list": [
        "(boarded p2 slow0-0)", 
        "(passengers slow0-0 n1)"
      ]
    }
  ], 
  "domain_id": 58
}