{
  "domain": "floortile", 
  "inital_state": [
    "(= total-cost 0)", 
    "(robot-at robot1 tile_0-1)", 
    "(robot-has robot1 white)", 
    "(robot-at robot2 tile_2-2)", 
    "(robot-has robot2 black)", 
    "(available-color white)", 
    "(available-color black)", 
    "(clear tile_0-2)", 
    "(clear tile_0-3)", 
    "(clear tile_1-1)", 
    "(clear tile_1-2)", 
    "(clear tile_1-3)", 
    "(clear tile_2-1)", 
    "(clear tile_2-3)", 
    "(clear tile_3-1)", 
    "(clear tile_3-2)", 
    "(clear tile_3-3)", 
    "(up tile_1-1 tile_0-1)", 
    "(up tile_1-2 tile_0-2)", 
    "(up tile_1-3 tile_0-3)", 
    "(up tile_2-1 tile_1-1)", 
    "(up tile_2-2 tile_1-2)", 
    "(up tile_2-3 tile_1-3)", 
    "(up tile_3-1 tile_2-1)", 
    "(up tile_3-2 tile_2-2)", 
    "(up tile_3-3 tile_2-3)", 
    "(down tile_0-1 tile_1-1)", 
    "(down tile_0-2 tile_1-2)", 
    "(down tile_0-3 tile_1-3)", 
    "(down tile_1-1 tile_2-1)", 
    "(down tile_1-2 tile_2-2)", 
    "(down tile_1-3 tile_2-3)", 
    "(down tile_2-1 tile_3-1)", 
    "(down tile_2-2 tile_3-2)", 
    "(down tile_2-3 tile_3-3)", 
    "(right tile_0-2 tile_0-1)", 
    "(right tile_0-3 tile_0-2)", 
    "(right tile_1-2 tile_1-1)", 
    "(right tile_1-3 tile_1-2)", 
    "(right tile_2-2 tile_2-1)", 
    "(right tile_2-3 tile_2-2)", 
    "(right tile_3-2 tile_3-1)", 
    "(right tile_3-3 tile_3-2)", 
    "(left tile_0-1 tile_0-2)", 
    "(left tile_0-2 tile_0-3)", 
    "(left tile_1-1 tile_1-2)", 
    "(left tile_1-2 tile_1-3)", 
    "(left tile_2-1 tile_2-2)", 
    "(left tile_2-2 tile_2-3)", 
    "(left tile_3-1 tile_3-2)", 
    "(left tile_3-2 tile_3-3)"
  ], 
  "negative_goals": [], 
  "problem_id": 468, 
  "positive_goals": [
    "(painted tile_1-1 white)", 
    "(painted tile_1-2 black)", 
    "(painted tile_1-3 white)", 
    "(painted tile_2-1 black)", 
    "(painted tile_2-2 white)", 
    "(painted tile_2-3 black)", 
    "(painted tile_3-1 white)", 
    "(painted tile_3-2 black)", 
    "(painted tile_3-3 white)"
  ], 
  "plan_length": 31, 
  "plan_literals": [
    {
      "action": "(paint-up robot2 tile_3-2 tile_2-2 black)", 
      "add_list": [
        "(painted tile_3-2 black)"
      ], 
      "state": 0, 
      "literals": [
        "(= total-cost 0)", 
        "(robot-at robot1 tile_0-1)", 
        "(robot-has robot1 white)", 
        "(robot-at robot2 tile_2-2)", 
        "(robot-has robot2 black)", 
        "(available-color white)", 
        "(available-color black)", 
        "(clear tile_0-2)", 
        "(clear tile_0-3)", 
        "(clear tile_1-1)", 
        "(clear tile_1-2)", 
        "(clear tile_1-3)", 
        "(clear tile_2-1)", 
        "(clear tile_2-3)", 
        "(clear tile_3-1)", 
        "(clear tile_3-3)", 
        "(up tile_1-1 tile_0-1)", 
        "(up tile_1-2 tile_0-2)", 
        "(up tile_1-3 tile_0-3)", 
        "(up tile_2-1 tile_1-1)", 
        "(up tile_2-2 tile_1-2)", 
        "(up tile_2-3 tile_1-3)", 
        "(up tile_3-1 tile_2-1)", 
        "(up tile_3-2 tile_2-2)", 
        "(up tile_3-3 tile_2-3)", 
        "(down tile_0-1 tile_1-1)", 
        "(down tile_0-2 tile_1-2)", 
        "(down tile_0-3 tile_1-3)", 
        "(down tile_1-1 tile_2-1)", 
        "(down tile_1-2 tile_2-2)", 
        "(down tile_1-3 tile_2-3)", 
        "(down tile_2-1 tile_3-1)", 
        "(down tile_2-2 tile_3-2)", 
        "(down tile_2-3 tile_3-3)", 
        "(right tile_0-2 tile_0-1)", 
        "(right tile_0-3 tile_0-2)", 
        "(right tile_1-2 tile_1-1)", 
        "(right tile_1-3 tile_1-2)", 
        "(right tile_2-2 tile_2-1)", 
        "(right tile_2-3 tile_2-2)", 
        "(right tile_3-2 tile_3-1)", 
        "(right tile_3-3 tile_3-2)", 
        "(left tile_0-1 tile_0-2)", 
        "(left tile_0-2 tile_0-3)", 
        "(left tile_1-1 tile_1-2)", 
        "(left tile_1-2 tile_1-3)", 
        "(left tile_2-1 tile_2-2)", 
        "(left tile_2-2 tile_2-3)", 
        "(left tile_3-1 tile_3-2)", 
        "(left tile_3-2 tile_3-3)", 
        "(painted tile_3-2 black)"
      ], 
      "delete_list": [
        "(clear tile_3-2)"
      ]
    }, 
    {
      "action": "(right robot2 tile_2-2 tile_2-3)", 
      "add_list": [
        "(robot-at robot2 tile_2-3)", 
        "(clear tile_2-2)"
      ], 
      "state": 1, 
      "literals": [
        "(= total-cost 0)", 
        "(robot-at robot1 tile_0-1)", 
        "(robot-has robot1 white)", 
        "(robot-has robot2 black)", 
        "(available-color white)", 
        "(available-color black)", 
        "(clear tile_0-2)", 
        "(clear tile_0-3)", 
        "(clear tile_1-1)", 
        "(clear tile_1-2)", 
        "(clear tile_1-3)", 
        "(clear tile_2-1)", 
        "(clear tile_3-1)", 
        "(clear tile_3-3)", 
        "(up tile_1-1 tile_0-1)", 
        "(up tile_1-2 tile_0-2)", 
        "(up tile_1-3 tile_0-3)", 
        "(up tile_2-1 tile_1-1)", 
        "(up tile_2-2 tile_1-2)", 
        "(up tile_2-3 tile_1-3)", 
        "(up tile_3-1 tile_2-1)", 
        "(up tile_3-2 tile_2-2)", 
        "(up tile_3-3 tile_2-3)", 
        "(down tile_0-1 tile_1-1)", 
        "(down tile_0-2 tile_1-2)", 
        "(down tile_0-3 tile_1-3)", 
        "(down tile_1-1 tile_2-1)", 
        "(down tile_1-2 tile_2-2)", 
        "(down tile_1-3 tile_2-3)", 
        "(down tile_2-1 tile_3-1)", 
        "(down tile_2-2 tile_3-2)", 
        "(down tile_2-3 tile_3-3)", 
        "(right tile_0-2 tile_0-1)", 
        "(right tile_0-3 tile_0-2)", 
        "(right tile_1-2 tile_1-1)", 
        "(right tile_1-3 tile_1-2)", 
        "(right tile_2-2 tile_2-1)", 
        "(right tile_2-3 tile_2-2)", 
        "(right tile_3-2 tile_3-1)", 
        "(right tile_3-3 tile_3-2)", 
        "(left tile_0-1 tile_0-2)", 
        "(left tile_0-2 tile_0-3)", 
        "(left tile_1-1 tile_1-2)", 
        "(left tile_1-2 tile_1-3)", 
        "(left tile_2-1 tile_2-2)", 
        "(left tile_2-2 tile_2-3)", 
        "(left tile_3-1 tile_3-2)", 
        "(left tile_3-2 tile_3-3)", 
        "(painted tile_3-2 black)", 
        "(robot-at robot2 tile_2-3)", 
        "(clear tile_2-2)"
      ], 
      "delete_list": [
        "(robot-at robot2 tile_2-2)", 
        "(clear tile_2-3)"
      ]
    }, 
    {
      "action": "(up robot1 tile_0-1 tile_1-1)", 
      "add_list": [
        "(robot-at robot1 tile_1-1)", 
        "(clear tile_0-1)"
      ], 
      "state": 2, 
      "literals": [
        "(= total-cost 0)", 
        "(robot-has robot1 white)", 
        "(robot-has robot2 black)", 
        "(available-color white)", 
        "(available-color black)", 
        "(clear tile_0-2)", 
        "(clear tile_0-3)", 
        "(clear tile_1-2)", 
        "(clear tile_1-3)", 
        "(clear tile_2-1)", 
        "(clear tile_3-1)", 
        "(clear tile_3-3)", 
        "(up tile_1-1 tile_0-1)", 
        "(up tile_1-2 tile_0-2)", 
        "(up tile_1-3 tile_0-3)", 
        "(up tile_2-1 tile_1-1)", 
        "(up tile_2-2 tile_1-2)", 
        "(up tile_2-3 tile_1-3)", 
        "(up tile_3-1 tile_2-1)", 
        "(up tile_3-2 tile_2-2)", 
        "(up tile_3-3 tile_2-3)", 
        "(down tile_0-1 tile_1-1)", 
        "(down tile_0-2 tile_1-2)", 
        "(down tile_0-3 tile_1-3)", 
        "(down tile_1-1 tile_2-1)", 
        "(down tile_1-2 tile_2-2)", 
        "(down tile_1-3 tile_2-3)", 
        "(down tile_2-1 tile_3-1)", 
        "(down tile_2-2 tile_3-2)", 
        "(down tile_2-3 tile_3-3)", 
        "(right tile_0-2 tile_0-1)", 
        "(right tile_0-3 tile_0-2)", 
        "(right tile_1-2 tile_1-1)", 
        "(right tile_1-3 tile_1-2)", 
        "(right tile_2-2 tile_2-1)", 
        "(right tile_2-3 tile_2-2)", 
        "(right tile_3-2 tile_3-1)", 
        "(right tile_3-3 tile_3-2)", 
        "(left tile_0-1 tile_0-2)", 
        "(left tile_0-2 tile_0-3)", 
        "(left tile_1-1 tile_1-2)", 
        "(left tile_1-2 tile_1-3)", 
        "(left tile_2-1 tile_2-2)", 
        "(left tile_2-2 tile_2-3)", 
        "(left tile_3-1 tile_3-2)", 
        "(left tile_3-2 tile_3-3)", 
        "(painted tile_3-2 black)", 
        "(robot-at robot2 tile_2-3)", 
        "(clear tile_2-2)", 
        "(robot-at robot1 tile_1-1)", 
        "(clear tile_0-1)"
      ], 
      "delete_list": [
        "(robot-at robot1 tile_0-1)", 
        "(clear tile_1-1)"
      ]
    }, 
    {
      "action": "(up robot1 tile_1-1 tile_2-1)", 
      "add_list": [
        "(robot-at robot1 tile_2-1)", 
        "(clear tile_1-1)"
      ], 
      "state": 3, 
      "literals": [
        "(= total-cost 0)", 
        "(robot-has robot1 white)", 
        "(robot-has robot2 black)", 
        "(available-color white)", 
        "(available-color black)", 
        "(clear tile_0-2)", 
        "(clear tile_0-3)", 
        "(clear tile_1-2)", 
        "(clear tile_1-3)", 
        "(clear tile_3-1)", 
        "(clear tile_3-3)", 
        "(up tile_1-1 tile_0-1)", 
        "(up tile_1-2 tile_0-2)", 
        "(up tile_1-3 tile_0-3)", 
        "(up tile_2-1 tile_1-1)", 
        "(up tile_2-2 tile_1-2)", 
        "(up tile_2-3 tile_1-3)", 
        "(up tile_3-1 tile_2-1)", 
        "(up tile_3-2 tile_2-2)", 
        "(up tile_3-3 tile_2-3)", 
        "(down tile_0-1 tile_1-1)", 
        "(down tile_0-2 tile_1-2)", 
        "(down tile_0-3 tile_1-3)", 
        "(down tile_1-1 tile_2-1)", 
        "(down tile_1-2 tile_2-2)", 
        "(down tile_1-3 tile_2-3)", 
        "(down tile_2-1 tile_3-1)", 
        "(down tile_2-2 tile_3-2)", 
        "(down tile_2-3 tile_3-3)", 
        "(right tile_0-2 tile_0-1)", 
        "(right tile_0-3 tile_0-2)", 
        "(right tile_1-2 tile_1-1)", 
        "(right tile_1-3 tile_1-2)", 
        "(right tile_2-2 tile_2-1)", 
        "(right tile_2-3 tile_2-2)", 
        "(right tile_3-2 tile_3-1)", 
        "(right tile_3-3 tile_3-2)", 
        "(left tile_0-1 tile_0-2)", 
        "(left tile_0-2 tile_0-3)", 
        "(left tile_1-1 tile_1-2)", 
        "(left tile_1-2 tile_1-3)", 
        "(left tile_2-1 tile_2-2)", 
        "(left tile_2-2 tile_2-3)", 
        "(left tile_3-1 tile_3-2)", 
        "(left tile_3-2 tile_3-3)", 
        "(painted tile_3-2 black)", 
        "(robot-at robot2 tile_2-3)", 
        "(clear tile_2-2)", 
        "(clear tile_0-1)", 
        "(robot-at robot1 tile_2-1)", 
        "(clear tile_1-1)"
      ], 
      "delete_list": [
        "(robot-at robot1 tile_1-1)", 
        "(clear tile_2-1)"
      ]
    }, 
    {
      "action": "(paint-up robot1 tile_3-1 tile_2-1 white)", 
      "add_list": [
        "(painted tile_3-1 white)"
      ], 
      "state": 4, 
      "literals": [
        "(= total-cost 0)", 
        "(robot-has robot1 white)", 
        "(robot-has robot2 black)", 
        "(available-color white)", 
        "(available-color black)", 
        "(clear tile_0-2)", 
        "(clear tile_0-3)", 
        "(clear tile_1-2)", 
        "(clear tile_1-3)", 
        "(clear tile_3-3)", 
        "(up tile_1-1 tile_0-1)", 
        "(up tile_1-2 tile_0-2)", 
        "(up tile_1-3 tile_0-3)", 
        "(up tile_2-1 tile_1-1)", 
        "(up tile_2-2 tile_1-2)", 
        "(up tile_2-3 tile_1-3)", 
        "(up tile_3-1 tile_2-1)", 
        "(up tile_3-2 tile_2-2)", 
        "(up tile_3-3 tile_2-3)", 
        "(down tile_0-1 tile_1-1)", 
        "(down tile_0-2 tile_1-2)", 
        "(down tile_0-3 tile_1-3)", 
        "(down tile_1-1 tile_2-1)", 
        "(down tile_1-2 tile_2-2)", 
        "(down tile_1-3 tile_2-3)", 
        "(down tile_2-1 tile_3-1)", 
        "(down tile_2-2 tile_3-2)", 
        "(down tile_2-3 tile_3-3)", 
        "(right tile_0-2 tile_0-1)", 
        "(right tile_0-3 tile_0-2)", 
        "(right tile_1-2 tile_1-1)", 
        "(right tile_1-3 tile_1-2)", 
        "(right tile_2-2 tile_2-1)", 
        "(right tile_2-3 tile_2-2)", 
        "(right tile_3-2 tile_3-1)", 
        "(right tile_3-3 tile_3-2)", 
        "(left tile_0-1 tile_0-2)", 
        "(left tile_0-2 tile_0-3)", 
        "(left tile_1-1 tile_1-2)", 
        "(left tile_1-2 tile_1-3)", 
        "(left tile_2-1 tile_2-2)", 
        "(left tile_2-2 tile_2-3)", 
        "(left tile_3-1 tile_3-2)", 
        "(left tile_3-2 tile_3-3)", 
        "(painted tile_3-2 black)", 
        "(robot-at robot2 tile_2-3)", 
        "(clear tile_2-2)", 
        "(clear tile_0-1)", 
        "(robot-at robot1 tile_2-1)", 
        "(clear tile_1-1)", 
        "(painted tile_3-1 white)"
      ], 
      "delete_list": [
        "(clear tile_3-1)"
      ]
    }, 
    {
      "action": "(down robot2 tile_2-3 tile_1-3)", 
      "add_list": [
        "(robot-at robot2 tile_1-3)", 
        "(clear tile_2-3)"
      ], 
      "state": 5, 
      "literals": [
        "(= total-cost 0)", 
        "(robot-has robot1 white)", 
        "(robot-has robot2 black)", 
        "(available-color white)", 
        "(available-color black)", 
        "(clear tile_0-2)", 
        "(clear tile_0-3)", 
        "(clear tile_1-2)", 
        "(clear tile_3-3)", 
        "(up tile_1-1 tile_0-1)", 
        "(up tile_1-2 tile_0-2)", 
        "(up tile_1-3 tile_0-3)", 
        "(up tile_2-1 tile_1-1)", 
        "(up tile_2-2 tile_1-2)", 
        "(up tile_2-3 tile_1-3)", 
        "(up tile_3-1 tile_2-1)", 
        "(up tile_3-2 tile_2-2)", 
        "(up tile_3-3 tile_2-3)", 
        "(down tile_0-1 tile_1-1)", 
        "(down tile_0-2 tile_1-2)", 
        "(down tile_0-3 tile_1-3)", 
        "(down tile_1-1 tile_2-1)", 
        "(down tile_1-2 tile_2-2)", 
        "(down tile_1-3 tile_2-3)", 
        "(down tile_2-1 tile_3-1)", 
        "(down tile_2-2 tile_3-2)", 
        "(down tile_2-3 tile_3-3)", 
        "(right tile_0-2 tile_0-1)", 
        "(right tile_0-3 tile_0-2)", 
        "(right tile_1-2 tile_1-1)", 
        "(right tile_1-3 tile_1-2)", 
        "(right tile_2-2 tile_2-1)", 
        "(right tile_2-3 tile_2-2)", 
        "(right tile_3-2 tile_3-1)", 
        "(right tile_3-3 tile_3-2)", 
        "(left tile_0-1 tile_0-2)", 
        "(left tile_0-2 tile_0-3)", 
        "(left tile_1-1 tile_1-2)", 
        "(left tile_1-2 tile_1-3)", 
        "(left tile_2-1 tile_2-2)", 
        "(left tile_2-2 tile_2-3)", 
        "(left tile_3-1 tile_3-2)", 
        "(left tile_3-2 tile_3-3)", 
        "(painted tile_3-2 black)", 
        "(clear tile_2-2)", 
        "(clear tile_0-1)", 
        "(robot-at robot1 tile_2-1)", 
        "(clear tile_1-1)", 
        "(painted tile_3-1 white)", 
        "(robot-at robot2 tile_1-3)", 
        "(clear tile_2-3)"
      ], 
      "delete_list": [
        "(robot-at robot2 tile_2-3)", 
        "(clear tile_1-3)"
      ]
    }, 
    {
      "action": "(right robot1 tile_2-1 tile_2-2)", 
      "add_list": [
        "(robot-at robot1 tile_2-2)", 
        "(clear tile_2-1)"
      ], 
      "state": 6, 
      "literals": [
        "(= total-cost 0)", 
        "(robot-has robot1 white)", 
        "(robot-has robot2 black)", 
        "(available-color white)", 
        "(available-color black)", 
        "(clear tile_0-2)", 
        "(clear tile_0-3)", 
        "(clear tile_1-2)", 
        "(clear tile_3-3)", 
        "(up tile_1-1 tile_0-1)", 
        "(up tile_1-2 tile_0-2)", 
        "(up tile_1-3 tile_0-3)", 
        "(up tile_2-1 tile_1-1)", 
        "(up tile_2-2 tile_1-2)", 
        "(up tile_2-3 tile_1-3)", 
        "(up tile_3-1 tile_2-1)", 
        "(up tile_3-2 tile_2-2)", 
        "(up tile_3-3 tile_2-3)", 
        "(down tile_0-1 tile_1-1)", 
        "(down tile_0-2 tile_1-2)", 
        "(down tile_0-3 tile_1-3)", 
        "(down tile_1-1 tile_2-1)", 
        "(down tile_1-2 tile_2-2)", 
        "(down tile_1-3 tile_2-3)", 
        "(down tile_2-1 tile_3-1)", 
        "(down tile_2-2 tile_3-2)", 
        "(down tile_2-3 tile_3-3)", 
        "(right tile_0-2 tile_0-1)", 
        "(right tile_0-3 tile_0-2)", 
        "(right tile_1-2 tile_1-1)", 
        "(right tile_1-3 tile_1-2)", 
        "(right tile_2-2 tile_2-1)", 
        "(right tile_2-3 tile_2-2)", 
        "(right tile_3-2 tile_3-1)", 
        "(right tile_3-3 tile_3-2)", 
        "(left tile_0-1 tile_0-2)", 
        "(left tile_0-2 tile_0-3)", 
        "(left tile_1-1 tile_1-2)", 
        "(left tile_1-2 tile_1-3)", 
        "(left tile_2-1 tile_2-2)", 
        "(left tile_2-2 tile_2-3)", 
        "(left tile_3-1 tile_3-2)", 
        "(left tile_3-2 tile_3-3)", 
        "(painted tile_3-2 black)", 
        "(clear tile_0-1)", 
        "(clear tile_1-1)", 
        "(painted tile_3-1 white)", 
        "(robot-at robot2 tile_1-3)", 
        "(clear tile_2-3)", 
        "(robot-at robot1 tile_2-2)", 
        "(clear tile_2-1)"
      ], 
      "delete_list": [
        "(robot-at robot1 tile_2-1)", 
        "(clear tile_2-2)"
      ]
    }, 
    {
      "action": "(right robot1 tile_2-2 tile_2-3)", 
      "add_list": [
        "(robot-at robot1 tile_2-3)", 
        "(clear tile_2-2)"
      ], 
      "state": 7, 
      "literals": [
        "(= total-cost 0)", 
        "(robot-has robot1 white)", 
        "(robot-has robot2 black)", 
        "(available-color white)", 
        "(available-color black)", 
        "(clear tile_0-2)", 
        "(clear tile_0-3)", 
        "(clear tile_1-2)", 
        "(clear tile_3-3)", 
        "(up tile_1-1 tile_0-1)", 
        "(up tile_1-2 tile_0-2)", 
        "(up tile_1-3 tile_0-3)", 
        "(up tile_2-1 tile_1-1)", 
        "(up tile_2-2 tile_1-2)", 
        "(up tile_2-3 tile_1-3)", 
        "(up tile_3-1 tile_2-1)", 
        "(up tile_3-2 tile_2-2)", 
        "(up tile_3-3 tile_2-3)", 
        "(down tile_0-1 tile_1-1)", 
        "(down tile_0-2 tile_1-2)", 
        "(down tile_0-3 tile_1-3)", 
        "(down tile_1-1 tile_2-1)", 
        "(down tile_1-2 tile_2-2)", 
        "(down tile_1-3 tile_2-3)", 
        "(down tile_2-1 tile_3-1)", 
        "(down tile_2-2 tile_3-2)", 
        "(down tile_2-3 tile_3-3)", 
        "(right tile_0-2 tile_0-1)", 
        "(right tile_0-3 tile_0-2)", 
        "(right tile_1-2 tile_1-1)", 
        "(right tile_1-3 tile_1-2)", 
        "(right tile_2-2 tile_2-1)", 
        "(right tile_2-3 tile_2-2)", 
        "(right tile_3-2 tile_3-1)", 
        "(right tile_3-3 tile_3-2)", 
        "(left tile_0-1 tile_0-2)", 
        "(left tile_0-2 tile_0-3)", 
        "(left tile_1-1 tile_1-2)", 
        "(left tile_1-2 tile_1-3)", 
        "(left tile_2-1 tile_2-2)", 
        "(left tile_2-2 tile_2-3)", 
        "(left tile_3-1 tile_3-2)", 
        "(left tile_3-2 tile_3-3)", 
        "(painted tile_3-2 black)", 
        "(clear tile_0-1)", 
        "(clear tile_1-1)", 
        "(painted tile_3-1 white)", 
        "(robot-at robot2 tile_1-3)", 
        "(clear tile_2-1)", 
        "(robot-at robot1 tile_2-3)", 
        "(clear tile_2-2)"
      ], 
      "delete_list": [
        "(robot-at robot1 tile_2-2)", 
        "(clear tile_2-3)"
      ]
    }, 
    {
      "action": "(paint-up robot1 tile_3-3 tile_2-3 white)", 
      "add_list": [
        "(painted tile_3-3 white)"
      ], 
      "state": 8, 
      "literals": [
        "(= total-cost 0)", 
        "(robot-has robot1 white)", 
        "(robot-has robot2 black)", 
        "(available-color white)", 
        "(available-color black)", 
        "(clear tile_0-2)", 
        "(clear tile_0-3)", 
        "(clear tile_1-2)", 
        "(up tile_1-1 tile_0-1)", 
        "(up tile_1-2 tile_0-2)", 
        "(up tile_1-3 tile_0-3)", 
        "(up tile_2-1 tile_1-1)", 
        "(up tile_2-2 tile_1-2)", 
        "(up tile_2-3 tile_1-3)", 
        "(up tile_3-1 tile_2-1)", 
        "(up tile_3-2 tile_2-2)", 
        "(up tile_3-3 tile_2-3)", 
        "(down tile_0-1 tile_1-1)", 
        "(down tile_0-2 tile_1-2)", 
        "(down tile_0-3 tile_1-3)", 
        "(down tile_1-1 tile_2-1)", 
        "(down tile_1-2 tile_2-2)", 
        "(down tile_1-3 tile_2-3)", 
        "(down tile_2-1 tile_3-1)", 
        "(down tile_2-2 tile_3-2)", 
        "(down tile_2-3 tile_3-3)", 
        "(right tile_0-2 tile_0-1)", 
        "(right tile_0-3 tile_0-2)", 
        "(right tile_1-2 tile_1-1)", 
        "(right tile_1-3 tile_1-2)", 
        "(right tile_2-2 tile_2-1)", 
        "(right tile_2-3 tile_2-2)", 
        "(right tile_3-2 tile_3-1)", 
        "(right tile_3-3 tile_3-2)", 
        "(left tile_0-1 tile_0-2)", 
        "(left tile_0-2 tile_0-3)", 
        "(left tile_1-1 tile_1-2)", 
        "(left tile_1-2 tile_1-3)", 
        "(left tile_2-1 tile_2-2)", 
        "(left tile_2-2 tile_2-3)", 
        "(left tile_3-1 tile_3-2)", 
        "(left tile_3-2 tile_3-3)", 
        "(painted tile_3-2 black)", 
        "(clear tile_0-1)", 
        "(clear tile_1-1)", 
        "(painted tile_3-1 white)", 
        "(robot-at robot2 tile_1-3)", 
        "(clear tile_2-1)", 
        "(robot-at robot1 tile_2-3)", 
        "(clear tile_2-2)", 
        "(painted tile_3-3 white)"
      ], 
      "delete_list": [
        "(clear tile_3-3)"
      ]
    }, 
    {
      "action": "(left robot2 tile_1-3 tile_1-2)", 
      "add_list": [
        "(robot-at robot2 tile_1-2)", 
        "(clear tile_1-3)"
      ], 
      "state": 9, 
      "literals": [
        "(= total-cost 0)", 
        "(robot-has robot1 white)", 
        "(robot-has robot2 black)", 
        "(available-color white)", 
        "(available-color black)", 
        "(clear tile_0-2)", 
        "(clear tile_0-3)", 
        "(up tile_1-1 tile_0-1)", 
        "(up tile_1-2 tile_0-2)", 
        "(up tile_1-3 tile_0-3)", 
        "(up tile_2-1 tile_1-1)", 
        "(up tile_2-2 tile_1-2)", 
        "(up tile_2-3 tile_1-3)", 
        "(up tile_3-1 tile_2-1)", 
        "(up tile_3-2 tile_2-2)", 
        "(up tile_3-3 tile_2-3)", 
        "(down tile_0-1 tile_1-1)", 
        "(down tile_0-2 tile_1-2)", 
        "(down tile_0-3 tile_1-3)", 
        "(down tile_1-1 tile_2-1)", 
        "(down tile_1-2 tile_2-2)", 
        "(down tile_1-3 tile_2-3)", 
        "(down tile_2-1 tile_3-1)", 
        "(down tile_2-2 tile_3-2)", 
        "(down tile_2-3 tile_3-3)", 
        "(right tile_0-2 tile_0-1)", 
        "(right tile_0-3 tile_0-2)", 
        "(right tile_1-2 tile_1-1)", 
        "(right tile_1-3 tile_1-2)", 
        "(right tile_2-2 tile_2-1)", 
        "(right tile_2-3 tile_2-2)", 
        "(right tile_3-2 tile_3-1)", 
        "(right tile_3-3 tile_3-2)", 
        "(left tile_0-1 tile_0-2)", 
        "(left tile_0-2 tile_0-3)", 
        "(left tile_1-1 tile_1-2)", 
        "(left tile_1-2 tile_1-3)", 
        "(left tile_2-1 tile_2-2)", 
        "(left tile_2-2 tile_2-3)", 
        "(left tile_3-1 tile_3-2)", 
        "(left tile_3-2 tile_3-3)", 
        "(painted tile_3-2 black)", 
        "(clear tile_0-1)", 
        "(clear tile_1-1)", 
        "(painted tile_3-1 white)", 
        "(clear tile_2-1)", 
        "(robot-at robot1 tile_2-3)", 
        "(clear tile_2-2)", 
        "(painted tile_3-3 white)", 
        "(robot-at robot2 tile_1-2)", 
        "(clear tile_1-3)"
      ], 
      "delete_list": [
        "(robot-at robot2 tile_1-3)", 
        "(clear tile_1-2)"
      ]
    }, 
    {
      "action": "(left robot2 tile_1-2 tile_1-1)", 
      "add_list": [
        "(robot-at robot2 tile_1-1)", 
        "(clear tile_1-2)"
      ], 
      "state": 10, 
      "literals": [
        "(= total-cost 0)", 
        "(robot-has robot1 white)", 
        "(robot-has robot2 black)", 
        "(available-color white)", 
        "(available-color black)", 
        "(clear tile_0-2)", 
        "(clear tile_0-3)", 
        "(up tile_1-1 tile_0-1)", 
        "(up tile_1-2 tile_0-2)", 
        "(up tile_1-3 tile_0-3)", 
        "(up tile_2-1 tile_1-1)", 
        "(up tile_2-2 tile_1-2)", 
        "(up tile_2-3 tile_1-3)", 
        "(up tile_3-1 tile_2-1)", 
        "(up tile_3-2 tile_2-2)", 
        "(up tile_3-3 tile_2-3)", 
        "(down tile_0-1 tile_1-1)", 
        "(down tile_0-2 tile_1-2)", 
        "(down tile_0-3 tile_1-3)", 
        "(down tile_1-1 tile_2-1)", 
        "(down tile_1-2 tile_2-2)", 
        "(down tile_1-3 tile_2-3)", 
        "(down tile_2-1 tile_3-1)", 
        "(down tile_2-2 tile_3-2)", 
        "(down tile_2-3 tile_3-3)", 
        "(right tile_0-2 tile_0-1)", 
        "(right tile_0-3 tile_0-2)", 
        "(right tile_1-2 tile_1-1)", 
        "(right tile_1-3 tile_1-2)", 
        "(right tile_2-2 tile_2-1)", 
        "(right tile_2-3 tile_2-2)", 
        "(right tile_3-2 tile_3-1)", 
        "(right tile_3-3 tile_3-2)", 
        "(left tile_0-1 tile_0-2)", 
        "(left tile_0-2 tile_0-3)", 
        "(left tile_1-1 tile_1-2)", 
        "(left tile_1-2 tile_1-3)", 
        "(left tile_2-1 tile_2-2)", 
        "(left tile_2-2 tile_2-3)", 
        "(left tile_3-1 tile_3-2)", 
        "(left tile_3-2 tile_3-3)", 
        "(painted tile_3-2 black)", 
        "(clear tile_0-1)", 
        "(painted tile_3-1 white)", 
        "(clear tile_2-1)", 
        "(robot-at robot1 tile_2-3)", 
        "(clear tile_2-2)", 
        "(painted tile_3-3 white)", 
        "(clear tile_1-3)", 
        "(robot-at robot2 tile_1-1)", 
        "(clear tile_1-2)"
      ], 
      "delete_list": [
        "(robot-at robot2 tile_1-2)", 
        "(clear tile_1-1)"
      ]
    }, 
    {
      "action": "(paint-up robot2 tile_2-1 tile_1-1 black)", 
      "add_list": [
        "(painted tile_2-1 black)"
      ], 
      "state": 11, 
      "literals": [
        "(= total-cost 0)", 
        "(robot-has robot1 white)", 
        "(robot-has robot2 black)", 
        "(available-color white)", 
        "(available-color black)", 
        "(clear tile_0-2)", 
        "(clear tile_0-3)", 
        "(up tile_1-1 tile_0-1)", 
        "(up tile_1-2 tile_0-2)", 
        "(up tile_1-3 tile_0-3)", 
        "(up tile_2-1 tile_1-1)", 
        "(up tile_2-2 tile_1-2)", 
        "(up tile_2-3 tile_1-3)", 
        "(up tile_3-1 tile_2-1)", 
        "(up tile_3-2 tile_2-2)", 
        "(up tile_3-3 tile_2-3)", 
        "(down tile_0-1 tile_1-1)", 
        "(down tile_0-2 tile_1-2)", 
        "(down tile_0-3 tile_1-3)", 
        "(down tile_1-1 tile_2-1)", 
        "(down tile_1-2 tile_2-2)", 
        "(down tile_1-3 tile_2-3)", 
        "(down tile_2-1 tile_3-1)", 
        "(down tile_2-2 tile_3-2)", 
        "(down tile_2-3 tile_3-3)", 
        "(right tile_0-2 tile_0-1)", 
        "(right tile_0-3 tile_0-2)", 
        "(right tile_1-2 tile_1-1)", 
        "(right tile_1-3 tile_1-2)", 
        "(right tile_2-2 tile_2-1)", 
        "(right tile_2-3 tile_2-2)", 
        "(right tile_3-2 tile_3-1)", 
        "(right tile_3-3 tile_3-2)", 
        "(left tile_0-1 tile_0-2)", 
        "(left tile_0-2 tile_0-3)", 
        "(left tile_1-1 tile_1-2)", 
        "(left tile_1-2 tile_1-3)", 
        "(left tile_2-1 tile_2-2)", 
        "(left tile_2-2 tile_2-3)", 
        "(left tile_3-1 tile_3-2)", 
        "(left tile_3-2 tile_3-3)", 
        "(painted tile_3-2 black)", 
        "(clear tile_0-1)", 
        "(painted tile_3-1 white)", 
        "(robot-at robot1 tile_2-3)", 
        "(clear tile_2-2)", 
        "(painted tile_3-3 white)", 
        "(clear tile_1-3)", 
        "(robot-at robot2 tile_1-1)", 
        "(clear tile_1-2)", 
        "(painted tile_2-1 black)"
      ], 
      "delete_list": [
        "(clear tile_2-1)"
      ]
    }, 
    {
      "action": "(right robot2 tile_1-1 tile_1-2)", 
      "add_list": [
        "(robot-at robot2 tile_1-2)", 
        "(clear tile_1-1)"
      ], 
      "state": 12, 
      "literals": [
        "(= total-cost 0)", 
        "(robot-has robot1 white)", 
        "(robot-has robot2 black)", 
        "(available-color white)", 
        "(available-color black)", 
        "(clear tile_0-2)", 
        "(clear tile_0-3)", 
        "(up tile_1-1 tile_0-1)", 
        "(up tile_1-2 tile_0-2)", 
        "(up tile_1-3 tile_0-3)", 
        "(up tile_2-1 tile_1-1)", 
        "(up tile_2-2 tile_1-2)", 
        "(up tile_2-3 tile_1-3)", 
        "(up tile_3-1 tile_2-1)", 
        "(up tile_3-2 tile_2-2)", 
        "(up tile_3-3 tile_2-3)", 
        "(down tile_0-1 tile_1-1)", 
        "(down tile_0-2 tile_1-2)", 
        "(down tile_0-3 tile_1-3)", 
        "(down tile_1-1 tile_2-1)", 
        "(down tile_1-2 tile_2-2)", 
        "(down tile_1-3 tile_2-3)", 
        "(down tile_2-1 tile_3-1)", 
        "(down tile_2-2 tile_3-2)", 
        "(down tile_2-3 tile_3-3)", 
        "(right tile_0-2 tile_0-1)", 
        "(right tile_0-3 tile_0-2)", 
        "(right tile_1-2 tile_1-1)", 
        "(right tile_1-3 tile_1-2)", 
        "(right tile_2-2 tile_2-1)", 
        "(right tile_2-3 tile_2-2)", 
        "(right tile_3-2 tile_3-1)", 
        "(right tile_3-3 tile_3-2)", 
        "(left tile_0-1 tile_0-2)", 
        "(left tile_0-2 tile_0-3)", 
        "(left tile_1-1 tile_1-2)", 
        "(left tile_1-2 tile_1-3)", 
        "(left tile_2-1 tile_2-2)", 
        "(left tile_2-2 tile_2-3)", 
        "(left tile_3-1 tile_3-2)", 
        "(left tile_3-2 tile_3-3)", 
        "(painted tile_3-2 black)", 
        "(clear tile_0-1)", 
        "(painted tile_3-1 white)", 
        "(robot-at robot1 tile_2-3)", 
        "(clear tile_2-2)", 
        "(painted tile_3-3 white)", 
        "(clear tile_1-3)", 
        "(painted tile_2-1 black)", 
        "(robot-at robot2 tile_1-2)", 
        "(clear tile_1-1)"
      ], 
      "delete_list": [
        "(robot-at robot2 tile_1-1)", 
        "(clear tile_1-2)"
      ]
    }, 
    {
      "action": "(down robot1 tile_2-3 tile_1-3)", 
      "add_list": [
        "(robot-at robot1 tile_1-3)", 
        "(clear tile_2-3)"
      ], 
      "state": 13, 
      "literals": [
        "(= total-cost 0)", 
        "(robot-has robot1 white)", 
        "(robot-has robot2 black)", 
        "(available-color white)", 
        "(available-color black)", 
        "(clear tile_0-2)", 
        "(clear tile_0-3)", 
        "(up tile_1-1 tile_0-1)", 
        "(up tile_1-2 tile_0-2)", 
        "(up tile_1-3 tile_0-3)", 
        "(up tile_2-1 tile_1-1)", 
        "(up tile_2-2 tile_1-2)", 
        "(up tile_2-3 tile_1-3)", 
        "(up tile_3-1 tile_2-1)", 
        "(up tile_3-2 tile_2-2)", 
        "(up tile_3-3 tile_2-3)", 
        "(down tile_0-1 tile_1-1)", 
        "(down tile_0-2 tile_1-2)", 
        "(down tile_0-3 tile_1-3)", 
        "(down tile_1-1 tile_2-1)", 
        "(down tile_1-2 tile_2-2)", 
        "(down tile_1-3 tile_2-3)", 
        "(down tile_2-1 tile_3-1)", 
        "(down tile_2-2 tile_3-2)", 
        "(down tile_2-3 tile_3-3)", 
        "(right tile_0-2 tile_0-1)", 
        "(right tile_0-3 tile_0-2)", 
        "(right tile_1-2 tile_1-1)", 
        "(right tile_1-3 tile_1-2)", 
        "(right tile_2-2 tile_2-1)", 
        "(right tile_2-3 tile_2-2)", 
        "(right tile_3-2 tile_3-1)", 
        "(right tile_3-3 tile_3-2)", 
        "(left tile_0-1 tile_0-2)", 
        "(left tile_0-2 tile_0-3)", 
        "(left tile_1-1 tile_1-2)", 
        "(left tile_1-2 tile_1-3)", 
        "(left tile_2-1 tile_2-2)", 
        "(left tile_2-2 tile_2-3)", 
        "(left tile_3-1 tile_3-2)", 
        "(left tile_3-2 tile_3-3)", 
        "(painted tile_3-2 black)", 
        "(clear tile_0-1)", 
        "(painted tile_3-1 white)", 
        "(clear tile_2-2)", 
        "(painted tile_3-3 white)", 
        "(painted tile_2-1 black)", 
        "(robot-at robot2 tile_1-2)", 
        "(clear tile_1-1)", 
        "(robot-at robot1 tile_1-3)", 
        "(clear tile_2-3)"
      ], 
      "delete_list": [
        "(robot-at robot1 tile_2-3)", 
        "(clear tile_1-3)"
      ]
    }, 
    {
      "action": "(down robot1 tile_1-3 tile_0-3)", 
      "add_list": [
        "(robot-at robot1 tile_0-3)", 
        "(clear tile_1-3)"
      ], 
      "state": 14, 
      "literals": [
        "(= total-cost 0)", 
        "(robot-has robot1 white)", 
        "(robot-has robot2 black)", 
        "(available-color white)", 
        "(available-color black)", 
        "(clear tile_0-2)", 
        "(up tile_1-1 tile_0-1)", 
        "(up tile_1-2 tile_0-2)", 
        "(up tile_1-3 tile_0-3)", 
        "(up tile_2-1 tile_1-1)", 
        "(up tile_2-2 tile_1-2)", 
        "(up tile_2-3 tile_1-3)", 
        "(up tile_3-1 tile_2-1)", 
        "(up tile_3-2 tile_2-2)", 
        "(up tile_3-3 tile_2-3)", 
        "(down tile_0-1 tile_1-1)", 
        "(down tile_0-2 tile_1-2)", 
        "(down tile_0-3 tile_1-3)", 
        "(down tile_1-1 tile_2-1)", 
        "(down tile_1-2 tile_2-2)", 
        "(down tile_1-3 tile_2-3)", 
        "(down tile_2-1 tile_3-1)", 
        "(down tile_2-2 tile_3-2)", 
        "(down tile_2-3 tile_3-3)", 
        "(right tile_0-2 tile_0-1)", 
        "(right tile_0-3 tile_0-2)", 
        "(right tile_1-2 tile_1-1)", 
        "(right tile_1-3 tile_1-2)", 
        "(right tile_2-2 tile_2-1)", 
        "(right tile_2-3 tile_2-2)", 
        "(right tile_3-2 tile_3-1)", 
        "(right tile_3-3 tile_3-2)", 
        "(left tile_0-1 tile_0-2)", 
        "(left tile_0-2 tile_0-3)", 
        "(left tile_1-1 tile_1-2)", 
        "(left tile_1-2 tile_1-3)", 
        "(left tile_2-1 tile_2-2)", 
        "(left tile_2-2 tile_2-3)", 
        "(left tile_3-1 tile_3-2)", 
        "(left tile_3-2 tile_3-3)", 
        "(painted tile_3-2 black)", 
        "(clear tile_0-1)", 
        "(painted tile_3-1 white)", 
        "(clear tile_2-2)", 
        "(painted tile_3-3 white)", 
        "(painted tile_2-1 black)", 
        "(robot-at robot2 tile_1-2)", 
        "(clear tile_1-1)", 
        "(clear tile_2-3)", 
        "(robot-at robot1 tile_0-3)", 
        "(clear tile_1-3)"
      ], 
      "delete_list": [
        "(robot-at robot1 tile_1-3)", 
        "(clear tile_0-3)"
      ]
    }, 
    {
      "action": "(right robot2 tile_1-2 tile_1-3)", 
      "add_list": [
        "(robot-at robot2 tile_1-3)", 
        "(clear tile_1-2)"
      ], 
      "state": 15, 
      "literals": [
        "(= total-cost 0)", 
        "(robot-has robot1 white)", 
        "(robot-has robot2 black)", 
        "(available-color white)", 
        "(available-color black)", 
        "(clear tile_0-2)", 
        "(up tile_1-1 tile_0-1)", 
        "(up tile_1-2 tile_0-2)", 
        "(up tile_1-3 tile_0-3)", 
        "(up tile_2-1 tile_1-1)", 
        "(up tile_2-2 tile_1-2)", 
        "(up tile_2-3 tile_1-3)", 
        "(up tile_3-1 tile_2-1)", 
        "(up tile_3-2 tile_2-2)", 
        "(up tile_3-3 tile_2-3)", 
        "(down tile_0-1 tile_1-1)", 
        "(down tile_0-2 tile_1-2)", 
        "(down tile_0-3 tile_1-3)", 
        "(down tile_1-1 tile_2-1)", 
        "(down tile_1-2 tile_2-2)", 
        "(down tile_1-3 tile_2-3)", 
        "(down tile_2-1 tile_3-1)", 
        "(down tile_2-2 tile_3-2)", 
        "(down tile_2-3 tile_3-3)", 
        "(right tile_0-2 tile_0-1)", 
        "(right tile_0-3 tile_0-2)", 
        "(right tile_1-2 tile_1-1)", 
        "(right tile_1-3 tile_1-2)", 
        "(right tile_2-2 tile_2-1)", 
        "(right tile_2-3 tile_2-2)", 
        "(right tile_3-2 tile_3-1)", 
        "(right tile_3-3 tile_3-2)", 
        "(left tile_0-1 tile_0-2)", 
        "(left tile_0-2 tile_0-3)", 
        "(left tile_1-1 tile_1-2)", 
        "(left tile_1-2 tile_1-3)", 
        "(left tile_2-1 tile_2-2)", 
        "(left tile_2-2 tile_2-3)", 
        "(left tile_3-1 tile_3-2)", 
        "(left tile_3-2 tile_3-3)", 
        "(painted tile_3-2 black)", 
        "(clear tile_0-1)", 
        "(painted tile_3-1 white)", 
        "(clear tile_2-2)", 
        "(painted tile_3-3 white)", 
        "(painted tile_2-1 black)", 
        "(clear tile_1-1)", 
        "(clear tile_2-3)", 
        "(robot-at robot1 tile_0-3)", 
        "(robot-at robot2 tile_1-3)", 
        "(clear tile_1-2)"
      ], 
      "delete_list": [
        "(robot-at robot2 tile_1-2)", 
        "(clear tile_1-3)"
      ]
    }, 
    {
      "action": "(paint-up robot2 tile_2-3 tile_1-3 black)", 
      "add_list": [
        "(painted tile_2-3 black)"
      ], 
      "state": 16, 
      "literals": [
        "(= total-cost 0)", 
        "(robot-has robot1 white)", 
        "(robot-has robot2 black)", 
        "(available-color white)", 
        "(available-color black)", 
        "(clear tile_0-2)", 
        "(up tile_1-1 tile_0-1)", 
        "(up tile_1-2 tile_0-2)", 
        "(up tile_1-3 tile_0-3)", 
        "(up tile_2-1 tile_1-1)", 
        "(up tile_2-2 tile_1-2)", 
        "(up tile_2-3 tile_1-3)", 
        "(up tile_3-1 tile_2-1)", 
        "(up tile_3-2 tile_2-2)", 
        "(up tile_3-3 tile_2-3)", 
        "(down tile_0-1 tile_1-1)", 
        "(down tile_0-2 tile_1-2)", 
        "(down tile_0-3 tile_1-3)", 
        "(down tile_1-1 tile_2-1)", 
        "(down tile_1-2 tile_2-2)", 
        "(down tile_1-3 tile_2-3)", 
        "(down tile_2-1 tile_3-1)", 
        "(down tile_2-2 tile_3-2)", 
        "(down tile_2-3 tile_3-3)", 
        "(right tile_0-2 tile_0-1)", 
        "(right tile_0-3 tile_0-2)", 
        "(right tile_1-2 tile_1-1)", 
        "(right tile_1-3 tile_1-2)", 
        "(right tile_2-2 tile_2-1)", 
        "(right tile_2-3 tile_2-2)", 
        "(right tile_3-2 tile_3-1)", 
        "(right tile_3-3 tile_3-2)", 
        "(left tile_0-1 tile_0-2)", 
        "(left tile_0-2 tile_0-3)", 
        "(left tile_1-1 tile_1-2)", 
        "(left tile_1-2 tile_1-3)", 
        "(left tile_2-1 tile_2-2)", 
        "(left tile_2-2 tile_2-3)", 
        "(left tile_3-1 tile_3-2)", 
        "(left tile_3-2 tile_3-3)", 
        "(painted tile_3-2 black)", 
        "(clear tile_0-1)", 
        "(painted tile_3-1 white)", 
        "(clear tile_2-2)", 
        "(painted tile_3-3 white)", 
        "(painted tile_2-1 black)", 
        "(clear tile_1-1)", 
        "(robot-at robot1 tile_0-3)", 
        "(robot-at robot2 tile_1-3)", 
        "(clear tile_1-2)", 
        "(painted tile_2-3 black)"
      ], 
      "delete_list": [
        "(clear tile_2-3)"
      ]
    }, 
    {
      "action": "(left robot2 tile_1-3 tile_1-2)", 
      "add_list": [
        "(robot-at robot2 tile_1-2)", 
        "(clear tile_1-3)"
      ], 
      "state": 17, 
      "literals": [
        "(= total-cost 0)", 
        "(robot-has robot1 white)", 
        "(robot-has robot2 black)", 
        "(available-color white)", 
        "(available-color black)", 
        "(clear tile_0-2)", 
        "(up tile_1-1 tile_0-1)", 
        "(up tile_1-2 tile_0-2)", 
        "(up tile_1-3 tile_0-3)", 
        "(up tile_2-1 tile_1-1)", 
        "(up tile_2-2 tile_1-2)", 
        "(up tile_2-3 tile_1-3)", 
        "(up tile_3-1 tile_2-1)", 
        "(up tile_3-2 tile_2-2)", 
        "(up tile_3-3 tile_2-3)", 
        "(down tile_0-1 tile_1-1)", 
        "(down tile_0-2 tile_1-2)", 
        "(down tile_0-3 tile_1-3)", 
        "(down tile_1-1 tile_2-1)", 
        "(down tile_1-2 tile_2-2)", 
        "(down tile_1-3 tile_2-3)", 
        "(down tile_2-1 tile_3-1)", 
        "(down tile_2-2 tile_3-2)", 
        "(down tile_2-3 tile_3-3)", 
        "(right tile_0-2 tile_0-1)", 
        "(right tile_0-3 tile_0-2)", 
        "(right tile_1-2 tile_1-1)", 
        "(right tile_1-3 tile_1-2)", 
        "(right tile_2-2 tile_2-1)", 
        "(right tile_2-3 tile_2-2)", 
        "(right tile_3-2 tile_3-1)", 
        "(right tile_3-3 tile_3-2)", 
        "(left tile_0-1 tile_0-2)", 
        "(left tile_0-2 tile_0-3)", 
        "(left tile_1-1 tile_1-2)", 
        "(left tile_1-2 tile_1-3)", 
        "(left tile_2-1 tile_2-2)", 
        "(left tile_2-2 tile_2-3)", 
        "(left tile_3-1 tile_3-2)", 
        "(left tile_3-2 tile_3-3)", 
        "(painted tile_3-2 black)", 
        "(clear tile_0-1)", 
        "(painted tile_3-1 white)", 
        "(clear tile_2-2)", 
        "(painted tile_3-3 white)", 
        "(painted tile_2-1 black)", 
        "(clear tile_1-1)", 
        "(robot-at robot1 tile_0-3)", 
        "(painted tile_2-3 black)", 
        "(robot-at robot2 tile_1-2)", 
        "(clear tile_1-3)"
      ], 
      "delete_list": [
        "(robot-at robot2 tile_1-3)", 
        "(clear tile_1-2)"
      ]
    }, 
    {
      "action": "(paint-up robot1 tile_1-3 tile_0-3 white)", 
      "add_list": [
        "(painted tile_1-3 white)"
      ], 
      "state": 18, 
      "literals": [
        "(= total-cost 0)", 
        "(robot-has robot1 white)", 
        "(robot-has robot2 black)", 
        "(available-color white)", 
        "(available-color black)", 
        "(clear tile_0-2)", 
        "(up tile_1-1 tile_0-1)", 
        "(up tile_1-2 tile_0-2)", 
        "(up tile_1-3 tile_0-3)", 
        "(up tile_2-1 tile_1-1)", 
        "(up tile_2-2 tile_1-2)", 
        "(up tile_2-3 tile_1-3)", 
        "(up tile_3-1 tile_2-1)", 
        "(up tile_3-2 tile_2-2)", 
        "(up tile_3-3 tile_2-3)", 
        "(down tile_0-1 tile_1-1)", 
        "(down tile_0-2 tile_1-2)", 
        "(down tile_0-3 tile_1-3)", 
        "(down tile_1-1 tile_2-1)", 
        "(down tile_1-2 tile_2-2)", 
        "(down tile_1-3 tile_2-3)", 
        "(down tile_2-1 tile_3-1)", 
        "(down tile_2-2 tile_3-2)", 
        "(down tile_2-3 tile_3-3)", 
        "(right tile_0-2 tile_0-1)", 
        "(right tile_0-3 tile_0-2)", 
        "(right tile_1-2 tile_1-1)", 
        "(right tile_1-3 tile_1-2)", 
        "(right tile_2-2 tile_2-1)", 
        "(right tile_2-3 tile_2-2)", 
        "(right tile_3-2 tile_3-1)", 
        "(right tile_3-3 tile_3-2)", 
        "(left tile_0-1 tile_0-2)", 
        "(left tile_0-2 tile_0-3)", 
        "(left tile_1-1 tile_1-2)", 
        "(left tile_1-2 tile_1-3)", 
        "(left tile_2-1 tile_2-2)", 
        "(left tile_2-2 tile_2-3)", 
        "(left tile_3-1 tile_3-2)", 
        "(left tile_3-2 tile_3-3)", 
        "(painted tile_3-2 black)", 
        "(clear tile_0-1)", 
        "(painted tile_3-1 white)", 
        "(clear tile_2-2)", 
        "(painted tile_3-3 white)", 
        "(painted tile_2-1 black)", 
        "(clear tile_1-1)", 
        "(robot-at robot1 tile_0-3)", 
        "(painted tile_2-3 black)", 
        "(robot-at robot2 tile_1-2)", 
        "(painted tile_1-3 white)"
      ], 
      "delete_list": [
        "(clear tile_1-3)"
      ]
    }, 
    {
      "action": "(left robot1 tile_0-3 tile_0-2)", 
      "add_list": [
        "(robot-at robot1 tile_0-2)", 
        "(clear tile_0-3)"
      ], 
      "state": 19, 
      "literals": [
        "(= total-cost 0)", 
        "(robot-has robot1 white)", 
        "(robot-has robot2 black)", 
        "(available-color white)", 
        "(available-color black)", 
        "(up tile_1-1 tile_0-1)", 
        "(up tile_1-2 tile_0-2)", 
        "(up tile_1-3 tile_0-3)", 
        "(up tile_2-1 tile_1-1)", 
        "(up tile_2-2 tile_1-2)", 
        "(up tile_2-3 tile_1-3)", 
        "(up tile_3-1 tile_2-1)", 
        "(up tile_3-2 tile_2-2)", 
        "(up tile_3-3 tile_2-3)", 
        "(down tile_0-1 tile_1-1)", 
        "(down tile_0-2 tile_1-2)", 
        "(down tile_0-3 tile_1-3)", 
        "(down tile_1-1 tile_2-1)", 
        "(down tile_1-2 tile_2-2)", 
        "(down tile_1-3 tile_2-3)", 
        "(down tile_2-1 tile_3-1)", 
        "(down tile_2-2 tile_3-2)", 
        "(down tile_2-3 tile_3-3)", 
        "(right tile_0-2 tile_0-1)", 
        "(right tile_0-3 tile_0-2)", 
        "(right tile_1-2 tile_1-1)", 
        "(right tile_1-3 tile_1-2)", 
        "(right tile_2-2 tile_2-1)", 
        "(right tile_2-3 tile_2-2)", 
        "(right tile_3-2 tile_3-1)", 
        "(right tile_3-3 tile_3-2)", 
        "(left tile_0-1 tile_0-2)", 
        "(left tile_0-2 tile_0-3)", 
        "(left tile_1-1 tile_1-2)", 
        "(left tile_1-2 tile_1-3)", 
        "(left tile_2-1 tile_2-2)", 
        "(left tile_2-2 tile_2-3)", 
        "(left tile_3-1 tile_3-2)", 
        "(left tile_3-2 tile_3-3)", 
        "(painted tile_3-2 black)", 
        "(clear tile_0-1)", 
        "(painted tile_3-1 white)", 
        "(clear tile_2-2)", 
        "(painted tile_3-3 white)", 
        "(painted tile_2-1 black)", 
        "(clear tile_1-1)", 
        "(painted tile_2-3 black)", 
        "(robot-at robot2 tile_1-2)", 
        "(painted tile_1-3 white)", 
        "(robot-at robot1 tile_0-2)", 
        "(clear tile_0-3)"
      ], 
      "delete_list": [
        "(robot-at robot1 tile_0-3)", 
        "(clear tile_0-2)"
      ]
    }, 
    {
      "action": "(left robot1 tile_0-2 tile_0-1)", 
      "add_list": [
        "(robot-at robot1 tile_0-1)", 
        "(clear tile_0-2)"
      ], 
      "state": 20, 
      "literals": [
        "(= total-cost 0)", 
        "(robot-has robot1 white)", 
        "(robot-has robot2 black)", 
        "(available-color white)", 
        "(available-color black)", 
        "(up tile_1-1 tile_0-1)", 
        "(up tile_1-2 tile_0-2)", 
        "(up tile_1-3 tile_0-3)", 
        "(up tile_2-1 tile_1-1)", 
        "(up tile_2-2 tile_1-2)", 
        "(up tile_2-3 tile_1-3)", 
        "(up tile_3-1 tile_2-1)", 
        "(up tile_3-2 tile_2-2)", 
        "(up tile_3-3 tile_2-3)", 
        "(down tile_0-1 tile_1-1)", 
        "(down tile_0-2 tile_1-2)", 
        "(down tile_0-3 tile_1-3)", 
        "(down tile_1-1 tile_2-1)", 
        "(down tile_1-2 tile_2-2)", 
        "(down tile_1-3 tile_2-3)", 
        "(down tile_2-1 tile_3-1)", 
        "(down tile_2-2 tile_3-2)", 
        "(down tile_2-3 tile_3-3)", 
        "(right tile_0-2 tile_0-1)", 
        "(right tile_0-3 tile_0-2)", 
        "(right tile_1-2 tile_1-1)", 
        "(right tile_1-3 tile_1-2)", 
        "(right tile_2-2 tile_2-1)", 
        "(right tile_2-3 tile_2-2)", 
        "(right tile_3-2 tile_3-1)", 
        "(right tile_3-3 tile_3-2)", 
        "(left tile_0-1 tile_0-2)", 
        "(left tile_0-2 tile_0-3)", 
        "(left tile_1-1 tile_1-2)", 
        "(left tile_1-2 tile_1-3)", 
        "(left tile_2-1 tile_2-2)", 
        "(left tile_2-2 tile_2-3)", 
        "(left tile_3-1 tile_3-2)", 
        "(left tile_3-2 tile_3-3)", 
        "(painted tile_3-2 black)", 
        "(painted tile_3-1 white)", 
        "(clear tile_2-2)", 
        "(painted tile_3-3 white)", 
        "(painted tile_2-1 black)", 
        "(clear tile_1-1)", 
        "(painted tile_2-3 black)", 
        "(robot-at robot2 tile_1-2)", 
        "(painted tile_1-3 white)", 
        "(clear tile_0-3)", 
        "(robot-at robot1 tile_0-1)", 
        "(clear tile_0-2)"
      ], 
      "delete_list": [
        "(robot-at robot1 tile_0-2)", 
        "(clear tile_0-1)"
      ]
    }, 
    {
      "action": "(paint-up robot1 tile_1-1 tile_0-1 white)", 
      "add_list": [
        "(painted tile_1-1 white)"
      ], 
      "state": 21, 
      "literals": [
        "(= total-cost 0)", 
        "(robot-has robot1 white)", 
        "(robot-has robot2 black)", 
        "(available-color white)", 
        "(available-color black)", 
        "(up tile_1-1 tile_0-1)", 
        "(up tile_1-2 tile_0-2)", 
        "(up tile_1-3 tile_0-3)", 
        "(up tile_2-1 tile_1-1)", 
        "(up tile_2-2 tile_1-2)", 
        "(up tile_2-3 tile_1-3)", 
        "(up tile_3-1 tile_2-1)", 
        "(up tile_3-2 tile_2-2)", 
        "(up tile_3-3 tile_2-3)", 
        "(down tile_0-1 tile_1-1)", 
        "(down tile_0-2 tile_1-2)", 
        "(down tile_0-3 tile_1-3)", 
        "(down tile_1-1 tile_2-1)", 
        "(down tile_1-2 tile_2-2)", 
        "(down tile_1-3 tile_2-3)", 
        "(down tile_2-1 tile_3-1)", 
        "(down tile_2-2 tile_3-2)", 
        "(down tile_2-3 tile_3-3)", 
        "(right tile_0-2 tile_0-1)", 
        "(right tile_0-3 tile_0-2)", 
        "(right tile_1-2 tile_1-1)", 
        "(right tile_1-3 tile_1-2)", 
        "(right tile_2-2 tile_2-1)", 
        "(right tile_2-3 tile_2-2)", 
        "(right tile_3-2 tile_3-1)", 
        "(right tile_3-3 tile_3-2)", 
        "(left tile_0-1 tile_0-2)", 
        "(left tile_0-2 tile_0-3)", 
        "(left tile_1-1 tile_1-2)", 
        "(left tile_1-2 tile_1-3)", 
        "(left tile_2-1 tile_2-2)", 
        "(left tile_2-2 tile_2-3)", 
        "(left tile_3-1 tile_3-2)", 
        "(left tile_3-2 tile_3-3)", 
        "(painted tile_3-2 black)", 
        "(painted tile_3-1 white)", 
        "(clear tile_2-2)", 
        "(painted tile_3-3 white)", 
        "(painted tile_2-1 black)", 
        "(painted tile_2-3 black)", 
        "(robot-at robot2 tile_1-2)", 
        "(painted tile_1-3 white)", 
        "(clear tile_0-3)", 
        "(robot-at robot1 tile_0-1)", 
        "(clear tile_0-2)", 
        "(painted tile_1-1 white)"
      ], 
      "delete_list": [
        "(clear tile_1-1)"
      ]
    }, 
    {
      "action": "(down robot2 tile_1-2 tile_0-2)", 
      "add_list": [
        "(robot-at robot2 tile_0-2)", 
        "(clear tile_1-2)"
      ], 
      "state": 22, 
      "literals": [
        "(= total-cost 0)", 
        "(robot-has robot1 white)", 
        "(robot-has robot2 black)", 
        "(available-color white)", 
        "(available-color black)", 
        "(up tile_1-1 tile_0-1)", 
        "(up tile_1-2 tile_0-2)", 
        "(up tile_1-3 tile_0-3)", 
        "(up tile_2-1 tile_1-1)", 
        "(up tile_2-2 tile_1-2)", 
        "(up tile_2-3 tile_1-3)", 
        "(up tile_3-1 tile_2-1)", 
        "(up tile_3-2 tile_2-2)", 
        "(up tile_3-3 tile_2-3)", 
        "(down tile_0-1 tile_1-1)", 
        "(down tile_0-2 tile_1-2)", 
        "(down tile_0-3 tile_1-3)", 
        "(down tile_1-1 tile_2-1)", 
        "(down tile_1-2 tile_2-2)", 
        "(down tile_1-3 tile_2-3)", 
        "(down tile_2-1 tile_3-1)", 
        "(down tile_2-2 tile_3-2)", 
        "(down tile_2-3 tile_3-3)", 
        "(right tile_0-2 tile_0-1)", 
        "(right tile_0-3 tile_0-2)", 
        "(right tile_1-2 tile_1-1)", 
        "(right tile_1-3 tile_1-2)", 
        "(right tile_2-2 tile_2-1)", 
        "(right tile_2-3 tile_2-2)", 
        "(right tile_3-2 tile_3-1)", 
        "(right tile_3-3 tile_3-2)", 
        "(left tile_0-1 tile_0-2)", 
        "(left tile_0-2 tile_0-3)", 
        "(left tile_1-1 tile_1-2)", 
        "(left tile_1-2 tile_1-3)", 
        "(left tile_2-1 tile_2-2)", 
        "(left tile_2-2 tile_2-3)", 
        "(left tile_3-1 tile_3-2)", 
        "(left tile_3-2 tile_3-3)", 
        "(painted tile_3-2 black)", 
        "(painted tile_3-1 white)", 
        "(clear tile_2-2)", 
        "(painted tile_3-3 white)", 
        "(painted tile_2-1 black)", 
        "(painted tile_2-3 black)", 
        "(painted tile_1-3 white)", 
        "(clear tile_0-3)", 
        "(robot-at robot1 tile_0-1)", 
        "(painted tile_1-1 white)", 
        "(robot-at robot2 tile_0-2)", 
        "(clear tile_1-2)"
      ], 
      "delete_list": [
        "(robot-at robot2 tile_1-2)", 
        "(clear tile_0-2)"
      ]
    }, 
    {
      "action": "(right robot2 tile_0-2 tile_0-3)", 
      "add_list": [
        "(robot-at robot2 tile_0-3)", 
        "(clear tile_0-2)"
      ], 
      "state": 23, 
      "literals": [
        "(= total-cost 0)", 
        "(robot-has robot1 white)", 
        "(robot-has robot2 black)", 
        "(available-color white)", 
        "(available-color black)", 
        "(up tile_1-1 tile_0-1)", 
        "(up tile_1-2 tile_0-2)", 
        "(up tile_1-3 tile_0-3)", 
        "(up tile_2-1 tile_1-1)", 
        "(up tile_2-2 tile_1-2)", 
        "(up tile_2-3 tile_1-3)", 
        "(up tile_3-1 tile_2-1)", 
        "(up tile_3-2 tile_2-2)", 
        "(up tile_3-3 tile_2-3)", 
        "(down tile_0-1 tile_1-1)", 
        "(down tile_0-2 tile_1-2)", 
        "(down tile_0-3 tile_1-3)", 
        "(down tile_1-1 tile_2-1)", 
        "(down tile_1-2 tile_2-2)", 
        "(down tile_1-3 tile_2-3)", 
        "(down tile_2-1 tile_3-1)", 
        "(down tile_2-2 tile_3-2)", 
        "(down tile_2-3 tile_3-3)", 
        "(right tile_0-2 tile_0-1)", 
        "(right tile_0-3 tile_0-2)", 
        "(right tile_1-2 tile_1-1)", 
        "(right tile_1-3 tile_1-2)", 
        "(right tile_2-2 tile_2-1)", 
        "(right tile_2-3 tile_2-2)", 
        "(right tile_3-2 tile_3-1)", 
        "(right tile_3-3 tile_3-2)", 
        "(left tile_0-1 tile_0-2)", 
        "(left tile_0-2 tile_0-3)", 
        "(left tile_1-1 tile_1-2)", 
        "(left tile_1-2 tile_1-3)", 
        "(left tile_2-1 tile_2-2)", 
        "(left tile_2-2 tile_2-3)", 
        "(left tile_3-1 tile_3-2)", 
        "(left tile_3-2 tile_3-3)", 
        "(painted tile_3-2 black)", 
        "(painted tile_3-1 white)", 
        "(clear tile_2-2)", 
        "(painted tile_3-3 white)", 
        "(painted tile_2-1 black)", 
        "(painted tile_2-3 black)", 
        "(painted tile_1-3 white)", 
        "(robot-at robot1 tile_0-1)", 
        "(painted tile_1-1 white)", 
        "(clear tile_1-2)", 
        "(robot-at robot2 tile_0-3)", 
        "(clear tile_0-2)"
      ], 
      "delete_list": [
        "(robot-at robot2 tile_0-2)", 
        "(clear tile_0-3)"
      ]
    }, 
    {
      "action": "(right robot1 tile_0-1 tile_0-2)", 
      "add_list": [
        "(robot-at robot1 tile_0-2)", 
        "(clear tile_0-1)"
      ], 
      "state": 24, 
      "literals": [
        "(= total-cost 0)", 
        "(robot-has robot1 white)", 
        "(robot-has robot2 black)", 
        "(available-color white)", 
        "(available-color black)", 
        "(up tile_1-1 tile_0-1)", 
        "(up tile_1-2 tile_0-2)", 
        "(up tile_1-3 tile_0-3)", 
        "(up tile_2-1 tile_1-1)", 
        "(up tile_2-2 tile_1-2)", 
        "(up tile_2-3 tile_1-3)", 
        "(up tile_3-1 tile_2-1)", 
        "(up tile_3-2 tile_2-2)", 
        "(up tile_3-3 tile_2-3)", 
        "(down tile_0-1 tile_1-1)", 
        "(down tile_0-2 tile_1-2)", 
        "(down tile_0-3 tile_1-3)", 
        "(down tile_1-1 tile_2-1)", 
        "(down tile_1-2 tile_2-2)", 
        "(down tile_1-3 tile_2-3)", 
        "(down tile_2-1 tile_3-1)", 
        "(down tile_2-2 tile_3-2)", 
        "(down tile_2-3 tile_3-3)", 
        "(right tile_0-2 tile_0-1)", 
        "(right tile_0-3 tile_0-2)", 
        "(right tile_1-2 tile_1-1)", 
        "(right tile_1-3 tile_1-2)", 
        "(right tile_2-2 tile_2-1)", 
        "(right tile_2-3 tile_2-2)", 
        "(right tile_3-2 tile_3-1)", 
        "(right tile_3-3 tile_3-2)", 
        "(left tile_0-1 tile_0-2)", 
        "(left tile_0-2 tile_0-3)", 
        "(left tile_1-1 tile_1-2)", 
        "(left tile_1-2 tile_1-3)", 
        "(left tile_2-1 tile_2-2)", 
        "(left tile_2-2 tile_2-3)", 
        "(left tile_3-1 tile_3-2)", 
        "(left tile_3-2 tile_3-3)", 
        "(painted tile_3-2 black)", 
        "(painted tile_3-1 white)", 
        "(clear tile_2-2)", 
        "(painted tile_3-3 white)", 
        "(painted tile_2-1 black)", 
        "(painted tile_2-3 black)", 
        "(painted tile_1-3 white)", 
        "(painted tile_1-1 white)", 
        "(clear tile_1-2)", 
        "(robot-at robot2 tile_0-3)", 
        "(robot-at robot1 tile_0-2)", 
        "(clear tile_0-1)"
      ], 
      "delete_list": [
        "(robot-at robot1 tile_0-1)", 
        "(clear tile_0-2)"
      ]
    }, 
    {
      "action": "(up robot1 tile_0-2 tile_1-2)", 
      "add_list": [
        "(robot-at robot1 tile_1-2)", 
        "(clear tile_0-2)"
      ], 
      "state": 25, 
      "literals": [
        "(= total-cost 0)", 
        "(robot-has robot1 white)", 
        "(robot-has robot2 black)", 
        "(available-color white)", 
        "(available-color black)", 
        "(up tile_1-1 tile_0-1)", 
        "(up tile_1-2 tile_0-2)", 
        "(up tile_1-3 tile_0-3)", 
        "(up tile_2-1 tile_1-1)", 
        "(up tile_2-2 tile_1-2)", 
        "(up tile_2-3 tile_1-3)", 
        "(up tile_3-1 tile_2-1)", 
        "(up tile_3-2 tile_2-2)", 
        "(up tile_3-3 tile_2-3)", 
        "(down tile_0-1 tile_1-1)", 
        "(down tile_0-2 tile_1-2)", 
        "(down tile_0-3 tile_1-3)", 
        "(down tile_1-1 tile_2-1)", 
        "(down tile_1-2 tile_2-2)", 
        "(down tile_1-3 tile_2-3)", 
        "(down tile_2-1 tile_3-1)", 
        "(down tile_2-2 tile_3-2)", 
        "(down tile_2-3 tile_3-3)", 
        "(right tile_0-2 tile_0-1)", 
        "(right tile_0-3 tile_0-2)", 
        "(right tile_1-2 tile_1-1)", 
        "(right tile_1-3 tile_1-2)", 
        "(right tile_2-2 tile_2-1)", 
        "(right tile_2-3 tile_2-2)", 
        "(right tile_3-2 tile_3-1)", 
        "(right tile_3-3 tile_3-2)", 
        "(left tile_0-1 tile_0-2)", 
        "(left tile_0-2 tile_0-3)", 
        "(left tile_1-1 tile_1-2)", 
        "(left tile_1-2 tile_1-3)", 
        "(left tile_2-1 tile_2-2)", 
        "(left tile_2-2 tile_2-3)", 
        "(left tile_3-1 tile_3-2)", 
        "(left tile_3-2 tile_3-3)", 
        "(painted tile_3-2 black)", 
        "(painted tile_3-1 white)", 
        "(clear tile_2-2)", 
        "(painted tile_3-3 white)", 
        "(painted tile_2-1 black)", 
        "(painted tile_2-3 black)", 
        "(painted tile_1-3 white)", 
        "(painted tile_1-1 white)", 
        "(robot-at robot2 tile_0-3)", 
        "(clear tile_0-1)", 
        "(robot-at robot1 tile_1-2)", 
        "(clear tile_0-2)"
      ], 
      "delete_list": [
        "(robot-at robot1 tile_0-2)", 
        "(clear tile_1-2)"
      ]
    }, 
    {
      "action": "(paint-up robot1 tile_2-2 tile_1-2 white)", 
      "add_list": [
        "(painted tile_2-2 white)"
      ], 
      "state": 26, 
      "literals": [
        "(= total-cost 0)", 
        "(robot-has robot1 white)", 
        "(robot-has robot2 black)", 
        "(available-color white)", 
        "(available-color black)", 
        "(up tile_1-1 tile_0-1)", 
        "(up tile_1-2 tile_0-2)", 
        "(up tile_1-3 tile_0-3)", 
        "(up tile_2-1 tile_1-1)", 
        "(up tile_2-2 tile_1-2)", 
        "(up tile_2-3 tile_1-3)", 
        "(up tile_3-1 tile_2-1)", 
        "(up tile_3-2 tile_2-2)", 
        "(up tile_3-3 tile_2-3)", 
        "(down tile_0-1 tile_1-1)", 
        "(down tile_0-2 tile_1-2)", 
        "(down tile_0-3 tile_1-3)", 
        "(down tile_1-1 tile_2-1)", 
        "(down tile_1-2 tile_2-2)", 
        "(down tile_1-3 tile_2-3)", 
        "(down tile_2-1 tile_3-1)", 
        "(down tile_2-2 tile_3-2)", 
        "(down tile_2-3 tile_3-3)", 
        "(right tile_0-2 tile_0-1)", 
        "(right tile_0-3 tile_0-2)", 
        "(right tile_1-2 tile_1-1)", 
        "(right tile_1-3 tile_1-2)", 
        "(right tile_2-2 tile_2-1)", 
        "(right tile_2-3 tile_2-2)", 
        "(right tile_3-2 tile_3-1)", 
        "(right tile_3-3 tile_3-2)", 
        "(left tile_0-1 tile_0-2)", 
        "(left tile_0-2 tile_0-3)", 
        "(left tile_1-1 tile_1-2)", 
        "(left tile_1-2 tile_1-3)", 
        "(left tile_2-1 tile_2-2)", 
        "(left tile_2-2 tile_2-3)", 
        "(left tile_3-1 tile_3-2)", 
        "(left tile_3-2 tile_3-3)", 
        "(painted tile_3-2 black)", 
        "(painted tile_3-1 white)", 
        "(painted tile_3-3 white)", 
        "(painted tile_2-1 black)", 
        "(painted tile_2-3 black)", 
        "(painted tile_1-3 white)", 
        "(painted tile_1-1 white)", 
        "(robot-at robot2 tile_0-3)", 
        "(clear tile_0-1)", 
        "(robot-at robot1 tile_1-2)", 
        "(clear tile_0-2)", 
        "(painted tile_2-2 white)"
      ], 
      "delete_list": [
        "(clear tile_2-2)"
      ]
    }, 
    {
      "action": "(down robot1 tile_1-2 tile_0-2)", 
      "add_list": [
        "(robot-at robot1 tile_0-2)", 
        "(clear tile_1-2)"
      ], 
      "state": 27, 
      "literals": [
        "(= total-cost 0)", 
        "(robot-has robot1 white)", 
        "(robot-has robot2 black)", 
        "(available-color white)", 
        "(available-color black)", 
        "(up tile_1-1 tile_0-1)", 
        "(up tile_1-2 tile_0-2)", 
        "(up tile_1-3 tile_0-3)", 
        "(up tile_2-1 tile_1-1)", 
        "(up tile_2-2 tile_1-2)", 
        "(up tile_2-3 tile_1-3)", 
        "(up tile_3-1 tile_2-1)", 
        "(up tile_3-2 tile_2-2)", 
        "(up tile_3-3 tile_2-3)", 
        "(down tile_0-1 tile_1-1)", 
        "(down tile_0-2 tile_1-2)", 
        "(down tile_0-3 tile_1-3)", 
        "(down tile_1-1 tile_2-1)", 
        "(down tile_1-2 tile_2-2)", 
        "(down tile_1-3 tile_2-3)", 
        "(down tile_2-1 tile_3-1)", 
        "(down tile_2-2 tile_3-2)", 
        "(down tile_2-3 tile_3-3)", 
        "(right tile_0-2 tile_0-1)", 
        "(right tile_0-3 tile_0-2)", 
        "(right tile_1-2 tile_1-1)", 
        "(right tile_1-3 tile_1-2)", 
        "(right tile_2-2 tile_2-1)", 
        "(right tile_2-3 tile_2-2)", 
        "(right tile_3-2 tile_3-1)", 
        "(right tile_3-3 tile_3-2)", 
        "(left tile_0-1 tile_0-2)", 
        "(left tile_0-2 tile_0-3)", 
        "(left tile_1-1 tile_1-2)", 
        "(left tile_1-2 tile_1-3)", 
        "(left tile_2-1 tile_2-2)", 
        "(left tile_2-2 tile_2-3)", 
        "(left tile_3-1 tile_3-2)", 
        "(left tile_3-2 tile_3-3)", 
        "(painted tile_3-2 black)", 
        "(painted tile_3-1 white)", 
        "(painted tile_3-3 white)", 
        "(painted tile_2-1 black)", 
        "(painted tile_2-3 black)", 
        "(painted tile_1-3 white)", 
        "(painted tile_1-1 white)", 
        "(robot-at robot2 tile_0-3)", 
        "(clear tile_0-1)", 
        "(painted tile_2-2 white)", 
        "(robot-at robot1 tile_0-2)", 
        "(clear tile_1-2)"
      ], 
      "delete_list": [
        "(robot-at robot1 tile_1-2)", 
        "(clear tile_0-2)"
      ]
    }, 
    {
      "action": "(left robot1 tile_0-2 tile_0-1)", 
      "add_list": [
        "(robot-at robot1 tile_0-1)", 
        "(clear tile_0-2)"
      ], 
      "state": 28, 
      "literals": [
        "(= total-cost 0)", 
        "(robot-has robot1 white)", 
        "(robot-has robot2 black)", 
        "(available-color white)", 
        "(available-color black)", 
        "(up tile_1-1 tile_0-1)", 
        "(up tile_1-2 tile_0-2)", 
        "(up tile_1-3 tile_0-3)", 
        "(up tile_2-1 tile_1-1)", 
        "(up tile_2-2 tile_1-2)", 
        "(up tile_2-3 tile_1-3)", 
        "(up tile_3-1 tile_2-1)", 
        "(up tile_3-2 tile_2-2)", 
        "(up tile_3-3 tile_2-3)", 
        "(down tile_0-1 tile_1-1)", 
        "(down tile_0-2 tile_1-2)", 
        "(down tile_0-3 tile_1-3)", 
        "(down tile_1-1 tile_2-1)", 
        "(down tile_1-2 tile_2-2)", 
        "(down tile_1-3 tile_2-3)", 
        "(down tile_2-1 tile_3-1)", 
        "(down tile_2-2 tile_3-2)", 
        "(down tile_2-3 tile_3-3)", 
        "(right tile_0-2 tile_0-1)", 
        "(right tile_0-3 tile_0-2)", 
        "(right tile_1-2 tile_1-1)", 
        "(right tile_1-3 tile_1-2)", 
        "(right tile_2-2 tile_2-1)", 
        "(right tile_2-3 tile_2-2)", 
        "(right tile_3-2 tile_3-1)", 
        "(right tile_3-3 tile_3-2)", 
        "(left tile_0-1 tile_0-2)", 
        "(left tile_0-2 tile_0-3)", 
        "(left tile_1-1 tile_1-2)", 
        "(left tile_1-2 tile_1-3)", 
        "(left tile_2-1 tile_2-2)", 
        "(left tile_2-2 tile_2-3)", 
        "(left tile_3-1 tile_3-2)", 
        "(left tile_3-2 tile_3-3)", 
        "(painted tile_3-2 black)", 
        "(painted tile_3-1 white)", 
        "(painted tile_3-3 white)", 
        "(painted tile_2-1 black)", 
        "(painted tile_2-3 black)", 
        "(painted tile_1-3 white)", 
        "(painted tile_1-1 white)", 
        "(robot-at robot2 tile_0-3)", 
        "(painted tile_2-2 white)", 
        "(clear tile_1-2)", 
        "(robot-at robot1 tile_0-1)", 
        "(clear tile_0-2)"
      ], 
      "delete_list": [
        "(robot-at robot1 tile_0-2)", 
        "(clear tile_0-1)"
      ]
    }, 
    {
      "action": "(left robot2 tile_0-3 tile_0-2)", 
      "add_list": [
        "(robot-at robot2 tile_0-2)", 
        "(clear tile_0-3)"
      ], 
      "state": 29, 
      "literals": [
        "(= total-cost 0)", 
        "(robot-has robot1 white)", 
        "(robot-has robot2 black)", 
        "(available-color white)", 
        "(available-color black)", 
        "(up tile_1-1 tile_0-1)", 
        "(up tile_1-2 tile_0-2)", 
        "(up tile_1-3 tile_0-3)", 
        "(up tile_2-1 tile_1-1)", 
        "(up tile_2-2 tile_1-2)", 
        "(up tile_2-3 tile_1-3)", 
        "(up tile_3-1 tile_2-1)", 
        "(up tile_3-2 tile_2-2)", 
        "(up tile_3-3 tile_2-3)", 
        "(down tile_0-1 tile_1-1)", 
        "(down tile_0-2 tile_1-2)", 
        "(down tile_0-3 tile_1-3)", 
        "(down tile_1-1 tile_2-1)", 
        "(down tile_1-2 tile_2-2)", 
        "(down tile_1-3 tile_2-3)", 
        "(down tile_2-1 tile_3-1)", 
        "(down tile_2-2 tile_3-2)", 
        "(down tile_2-3 tile_3-3)", 
        "(right tile_0-2 tile_0-1)", 
        "(right tile_0-3 tile_0-2)", 
        "(right tile_1-2 tile_1-1)", 
        "(right tile_1-3 tile_1-2)", 
        "(right tile_2-2 tile_2-1)", 
        "(right tile_2-3 tile_2-2)", 
        "(right tile_3-2 tile_3-1)", 
        "(right tile_3-3 tile_3-2)", 
        "(left tile_0-1 tile_0-2)", 
        "(left tile_0-2 tile_0-3)", 
        "(left tile_1-1 tile_1-2)", 
        "(left tile_1-2 tile_1-3)", 
        "(left tile_2-1 tile_2-2)", 
        "(left tile_2-2 tile_2-3)", 
        "(left tile_3-1 tile_3-2)", 
        "(left tile_3-2 tile_3-3)", 
        "(painted tile_3-2 black)", 
        "(painted tile_3-1 white)", 
        "(painted tile_3-3 white)", 
        "(painted tile_2-1 black)", 
        "(painted tile_2-3 black)", 
        "(painted tile_1-3 white)", 
        "(painted tile_1-1 white)", 
        "(painted tile_2-2 white)", 
        "(clear tile_1-2)", 
        "(robot-at robot1 tile_0-1)", 
        "(robot-at robot2 tile_0-2)", 
        "(clear tile_0-3)"
      ], 
      "delete_list": [
        "(robot-at robot2 tile_0-3)", 
        "(clear tile_0-2)"
      ]
    }, 
    {
      "action": "(paint-up robot2 tile_1-2 tile_0-2 black)", 
      "add_list": [
        "(painted tile_1-2 black)"
      ], 
      "state": 30, 
      "literals": [
        "(= total-cost 0)", 
        "(robot-has robot1 white)", 
        "(robot-has robot2 black)", 
        "(available-color white)", 
        "(available-color black)", 
        "(up tile_1-1 tile_0-1)", 
        "(up tile_1-2 tile_0-2)", 
        "(up tile_1-3 tile_0-3)", 
        "(up tile_2-1 tile_1-1)", 
        "(up tile_2-2 tile_1-2)", 
        "(up tile_2-3 tile_1-3)", 
        "(up tile_3-1 tile_2-1)", 
        "(up tile_3-2 tile_2-2)", 
        "(up tile_3-3 tile_2-3)", 
        "(down tile_0-1 tile_1-1)", 
        "(down tile_0-2 tile_1-2)", 
        "(down tile_0-3 tile_1-3)", 
        "(down tile_1-1 tile_2-1)", 
        "(down tile_1-2 tile_2-2)", 
        "(down tile_1-3 tile_2-3)", 
        "(down tile_2-1 tile_3-1)", 
        "(down tile_2-2 tile_3-2)", 
        "(down tile_2-3 tile_3-3)", 
        "(right tile_0-2 tile_0-1)", 
        "(right tile_0-3 tile_0-2)", 
        "(right tile_1-2 tile_1-1)", 
        "(right tile_1-3 tile_1-2)", 
        "(right tile_2-2 tile_2-1)", 
        "(right tile_2-3 tile_2-2)", 
        "(right tile_3-2 tile_3-1)", 
        "(right tile_3-3 tile_3-2)", 
        "(left tile_0-1 tile_0-2)", 
        "(left tile_0-2 tile_0-3)", 
        "(left tile_1-1 tile_1-2)", 
        "(left tile_1-2 tile_1-3)", 
        "(left tile_2-1 tile_2-2)", 
        "(left tile_2-2 tile_2-3)", 
        "(left tile_3-1 tile_3-2)", 
        "(left tile_3-2 tile_3-3)", 
        "(painted tile_3-2 black)", 
        "(painted tile_3-1 white)", 
        "(painted tile_3-3 white)", 
        "(painted tile_2-1 black)", 
        "(painted tile_2-3 black)", 
        "(painted tile_1-3 white)", 
        "(painted tile_1-1 white)", 
        "(painted tile_2-2 white)", 
        "(robot-at robot1 tile_0-1)", 
        "(robot-at robot2 tile_0-2)", 
        "(clear tile_0-3)", 
        "(painted tile_1-2 black)"
      ], 
      "delete_list": [
        "(clear tile_1-2)"
      ]
    }
  ], 
  "domain_id": 20
}